0,1,2,3,4,5,6,7,8,9,10,11,12,13,14,15,16,17,target
0,0,9.84,14.395,81,0.0,True,False,False,False,True,False,False,False,0,5,1,0,16
0,0,9.02,13.635,80,0.0,True,False,False,False,True,False,False,False,1,5,1,0,40
0,0,9.02,13.635,80,0.0,True,False,False,False,True,False,False,False,2,5,1,0,32
0,0,9.84,14.395,75,0.0,True,False,False,False,True,False,False,False,3,5,1,0,13
0,0,9.84,14.395,75,0.0,True,False,False,False,True,False,False,False,4,5,1,0,1
0,0,9.84,12.88,75,6.0032,True,False,False,False,False,True,False,False,5,5,1,0,1
0,0,9.02,13.635,80,0.0,True,False,False,False,True,False,False,False,6,5,1,0,2
0,0,8.2,12.88,86,0.0,True,False,False,False,True,False,False,False,7,5,1,0,3
0,0,9.84,14.395,75,0.0,True,False,False,False,True,False,False,False,8,5,1,0,8
0,0,13.12,17.425,76,0.0,True,False,False,False,True,False,False,False,9,5,1,0,14
0,0,15.58,19.695,76,16.9979,True,False,False,False,True,False,False,False,10,5,1,0,36
0,0,14.76,16.665,81,19.0012,True,False,False,False,True,False,False,False,11,5,1,0,56
0,0,17.22,21.21,77,19.0012,True,False,False,False,True,False,False,False,12,5,1,0,84
0,0,18.86,22.725,72,19.9995,True,False,False,False,False,True,False,False,13,5,1,0,94
0,0,18.86,22.725,72,19.0012,True,False,False,False,False,True,False,False,14,5,1,0,106
0,0,18.04,21.97,77,19.9995,True,False,False,False,False,True,False,False,15,5,1,0,110
0,0,17.22,21.21,82,19.9995,True,False,False,False,False,True,False,False,16,5,1,0,93
0,0,18.04,21.97,82,19.0012,True,False,False,False,False,True,False,False,17,5,1,0,67
0,0,17.22,21.21,88,16.9979,True,False,False,False,False,False,True,False,18,5,1,0,35
0,0,17.22,21.21,88,16.9979,True,False,False,False,False,False,True,False,19,5,1,0,37
0,0,16.4,20.455,87,16.9979,True,False,False,False,False,True,False,False,20,5,1,0,36
0,0,16.4,20.455,87,12.998,True,False,False,False,False,True,False,False,21,5,1,0,34
0,0,16.4,20.455,94,15.0013,True,False,False,False,False,True,False,False,22,5,1,0,28
0,0,18.86,22.725,88,19.9995,True,False,False,False,False,True,False,False,23,5,1,0,39
0,0,18.86,22.725,88,19.9995,True,False,False,False,False,True,False,False,0,6,1,0,17
0,0,18.04,21.97,94,16.9979,True,False,False,False,False,True,False,False,1,6,1,0,17
0,0,17.22,21.21,100,19.0012,True,False,False,False,False,True,False,False,2,6,1,0,9
0,0,18.86,22.725,94,12.998,True,False,False,False,False,True,False,False,3,6,1,0,6
0,0,18.86,22.725,94,12.998,True,False,False,False,False,True,False,False,4,6,1,0,3
0,0,17.22,21.21,77,19.9995,True,False,False,False,False,False,True,False,6,6,1,0,2
0,0,16.4,20.455,76,12.998,True,False,False,False,False,True,False,False,7,6,1,0,1
0,0,16.4,20.455,71,15.0013,True,False,False,False,False,False,True,False,8,6,1,0,8
0,0,15.58,19.695,76,15.0013,True,False,False,False,False,True,False,False,9,6,1,0,20
0,0,14.76,17.425,81,15.0013,True,False,False,False,False,True,False,False,10,6,1,0,53
0,0,14.76,16.665,71,16.9979,True,False,False,False,False,True,False,False,11,6,1,0,70
0,0,14.76,16.665,66,19.9995,True,False,False,False,False,True,False,False,12,6,1,0,93
0,0,14.76,17.425,66,8.9981,True,False,False,False,False,True,False,False,13,6,1,0,75
0,0,14.76,17.425,76,12.998,True,False,False,False,False,False,True,False,14,6,1,0,59
0,0,13.94,16.665,81,11.0014,True,False,False,False,False,False,True,False,15,6,1,0,74
0,0,13.94,16.665,71,11.0014,True,False,False,False,False,False,True,False,16,6,1,0,76
0,0,13.94,16.665,57,12.998,True,False,False,False,True,False,False,False,17,6,1,0,65
0,0,14.76,16.665,46,22.0028,True,False,False,False,False,True,False,False,18,6,1,0,53
0,0,13.12,14.395,42,30.0026,True,False,False,False,True,False,False,False,19,6,1,0,30
0,0,12.3,13.635,39,23.9994,True,False,False,False,True,False,False,False,20,6,1,0,22
0,0,10.66,11.365,44,22.0028,True,False,False,False,True,False,False,False,21,6,1,0,31
0,0,9.84,10.605,44,19.9995,True,False,False,False,True,False,False,False,22,6,1,0,9
0,0,9.02,11.365,47,11.0014,True,False,False,False,True,False,False,False,23,6,1,0,8
0,1,9.02,9.85,44,23.9994,True,False,False,False,True,False,False,False,0,0,1,0,5
0,1,8.2,8.335,44,27.9993,True,False,False,False,True,False,False,False,1,0,1,0,2
0,1,6.56,6.82,47,26.0027,True,False,False,False,True,False,False,False,4,0,1,0,1
0,1,6.56,6.82,47,19.0012,True,False,False,False,True,False,False,False,5,0,1,0,3
0,1,5.74,5.305,50,26.0027,True,False,False,False,True,False,False,False,6,0,1,0,30
0,1,5.74,6.82,50,12.998,True,False,False,False,True,False,False,False,7,0,1,0,64
0,1,5.74,6.06,50,19.0012,True,False,False,False,True,False,False,False,8,0,1,0,154
0,1,6.56,6.82,43,26.0027,True,False,False,False,True,False,False,False,9,0,1,0,88
0,1,7.38,8.335,43,16.9979,True,False,False,False,True,False,False,False,10,0,1,0,44
0,1,8.2,9.09,40,22.0028,True,False,False,False,True,False,False,False,11,0,1,0,51
0,1,9.02,10.605,35,19.9995,True,False,False,False,True,False,False,False,12,0,1,0,61
0,1,9.84,10.605,35,19.0012,True,False,False,False,True,False,False,False,13,0,1,0,61
0,1,10.66,12.12,30,19.0012,True,False,False,False,True,False,False,False,14,0,1,0,77
0,1,10.66,12.12,30,16.9979,True,False,False,False,True,False,False,False,15,0,1,0,72
0,1,10.66,12.12,30,16.9979,True,False,False,False,True,False,False,False,16,0,1,0,76
0,1,9.84,11.365,30,15.0013,True,False,False,False,True,False,False,False,17,0,1,0,157
0,1,9.84,12.88,32,7.0015,True,False,False,False,True,False,False,False,18,0,1,0,157
0,1,8.2,12.88,47,0.0,True,False,False,False,True,False,False,False,19,0,1,0,110
0,1,8.2,11.365,47,7.0015,True,False,False,False,True,False,False,False,20,0,1,0,52
0,1,7.38,9.85,64,8.9981,True,False,False,False,True,False,False,False,21,0,1,0,52
0,1,5.74,7.575,69,8.9981,True,False,False,False,True,False,False,False,22,0,1,0,20
0,1,7.38,10.605,55,7.0015,True,False,False,False,True,False,False,False,23,0,1,0,12
0,1,6.56,9.09,55,7.0015,True,False,False,False,True,False,False,False,0,1,1,0,5
0,1,6.56,9.09,59,7.0015,True,False,False,False,True,False,False,False,1,1,1,0,2
0,1,5.74,7.575,63,8.9981,True,False,False,False,True,False,False,False,2,1,1,0,1
0,1,5.74,9.09,63,6.0032,True,False,False,False,True,False,False,False,4,1,1,0,2
0,1,4.92,7.575,68,7.0015,True,False,False,False,True,False,False,False,5,1,1,0,4
0,1,4.92,7.575,74,7.0015,True,False,False,False,True,False,False,False,6,1,1,0,36
0,1,4.92,7.575,74,8.9981,True,False,False,False,True,False,False,False,7,1,1,0,94
0,1,5.74,7.575,69,11.0014,True,False,False,False,True,False,False,False,8,1,1,0,179
0,1,6.56,7.575,64,15.0013,True,False,False,False,True,False,False,False,9,1,1,0,100
0,1,6.56,6.82,69,22.0028,True,False,False,False,False,True,False,False,10,1,1,0,42
0,1,9.02,10.605,51,19.9995,True,False,False,False,True,False,False,False,11,1,1,0,57
0,1,9.02,11.365,51,11.0014,True,False,False,False,True,False,False,False,12,1,1,0,78
0,1,9.84,11.365,56,12.998,True,False,False,False,True,False,False,False,13,1,1,0,97
0,1,10.66,12.88,52,15.0013,True,False,False,False,True,False,False,False,14,1,1,0,63
0,1,11.48,13.635,52,16.9979,True,False,False,False,True,False,False,False,15,1,1,0,65
0,1,12.3,14.395,49,16.9979,True,False,False,False,True,False,False,False,16,1,1,0,83
0,1,11.48,13.635,48,15.0013,True,False,False,False,True,False,False,False,17,1,1,0,212
0,1,10.66,12.88,48,12.998,True,False,False,False,True,False,False,False,18,1,1,0,182
0,1,9.84,12.88,48,7.0015,True,False,False,False,True,False,False,False,19,1,1,0,112
0,1,9.84,12.88,48,7.0015,True,False,False,False,True,False,False,False,20,1,1,0,54
0,1,9.02,13.635,64,0.0,True,False,False,False,True,False,False,False,21,1,1,0,48
0,1,9.02,12.88,64,6.0032,True,False,False,False,True,False,False,False,22,1,1,0,35
0,1,8.2,11.365,69,6.0032,True,False,False,False,True,False,False,False,23,1,1,0,11
0,1,8.2,12.88,64,0.0,True,False,False,False,True,False,False,False,0,2,1,0,6
0,1,6.56,9.85,74,6.0032,True,False,False,False,True,False,False,False,1,2,1,0,6
0,1,6.56,9.85,74,6.0032,True,False,False,False,True,False,False,False,2,2,1,0,2
0,1,9.84,11.365,48,15.0013,True,False,False,False,True,False,False,False,4,2,1,0,2
0,1,9.02,11.365,47,11.0014,True,False,False,False,True,False,False,False,5,2,1,0,3
0,1,8.2,9.85,47,15.0013,True,False,False,False,True,False,False,False,6,2,1,0,33
0,1,7.38,9.09,43,12.998,True,False,False,False,True,False,False,False,7,2,1,0,88
0,1,8.2,9.09,40,19.9995,True,False,False,False,True,False,False,False,8,2,1,0,195
0,1,9.02,9.85,37,22.0028,True,False,False,False,True,False,False,False,9,2,1,0,115
0,1,9.02,9.85,37,22.0028,True,False,False,False,True,False,False,False,10,2,1,0,57
0,1,10.66,11.365,33,22.0028,True,False,False,False,True,False,False,False,11,2,1,0,46
0,1,10.66,11.365,33,22.0028,True,False,False,False,True,False,False,False,12,2,1,0,79
0,1,11.48,12.88,30,19.9995,True,False,False,False,True,False,False,False,13,2,1,0,71
0,1,12.3,14.395,28,12.998,True,False,False,False,True,False,False,False,14,2,1,0,62
0,1,12.3,14.395,28,12.998,True,False,False,False,True,False,False,False,15,2,1,0,62
0,1,12.3,15.91,28,6.0032,True,False,False,False,True,False,False,False,16,2,1,0,89
0,1,9.84,11.365,38,12.998,True,False,False,False,True,False,False,False,17,2,1,0,190
0,1,9.84,12.12,38,8.9981,True,False,False,False,True,False,False,False,18,2,1,0,169
0,1,9.84,12.88,38,7.0015,True,False,False,False,True,False,False,False,19,2,1,0,132
0,1,9.02,11.365,47,11.0014,True,False,False,False,True,False,False,False,20,2,1,0,89
0,1,8.2,9.85,51,12.998,True,False,False,False,True,False,False,False,21,2,1,0,43
0,1,7.38,9.85,55,8.9981,True,False,False,False,True,False,False,False,22,2,1,0,42
0,1,8.2,12.88,47,0.0,True,False,False,False,True,False,False,False,23,2,1,0,19
0,1,7.38,12.12,55,0.0,True,False,False,False,True,False,False,False,0,3,1,0,11
0,1,6.56,11.365,64,0.0,True,False,False,False,True,False,False,False,1,3,1,0,4
0,1,6.56,11.365,64,0.0,True,False,False,False,True,False,False,False,2,3,1,0,2
0,1,6.56,9.85,64,6.0032,True,False,False,False,False,True,False,False,4,3,1,0,1
0,1,5.74,9.09,69,6.0032,True,False,False,False,False,True,False,False,5,3,1,0,4
0,1,5.74,8.335,63,7.0015,True,False,False,False,False,True,False,False,6,3,1,0,36
0,1,6.56,11.365,59,0.0,True,False,False,False,False,True,False,False,7,3,1,0,95
0,1,6.56,11.365,59,0.0,True,False,False,False,True,False,False,False,8,3,1,0,219
0,1,7.38,12.12,51,0.0,True,False,False,False,False,True,False,False,9,3,1,0,122
0,1,8.2,12.88,47,0.0,True,False,False,False,True,False,False,False,10,3,1,0,45
0,1,9.02,12.88,44,6.0032,True,False,False,False,True,False,False,False,11,3,1,0,59
0,1,10.66,14.395,35,0.0,True,False,False,False,True,False,False,False,12,3,1,0,84
0,1,10.66,13.635,35,7.0015,True,False,False,False,True,False,False,False,13,3,1,0,67
0,1,11.48,13.635,36,11.0014,True,False,False,False,True,False,False,False,14,3,1,0,70
0,1,11.48,13.635,36,0.0,True,False,False,False,True,False,False,False,15,3,1,0,62
0,1,10.66,12.88,38,11.0014,True,False,False,False,True,False,False,False,16,3,1,0,86
0,1,9.02,11.365,51,11.0014,True,False,False,False,True,False,False,False,17,3,1,0,172
0,1,9.02,11.365,51,8.9981,True,False,False,False,True,False,False,False,18,3,1,0,163
0,1,9.02,12.88,55,6.0032,True,False,False,False,True,False,False,False,19,3,1,0,112
0,1,8.2,10.605,51,11.0014,True,False,False,False,True,False,False,False,20,3,1,0,69
0,1,9.02,10.605,55,15.0013,True,False,False,False,False,True,False,False,21,3,1,0,48
0,1,9.02,10.605,51,19.0012,True,False,False,False,False,True,False,False,22,3,1,0,52
0,1,8.2,9.85,59,12.998,True,False,False,False,False,True,False,False,23,3,1,0,23
0,1,8.2,9.85,64,12.998,True,False,False,False,False,True,False,False,0,4,1,0,17
0,1,8.2,9.85,69,15.0013,True,False,False,False,False,True,False,False,1,4,1,0,7
0,1,8.2,9.85,69,15.0013,True,False,False,False,False,True,False,False,2,4,1,0,1
0,1,8.2,10.605,69,8.9981,True,False,False,False,False,True,False,False,4,4,1,0,1
0,1,9.02,13.635,55,0.0,True,False,False,False,False,False,True,False,5,4,1,0,5
0,1,8.2,12.88,69,0.0,True,False,False,False,False,True,False,False,6,4,1,0,34
0,1,8.2,10.605,69,8.9981,True,False,False,False,True,False,False,False,7,4,1,0,84
0,1,8.2,9.85,51,16.9979,True,False,False,False,True,False,False,False,8,4,1,0,210
0,1,8.2,9.09,47,19.9995,True,False,False,False,True,False,False,False,9,4,1,0,134
0,1,9.02,9.85,37,22.0028,True,False,False,False,True,False,False,False,10,4,1,0,63
0,1,8.2,9.85,40,15.0013,True,False,False,False,False,True,False,False,11,4,1,0,67
0,1,8.2,9.85,37,16.9979,True,False,False,False,False,True,False,False,12,4,1,0,59
0,1,8.2,9.09,37,19.0012,True,False,False,False,False,True,False,False,13,4,1,0,73
0,1,8.2,9.85,40,16.9979,True,False,False,False,False,True,False,False,14,4,1,0,50
0,1,8.2,10.605,37,11.0014,True,False,False,False,False,True,False,False,15,4,1,0,72
0,1,8.2,10.605,37,11.0014,True,False,False,False,False,True,False,False,16,4,1,0,87
0,1,8.2,12.88,37,0.0,True,False,False,False,False,True,False,False,17,4,1,0,187
0,1,8.2,11.365,40,6.0032,True,False,False,False,True,False,False,False,18,4,1,0,123
0,1,6.56,9.85,55,6.0032,True,False,False,False,True,False,False,False,19,4,1,0,95
0,1,7.38,10.605,47,7.0015,True,False,False,False,True,False,False,False,20,4,1,0,51
0,1,7.38,9.85,47,8.9981,True,False,False,False,True,False,False,False,21,4,1,0,39
0,1,7.38,9.85,43,11.0014,True,False,False,False,False,True,False,False,22,4,1,0,36
0,1,7.38,9.85,51,11.0014,True,False,False,False,False,True,False,False,23,4,1,0,15
0,0,7.38,9.85,51,11.0014,True,False,False,False,False,True,False,False,0,5,1,0,25
0,0,7.38,10.605,55,6.0032,True,False,False,False,False,True,False,False,1,5,1,0,16
0,0,7.38,12.12,55,0.0,True,False,False,False,False,True,False,False,2,5,1,0,16
0,0,7.38,9.85,55,11.0014,True,False,False,False,False,False,True,False,3,5,1,0,7
0,0,7.38,9.85,55,11.0014,True,False,False,False,False,False,True,False,4,5,1,0,1
0,0,6.56,8.335,74,11.0014,True,False,False,False,False,True,False,False,5,5,1,0,5
0,0,6.56,8.335,74,11.0014,True,False,False,False,False,True,False,False,6,5,1,0,2
0,0,6.56,9.09,74,7.0015,True,False,False,False,False,True,False,False,7,5,1,0,9
0,0,6.56,9.09,93,7.0015,True,False,False,False,False,False,True,False,8,5,1,0,15
0,0,6.56,9.09,93,7.0015,True,False,False,False,False,False,True,False,9,5,1,0,20
0,0,7.38,9.85,80,11.0014,True,False,False,False,False,True,False,False,10,5,1,0,61
0,0,8.2,9.09,69,26.0027,True,False,False,False,False,True,False,False,11,5,1,0,62
0,0,8.2,9.09,59,23.9994,True,False,False,False,False,True,False,False,12,5,1,0,98
0,0,8.2,9.09,44,22.0028,True,False,False,False,True,False,False,False,13,5,1,0,102
0,0,8.2,8.335,32,32.9975,True,False,False,False,True,False,False,False,14,5,1,0,95
0,0,8.2,8.335,32,30.0026,True,False,False,False,True,False,False,False,15,5,1,0,74
0,0,7.38,6.82,29,30.0026,True,False,False,False,True,False,False,False,16,5,1,0,76
0,0,6.56,6.06,37,36.9974,True,False,False,False,True,False,False,False,17,5,1,0,69
0,0,5.74,6.06,39,19.9995,True,False,False,False,True,False,False,False,18,5,1,0,55
0,0,5.74,6.06,36,16.9979,True,False,False,False,True,False,False,False,19,5,1,0,30
0,0,4.92,6.06,36,16.9979,True,False,False,False,True,False,False,False,20,5,1,0,28
0,0,4.92,5.305,39,23.9994,True,False,False,False,True,False,False,False,21,5,1,0,37
0,0,4.92,5.305,36,26.0027,True,False,False,False,True,False,False,False,22,5,1,0,34
0,0,4.1,3.03,39,30.0026,True,False,False,False,True,False,False,False,23,5,1,0,22
0,0,4.1,3.79,42,26.0027,True,False,False,False,True,False,False,False,0,6,1,0,25
0,0,4.1,3.03,42,31.0009,True,False,False,False,True,False,False,False,1,6,1,0,12
0,0,4.1,3.03,46,31.0009,True,False,False,False,True,False,False,False,2,6,1,0,11
0,0,4.1,3.79,46,27.9993,True,False,False,False,True,False,False,False,3,6,1,0,4
0,0,3.28,4.545,53,12.998,True,False,False,False,True,False,False,False,4,6,1,0,1
0,0,3.28,4.545,53,12.998,True,False,False,False,True,False,False,False,5,6,1,0,1
0,0,4.1,4.545,49,19.0012,True,False,False,False,True,False,False,False,6,6,1,0,1
0,0,3.28,4.545,53,12.998,True,False,False,False,True,False,False,False,7,6,1,0,6
0,0,4.1,4.545,49,19.0012,True,False,False,False,True,False,False,False,8,6,1,0,10
0,0,4.92,3.79,46,35.0008,True,False,False,False,True,False,False,False,9,6,1,0,19
0,0,5.74,5.305,43,26.0027,True,False,False,False,True,False,False,False,10,6,1,0,49
0,0,6.56,6.06,40,35.0008,True,False,False,False,True,False,False,False,11,6,1,0,49
0,0,7.38,6.82,37,30.0026,True,False,False,False,True,False,False,False,12,6,1,0,83
0,0,8.2,8.335,34,30.0026,True,False,False,False,True,False,False,False,13,6,1,0,75
0,0,9.02,9.09,32,31.0009,True,False,False,False,True,False,False,False,14,6,1,0,72
0,0,9.02,9.85,35,23.9994,True,False,False,False,True,False,False,False,15,6,1,0,82
0,0,8.2,8.335,34,30.0026,True,False,False,False,True,False,False,False,16,6,1,0,92
0,0,7.38,7.575,37,26.0027,True,False,False,False,True,False,False,False,17,6,1,0,62
0,0,6.56,6.82,40,22.0028,True,False,False,False,True,False,False,False,18,6,1,0,48
0,0,6.56,6.82,43,22.0028,True,False,False,False,True,False,False,False,19,6,1,0,41
0,0,5.74,6.06,46,16.9979,True,False,False,False,True,False,False,False,20,6,1,0,38
0,0,5.74,5.305,46,27.9993,True,False,False,False,True,False,False,False,21,6,1,0,20
0,0,5.74,6.06,46,19.9995,True,False,False,False,True,False,False,False,22,6,1,0,15
0,0,4.92,6.82,50,12.998,True,False,False,False,True,False,False,False,23,6,1,0,6
0,1,4.92,6.06,50,19.0012,True,False,False,False,True,False,False,False,0,0,1,0,5
0,1,4.92,6.06,50,19.0012,True,False,False,False,True,False,False,False,1,0,1,0,1
0,1,4.92,6.06,50,15.0013,True,False,False,False,True,False,False,False,2,0,1,0,3
0,1,4.92,6.06,50,15.0013,True,False,False,False,True,False,False,False,3,0,1,0,1
0,1,4.1,6.06,54,8.9981,True,False,False,False,True,False,False,False,4,0,1,0,3
0,1,4.1,5.305,54,16.9979,True,False,False,False,True,False,False,False,5,0,1,0,3
0,1,4.92,6.06,50,19.0012,True,False,False,False,True,False,False,False,6,0,1,0,31
0,1,4.92,6.06,50,15.0013,True,False,False,False,True,False,False,False,7,0,1,0,77
0,1,4.92,6.06,50,19.0012,True,False,False,False,False,True,False,False,8,0,1,0,188
0,1,5.74,6.06,50,16.9979,True,False,False,False,False,True,False,False,9,0,1,0,94
0,1,5.74,6.06,50,19.9995,True,False,False,False,False,True,False,False,10,0,1,0,31
0,1,6.56,6.82,47,19.0012,True,False,False,False,False,True,False,False,11,0,1,0,30
0,1,8.2,9.09,40,19.0012,True,False,False,False,False,True,False,False,12,0,1,0,52
0,1,8.2,9.09,40,19.0012,True,False,False,False,False,True,False,False,13,0,1,0,54
0,1,8.2,9.85,40,15.0013,True,False,False,False,False,True,False,False,14,0,1,0,47
0,1,8.2,9.85,40,15.0013,True,False,False,False,False,True,False,False,15,0,1,0,45
0,1,8.2,10.605,40,8.9981,True,False,False,False,True,False,False,False,16,0,1,0,74
0,1,8.2,11.365,40,7.0015,True,False,False,False,True,False,False,False,17,0,1,0,178
0,1,8.2,9.85,40,15.0013,True,False,False,False,True,False,False,False,18,0,1,0,155
0,1,6.56,8.335,47,11.0014,True,False,False,False,True,False,False,False,19,0,1,0,95
0,1,6.56,8.335,50,11.0014,True,False,False,False,True,False,False,False,20,0,1,0,74
0,1,5.74,6.82,59,12.998,True,False,False,False,True,False,False,False,21,0,1,0,38
0,1,5.74,7.575,59,11.0014,True,False,False,False,True,False,False,False,22,0,1,0,24
0,1,5.74,7.575,59,11.0014,True,False,False,False,True,False,False,False,23,0,1,0,18
0,1,5.74,8.335,59,7.0015,True,False,False,False,True,False,False,False,0,1,1,0,12
0,1,5.74,7.575,59,11.0014,True,False,False,False,True,False,False,False,1,1,1,0,3
0,1,6.56,7.575,55,12.998,True,False,False,False,False,True,False,False,2,1,1,0,3
0,1,6.56,9.09,55,8.9981,True,False,False,False,False,True,False,False,5,1,1,0,6
0,1,6.56,9.09,55,8.9981,True,False,False,False,False,True,False,False,6,1,1,0,27
0,1,6.56,11.365,55,0.0,True,False,False,False,False,True,False,False,7,1,1,0,99
0,1,7.38,10.605,51,6.0032,True,False,False,False,False,True,False,False,8,1,1,0,217
0,1,7.38,9.85,51,11.0014,True,False,False,False,False,True,False,False,9,1,1,0,130
0,1,8.2,10.605,51,11.0014,True,False,False,False,False,True,False,False,10,1,1,0,54
0,1,8.2,10.605,47,8.9981,True,False,False,False,False,True,False,False,11,1,1,0,35
0,1,8.2,11.365,51,7.0015,True,False,False,False,False,True,False,False,12,1,1,0,57
0,1,8.2,11.365,59,6.0032,True,False,False,False,False,True,False,False,13,1,1,0,52
0,1,8.2,11.365,59,6.0032,True,False,False,False,False,True,False,False,14,1,1,0,63
0,1,6.56,9.85,80,6.0032,True,False,False,False,False,True,False,False,15,1,1,0,47
0,1,6.56,7.575,86,15.0013,True,False,False,False,False,True,False,False,16,1,1,0,76
0,1,6.56,7.575,86,15.0013,True,False,False,False,False,True,False,False,17,1,1,0,136
0,1,6.56,9.09,93,7.0015,True,False,False,False,False,False,True,False,18,1,1,0,95
0,1,6.56,11.365,93,0.0,True,False,False,False,False,False,True,False,19,1,1,0,51
0,1,6.56,7.575,93,12.998,True,False,False,False,False,False,True,False,20,1,1,0,32
0,1,6.56,9.85,86,6.0032,True,False,False,False,False,False,True,False,21,1,1,0,20
0,1,6.56,9.09,93,7.0015,True,False,False,False,False,False,True,False,22,1,1,0,29
0,1,6.56,9.85,93,6.0032,True,False,False,False,False,False,True,False,23,1,1,0,19
0,1,6.56,9.85,86,6.0032,True,False,False,False,False,True,False,False,0,2,1,0,7
0,1,6.56,9.09,86,7.0015,True,False,False,False,False,True,False,False,1,2,1,0,6
0,1,5.74,7.575,86,8.9981,True,False,False,False,True,False,False,False,2,2,1,0,1
0,1,5.74,7.575,86,11.0014,True,False,False,False,True,False,False,False,5,2,1,0,5
0,1,4.92,7.575,93,8.9981,True,False,False,False,True,False,False,False,6,2,1,0,16
0,1,5.74,7.575,69,8.9981,True,False,False,False,True,False,False,False,7,2,1,0,54
0,1,6.56,8.335,59,11.0014,True,False,False,False,True,False,False,False,8,2,1,0,128
0,1,6.56,6.82,59,22.0028,True,False,False,False,True,False,False,False,9,2,1,0,81
0,1,7.38,9.09,55,15.0013,True,False,False,False,True,False,False,False,10,2,1,0,39
0,1,8.2,9.09,51,26.0027,True,False,False,False,True,False,False,False,11,2,1,0,35
0,1,8.2,7.575,47,39.0007,True,False,False,False,True,False,False,False,12,2,1,0,55
0,1,9.02,9.85,44,23.9994,True,False,False,False,True,False,False,False,13,2,1,0,49
0,1,8.2,9.09,47,22.0028,True,False,False,False,True,False,False,False,14,2,1,0,44
0,1,8.2,8.335,47,27.9993,True,False,False,False,True,False,False,False,15,2,1,0,49
0,1,9.02,9.85,44,22.0028,True,False,False,False,True,False,False,False,16,2,1,0,68
0,1,8.2,9.09,47,23.9994,True,False,False,False,True,False,False,False,17,2,1,0,139
0,1,8.2,7.575,47,35.0008,True,False,False,False,True,False,False,False,18,2,1,0,137
0,1,7.38,7.575,47,27.9993,True,False,False,False,True,False,False,False,19,2,1,0,83
0,1,6.56,6.82,50,22.0028,True,False,False,False,True,False,False,False,20,2,1,0,56
0,1,6.56,6.82,55,22.0028,True,False,False,False,True,False,False,False,21,2,1,0,57
0,1,6.56,6.06,55,30.0026,True,False,False,False,True,False,False,False,22,2,1,0,33
0,1,5.74,5.305,59,27.9993,True,False,False,False,True,False,False,False,23,2,1,0,20
0,1,5.74,6.06,59,19.0012,True,False,False,False,True,False,False,False,0,3,1,0,7
0,1,5.74,6.06,50,19.0012,True,False,False,False,True,False,False,False,1,3,1,0,2
0,1,5.74,6.06,50,23.9994,True,False,False,False,True,False,False,False,2,3,1,0,2
0,1,5.74,6.06,50,22.0028,True,False,False,False,True,False,False,False,3,3,1,0,3
0,1,5.74,6.06,50,16.9979,True,False,False,False,True,False,False,False,4,3,1,0,4
0,1,5.74,6.06,50,19.9995,True,False,False,False,True,False,False,False,5,3,1,0,3
0,1,4.92,7.575,54,8.9981,True,False,False,False,True,False,False,False,6,3,1,0,28
0,1,4.92,7.575,54,8.9981,True,False,False,False,True,False,False,False,7,3,1,0,72
0,1,5.74,6.82,50,12.998,True,False,False,False,True,False,False,False,8,3,1,0,202
0,1,5.74,6.06,50,22.0028,True,False,False,False,True,False,False,False,9,3,1,0,139
0,1,6.56,6.82,50,23.9994,True,False,False,False,False,True,False,False,10,3,1,0,38
0,1,8.2,8.335,44,30.0026,True,False,False,False,False,True,False,False,11,3,1,0,37
0,1,8.2,8.335,44,27.9993,True,False,False,False,True,False,False,False,12,3,1,0,52
0,1,9.02,9.85,41,30.0026,True,False,False,False,True,False,False,False,13,3,1,0,83
0,1,9.02,9.85,41,26.0027,True,False,False,False,True,False,False,False,14,3,1,0,42
0,1,9.84,10.605,38,19.9995,True,False,False,False,True,False,False,False,15,3,1,0,60
0,1,9.84,10.605,38,23.9994,True,False,False,False,True,False,False,False,16,3,1,0,78
0,1,8.2,9.09,40,19.0012,True,False,False,False,True,False,False,False,17,3,1,0,162
0,1,8.2,9.09,40,22.0028,True,False,False,False,True,False,False,False,18,3,1,0,144
0,1,6.56,7.575,47,16.9979,True,False,False,False,True,False,False,False,19,3,1,0,99
0,1,6.56,7.575,47,15.0013,True,False,False,False,True,False,False,False,20,3,1,0,64
0,1,5.74,6.06,46,19.9995,True,False,False,False,True,False,False,False,21,3,1,0,40
0,1,5.74,6.06,46,22.0028,True,False,False,False,True,False,False,False,22,3,1,0,30
0,1,4.92,6.82,50,12.998,True,False,False,False,True,False,False,False,23,3,1,0,15
0,1,4.92,6.82,50,12.998,True,False,False,False,True,False,False,False,0,4,1,0,14
0,1,4.1,6.06,54,11.0014,True,False,False,False,True,False,False,False,1,4,1,0,5
0,1,4.1,6.06,54,8.9981,True,False,False,False,True,False,False,False,2,4,1,0,1
0,1,4.1,6.82,54,7.0015,True,False,False,False,True,False,False,False,3,4,1,0,1
0,1,4.1,6.82,54,6.0032,True,False,False,False,True,False,False,False,5,4,1,0,8
0,1,4.1,9.09,54,0.0,True,False,False,False,True,False,False,False,6,4,1,0,17
0,1,4.1,6.06,74,11.0014,True,False,False,False,True,False,False,False,7,4,1,0,70
0,1,4.92,8.335,68,0.0,True,False,False,False,True,False,False,False,8,4,1,0,158
0,1,5.74,7.575,69,8.9981,True,False,False,False,True,False,False,False,9,4,1,0,117
0,1,7.38,9.09,55,12.998,True,False,False,False,True,False,False,False,10,4,1,0,44
0,1,7.38,8.335,51,19.0012,True,False,False,False,True,False,False,False,11,4,1,0,53
0,1,8.2,9.85,44,16.9979,True,False,False,False,True,False,False,False,12,4,1,0,61
0,1,9.02,9.85,37,26.0027,True,False,False,False,True,False,False,False,13,4,1,0,77
0,1,9.02,10.605,41,19.0012,True,False,False,False,True,False,False,False,14,4,1,0,64
0,1,9.84,12.12,38,11.0014,True,False,False,False,True,False,False,False,15,4,1,0,68
0,1,9.02,12.12,41,7.0015,True,False,False,False,True,False,False,False,16,4,1,0,90
0,1,9.02,11.365,41,11.0014,True,False,False,False,True,False,False,False,17,4,1,0,159
0,1,8.2,12.88,47,0.0,True,False,False,False,True,False,False,False,18,4,1,0,139
0,1,6.56,9.85,59,6.0032,True,False,False,False,True,False,False,False,19,4,1,0,92
0,1,7.38,12.12,59,0.0,True,False,False,False,True,False,False,False,20,4,1,0,68
0,1,6.56,11.365,69,0.0,True,False,False,False,True,False,False,False,21,4,1,0,52
0,1,6.56,11.365,69,0.0,True,False,False,False,False,True,False,False,22,4,1,0,36
0,1,7.38,12.12,55,0.0,True,False,False,False,False,True,False,False,23,4,1,0,27
0,0,7.38,12.12,55,0.0,True,False,False,False,True,False,False,False,0,5,1,0,28
0,0,6.56,9.85,59,6.0032,True,False,False,False,False,True,False,False,1,5,1,0,20
0,0,6.56,9.85,59,6.0032,True,False,False,False,False,True,False,False,2,5,1,0,12
0,0,6.56,11.365,59,0.0,True,False,False,False,False,True,False,False,3,5,1,0,8
0,0,6.56,11.365,59,0.0,True,False,False,False,False,True,False,False,4,5,1,0,5
0,0,6.56,11.365,59,0.0,True,False,False,False,True,False,False,False,5,5,1,0,1
0,0,5.74,8.335,63,7.0015,True,False,False,False,True,False,False,False,6,5,1,0,3
0,0,5.74,10.605,63,0.0,True,False,False,False,True,False,False,False,7,5,1,0,10
0,0,5.74,7.575,63,8.9981,True,False,False,False,True,False,False,False,8,5,1,0,23
0,0,6.56,9.09,64,8.9981,True,False,False,False,True,False,False,False,9,5,1,0,33
0,0,7.38,9.85,59,11.0014,True,False,False,False,True,False,False,False,10,5,1,0,59
0,0,8.2,9.85,55,15.0013,True,False,False,False,True,False,False,False,11,5,1,0,72
0,0,9.84,11.365,48,15.0013,True,False,False,False,True,False,False,False,12,5,1,0,89
0,0,11.48,12.88,38,19.9995,True,False,False,False,True,False,False,False,13,5,1,0,101
0,0,12.3,14.395,39,19.0012,True,False,False,False,True,False,False,False,14,5,1,0,118
0,0,13.12,15.91,36,12.998,True,False,False,False,False,True,False,False,15,5,1,0,129
0,0,13.94,16.665,34,12.998,True,False,False,False,False,True,False,False,16,5,1,0,128
0,0,13.12,15.15,36,19.0012,True,False,False,False,False,True,False,False,17,5,1,0,83
0,0,12.3,14.395,45,16.9979,True,False,False,False,False,True,False,False,18,5,1,0,84
0,0,13.12,15.15,39,16.9979,True,False,False,False,False,True,False,False,19,5,1,0,74
0,0,13.12,15.15,39,16.9979,True,False,False,False,False,True,False,False,20,5,1,0,41
0,0,13.12,15.15,39,15.0013,True,False,False,False,False,True,False,False,21,5,1,0,57
0,0,12.3,15.91,42,7.0015,True,False,False,False,False,True,False,False,22,5,1,0,26
0,0,12.3,14.395,45,19.0012,True,False,False,False,True,False,False,False,23,5,1,0,44
0,0,10.66,15.15,56,0.0,True,False,False,False,True,False,False,False,0,6,1,0,39
0,0,10.66,13.635,56,8.9981,True,False,False,False,True,False,False,False,1,6,1,0,23
0,0,10.66,14.395,56,6.0032,True,False,False,False,True,False,False,False,2,6,1,0,16
0,0,9.02,13.635,69,0.0,True,False,False,False,True,False,False,False,3,6,1,0,15
0,0,10.66,12.88,56,11.0014,True,False,False,False,True,False,False,False,4,6,1,0,1
0,0,10.66,12.88,56,11.0014,True,False,False,False,False,True,False,False,5,6,1,0,2
0,0,10.66,12.88,56,11.0014,True,False,False,False,False,True,False,False,6,6,1,0,1
0,0,9.84,10.605,56,19.9995,True,False,False,False,False,True,False,False,7,6,1,0,3
0,0,9.02,10.605,55,19.0012,True,False,False,False,True,False,False,False,8,6,1,0,18
0,0,9.02,10.605,51,16.9979,True,False,False,False,True,False,False,False,9,6,1,0,32
0,0,9.02,10.605,51,19.0012,True,False,False,False,True,False,False,False,10,6,1,0,79
0,0,9.84,11.365,44,16.9979,True,False,False,False,True,False,False,False,11,6,1,0,93
0,0,9.84,10.605,41,19.0012,True,False,False,False,True,False,False,False,12,6,1,0,104
0,0,10.66,11.365,35,19.9995,True,False,False,False,True,False,False,False,13,6,1,0,118
0,0,11.48,13.635,36,16.9979,True,False,False,False,True,False,False,False,14,6,1,0,91
0,0,10.66,12.12,38,16.9979,True,False,False,False,True,False,False,False,15,6,1,0,113
0,0,9.84,11.365,38,15.0013,True,False,False,False,True,False,False,False,16,6,1,0,99
0,0,9.02,10.605,37,16.9979,True,False,False,False,True,False,False,False,17,6,1,0,105
0,0,8.2,10.605,40,11.0014,True,False,False,False,True,False,False,False,18,6,1,0,67
0,0,7.38,9.85,47,8.9981,True,False,False,False,True,False,False,False,19,6,1,0,61
0,0,7.38,9.85,47,11.0014,True,False,False,False,True,False,False,False,20,6,1,0,57
0,0,7.38,9.85,51,11.0014,True,False,False,False,True,False,False,False,21,6,1,0,28
0,0,8.2,10.605,49,8.9981,True,False,False,False,False,True,False,False,22,6,1,0,21
0,0,8.2,11.365,40,7.0015,True,False,False,False,False,True,False,False,23,6,1,0,18
1,0,8.2,9.85,47,15.0013,True,False,False,False,False,True,False,False,0,0,1,0,17
1,0,8.2,9.85,44,12.998,True,False,False,False,False,True,False,False,1,0,1,0,16
1,0,7.38,8.335,43,16.9979,True,False,False,False,False,True,False,False,2,0,1,0,8
1,0,7.38,9.09,43,12.998,True,False,False,False,False,True,False,False,3,0,1,0,2
1,0,7.38,9.85,43,8.9981,True,False,False,False,False,True,False,False,4,0,1,0,3
1,0,7.38,9.85,43,11.0014,True,False,False,False,False,True,False,False,5,0,1,0,1
1,0,7.38,9.09,43,12.998,True,False,False,False,False,True,False,False,6,0,1,0,5
1,0,6.56,9.09,50,8.9981,True,False,False,False,False,True,False,False,7,0,1,0,13
1,0,6.56,7.575,47,15.0013,True,False,False,False,False,True,False,False,8,0,1,0,33
1,0,6.56,7.575,47,15.0013,True,False,False,False,False,True,False,False,9,0,1,0,47
1,0,6.56,7.575,50,16.9979,True,False,False,False,False,True,False,False,10,0,1,0,57
1,0,6.56,7.575,55,12.998,True,False,False,False,False,True,False,False,11,0,1,0,64
1,0,7.38,9.85,47,8.9981,True,False,False,False,False,True,False,False,12,0,1,0,80
1,0,7.38,9.85,47,8.9981,True,False,False,False,False,True,False,False,13,0,1,0,93
1,0,7.38,10.605,43,7.0015,True,False,False,False,False,True,False,False,14,0,1,0,86
1,0,8.2,10.605,47,11.0014,True,False,False,False,False,True,False,False,15,0,1,0,93
1,0,8.2,10.605,47,11.0014,True,False,False,False,False,True,False,False,16,0,1,0,82
1,0,8.2,9.85,51,12.998,True,False,False,False,True,False,False,False,17,0,1,0,71
1,0,7.38,8.335,55,16.9979,True,False,False,False,False,True,False,False,18,0,1,0,92
1,0,7.38,9.09,59,12.998,True,False,False,False,False,False,True,False,19,0,1,0,60
1,0,6.56,7.575,80,12.998,True,False,False,False,False,False,True,False,20,0,1,0,33
1,0,6.56,7.575,80,12.998,True,False,False,False,False,False,True,False,21,0,1,0,27
1,0,5.74,6.06,93,16.9979,True,False,False,False,False,False,True,False,22,0,1,0,13
1,0,6.56,6.82,86,19.0012,True,False,False,False,False,False,True,False,23,0,1,0,4
0,1,8.2,9.09,86,22.0028,True,False,False,False,False,True,False,False,12,1,1,0,3
0,1,8.2,9.85,86,15.0013,True,False,False,False,False,True,False,False,13,1,1,0,22
0,1,9.02,11.365,80,11.0014,True,False,False,False,False,True,False,False,14,1,1,0,28
0,1,9.02,11.365,87,11.0014,True,False,False,False,False,True,False,False,15,1,1,0,35
0,1,9.02,11.365,87,12.998,True,False,False,False,False,True,False,False,16,1,1,0,61
0,1,9.02,11.365,82,12.998,True,False,False,False,False,True,False,False,17,1,1,0,125
0,1,9.02,11.365,80,11.0014,True,False,False,False,False,True,False,False,18,1,1,0,133
0,1,9.02,11.365,80,8.9981,True,False,False,False,False,True,False,False,19,1,1,0,99
0,1,9.02,13.635,87,0.0,True,False,False,False,False,True,False,False,20,1,1,0,83
0,1,9.02,12.12,93,7.0015,True,False,False,False,False,True,False,False,21,1,1,0,41
0,1,9.02,12.88,93,6.0032,True,False,False,False,False,True,False,False,22,1,1,0,33
0,1,9.02,13.635,93,0.0,True,False,False,False,False,True,False,False,23,1,1,0,20
0,1,9.02,13.635,93,0.0,True,False,False,False,False,True,False,False,0,2,1,0,3
0,1,9.02,11.365,93,8.9981,True,False,False,False,False,False,True,False,1,2,1,0,7
0,1,9.02,11.365,93,8.9981,True,False,False,False,False,False,True,False,2,2,1,0,3
0,1,9.02,11.365,93,8.9981,True,False,False,False,False,False,True,False,4,2,1,0,2
0,1,9.02,12.88,93,6.0032,True,False,False,False,False,True,False,False,5,2,1,0,7
0,1,9.02,12.88,93,6.0032,True,False,False,False,False,True,False,False,6,2,1,0,32
0,1,9.84,12.88,92,7.0015,True,False,False,False,False,True,False,False,7,2,1,0,90
0,1,9.84,12.88,93,7.0015,True,False,False,False,False,True,False,False,8,2,1,0,197
0,1,9.84,12.88,93,7.0015,True,False,False,False,False,True,False,False,9,2,1,0,109
0,1,10.66,13.635,93,8.9981,True,False,False,False,False,True,False,False,10,2,1,0,47
0,1,11.48,15.15,87,6.0032,True,False,False,False,False,True,False,False,11,2,1,0,52
0,1,12.3,15.91,81,6.0032,True,False,False,False,False,True,False,False,12,2,1,0,70
0,1,16.4,20.455,62,19.0012,True,False,False,False,True,False,False,False,13,2,1,0,78
0,1,16.4,20.455,58,16.9979,True,False,False,False,True,False,False,False,14,2,1,0,75
0,1,16.4,20.455,54,19.0012,True,False,False,False,True,False,False,False,15,2,1,0,82
0,1,15.58,19.695,58,26.0027,True,False,False,False,True,False,False,False,16,2,1,0,104
0,1,14.76,16.665,57,22.0028,True,False,False,False,True,False,False,False,17,2,1,0,197
0,1,13.94,15.91,61,19.0012,True,False,False,False,True,False,False,False,18,2,1,0,161
0,1,13.12,14.395,57,27.9993,True,False,False,False,True,False,False,False,19,2,1,0,112
0,1,13.12,15.15,49,19.9995,True,False,False,False,True,False,False,False,20,2,1,0,76
0,1,13.12,14.395,49,27.9993,True,False,False,False,True,False,False,False,21,2,1,0,59
0,1,12.3,15.15,52,11.0014,True,False,False,False,True,False,False,False,22,2,1,0,59
0,1,12.3,13.635,52,31.0009,True,False,False,False,True,False,False,False,23,2,1,0,28
0,1,6.56,9.09,64,7.0015,True,False,False,False,False,True,False,False,0,1,2,0,8
0,1,6.56,9.09,69,7.0015,True,False,False,False,False,True,False,False,1,1,2,0,3
0,1,6.56,11.365,69,0.0,True,False,False,False,False,True,False,False,2,1,2,0,2
0,1,6.56,11.365,69,0.0,True,False,False,False,False,True,False,False,3,1,2,0,2
0,1,5.74,10.605,93,0.0,True,False,False,False,False,False,True,False,5,1,2,0,3
0,1,5.74,10.605,93,0.0,True,False,False,False,False,False,True,False,6,1,2,0,22
0,1,6.56,11.365,93,0.0,True,False,False,False,False,False,True,False,7,1,2,0,52
0,1,6.56,11.365,93,0.0,True,False,False,False,False,False,True,False,8,1,2,0,135
0,1,6.56,11.365,93,0.0,True,False,False,False,False,True,False,False,9,1,2,0,116
0,1,6.56,11.365,93,0.0,True,False,False,False,False,True,False,False,10,1,2,0,47
0,1,7.38,12.12,86,0.0,True,False,False,False,False,True,False,False,11,1,2,0,51
0,1,8.2,12.88,86,0.0,True,False,False,False,False,True,False,False,12,1,2,0,55
0,1,8.2,12.88,86,0.0,True,False,False,False,False,True,False,False,13,1,2,0,52
0,1,9.02,12.88,80,6.0032,True,False,False,False,False,True,False,False,14,1,2,0,54
0,1,9.84,14.395,75,0.0,True,False,False,False,False,True,False,False,15,1,2,0,52
0,1,9.84,12.12,75,8.9981,True,False,False,False,False,True,False,False,16,1,2,0,64
0,1,9.84,14.395,75,0.0,True,False,False,False,False,True,False,False,17,1,2,0,176
0,1,9.84,12.88,81,7.0015,True,False,False,False,False,True,False,False,18,1,2,0,168
0,1,9.84,12.12,81,8.9981,True,False,False,False,False,True,False,False,19,1,2,0,108
0,1,9.02,11.365,87,8.9981,True,False,False,False,False,True,False,False,20,1,2,0,74
0,1,9.02,11.365,87,8.9981,True,False,False,False,False,True,False,False,21,1,2,0,64
0,1,9.02,12.88,87,6.0032,True,False,False,False,False,True,False,False,22,1,2,0,36
0,1,8.2,9.85,93,12.998,True,False,False,False,False,False,True,False,23,1,2,0,16
0,1,9.02,12.12,93,7.0015,True,False,False,False,False,False,True,False,0,2,2,0,2
0,1,9.02,11.365,93,12.998,True,False,False,False,False,False,True,False,1,2,2,0,3
0,1,9.02,11.365,93,8.9981,True,False,False,False,False,False,True,False,2,2,2,0,4
0,1,9.02,11.365,93,8.9981,True,False,False,False,False,False,True,False,3,2,2,0,1
0,1,9.02,10.605,93,19.0012,True,False,False,False,False,False,True,False,4,2,2,0,1
0,1,9.02,12.12,93,7.0015,True,False,False,False,False,False,True,False,5,2,2,0,3
0,1,9.02,12.12,93,7.0015,True,False,False,False,False,False,True,False,6,2,2,0,18
0,1,9.02,10.605,93,15.0013,True,False,False,False,False,False,True,False,7,2,2,0,49
0,1,9.02,10.605,93,15.0013,True,False,False,False,False,False,True,False,8,2,2,0,155
0,1,9.84,12.88,93,6.0032,True,False,False,False,False,True,False,False,9,2,2,0,123
0,1,9.02,13.635,100,0.0,True,False,False,False,False,True,False,False,10,2,2,0,61
0,1,9.84,11.365,93,12.998,True,False,False,False,False,True,False,False,11,2,2,0,52
0,1,9.84,11.365,93,15.0013,True,False,False,False,False,True,False,False,12,2,2,0,64
0,1,13.94,16.665,93,11.0014,True,False,False,False,True,False,False,False,13,2,2,0,75
0,1,15.58,19.695,82,26.0027,True,False,False,False,True,False,False,False,14,2,2,0,63
0,1,15.58,19.695,76,22.0028,True,False,False,False,True,False,False,False,15,2,2,0,76
0,1,14.76,16.665,71,19.9995,True,False,False,False,True,False,False,False,16,2,2,0,103
0,1,14.76,15.91,53,35.0008,True,False,False,False,True,False,False,False,17,2,2,0,190
0,1,13.94,14.395,42,36.9974,True,False,False,False,True,False,False,False,18,2,2,0,182
0,1,11.48,12.12,45,32.9975,True,False,False,False,True,False,False,False,19,2,2,0,91
0,1,9.84,9.85,48,36.9974,True,False,False,False,True,False,False,False,20,2,2,0,75
0,1,9.02,9.85,47,22.0028,True,False,False,False,True,False,False,False,21,2,2,0,63
0,1,9.02,10.605,44,16.9979,True,False,False,False,True,False,False,False,22,2,2,0,40
0,1,8.2,8.335,44,30.0026,True,False,False,False,True,False,False,False,23,2,2,0,32
0,1,8.2,8.335,40,30.0026,True,False,False,False,True,False,False,False,0,3,2,0,12
0,1,8.2,7.575,44,35.0008,True,False,False,False,True,False,False,False,1,3,2,0,5
0,1,7.38,8.335,43,16.9979,True,False,False,False,True,False,False,False,2,3,2,0,2
0,1,7.38,8.335,43,16.9979,True,False,False,False,True,False,False,False,3,3,2,0,1
0,1,6.56,6.82,50,19.9995,True,False,False,False,True,False,False,False,5,3,2,0,2
0,1,6.56,6.82,43,23.9994,True,False,False,False,True,False,False,False,6,3,2,0,39
0,1,5.74,6.06,50,22.0028,True,False,False,False,True,False,False,False,7,3,2,0,87
0,1,5.74,6.06,50,23.9994,True,False,False,False,True,False,False,False,8,3,2,0,188
0,1,6.56,6.82,47,19.9995,True,False,False,False,True,False,False,False,9,3,2,0,133
0,1,7.38,7.575,43,22.0028,True,False,False,False,True,False,False,False,10,3,2,0,52
0,1,7.38,6.82,43,30.0026,True,False,False,False,True,False,False,False,11,3,2,0,64
0,1,8.2,9.09,40,23.9994,True,False,False,False,True,False,False,False,12,3,2,0,69
0,1,8.2,8.335,40,27.9993,True,False,False,False,True,False,False,False,13,3,2,0,51
0,1,9.02,9.85,37,26.0027,True,False,False,False,True,False,False,False,14,3,2,0,47
0,1,9.02,9.85,37,22.0028,True,False,False,False,True,False,False,False,15,3,2,0,60
0,1,9.02,10.605,37,16.9979,True,False,False,False,True,False,False,False,16,3,2,0,78
0,1,8.2,9.85,40,12.998,True,False,False,False,True,False,False,False,17,3,2,0,175
0,1,8.2,10.605,40,11.0014,True,False,False,False,True,False,False,False,18,3,2,0,147
0,1,8.2,12.88,40,0.0,True,False,False,False,True,False,False,False,19,3,2,0,96
0,1,8.2,11.365,47,6.0032,True,False,False,False,True,False,False,False,20,3,2,0,109
0,1,7.38,10.605,55,7.0015,True,False,False,False,True,False,False,False,21,3,2,0,54
0,1,7.38,10.605,51,6.0032,True,False,False,False,True,False,False,False,22,3,2,0,41
0,1,8.2,11.365,47,7.0015,True,False,False,False,True,False,False,False,23,3,2,0,38
0,1,8.2,12.88,44,0.0,True,False,False,False,False,True,False,False,0,4,2,0,13
0,1,6.56,11.365,59,0.0,True,False,False,False,False,True,False,False,1,4,2,0,7
0,1,5.74,8.335,63,7.0015,True,False,False,False,False,True,False,False,2,4,2,0,1
0,1,5.74,8.335,63,7.0015,True,False,False,False,False,True,False,False,3,4,2,0,1
0,1,5.74,7.575,63,8.9981,True,False,False,False,False,True,False,False,5,4,2,0,7
0,1,6.56,11.365,55,0.0,True,False,False,False,False,True,False,False,6,4,2,0,28
0,1,5.74,10.605,59,0.0,True,False,False,False,True,False,False,False,7,4,2,0,87
0,1,5.74,7.575,74,8.9981,True,False,False,False,True,False,False,False,8,4,2,0,220
0,1,6.56,9.09,80,8.9981,True,False,False,False,False,True,False,False,9,4,2,0,127
0,1,8.2,10.605,51,8.9981,True,False,False,False,False,True,False,False,10,4,2,0,51
0,1,9.02,11.365,51,11.0014,True,False,False,False,True,False,False,False,11,4,2,0,64
0,1,9.84,12.12,48,11.0014,True,False,False,False,False,True,False,False,12,4,2,0,86
0,1,10.66,12.88,50,15.0013,True,False,False,False,False,True,False,False,13,4,2,0,82
0,1,11.48,13.635,45,11.0014,True,False,False,False,False,True,False,False,14,4,2,0,91
0,1,11.48,13.635,48,16.9979,True,False,False,False,False,True,False,False,15,4,2,0,90
0,1,12.3,14.395,42,15.0013,True,False,False,False,False,True,False,False,16,4,2,0,99
0,1,10.66,13.635,56,8.9981,True,False,False,False,False,True,False,False,17,4,2,0,205
0,1,9.84,12.88,60,7.0015,True,False,False,False,False,True,False,False,18,4,2,0,155
0,1,9.84,12.12,65,8.9981,True,False,False,False,False,True,False,False,19,4,2,0,103
0,1,9.84,12.12,65,11.0014,True,False,False,False,False,True,False,False,20,4,2,0,71
0,1,9.84,12.12,70,11.0014,True,False,False,False,False,True,False,False,21,4,2,0,43
0,1,9.84,12.12,65,11.0014,True,False,False,False,False,True,False,False,22,4,2,0,46
0,1,9.84,12.12,70,8.9981,True,False,False,False,False,True,False,False,23,4,2,0,31
0,0,9.84,12.12,70,11.0014,True,False,False,False,False,True,False,False,0,5,2,0,39
0,0,9.84,12.12,65,11.0014,True,False,False,False,False,True,False,False,1,5,2,0,18
0,0,9.84,12.12,75,11.0014,True,False,False,False,False,True,False,False,2,5,2,0,17
0,0,9.84,12.12,75,11.0014,True,False,False,False,False,True,False,False,3,5,2,0,11
0,0,9.02,11.365,93,8.9981,True,False,False,False,False,False,True,False,4,5,2,0,8
0,0,8.2,11.365,100,6.0032,True,False,False,False,False,False,True,False,5,5,2,0,9
0,0,8.2,12.88,100,0.0,True,False,False,False,False,False,True,False,6,5,2,0,4
0,0,9.02,12.88,93,6.0032,True,False,False,False,False,False,True,False,7,5,2,0,4
0,0,8.2,11.365,100,6.0032,True,False,False,False,False,False,True,False,8,5,2,0,10
0,0,8.2,11.365,100,6.0032,True,False,False,False,False,False,True,False,9,5,2,0,20
0,0,8.2,10.605,100,8.9981,True,False,False,False,False,False,True,False,10,5,2,0,34
0,0,9.02,11.365,100,8.9981,True,False,False,False,False,False,True,False,11,5,2,0,47
0,0,9.02,11.365,100,11.0014,True,False,False,False,False,False,True,False,12,5,2,0,52
0,0,9.02,11.365,100,11.0014,True,False,False,False,False,False,True,False,13,5,2,0,72
0,0,9.02,13.635,100,0.0,True,False,False,False,False,False,True,False,14,5,2,0,55
0,0,9.02,13.635,100,0.0,True,False,False,False,False,False,True,False,15,5,2,0,60
0,0,9.02,11.365,100,8.9981,True,False,False,False,False,False,True,False,16,5,2,0,71
0,0,9.84,10.605,100,19.0012,True,False,False,False,False,True,False,False,17,5,2,0,78
0,0,11.48,12.12,93,30.0026,True,False,False,False,False,True,False,False,18,5,2,0,83
0,0,11.48,12.12,93,30.0026,True,False,False,False,False,True,False,False,19,5,2,0,84
0,0,12.3,14.395,87,16.9979,True,False,False,False,True,False,False,False,20,5,2,0,69
0,0,10.66,12.88,100,12.998,True,False,False,False,True,False,False,False,21,5,2,0,56
0,0,10.66,13.635,93,8.9981,True,False,False,False,True,False,False,False,22,5,2,0,45
0,0,10.66,12.88,93,15.0013,True,False,False,False,True,False,False,False,23,5,2,0,59
0,0,10.66,12.88,70,12.998,True,False,False,False,True,False,False,False,0,6,2,0,39
0,0,10.66,11.365,65,27.9993,True,False,False,False,True,False,False,False,1,6,2,0,44
0,0,10.66,11.365,60,22.0028,True,False,False,False,True,False,False,False,2,6,2,0,20
0,0,10.66,14.395,60,6.0032,True,False,False,False,True,False,False,False,3,6,2,0,13
0,0,10.66,11.365,60,23.9994,True,False,False,False,True,False,False,False,4,6,2,0,2
0,0,10.66,12.88,60,15.0013,True,False,False,False,True,False,False,False,5,6,2,0,1
0,0,10.66,12.88,60,15.0013,True,False,False,False,True,False,False,False,6,6,2,0,1
0,0,9.84,12.12,65,11.0014,True,False,False,False,True,False,False,False,7,6,2,0,8
0,0,9.84,12.88,65,7.0015,True,False,False,False,True,False,False,False,8,6,2,0,23
0,0,11.48,14.395,56,7.0015,True,False,False,False,True,False,False,False,9,6,2,0,45
0,0,12.3,14.395,52,16.9979,True,False,False,False,True,False,False,False,10,6,2,0,89
0,0,13.12,15.15,49,16.9979,True,False,False,False,True,False,False,False,11,6,2,0,117
0,0,13.94,16.665,46,0.0,True,False,False,False,True,False,False,False,12,6,2,0,174
0,0,13.94,18.18,46,0.0,True,False,False,False,True,False,False,False,13,6,2,0,182
0,0,13.94,17.425,46,6.0032,True,False,False,False,True,False,False,False,14,6,2,0,161
0,0,13.94,17.425,46,6.0032,True,False,False,False,True,False,False,False,15,6,2,0,182
0,0,13.94,17.425,49,7.0015,True,False,False,False,True,False,False,False,16,6,2,0,157
0,0,13.94,18.18,46,0.0,True,False,False,False,True,False,False,False,17,6,2,0,121
0,0,12.3,15.15,56,11.0014,True,False,False,False,True,False,False,False,18,6,2,0,78
0,0,11.48,14.395,61,8.9981,True,False,False,False,True,False,False,False,19,6,2,0,21
0,0,11.48,14.395,61,7.0015,True,False,False,False,True,False,False,False,20,6,2,0,26
0,0,10.66,15.15,60,0.0,True,False,False,False,True,False,False,False,21,6,2,0,27
0,0,10.66,15.15,60,0.0,True,False,False,False,True,False,False,False,22,6,2,0,62
0,0,9.84,14.395,65,0.0,True,False,False,False,True,False,False,False,23,6,2,0,30
0,1,9.84,14.395,65,0.0,True,False,False,False,True,False,False,False,0,0,2,0,15
0,1,9.02,13.635,75,0.0,True,False,False,False,True,False,False,False,1,0,2,0,5
0,1,8.2,12.88,80,0.0,True,False,False,False,True,False,False,False,2,0,2,0,3
0,1,8.2,12.88,86,0.0,True,False,False,False,True,False,False,False,3,0,2,0,1
0,1,8.2,12.88,86,0.0,True,False,False,False,True,False,False,False,4,0,2,0,2
0,1,8.2,12.88,86,0.0,True,False,False,False,True,False,False,False,5,0,2,0,10
0,1,7.38,12.12,93,0.0,True,False,False,False,True,False,False,False,6,0,2,0,30
0,1,7.38,12.12,86,0.0,True,False,False,False,True,False,False,False,7,0,2,0,95
0,1,6.56,11.365,100,0.0,True,False,False,False,False,True,False,False,8,0,2,0,230
0,1,9.02,13.635,80,0.0,True,False,False,False,True,False,False,False,9,0,2,0,118
0,1,9.84,12.88,75,7.0015,True,False,False,False,True,False,False,False,10,0,2,0,55
0,1,12.3,15.91,65,6.0032,True,False,False,False,True,False,False,False,11,0,2,0,47
0,1,13.12,17.425,62,0.0,True,False,False,False,False,True,False,False,12,0,2,0,66
0,1,14.76,18.18,57,6.0032,True,False,False,False,False,True,False,False,13,0,2,0,64
0,1,14.76,18.18,57,6.0032,True,False,False,False,False,True,False,False,14,0,2,0,60
0,1,15.58,19.695,54,6.0032,True,False,False,False,False,True,False,False,15,0,2,0,50
0,1,14.76,17.425,57,8.9981,True,False,False,False,False,True,False,False,16,0,2,0,114
0,1,13.12,15.91,70,11.0014,True,False,False,False,False,True,False,False,17,0,2,0,216
0,1,13.94,16.665,66,8.9981,True,False,False,False,False,True,False,False,18,0,2,0,175
0,1,13.12,17.425,70,0.0,True,False,False,False,False,True,False,False,19,0,2,0,128
0,1,13.12,16.665,70,7.0015,True,False,False,False,False,True,False,False,20,0,2,0,88
0,1,13.12,17.425,70,0.0,True,False,False,False,True,False,False,False,21,0,2,0,78
0,1,11.48,15.15,81,6.0032,True,False,False,False,True,False,False,False,22,0,2,0,37
0,1,12.3,16.665,81,0.0,True,False,False,False,False,True,False,False,23,0,2,0,25
0,1,11.48,15.91,87,0.0,True,False,False,False,False,True,False,False,0,1,2,0,10
0,1,11.48,15.91,87,0.0,True,False,False,False,False,True,False,False,1,1,2,0,4
0,1,10.66,13.635,93,7.0015,True,False,False,False,False,True,False,False,2,1,2,0,2
0,1,11.48,13.635,93,11.0014,True,False,False,False,False,False,True,False,3,1,2,0,1
0,1,10.66,12.88,93,11.0014,True,False,False,False,True,False,False,False,4,1,2,0,3
0,1,10.66,11.365,81,22.0028,True,False,False,False,True,False,False,False,5,1,2,0,2
0,1,10.66,11.365,70,22.0028,True,False,False,False,True,False,False,False,6,1,2,0,39
0,1,9.84,9.85,65,27.9993,True,False,False,False,True,False,False,False,7,1,2,0,100
0,1,9.84,9.85,56,32.9975,True,False,False,False,True,False,False,False,8,1,2,0,243
0,1,9.84,9.85,52,32.9975,True,False,False,False,True,False,False,False,9,1,2,0,135
0,1,9.02,9.09,47,36.9974,True,False,False,False,True,False,False,False,10,1,2,0,48
0,1,9.02,9.09,47,31.0009,True,False,False,False,True,False,False,False,11,1,2,0,50
0,1,9.84,9.85,38,32.9975,True,False,False,False,True,False,False,False,12,1,2,0,65
0,1,9.84,9.85,32,30.0026,True,False,False,False,False,True,False,False,13,1,2,0,50
0,1,9.02,9.85,37,27.9993,True,False,False,False,True,False,False,False,14,1,2,0,64
0,1,9.02,9.85,35,26.0027,True,False,False,False,True,False,False,False,15,1,2,0,51
0,1,9.02,9.09,35,35.0008,True,False,False,False,True,False,False,False,16,1,2,0,83
0,1,9.02,9.09,32,39.0007,True,False,False,False,True,False,False,False,17,1,2,0,176
0,1,8.2,9.09,32,26.0027,True,False,False,False,True,False,False,False,18,1,2,0,152
0,1,6.56,6.06,40,31.0009,True,False,False,False,True,False,False,False,19,1,2,0,101
0,1,6.56,6.82,40,22.0028,True,False,False,False,True,False,False,False,20,1,2,0,56
0,1,5.74,5.305,33,31.0009,True,False,False,False,True,False,False,False,21,1,2,0,54
0,1,4.92,5.305,33,23.9994,True,False,False,False,True,False,False,False,22,1,2,0,29
0,1,4.92,5.305,33,22.0028,True,False,False,False,True,False,False,False,23,1,2,0,12
0,1,4.1,3.79,36,23.9994,True,False,False,False,True,False,False,False,0,2,2,0,17
0,1,4.1,5.305,36,15.0013,True,False,False,False,True,False,False,False,1,2,2,0,7
0,1,3.28,3.79,38,19.0012,True,False,False,False,True,False,False,False,2,2,2,0,3
0,1,2.46,3.79,45,8.9981,True,False,False,False,True,False,False,False,3,2,2,0,2
0,1,2.46,5.305,45,7.0015,True,False,False,False,True,False,False,False,5,2,2,0,7
0,1,2.46,7.575,45,0.0,True,False,False,False,True,False,False,False,6,2,2,0,43
0,1,2.46,5.305,49,7.0015,True,False,False,False,True,False,False,False,7,2,2,0,99
0,1,4.1,6.82,42,0.0,True,False,False,False,True,False,False,False,8,2,2,0,199
0,1,4.92,6.82,39,11.0014,True,False,False,False,True,False,False,False,9,2,2,0,123
0,1,5.74,9.09,36,0.0,True,False,False,False,True,False,False,False,10,2,2,0,59
0,1,5.74,7.575,43,11.0014,True,False,False,False,False,True,False,False,11,2,2,0,41
0,1,7.38,9.09,40,15.0013,True,False,False,False,False,True,False,False,12,2,2,0,61
0,1,7.38,8.335,40,16.9979,True,False,False,False,True,False,False,False,13,2,2,0,69
0,1,8.2,9.09,34,19.9995,True,False,False,False,True,False,False,False,14,2,2,0,58
0,1,8.2,9.09,34,19.0012,True,False,False,False,False,True,False,False,15,2,2,0,64
0,1,8.2,9.85,37,16.9979,True,False,False,False,False,True,False,False,16,2,2,0,79
0,1,8.2,9.85,34,16.9979,True,False,False,False,False,True,False,False,17,2,2,0,166
0,1,7.38,8.335,47,19.9995,True,False,False,False,False,True,False,False,18,2,2,0,170
0,1,5.74,6.06,86,16.9979,True,False,False,False,False,False,True,False,19,2,2,0,88
0,1,5.74,7.575,86,11.0014,True,False,False,False,False,False,True,False,20,2,2,0,84
0,1,5.74,7.575,86,11.0014,True,False,False,False,False,True,False,False,21,2,2,0,83
0,1,6.56,8.335,80,11.0014,True,False,False,False,False,False,True,False,22,2,2,0,46
0,1,6.56,7.575,80,12.998,True,False,False,False,False,False,True,False,23,2,2,0,37
0,1,5.74,6.82,86,12.998,True,False,False,False,False,False,True,False,0,3,2,0,16
0,1,5.74,7.575,80,8.9981,True,False,False,False,False,False,True,False,1,3,2,0,7
0,1,5.74,7.575,80,8.9981,True,False,False,False,False,False,True,False,2,3,2,0,3
0,1,5.74,6.82,59,15.0013,True,False,False,False,False,True,False,False,4,3,2,0,1
0,1,4.92,6.06,50,15.0013,True,False,False,False,False,True,False,False,5,3,2,0,6
0,1,4.92,6.06,54,19.0012,True,False,False,False,False,True,False,False,6,3,2,0,26
0,1,4.1,3.79,50,27.9993,True,False,False,False,True,False,False,False,7,3,2,0,99
0,1,4.1,3.79,49,22.0028,True,False,False,False,True,False,False,False,8,3,2,0,178
0,1,4.92,5.305,42,23.9994,True,False,False,False,True,False,False,False,9,3,2,0,122
0,1,4.92,5.305,42,19.9995,True,False,False,False,True,False,False,False,10,3,2,0,35
0,1,5.74,6.06,39,23.9994,True,False,False,False,True,False,False,False,11,3,2,0,45
0,1,6.56,6.82,34,26.0027,True,False,False,False,True,False,False,False,12,3,2,0,69
0,1,7.38,8.335,29,19.9995,True,False,False,False,True,False,False,False,13,3,2,0,62
0,1,8.2,9.09,27,19.0012,True,False,False,False,True,False,False,False,14,3,2,0,48
0,1,8.2,9.85,25,16.9979,True,False,False,False,True,False,False,False,15,3,2,0,50
0,1,8.2,9.09,27,19.9995,True,False,False,False,True,False,False,False,16,3,2,0,80
0,1,7.38,9.09,26,12.998,True,False,False,False,True,False,False,False,17,3,2,0,165
0,1,6.56,9.09,28,8.9981,True,False,False,False,True,False,False,False,18,3,2,0,160
0,1,5.74,8.335,28,7.0015,True,False,False,False,True,False,False,False,19,3,2,0,112
0,1,5.74,9.09,31,6.0032,True,False,False,False,True,False,False,False,20,3,2,0,97
0,1,5.74,10.605,39,0.0,True,False,False,False,True,False,False,False,21,3,2,0,72
0,1,4.92,9.85,39,0.0,True,False,False,False,True,False,False,False,22,3,2,0,51
0,1,4.92,7.575,42,7.0015,True,False,False,False,True,False,False,False,23,3,2,0,34
0,1,4.1,6.82,49,7.0015,True,False,False,False,True,False,False,False,0,4,2,0,14
0,1,4.1,6.82,54,6.0032,True,False,False,False,True,False,False,False,1,4,2,0,7
0,1,4.1,6.82,54,6.0032,True,False,False,False,True,False,False,False,2,4,2,0,3
0,1,3.28,6.06,63,6.0032,True,False,False,False,True,False,False,False,5,4,2,0,4
0,1,4.1,9.09,68,0.0,True,False,False,False,True,False,False,False,6,4,2,0,24
0,1,3.28,8.335,73,0.0,True,False,False,False,True,False,False,False,7,4,2,0,74
0,1,4.1,6.06,74,11.0014,True,False,False,False,True,False,False,False,8,4,2,0,216
0,1,4.92,6.06,74,15.0013,True,False,False,False,True,False,False,False,9,4,2,0,140
0,1,5.74,6.82,69,12.998,True,False,False,False,True,False,False,False,10,4,2,0,44
0,1,9.02,11.365,47,8.9981,True,False,False,False,True,False,False,False,11,4,2,0,64
0,1,9.02,11.365,47,8.9981,True,False,False,False,True,False,False,False,12,4,2,0,71
0,1,9.84,11.365,35,12.998,True,False,False,False,True,False,False,False,13,4,2,0,110
0,1,12.3,14.395,26,16.9979,True,False,False,False,True,False,False,False,14,4,2,0,84
0,1,13.12,15.91,21,11.0014,True,False,False,False,True,False,False,False,15,4,2,0,74
0,1,12.3,14.395,28,12.998,True,False,False,False,True,False,False,False,16,4,2,0,125
0,1,12.3,16.665,24,0.0,True,False,False,False,True,False,False,False,17,4,2,0,211
0,1,11.48,15.91,28,0.0,True,False,False,False,True,False,False,False,18,4,2,0,174
0,1,10.66,15.15,33,0.0,True,False,False,False,True,False,False,False,19,4,2,0,101
0,1,9.02,11.365,55,8.9981,True,False,False,False,True,False,False,False,20,4,2,0,63
0,1,8.2,10.605,59,8.9981,True,False,False,False,True,False,False,False,21,4,2,0,47
0,1,8.2,11.365,64,6.0032,True,False,False,False,True,False,False,False,22,4,2,0,43
0,1,7.38,12.12,69,0.0,True,False,False,False,True,False,False,False,23,4,2,0,53
0,0,6.56,9.85,69,6.0032,True,False,False,False,True,False,False,False,0,5,2,0,30
0,0,5.74,10.605,86,0.0,True,False,False,False,True,False,False,False,1,5,2,0,24
0,0,5.74,10.605,80,0.0,True,False,False,False,True,False,False,False,2,5,2,0,15
0,0,4.92,9.85,80,0.0,True,False,False,False,True,False,False,False,3,5,2,0,10
0,0,4.92,8.335,74,6.0032,True,False,False,False,True,False,False,False,4,5,2,0,4
0,0,4.92,8.335,74,6.0032,True,False,False,False,True,False,False,False,5,5,2,0,1
0,0,4.92,6.82,93,12.998,True,False,False,False,True,False,False,False,6,5,2,0,2
0,0,4.92,7.575,80,7.0015,True,False,False,False,True,False,False,False,7,5,2,0,11
0,0,5.74,7.575,86,8.9981,True,False,False,False,True,False,False,False,8,5,2,0,30
0,0,6.56,9.09,64,8.9981,True,False,False,False,True,False,False,False,9,5,2,0,43
0,0,9.02,10.605,41,16.9979,True,False,False,False,True,False,False,False,10,5,2,0,84
0,0,12.3,13.635,28,22.0028,True,False,False,False,True,False,False,False,11,5,2,0,114
0,0,12.3,13.635,39,31.0009,True,False,False,False,True,False,False,False,12,5,2,0,120
0,0,12.3,13.635,39,27.9993,True,False,False,False,True,False,False,False,13,5,2,0,135
0,0,13.94,15.91,31,19.0012,True,False,False,False,True,False,False,False,14,5,2,0,120
0,0,13.94,15.15,29,27.9993,True,False,False,False,True,False,False,False,15,5,2,0,174
0,0,13.94,15.15,29,27.9993,True,False,False,False,True,False,False,False,16,5,2,0,145
0,0,13.12,14.395,31,35.0008,True,False,False,False,True,False,False,False,17,5,2,0,137
0,0,11.48,12.88,38,22.0028,True,False,False,False,True,False,False,False,18,5,2,0,64
0,0,11.48,13.635,38,11.0014,True,False,False,False,True,False,False,False,19,5,2,0,41
0,0,10.66,12.88,41,15.0013,True,False,False,False,True,False,False,False,20,5,2,0,40
0,0,10.66,15.15,41,0.0,True,False,False,False,True,False,False,False,21,5,2,0,51
0,0,9.84,12.88,44,6.0032,True,False,False,False,True,False,False,False,22,5,2,0,45
0,0,9.02,11.365,51,8.9981,True,False,False,False,True,False,False,False,23,5,2,0,32
0,0,8.2,11.365,64,7.0015,True,False,False,False,True,False,False,False,0,6,2,0,39
0,0,8.2,11.365,59,6.0032,True,False,False,False,True,False,False,False,1,6,2,0,24
0,0,8.2,11.365,75,6.0032,True,False,False,False,False,True,False,False,2,6,2,0,20
0,0,8.2,11.365,69,7.0015,True,False,False,False,False,True,False,False,3,6,2,0,12
0,0,8.2,10.605,69,11.0014,True,False,False,False,False,True,False,False,4,6,2,0,2
0,0,8.2,10.605,69,8.9981,True,False,False,False,False,True,False,False,6,6,2,0,5
0,0,9.02,13.635,55,0.0,True,False,False,False,False,True,False,False,7,6,2,0,3
0,0,9.02,11.365,64,12.998,True,False,False,False,False,True,False,False,8,6,2,0,12
0,0,9.84,11.365,60,15.0013,True,False,False,False,False,True,False,False,9,6,2,0,47
0,0,12.3,13.635,45,22.0028,True,False,False,False,True,False,False,False,10,6,2,0,105
0,0,13.12,14.395,39,30.0026,True,False,False,False,True,False,False,False,11,6,2,0,112
0,0,14.76,15.91,32,31.0009,True,False,False,False,True,False,False,False,12,6,2,0,152
0,0,15.58,19.695,29,23.9994,True,False,False,False,True,False,False,False,13,6,2,0,154
0,0,16.4,20.455,30,27.9993,True,False,False,False,False,True,False,False,14,6,2,0,161
0,0,16.4,20.455,30,19.9995,True,False,False,False,False,True,False,False,15,6,2,0,162
0,0,17.22,21.21,28,22.0028,True,False,False,False,False,True,False,False,16,6,2,0,134
0,0,17.22,21.21,28,22.0028,True,False,False,False,True,False,False,False,17,6,2,0,125
0,0,16.4,20.455,32,19.9995,True,False,False,False,True,False,False,False,18,6,2,0,95
0,0,16.4,20.455,35,19.0012,True,False,False,False,True,False,False,False,19,6,2,0,61
0,0,16.4,20.455,35,22.0028,True,False,False,False,True,False,False,False,20,6,2,0,47
0,0,16.4,20.455,35,23.9994,True,False,False,False,True,False,False,False,21,6,2,0,51
0,0,16.4,20.455,35,19.9995,True,False,False,False,True,False,False,False,22,6,2,0,36
0,0,16.4,20.455,35,23.9994,True,False,False,False,True,False,False,False,23,6,2,0,30
0,1,15.58,19.695,37,23.9994,True,False,False,False,True,False,False,False,0,0,2,0,11
0,1,15.58,19.695,37,23.9994,True,False,False,False,True,False,False,False,1,0,2,0,7
0,1,14.76,16.665,40,19.9995,True,False,False,False,True,False,False,False,2,0,2,0,2
0,1,13.94,15.91,46,15.0013,True,False,False,False,True,False,False,False,3,0,2,0,2
0,1,13.12,15.15,53,19.0012,True,False,False,False,True,False,False,False,4,0,2,0,2
0,1,13.12,15.15,53,19.0012,True,False,False,False,True,False,False,False,5,0,2,0,3
0,1,13.94,15.15,46,19.9995,True,False,False,False,True,False,False,False,6,0,2,0,26
0,1,13.94,15.15,46,19.9995,True,False,False,False,True,False,False,False,7,0,2,0,98
0,1,15.58,19.695,40,31.0009,True,False,False,False,True,False,False,False,8,0,2,0,256
0,1,16.4,20.455,37,26.0027,True,False,False,False,True,False,False,False,9,0,2,0,130
0,1,18.04,21.97,33,15.0013,True,False,False,False,True,False,False,False,10,0,2,0,55
0,1,21.32,25.0,23,16.9979,True,False,False,False,True,False,False,False,11,0,2,0,53
0,1,22.96,26.515,22,30.0026,True,False,False,False,True,False,False,False,12,0,2,0,126
0,1,23.78,27.275,19,26.0027,True,False,False,False,True,False,False,False,13,0,2,0,120
0,1,24.6,29.545,15,32.9975,True,False,False,False,True,False,False,False,14,0,2,0,90
0,1,22.96,26.515,21,43.9989,True,False,False,False,True,False,False,False,15,0,2,0,90
0,1,21.32,25.0,27,31.0009,True,False,False,False,True,False,False,False,16,0,2,0,118
0,1,18.86,22.725,33,40.9973,True,False,False,False,True,False,False,False,17,0,2,0,243
0,1,16.4,20.455,40,40.9973,True,False,False,False,True,False,False,False,18,0,2,0,205
0,1,15.58,19.695,43,32.9975,True,False,False,False,True,False,False,False,19,0,2,0,98
0,1,14.76,15.91,46,31.0009,True,False,False,False,True,False,False,False,20,0,2,0,70
0,1,14.76,15.91,50,35.0008,True,False,False,False,True,False,False,False,21,0,2,0,43
0,1,13.94,14.395,46,43.9989,True,False,False,False,True,False,False,False,22,0,2,0,45
0,1,13.12,14.395,49,32.9975,True,False,False,False,True,False,False,False,23,0,2,0,20
0,1,12.3,13.635,49,27.9993,True,False,False,False,True,False,False,False,0,1,2,0,19
0,1,12.3,12.12,42,51.9987,True,False,False,False,True,False,False,False,1,1,2,0,5
0,1,11.48,11.365,41,46.0022,True,False,False,False,True,False,False,False,2,1,2,0,3
0,1,9.02,9.09,37,35.0008,True,False,False,False,True,False,False,False,4,1,2,0,1
0,1,9.02,9.09,32,31.0009,True,False,False,False,True,False,False,False,5,1,2,0,4
0,1,8.2,9.09,32,22.0028,True,False,False,False,True,False,False,False,6,1,2,0,30
0,1,8.2,9.09,32,23.9994,True,False,False,False,True,False,False,False,7,1,2,0,105
0,1,8.2,9.09,32,23.9994,True,False,False,False,True,False,False,False,8,1,2,0,223
0,1,9.02,9.85,29,30.0026,True,False,False,False,True,False,False,False,9,1,2,0,110
0,1,9.84,10.605,27,19.0012,True,False,False,False,True,False,False,False,10,1,2,0,52
0,1,10.66,12.12,25,16.9979,True,False,False,False,True,False,False,False,11,1,2,0,57
0,1,11.48,13.635,24,16.9979,True,False,False,False,True,False,False,False,12,1,2,0,71
0,1,13.12,15.15,21,15.0013,True,False,False,False,True,False,False,False,13,1,2,0,82
0,1,13.94,15.91,19,15.0013,True,False,False,False,True,False,False,False,14,1,2,0,79
0,1,13.94,16.665,19,11.0014,True,False,False,False,True,False,False,False,15,1,2,0,85
0,1,13.94,15.91,19,16.9979,True,False,False,False,True,False,False,False,16,1,2,0,98
0,1,13.12,15.15,22,15.0013,True,False,False,False,True,False,False,False,17,1,2,0,206
0,1,12.3,15.15,22,8.9981,True,False,False,False,True,False,False,False,18,1,2,0,212
0,1,11.48,14.395,26,8.9981,True,False,False,False,True,False,False,False,19,1,2,0,145
0,1,10.66,13.635,33,7.0015,True,False,False,False,True,False,False,False,20,1,2,0,101
0,1,9.84,14.395,52,0.0,True,False,False,False,True,False,False,False,21,1,2,0,66
0,1,9.84,14.395,44,0.0,True,False,False,False,True,False,False,False,22,1,2,0,41
0,1,9.02,12.88,44,6.0032,True,False,False,False,False,True,False,False,23,1,2,0,20
0,1,9.02,12.88,41,6.0032,True,False,False,False,True,False,False,False,0,2,2,0,15
0,1,8.2,11.365,44,6.0032,True,False,False,False,True,False,False,False,1,2,2,0,9
0,1,8.2,9.85,47,12.998,True,False,False,False,False,True,False,False,3,2,2,0,1
0,1,8.2,9.85,51,12.998,True,False,False,False,True,False,False,False,4,2,2,0,1
0,1,8.2,9.85,47,12.998,True,False,False,False,True,False,False,False,5,2,2,0,5
0,1,8.2,9.85,55,15.0013,True,False,False,False,True,False,False,False,6,2,2,0,33
0,1,8.2,9.85,55,15.0013,True,False,False,False,False,True,False,False,7,2,2,0,108
0,1,9.02,11.365,55,11.0014,True,False,False,False,False,True,False,False,8,2,2,0,230
0,1,9.84,10.605,52,19.0012,True,False,False,False,True,False,False,False,9,2,2,0,124
0,1,10.66,11.365,41,26.0027,True,False,False,False,True,False,False,False,10,2,2,0,69
0,1,13.94,15.15,34,19.9995,True,False,False,False,True,False,False,False,11,2,2,0,66
0,1,15.58,19.695,32,22.0028,True,False,False,False,True,False,False,False,12,2,2,0,86
0,1,17.22,21.21,30,23.9994,True,False,False,False,True,False,False,False,13,2,2,0,93
0,1,18.86,22.725,28,27.9993,True,False,False,False,True,False,False,False,14,2,2,0,82
0,1,18.86,22.725,28,27.9993,True,False,False,False,True,False,False,False,15,2,2,0,117
0,1,18.86,22.725,31,26.0027,True,False,False,False,True,False,False,False,16,2,2,0,122
0,1,18.86,22.725,28,19.0012,True,False,False,False,True,False,False,False,17,2,2,0,255
0,1,16.4,20.455,40,15.0013,True,False,False,False,True,False,False,False,18,2,2,0,222
0,1,13.94,15.91,53,15.0013,True,False,False,False,True,False,False,False,19,2,2,0,161
0,1,15.58,19.695,43,12.998,True,False,False,False,True,False,False,False,20,2,2,0,118
0,1,14.76,17.425,46,12.998,True,False,False,False,True,False,False,False,21,2,2,0,92
0,1,13.94,16.665,53,12.998,True,False,False,False,True,False,False,False,22,2,2,0,73
0,1,15.58,19.695,40,15.0013,True,False,False,False,True,False,False,False,23,2,2,0,33
0,1,13.94,16.665,53,12.998,True,False,False,False,True,False,False,False,0,3,2,0,17
0,1,13.94,15.91,53,15.0013,True,False,False,False,True,False,False,False,1,3,2,0,6
0,1,13.94,15.91,53,15.0013,True,False,False,False,False,True,False,False,2,3,2,0,6
0,1,13.94,16.665,53,12.998,True,False,False,False,True,False,False,False,3,3,2,0,4
0,1,13.12,15.91,57,12.998,True,False,False,False,True,False,False,False,4,3,2,0,4
0,1,13.12,16.665,66,6.0032,True,False,False,False,True,False,False,False,5,3,2,0,12
0,1,12.3,15.15,70,8.9981,True,False,False,False,True,False,False,False,6,3,2,0,47
0,1,13.12,16.665,57,7.0015,True,False,False,False,True,False,False,False,7,3,2,0,126
0,1,13.12,16.665,57,6.0032,True,False,False,False,True,False,False,False,8,3,2,0,285
0,1,14.76,17.425,57,12.998,True,False,False,False,True,False,False,False,9,3,2,0,179
0,1,15.58,19.695,54,12.998,True,False,False,False,True,False,False,False,10,3,2,0,88
0,1,18.04,21.97,44,16.9979,True,False,False,False,False,True,False,False,11,3,2,0,90
0,1,19.68,23.485,41,15.0013,True,False,False,False,True,False,False,False,12,3,2,0,101
0,1,22.14,25.76,34,15.0013,True,False,False,False,True,False,False,False,13,3,2,0,123
0,1,24.6,31.06,31,15.0013,True,False,False,False,True,False,False,False,14,3,2,0,81
0,1,24.6,30.305,28,16.9979,True,False,False,False,True,False,False,False,15,3,2,0,106
0,1,22.96,26.515,35,19.9995,True,False,False,False,False,True,False,False,16,3,2,0,146
0,1,23.78,27.275,32,19.9995,True,False,False,False,False,True,False,False,17,3,2,0,274
0,1,22.14,25.76,42,19.0012,True,False,False,False,False,True,False,False,18,3,2,0,222
0,1,19.68,23.485,55,22.0028,True,False,False,False,True,False,False,False,19,3,2,0,175
0,1,19.68,23.485,59,22.0028,True,False,False,False,True,False,False,False,20,3,2,0,139
0,1,21.32,25.0,55,26.0027,True,False,False,False,True,False,False,False,21,3,2,0,124
0,1,20.5,24.24,59,19.0012,True,False,False,False,True,False,False,False,22,3,2,0,76
0,1,18.86,22.725,67,19.9995,True,False,False,False,True,False,False,False,23,3,2,0,44
0,1,18.04,21.97,72,19.0012,True,False,False,False,True,False,False,False,0,4,2,0,32
0,1,18.04,21.97,72,15.0013,True,False,False,False,True,False,False,False,1,4,2,0,8
0,1,18.04,21.97,72,19.0012,True,False,False,False,True,False,False,False,2,4,2,0,7
0,1,18.86,22.725,67,16.9979,True,False,False,False,True,False,False,False,3,4,2,0,8
0,1,18.86,22.725,67,16.9979,True,False,False,False,True,False,False,False,4,4,2,0,1
0,1,18.86,22.725,67,7.0015,True,False,False,False,False,True,False,False,5,4,2,0,7
0,1,18.04,21.97,72,11.0014,True,False,False,False,False,True,False,False,6,4,2,0,50
0,1,17.22,21.21,77,15.0013,True,False,False,False,False,True,False,False,7,4,2,0,116
0,1,17.22,21.21,77,12.998,True,False,False,False,False,True,False,False,8,4,2,0,272
0,1,17.22,21.21,77,12.998,True,False,False,False,False,True,False,False,9,4,2,0,169
0,1,18.04,21.97,72,15.0013,True,False,False,False,False,True,False,False,10,4,2,0,95
0,1,18.04,21.97,72,11.0014,True,False,False,False,True,False,False,False,11,4,2,0,113
0,1,20.5,24.24,59,12.998,True,False,False,False,True,False,False,False,12,4,2,0,185
0,1,24.6,31.06,43,12.998,True,False,False,False,True,False,False,False,13,4,2,0,176
0,1,27.06,31.06,36,19.9995,True,False,False,False,True,False,False,False,14,4,2,0,191
0,1,27.06,31.06,36,22.0028,True,False,False,False,True,False,False,False,15,4,2,0,172
0,1,27.06,31.06,36,19.0012,True,False,False,False,True,False,False,False,16,4,2,0,232
0,1,27.06,31.06,34,23.9994,True,False,False,False,True,False,False,False,17,4,2,0,327
0,1,26.24,31.06,33,22.0028,True,False,False,False,True,False,False,False,18,4,2,0,224
0,1,25.42,31.06,29,39.0007,True,False,False,False,True,False,False,False,19,4,2,0,162
0,1,24.6,31.06,31,12.998,True,False,False,False,True,False,False,False,20,4,2,0,124
0,1,23.78,27.275,21,32.9975,True,False,False,False,True,False,False,False,21,4,2,0,72
0,1,22.14,25.76,10,16.9979,True,False,False,False,True,False,False,False,22,4,2,0,107
0,1,21.32,25.0,8,19.0012,True,False,False,False,True,False,False,False,23,4,2,0,77
0,0,19.68,23.485,12,32.9975,True,False,False,False,True,False,False,False,0,5,2,0,29
0,0,18.86,22.725,14,27.9993,True,False,False,False,True,False,False,False,1,5,2,0,31
0,0,18.04,21.97,13,26.0027,True,False,False,False,True,False,False,False,2,5,2,0,17
0,0,17.22,21.21,14,19.9995,True,False,False,False,True,False,False,False,3,5,2,0,7
0,0,16.4,20.455,15,22.0028,True,False,False,False,True,False,False,False,4,5,2,0,3
0,0,16.4,20.455,15,22.0028,True,False,False,False,True,False,False,False,5,5,2,0,3
0,0,16.4,20.455,17,27.9993,True,False,False,False,True,False,False,False,6,5,2,0,6
0,0,15.58,19.695,17,35.0008,True,False,False,False,True,False,False,False,7,5,2,0,22
0,0,15.58,19.695,17,39.0007,True,False,False,False,True,False,False,False,8,5,2,0,45
0,0,16.4,20.455,16,43.9989,True,False,False,False,True,False,False,False,9,5,2,0,55
0,0,17.22,21.21,16,39.0007,True,False,False,False,True,False,False,False,10,5,2,0,106
0,0,18.04,21.97,16,39.0007,True,False,False,False,True,False,False,False,11,5,2,0,123
0,0,18.04,21.97,18,32.9975,True,False,False,False,True,False,False,False,12,5,2,0,119
0,0,18.04,21.97,16,40.9973,True,False,False,False,True,False,False,False,13,5,2,0,155
0,0,18.86,22.725,15,43.9989,True,False,False,False,True,False,False,False,14,5,2,0,196
0,0,18.04,21.97,16,50.0021,True,False,False,False,True,False,False,False,15,5,2,0,171
0,0,18.04,21.97,16,43.0006,True,False,False,False,True,False,False,False,16,5,2,0,120
0,0,17.22,21.21,19,40.9973,True,False,False,False,True,False,False,False,17,5,2,0,127
0,0,14.76,15.91,25,30.0026,True,False,False,False,True,False,False,False,18,5,2,0,88
0,0,13.94,15.15,29,23.9994,True,False,False,False,True,False,False,False,19,5,2,0,59
0,0,13.12,14.395,28,35.0008,True,False,False,False,True,False,False,False,20,5,2,0,47
0,0,13.12,13.635,26,36.9974,True,False,False,False,True,False,False,False,21,5,2,0,33
0,0,12.3,12.88,28,32.9975,True,False,False,False,True,False,False,False,22,5,2,0,44
0,0,11.48,12.12,33,30.0026,True,False,False,False,True,False,False,False,23,5,2,0,29
0,1,12.3,13.635,70,31.0009,True,False,False,False,True,False,False,False,0,1,3,0,7
0,1,10.66,11.365,70,23.9994,True,False,False,False,True,False,False,False,1,1,3,0,3
0,1,9.84,10.605,65,26.0027,True,False,False,False,True,False,False,False,2,1,3,0,4
0,1,9.02,10.605,69,19.0012,True,False,False,False,True,False,False,False,3,1,3,0,2
0,1,9.02,10.605,69,16.9979,True,False,False,False,True,False,False,False,4,1,3,0,1
0,1,8.2,9.09,64,19.0012,True,False,False,False,True,False,False,False,5,1,3,0,2
0,1,8.2,9.09,59,19.9995,True,False,False,False,True,False,False,False,6,1,3,0,46
0,1,8.2,9.09,59,22.0028,True,False,False,False,True,False,False,False,7,1,3,0,107
0,1,8.2,9.09,59,26.0027,True,False,False,False,True,False,False,False,8,1,3,0,214
0,1,9.02,9.85,55,27.9993,True,False,False,False,True,False,False,False,9,1,3,0,124
0,1,9.84,10.605,52,19.0012,True,False,False,False,True,False,False,False,10,1,3,0,68
0,1,11.48,13.635,45,16.9979,True,False,False,False,True,False,False,False,11,1,3,0,56
0,1,12.3,15.15,39,8.9981,True,False,False,False,True,False,False,False,12,1,3,0,86
0,1,13.12,17.425,39,0.0,True,False,False,False,True,False,False,False,13,1,3,0,78
0,1,13.12,16.665,36,8.9981,True,False,False,False,True,False,False,False,14,1,3,0,79
0,1,13.94,18.18,34,0.0,True,False,False,False,True,False,False,False,15,1,3,0,64
0,1,13.94,17.425,34,6.0032,True,False,False,False,True,False,False,False,16,1,3,0,102
0,1,13.94,17.425,34,6.0032,True,False,False,False,True,False,False,False,17,1,3,0,242
0,1,13.12,15.91,39,12.998,True,False,False,False,True,False,False,False,18,1,3,0,224
0,1,12.3,15.15,49,8.9981,True,False,False,False,True,False,False,False,19,1,3,0,119
0,1,12.3,15.91,61,6.0032,True,False,False,False,True,False,False,False,20,1,3,0,88
0,1,10.66,15.15,56,0.0,True,False,False,False,True,False,False,False,21,1,3,0,63
0,1,9.84,13.635,62,7.0015,True,False,False,False,True,False,False,False,22,1,3,0,47
0,1,9.84,11.365,65,15.0013,True,False,False,False,True,False,False,False,23,1,3,0,25
0,1,9.02,11.365,69,11.0014,True,False,False,False,True,False,False,False,0,2,3,0,8
0,1,9.02,11.365,69,12.998,True,False,False,False,True,False,False,False,1,2,3,0,4
0,1,9.02,11.365,69,12.998,True,False,False,False,True,False,False,False,2,2,3,0,2
0,1,9.02,10.605,69,19.0012,True,False,False,False,True,False,False,False,3,2,3,0,4
0,1,8.2,10.605,75,8.9981,True,False,False,False,True,False,False,False,4,2,3,0,1
0,1,9.02,10.605,69,15.0013,True,False,False,False,True,False,False,False,5,2,3,0,5
0,1,9.02,10.605,55,16.9979,True,False,False,False,True,False,False,False,6,2,3,0,40
0,1,9.02,10.605,64,16.9979,True,False,False,False,True,False,False,False,7,2,3,0,110
0,1,9.84,10.605,65,19.0012,True,False,False,False,True,False,False,False,8,2,3,0,256
0,1,11.48,12.88,56,19.9995,True,False,False,False,True,False,False,False,9,2,3,0,148
0,1,13.12,15.15,49,19.0012,True,False,False,False,True,False,False,False,10,2,3,0,76
0,1,13.94,15.15,53,22.0028,True,False,False,False,True,False,False,False,11,2,3,0,73
0,1,16.4,20.455,43,12.998,True,False,False,False,True,False,False,False,12,2,3,0,82
0,1,20.5,24.24,25,0.0,True,False,False,False,True,False,False,False,13,2,3,0,125
0,1,21.32,25.0,23,19.9995,True,False,False,False,True,False,False,False,14,2,3,0,96
0,1,22.14,25.76,19,27.9993,True,False,False,False,True,False,False,False,15,2,3,0,110
0,1,22.14,25.76,19,22.0028,True,False,False,False,True,False,False,False,16,2,3,0,139
0,1,20.5,24.24,23,19.0012,True,False,False,False,True,False,False,False,17,2,3,0,268
0,1,18.86,22.725,23,32.9975,True,False,False,False,True,False,False,False,18,2,3,0,201
0,1,16.4,20.455,28,35.0008,True,False,False,False,True,False,False,False,19,2,3,0,150
0,1,14.76,16.665,29,27.9993,True,False,False,False,True,False,False,False,20,2,3,0,95
0,1,13.94,14.395,29,31.0009,True,False,False,False,True,False,False,False,21,2,3,0,71
0,1,12.3,12.88,26,36.9974,True,False,False,False,True,False,False,False,22,2,3,0,48
0,1,10.66,10.605,30,35.0008,True,False,False,False,True,False,False,False,23,2,3,0,22
0,1,9.84,9.85,30,31.0009,True,False,False,False,True,False,False,False,0,3,3,0,13
0,1,9.84,9.85,30,31.0009,True,False,False,False,True,False,False,False,1,3,3,0,1
0,1,8.2,8.335,27,31.0009,True,False,False,False,True,False,False,False,2,3,3,0,3
0,1,8.2,8.335,27,31.0009,True,False,False,False,True,False,False,False,3,3,3,0,1
0,1,6.56,6.06,31,32.9975,True,False,False,False,True,False,False,False,4,3,3,0,1
0,1,5.74,6.06,33,19.9995,True,False,False,False,True,False,False,False,5,3,3,0,8
0,1,5.74,6.06,33,19.9995,True,False,False,False,True,False,False,False,6,3,3,0,35
0,1,4.92,4.545,42,27.9993,True,False,False,False,True,False,False,False,7,3,3,0,111
0,1,5.74,6.06,39,19.9995,True,False,False,False,True,False,False,False,8,3,3,0,220
0,1,6.56,6.82,37,19.0012,True,False,False,False,True,False,False,False,9,3,3,0,145
0,1,7.38,9.09,29,12.998,True,False,False,False,True,False,False,False,10,3,3,0,56
0,1,8.2,11.365,29,6.0032,True,False,False,False,True,False,False,False,11,3,3,0,50
0,1,9.02,11.365,25,8.9981,True,False,False,False,True,False,False,False,12,3,3,0,72
0,1,9.02,12.88,25,6.0032,True,False,False,False,True,False,False,False,13,3,3,0,80
0,1,9.84,12.88,21,7.0015,True,False,False,False,True,False,False,False,14,3,3,0,78
0,1,9.84,14.395,23,0.0,True,False,False,False,True,False,False,False,15,3,3,0,68
0,1,10.66,15.15,23,0.0,True,False,False,False,True,False,False,False,16,3,3,0,71
0,1,10.66,15.15,22,0.0,True,False,False,False,True,False,False,False,17,3,3,0,202
0,1,9.84,10.605,35,22.0028,True,False,False,False,True,False,False,False,18,3,3,0,167
0,1,8.2,9.85,40,16.9979,True,False,False,False,True,False,False,False,19,3,3,0,106
0,1,8.2,11.365,40,6.0032,True,False,False,False,True,False,False,False,20,3,3,0,70
0,1,7.38,10.605,40,7.0015,True,False,False,False,True,False,False,False,21,3,3,0,51
0,1,8.2,12.88,40,0.0,True,False,False,False,True,False,False,False,22,3,3,0,53
0,1,7.38,10.605,43,6.0032,True,False,False,False,False,True,False,False,23,3,3,0,23
0,1,8.2,9.85,55,12.998,True,False,False,False,False,True,False,False,0,4,3,0,12
0,1,7.38,9.09,64,12.998,True,False,False,False,False,True,False,False,1,4,3,0,4
0,1,7.38,9.09,64,12.998,True,False,False,False,False,True,False,False,2,4,3,0,2
0,1,7.38,8.335,74,16.9979,True,False,False,False,False,True,False,False,3,4,3,0,1
0,1,7.38,9.09,74,12.998,True,False,False,False,False,True,False,False,4,4,3,0,1
0,1,6.56,9.09,74,8.9981,True,False,False,False,False,True,False,False,5,4,3,0,7
0,1,6.56,9.85,74,6.0032,True,False,False,False,False,True,False,False,6,4,3,0,29
0,1,6.56,9.09,80,8.9981,True,False,False,False,True,False,False,False,7,4,3,0,83
0,1,7.38,9.85,74,8.9981,True,False,False,False,True,False,False,False,8,4,3,0,228
0,1,9.02,11.365,60,8.9981,True,False,False,False,True,False,False,False,9,4,3,0,150
0,1,9.84,11.365,60,16.9979,True,False,False,False,True,False,False,False,10,4,3,0,66
0,1,11.48,13.635,52,15.0013,True,False,False,False,True,False,False,False,11,4,3,0,89
0,1,13.12,15.15,43,11.0014,True,False,False,False,True,False,False,False,12,4,3,0,97
0,1,13.94,15.91,42,15.0013,True,False,False,False,True,False,False,False,13,4,3,0,87
0,1,14.76,16.665,40,19.0012,True,False,False,False,True,False,False,False,14,4,3,0,95
0,1,14.76,16.665,40,19.9995,True,False,False,False,True,False,False,False,15,4,3,0,106
0,1,14.76,17.425,46,12.998,True,False,False,False,True,False,False,False,16,4,3,0,118
0,1,14.76,16.665,50,16.9979,True,False,False,False,False,True,False,False,17,4,3,0,228
0,1,13.94,15.15,53,19.9995,True,False,False,False,False,True,False,False,18,4,3,0,187
0,1,13.12,15.15,61,16.9979,True,False,False,False,True,False,False,False,19,4,3,0,107
0,1,12.3,14.395,70,12.998,True,False,False,False,False,True,False,False,20,4,3,0,87
0,1,12.3,14.395,70,15.0013,True,False,False,False,False,True,False,False,21,4,3,0,70
0,1,12.3,14.395,70,12.998,True,False,False,False,True,False,False,False,22,4,3,0,44
0,1,12.3,15.15,75,11.0014,True,False,False,False,False,True,False,False,23,4,3,0,46
0,0,11.48,14.395,81,7.0015,True,False,False,False,False,True,False,False,0,5,3,0,19
0,0,12.3,15.91,81,7.0015,True,False,False,False,False,True,False,False,1,5,3,0,25
0,0,12.3,14.395,87,12.998,True,False,False,False,False,True,False,False,2,5,3,0,20
0,0,12.3,14.395,87,12.998,True,False,False,False,False,True,False,False,3,5,3,0,2
0,0,12.3,15.15,93,11.0014,True,False,False,False,False,True,False,False,4,5,3,0,1
0,0,12.3,15.15,100,8.9981,True,False,False,False,False,True,False,False,5,5,3,0,3
0,0,12.3,14.395,100,15.0013,True,False,False,False,False,True,False,False,6,5,3,0,4
0,0,12.3,13.635,100,19.9995,True,False,False,False,False,True,False,False,7,5,3,0,15
0,0,12.3,13.635,100,19.9995,True,False,False,False,False,True,False,False,8,5,3,0,45
0,0,13.12,15.15,93,15.0013,True,False,False,False,False,True,False,False,9,5,3,0,63
0,0,13.94,16.665,93,12.998,True,False,False,False,False,True,False,False,10,5,3,0,103
0,0,16.4,20.455,76,15.0013,True,False,False,False,False,True,False,False,11,5,3,0,159
0,0,18.04,21.97,67,16.9979,True,False,False,False,False,True,False,False,12,5,3,0,167
0,0,18.86,22.725,67,19.0012,True,False,False,False,False,True,False,False,13,5,3,0,190
0,0,19.68,23.485,59,19.0012,True,False,False,False,False,True,False,False,14,5,3,0,198
0,0,18.86,22.725,63,19.9995,True,False,False,False,False,True,False,False,15,5,3,0,205
0,0,19.68,23.485,59,19.9995,True,False,False,False,False,True,False,False,16,5,3,0,204
0,0,19.68,23.485,59,23.9994,True,False,False,False,False,True,False,False,17,5,3,0,164
0,0,19.68,23.485,59,22.0028,True,False,False,False,False,True,False,False,18,5,3,0,152
0,0,18.86,22.725,67,22.0028,True,False,False,False,False,True,False,False,19,5,3,0,89
0,0,18.04,21.97,77,22.0028,True,False,False,False,False,True,False,False,20,5,3,0,70
0,0,18.04,21.97,72,22.0028,True,False,False,False,False,True,False,False,21,5,3,0,72
0,0,17.22,21.21,77,19.9995,True,False,False,False,False,True,False,False,22,5,3,0,63
0,0,18.04,21.97,77,19.9995,True,False,False,False,False,True,False,False,23,5,3,0,44
0,0,17.22,21.21,77,23.9994,True,False,False,False,False,True,False,False,0,6,3,0,52
0,0,17.22,21.21,77,19.0012,True,False,False,False,False,True,False,False,1,6,3,0,39
0,0,16.4,20.455,82,19.0012,True,False,False,False,False,True,False,False,2,6,3,0,32
0,0,17.22,21.21,82,19.9995,True,False,False,False,False,True,False,False,3,6,3,0,11
0,0,17.22,21.21,88,23.9994,True,False,False,False,False,True,False,False,4,6,3,0,3
0,0,17.22,21.21,94,23.9994,True,False,False,False,False,True,False,False,6,6,3,0,2
0,0,17.22,21.21,100,30.0026,True,False,False,False,False,False,True,False,7,6,3,0,5
0,0,16.4,20.455,100,19.9995,True,False,False,False,False,True,False,False,8,6,3,0,9
0,0,17.22,21.21,100,19.0012,True,False,False,False,False,True,False,False,9,6,3,0,22
0,0,17.22,21.21,100,19.9995,True,False,False,False,False,True,False,False,10,6,3,0,31
0,0,17.22,21.21,100,15.0013,True,False,False,False,False,True,False,False,11,6,3,0,62
0,0,18.86,22.725,94,22.0028,True,False,False,False,False,True,False,False,12,6,3,0,79
0,0,18.86,22.725,94,23.9994,True,False,False,False,False,True,False,False,13,6,3,0,105
0,0,18.04,21.97,100,15.0013,True,False,False,False,False,False,True,False,14,6,3,0,39
0,0,18.04,21.97,100,15.0013,True,False,False,False,False,False,True,False,15,6,3,0,7
0,0,14.76,16.665,100,19.0012,True,False,False,False,False,False,True,False,16,6,3,0,11
0,0,13.94,15.15,100,19.9995,True,False,False,False,False,False,True,False,17,6,3,0,25
0,0,13.12,14.395,100,23.9994,True,False,False,False,False,False,True,False,18,6,3,0,23
0,0,12.3,12.88,100,32.9975,True,False,False,False,False,False,True,False,19,6,3,0,11
0,0,11.48,12.12,100,27.9993,True,False,False,False,False,False,True,False,20,6,3,0,11
0,0,9.84,9.09,93,40.9973,True,False,False,False,False,False,True,False,21,6,3,0,7
0,0,9.02,9.85,100,26.0027,True,False,False,False,False,True,False,False,22,6,3,0,10
0,0,9.02,9.85,100,27.9993,True,False,False,False,False,True,False,False,23,6,3,0,9
0,1,8.2,9.09,100,22.0028,True,False,False,False,False,False,True,False,0,0,3,0,4
0,1,8.2,9.09,100,22.0028,True,False,False,False,False,False,True,False,1,0,3,0,2
0,1,8.2,7.575,80,39.0007,True,False,False,False,True,False,False,False,3,0,3,0,1
0,1,8.2,7.575,80,35.0008,True,False,False,False,True,False,False,False,4,0,3,0,1
0,1,8.2,9.09,75,23.9994,True,False,False,False,True,False,False,False,5,0,3,0,1
0,1,8.2,9.09,75,26.0027,True,False,False,False,True,False,False,False,6,0,3,0,34
0,1,8.2,8.335,75,27.9993,True,False,False,False,True,False,False,False,7,0,3,0,91
0,1,8.2,9.09,75,26.0027,True,False,False,False,True,False,False,False,8,0,3,0,211
0,1,9.02,9.09,64,31.0009,True,False,False,False,True,False,False,False,9,0,3,0,134
0,1,9.84,10.605,60,19.9995,True,False,False,False,True,False,False,False,10,0,3,0,58
0,1,10.66,10.605,48,30.0026,True,False,False,False,True,False,False,False,11,0,3,0,60
0,1,12.3,13.635,42,27.9993,True,False,False,False,True,False,False,False,12,0,3,0,96
0,1,13.12,14.395,36,26.0027,True,False,False,False,True,False,False,False,13,0,3,0,70
0,1,13.12,14.395,36,27.9993,True,False,False,False,True,False,False,False,14,0,3,0,77
0,1,13.94,15.15,31,26.0027,True,False,False,False,True,False,False,False,15,0,3,0,96
0,1,13.94,15.15,31,23.9994,True,False,False,False,True,False,False,False,16,0,3,0,122
0,1,13.94,15.15,29,23.9994,True,False,False,False,True,False,False,False,17,0,3,0,233
0,1,13.12,15.15,31,15.0013,True,False,False,False,True,False,False,False,18,0,3,0,233
0,1,12.3,14.395,33,15.0013,True,False,False,False,True,False,False,False,19,0,3,0,145
0,1,12.3,15.15,33,11.0014,True,False,False,False,True,False,False,False,20,0,3,0,92
0,1,11.48,13.635,38,15.0013,True,False,False,False,True,False,False,False,21,0,3,0,54
0,1,10.66,12.88,48,11.0014,True,False,False,False,True,False,False,False,22,0,3,0,35
0,1,11.48,15.91,48,0.0,True,False,False,False,True,False,False,False,23,0,3,0,22
0,1,10.66,14.395,48,6.0032,True,False,False,False,True,False,False,False,0,1,3,0,10
0,1,9.84,12.12,52,8.9981,True,False,False,False,True,False,False,False,1,1,3,0,4
0,1,9.84,12.12,52,8.9981,True,False,False,False,True,False,False,False,2,1,3,0,1
0,1,9.84,12.88,52,6.0032,True,False,False,False,True,False,False,False,3,1,3,0,7
0,1,9.02,13.635,64,0.0,True,False,False,False,True,False,False,False,4,1,3,0,2
0,1,8.2,11.365,69,7.0015,True,False,False,False,True,False,False,False,5,1,3,0,10
0,1,8.2,12.88,59,0.0,True,False,False,False,True,False,False,False,6,1,3,0,45
0,1,7.38,9.85,64,8.9981,True,False,False,False,True,False,False,False,7,1,3,0,128
0,1,9.02,11.365,55,12.998,True,False,False,False,True,False,False,False,8,1,3,0,257
0,1,10.66,12.88,41,11.0014,True,False,False,False,True,False,False,False,9,1,3,0,151
0,1,12.3,14.395,33,12.998,True,False,False,False,False,True,False,False,10,1,3,0,71
0,1,14.76,17.425,25,11.0014,True,False,False,False,False,True,False,False,11,1,3,0,78
0,1,14.76,18.94,23,0.0,True,False,False,False,False,True,False,False,12,1,3,0,99
0,1,15.58,19.695,25,7.0015,True,False,False,False,False,True,False,False,13,1,3,0,98
0,1,15.58,19.695,20,0.0,True,False,False,False,False,True,False,False,14,1,3,0,72
0,1,14.76,18.94,18,0.0,True,False,False,False,False,True,False,False,15,1,3,0,112
0,1,15.58,19.695,27,11.0014,True,False,False,False,True,False,False,False,16,1,3,0,108
0,1,14.76,17.425,27,15.0013,True,False,False,False,True,False,False,False,17,1,3,0,248
0,1,13.94,16.665,27,12.998,True,False,False,False,True,False,False,False,18,1,3,0,235
0,1,13.94,17.425,31,7.0015,True,False,False,False,True,False,False,False,19,1,3,0,150
0,1,13.12,16.665,39,6.0032,True,False,False,False,True,False,False,False,20,1,3,0,76
0,1,12.3,14.395,49,12.998,True,False,False,False,True,False,False,False,21,1,3,0,75
0,1,12.3,14.395,49,15.0013,True,False,False,False,True,False,False,False,22,1,3,0,55
0,1,11.48,13.635,61,12.998,True,False,False,False,True,False,False,False,23,1,3,0,41
0,1,10.66,14.395,65,6.0032,True,False,False,False,True,False,False,False,0,2,3,0,9
0,1,10.66,13.635,52,8.9981,True,False,False,False,True,False,False,False,1,2,3,0,4
0,1,10.66,13.635,52,8.9981,True,False,False,False,True,False,False,False,2,2,3,0,2
0,1,9.84,12.88,70,6.0032,True,False,False,False,True,False,False,False,3,2,3,0,3
0,1,9.84,12.88,75,7.0015,True,False,False,False,True,False,False,False,4,2,3,0,2
0,1,9.84,12.12,81,8.9981,True,False,False,False,False,True,False,False,5,2,3,0,8
0,1,9.84,12.88,85,7.0015,True,False,False,False,False,True,False,False,6,2,3,0,49
0,1,9.84,12.12,87,11.0014,True,False,False,False,False,True,False,False,7,2,3,0,141
0,1,9.84,12.12,87,8.9981,True,False,False,False,False,True,False,False,8,2,3,0,249
0,1,10.66,12.12,87,16.9979,True,False,False,False,False,True,False,False,9,2,3,0,141
0,1,12.3,14.395,75,16.9979,True,False,False,False,False,True,False,False,10,2,3,0,57
0,1,13.12,14.395,76,26.0027,True,False,False,False,False,True,False,False,11,2,3,0,59
0,1,13.12,15.15,76,16.9979,True,False,False,False,False,True,False,False,12,2,3,0,98
0,1,13.12,14.395,76,23.9994,True,False,False,False,False,True,False,False,13,2,3,0,99
0,1,13.94,15.15,76,19.9995,True,False,False,False,False,True,False,False,14,2,3,0,71
0,1,14.76,16.665,71,19.9995,True,False,False,False,False,True,False,False,15,2,3,0,79
0,1,13.94,15.15,76,22.0028,True,False,False,False,False,True,False,False,16,2,3,0,112
0,1,13.94,15.15,76,19.9995,True,False,False,False,False,True,False,False,17,2,3,0,194
0,1,13.94,15.91,76,16.9979,True,False,False,False,False,True,False,False,18,2,3,0,188
0,1,13.94,15.15,76,22.0028,True,False,False,False,False,True,False,False,19,2,3,0,134
0,1,13.12,15.91,87,12.998,True,False,False,False,False,True,False,False,20,2,3,0,91
0,1,13.12,15.15,93,22.0028,True,False,False,False,False,True,False,False,21,2,3,0,62
0,1,13.12,15.91,93,11.0014,True,False,False,False,False,False,True,False,22,2,3,0,21
0,1,13.94,16.665,93,12.998,True,False,False,False,False,False,True,False,23,2,3,0,18
0,1,13.94,15.91,0,16.9979,True,False,False,False,False,False,True,False,0,3,3,0,3
0,1,13.94,15.91,0,16.9979,True,False,False,False,False,False,True,False,1,3,3,0,2
0,1,13.94,15.91,0,16.9979,True,False,False,False,False,False,True,False,2,3,3,0,1
0,1,14.76,17.425,0,12.998,True,False,False,False,False,False,True,False,5,3,3,0,3
0,1,14.76,16.665,0,22.0028,True,False,False,False,False,False,True,False,6,3,3,0,12
0,1,15.58,19.695,0,15.0013,True,False,False,False,False,False,True,False,7,3,3,0,37
0,1,15.58,19.695,0,19.0012,True,False,False,False,False,False,True,False,8,3,3,0,44
0,1,16.4,20.455,0,15.0013,True,False,False,False,False,False,True,False,9,3,3,0,24
0,1,16.4,20.455,0,11.0014,True,False,False,False,False,False,True,False,10,3,3,0,17
0,1,16.4,20.455,0,16.9979,True,False,False,False,False,False,True,False,11,3,3,0,11
0,1,17.22,21.21,0,15.0013,True,False,False,False,False,False,True,False,12,3,3,0,34
0,1,17.22,21.21,0,15.0013,True,False,False,False,False,False,True,False,13,3,3,0,12
0,1,18.04,21.97,0,19.9995,True,False,False,False,False,False,True,False,14,3,3,0,12
0,1,18.04,21.97,0,15.0013,True,False,False,False,False,False,True,False,15,3,3,0,14
0,1,17.22,21.21,0,16.9979,True,False,False,False,False,False,True,False,16,3,3,0,21
0,1,18.04,21.97,0,26.0027,True,False,False,False,False,True,False,False,17,3,3,0,111
0,1,18.04,21.97,0,23.9994,True,False,False,False,False,False,True,False,18,3,3,0,82
0,1,18.04,21.97,0,39.0007,True,False,False,False,False,False,True,False,19,3,3,0,56
0,1,14.76,16.665,0,22.0028,True,False,False,False,False,False,True,False,20,3,3,0,38
0,1,14.76,17.425,0,15.0013,True,False,False,False,False,False,True,False,21,3,3,0,28
0,1,13.94,16.665,0,8.9981,True,False,False,False,False,True,False,False,22,3,3,0,34
0,1,13.94,17.425,0,6.0032,True,False,False,False,False,False,True,False,23,3,3,0,27
0,1,13.94,17.425,100,6.0032,True,False,False,False,False,True,False,False,0,4,3,0,6
0,1,13.94,17.425,100,7.0015,True,False,False,False,False,False,True,False,1,4,3,0,8
0,1,13.94,17.425,100,7.0015,True,False,False,False,False,False,True,False,2,4,3,0,5
0,1,13.12,16.665,93,6.0032,True,False,False,False,False,True,False,False,3,4,3,0,2
0,1,12.3,14.395,81,15.0013,True,False,False,False,True,False,False,False,5,4,3,0,7
0,1,10.66,12.12,81,19.0012,True,False,False,False,True,False,False,False,6,4,3,0,32
0,1,10.66,12.88,70,12.998,True,False,False,False,True,False,False,False,7,4,3,0,114
0,1,11.48,13.635,70,16.9979,True,False,False,False,True,False,False,False,8,4,3,0,259
0,1,12.3,14.395,61,19.0012,True,False,False,False,False,True,False,False,9,4,3,0,156
0,1,13.12,15.15,57,19.9995,True,False,False,False,False,True,False,False,10,4,3,0,78
0,1,13.12,15.15,57,19.9995,True,False,False,False,False,True,False,False,11,4,3,0,81
0,1,13.94,15.91,53,16.9979,True,False,False,False,False,True,False,False,12,4,3,0,111
0,1,14.76,16.665,53,16.9979,True,False,False,False,True,False,False,False,13,4,3,0,107
0,1,14.76,16.665,50,23.9994,True,False,False,False,False,True,False,False,14,4,3,0,89
0,1,13.94,15.91,53,16.9979,True,False,False,False,False,True,False,False,15,4,3,0,85
0,1,13.94,15.15,49,19.9995,True,False,False,False,False,True,False,False,16,4,3,0,113
0,1,13.94,15.91,49,15.0013,True,False,False,False,True,False,False,False,17,4,3,0,223
0,1,13.12,15.15,49,22.0028,True,False,False,False,True,False,False,False,18,4,3,0,153
0,1,12.3,13.635,56,22.0028,True,False,False,False,True,False,False,False,19,4,3,0,118
0,1,12.3,15.15,56,11.0014,True,False,False,False,True,False,False,False,20,4,3,0,76
0,1,12.3,14.395,52,16.9979,True,False,False,False,False,True,False,False,21,4,3,0,53
0,1,12.3,15.15,52,11.0014,True,False,False,False,True,False,False,False,22,4,3,0,64
0,1,12.3,14.395,52,16.9979,True,False,False,False,True,False,False,False,23,4,3,0,37
0,0,10.66,13.635,60,8.9981,True,False,False,False,True,False,False,False,0,5,3,0,34
0,0,9.84,11.365,65,12.998,True,False,False,False,True,False,False,False,1,5,3,0,18
0,0,9.84,11.365,65,12.998,True,False,False,False,True,False,False,False,2,5,3,0,14
0,0,9.84,11.365,65,16.9979,True,False,False,False,True,False,False,False,3,5,3,0,7
0,0,9.84,11.365,65,16.9979,True,False,False,False,True,False,False,False,4,5,3,0,1
0,0,9.02,11.365,69,12.998,True,False,False,False,True,False,False,False,5,5,3,0,2
0,0,9.02,10.605,75,16.9979,True,False,False,False,True,False,False,False,6,5,3,0,4
0,0,9.84,11.365,70,12.998,True,False,False,False,True,False,False,False,7,5,3,0,23
0,0,10.66,12.88,65,11.0014,True,False,False,False,True,False,False,False,8,5,3,0,53
0,0,11.48,14.395,65,7.0015,True,False,False,False,True,False,False,False,9,5,3,0,101
0,0,13.12,15.15,66,15.0013,True,False,False,False,True,False,False,False,10,5,3,0,99
0,0,13.94,15.15,49,22.0028,True,False,False,False,True,False,False,False,11,5,3,0,119
0,0,13.94,15.91,53,19.0012,True,False,False,False,True,False,False,False,12,5,3,0,158
0,0,14.76,16.665,51,23.9994,True,False,False,False,True,False,False,False,13,5,3,0,157
0,0,16.4,20.455,50,30.0026,True,False,False,False,True,False,False,False,14,5,3,0,166
0,0,17.22,21.21,44,32.9975,True,False,False,False,True,False,False,False,15,5,3,0,182
0,0,18.86,22.725,41,30.0026,True,False,False,False,True,False,False,False,16,5,3,0,244
0,0,18.86,22.725,44,22.0028,True,False,False,False,True,False,False,False,17,5,3,0,213
0,0,17.22,21.21,54,11.0014,True,False,False,False,True,False,False,False,18,5,3,0,145
0,0,17.22,21.21,54,6.0032,True,False,False,False,True,False,False,False,19,5,3,0,112
0,0,16.4,20.455,58,7.0015,True,False,False,False,True,False,False,False,20,5,3,0,86
0,0,15.58,19.695,62,0.0,True,False,False,False,True,False,False,False,21,5,3,0,82
0,0,14.76,18.94,71,0.0,True,False,False,False,True,False,False,False,22,5,3,0,63
0,0,15.58,19.695,66,6.0032,True,False,False,False,True,False,False,False,23,5,3,0,49
0,0,15.58,19.695,62,7.0015,True,False,False,False,True,False,False,False,0,6,3,0,38
0,0,14.76,17.425,66,8.9981,True,False,False,False,True,False,False,False,1,6,3,0,33
0,0,13.94,16.665,76,8.9981,True,False,False,False,True,False,False,False,3,6,3,0,23
0,0,13.94,16.665,66,11.0014,True,False,False,False,True,False,False,False,4,6,3,0,13
0,0,14.76,17.425,62,8.9981,True,False,False,False,True,False,False,False,5,6,3,0,3
0,0,13.94,18.18,66,0.0,True,False,False,False,True,False,False,False,6,6,3,0,2
0,0,14.76,17.425,62,12.998,True,False,False,False,True,False,False,False,7,6,3,0,10
0,0,16.4,20.455,50,19.9995,True,False,False,False,True,False,False,False,8,6,3,0,34
0,0,16.4,20.455,50,27.9993,True,False,False,False,True,False,False,False,9,6,3,0,44
0,0,17.22,21.21,47,16.9979,True,False,False,False,True,False,False,False,10,6,3,0,122
0,0,18.04,21.97,41,27.9993,True,False,False,False,True,False,False,False,11,6,3,0,181
0,0,18.86,22.725,38,26.0027,True,False,False,False,True,False,False,False,12,6,3,0,194
0,0,18.86,22.725,38,26.0027,True,False,False,False,True,False,False,False,13,6,3,0,221
0,0,18.86,22.725,41,19.9995,True,False,False,False,True,False,False,False,14,6,3,0,250
0,0,19.68,23.485,39,22.0028,True,False,False,False,True,False,False,False,15,6,3,0,304
0,0,18.86,22.725,41,26.0027,True,False,False,False,True,False,False,False,16,6,3,0,256
0,0,18.04,21.97,41,23.9994,True,False,False,False,True,False,False,False,17,6,3,0,241
0,0,16.4,20.455,43,23.9994,True,False,False,False,True,False,False,False,18,6,3,0,147
0,0,14.76,16.665,50,23.9994,True,False,False,False,True,False,False,False,19,6,3,0,101
0,0,13.12,15.15,57,19.9995,True,False,False,False,True,False,False,False,20,6,3,0,77
0,0,12.3,14.395,56,16.9979,True,False,False,False,True,False,False,False,21,6,3,0,58
0,0,12.3,13.635,56,22.0028,True,False,False,False,True,False,False,False,22,6,3,0,37
0,0,10.66,12.88,65,15.0013,True,False,False,False,True,False,False,False,23,6,3,0,28
0,1,10.66,13.635,65,7.0015,True,False,False,False,True,False,False,False,0,0,3,0,11
0,1,10.66,14.395,65,6.0032,True,False,False,False,True,False,False,False,1,0,3,0,1
0,1,10.66,14.395,65,6.0032,True,False,False,False,True,False,False,False,2,0,3,0,1
0,1,10.66,13.635,65,8.9981,True,False,False,False,True,False,False,False,3,0,3,0,3
0,1,9.84,12.12,70,8.9981,True,False,False,False,True,False,False,False,5,0,3,0,8
0,1,10.66,13.635,65,8.9981,True,False,False,False,True,False,False,False,6,0,3,0,28
0,1,11.48,15.91,61,0.0,True,False,False,False,False,True,False,False,7,0,3,0,88
0,1,12.3,15.15,56,8.9981,True,False,False,False,False,True,False,False,8,0,3,0,241
0,1,13.12,15.15,53,22.0028,True,False,False,False,True,False,False,False,9,0,3,0,140
0,1,13.94,15.91,42,16.9979,True,False,False,False,True,False,False,False,10,0,3,0,84
0,1,14.76,16.665,40,16.9979,True,False,False,False,True,False,False,False,11,0,3,0,71
0,1,15.58,19.695,37,0.0,True,False,False,False,True,False,False,False,12,0,3,0,94
0,1,15.58,19.695,36,22.0028,True,False,False,False,True,False,False,False,13,0,3,0,75
0,1,15.58,19.695,34,0.0,True,False,False,False,False,True,False,False,14,0,3,0,79
0,1,15.58,19.695,37,11.0014,True,False,False,False,True,False,False,False,15,0,3,0,101
0,1,16.4,20.455,35,7.0015,True,False,False,False,True,False,False,False,16,0,3,0,107
0,1,15.58,19.695,40,12.998,True,False,False,False,True,False,False,False,17,0,3,0,271
0,1,14.76,18.18,40,7.0015,True,False,False,False,True,False,False,False,18,0,3,0,235
0,1,14.76,17.425,43,8.9981,True,False,False,False,True,False,False,False,19,0,3,0,150
0,1,13.94,15.91,46,15.0013,True,False,False,False,True,False,False,False,20,0,3,0,129
0,1,13.94,16.665,46,8.9981,True,False,False,False,True,False,False,False,21,0,3,0,63
0,1,13.12,16.665,49,7.0015,True,False,False,False,True,False,False,False,22,0,3,0,47
0,1,13.12,17.425,53,0.0,True,False,False,False,True,False,False,False,23,0,3,0,19
0,1,13.12,17.425,53,0.0,True,False,False,False,True,False,False,False,0,1,3,0,14
0,1,12.3,15.15,62,6.0032,True,False,False,False,True,False,False,False,1,1,3,0,10
0,1,12.3,15.15,62,6.0032,True,False,False,False,True,False,False,False,2,1,3,0,3
0,1,9.84,12.88,75,6.0032,True,False,False,False,True,False,False,False,4,1,3,0,2
0,1,9.84,11.365,75,12.998,True,False,False,False,True,False,False,False,5,1,3,0,11
0,1,9.02,11.365,80,12.998,True,False,False,False,True,False,False,False,6,1,3,0,35
0,1,9.84,12.12,75,11.0014,True,False,False,False,True,False,False,False,7,1,3,0,119
0,1,10.66,14.395,70,6.0032,True,False,False,False,True,False,False,False,8,1,3,0,282
0,1,12.3,16.665,70,0.0,True,False,False,False,False,True,False,False,9,1,3,0,157
0,1,13.12,15.91,66,12.998,True,False,False,False,False,True,False,False,10,1,3,0,78
0,1,13.94,15.91,57,15.0013,True,False,False,False,False,True,False,False,11,1,3,0,78
0,1,14.76,17.425,50,15.0013,True,False,False,False,False,True,False,False,12,1,3,0,102
0,1,14.76,16.665,57,19.0012,True,False,False,False,False,True,False,False,13,1,3,0,97
0,1,15.58,19.695,46,19.9995,True,False,False,False,False,True,False,False,14,1,3,0,88
0,1,15.58,19.695,43,19.0012,True,False,False,False,False,True,False,False,15,1,3,0,90
0,1,15.58,19.695,46,22.0028,True,False,False,False,False,True,False,False,16,1,3,0,114
0,1,14.76,17.425,62,12.998,True,False,False,False,False,True,False,False,17,1,3,0,217
0,1,14.76,16.665,62,19.9995,True,False,False,False,False,True,False,False,18,1,3,0,225
0,1,13.94,15.91,71,19.0012,True,False,False,False,False,True,False,False,19,1,3,0,152
0,1,13.94,15.91,71,19.0012,True,False,False,False,False,True,False,False,20,1,3,0,88
0,1,13.12,16.665,81,7.0015,True,False,False,False,False,False,True,False,21,1,3,0,55
0,1,13.12,15.91,87,11.0014,True,False,False,False,False,True,False,False,22,1,3,0,21
0,1,13.12,15.91,87,11.0014,True,False,False,False,False,True,False,False,23,1,3,0,18
0,1,12.3,14.395,93,16.9979,True,False,False,False,False,False,True,False,0,2,3,0,8
0,1,12.3,13.635,100,19.9995,True,False,False,False,False,False,True,False,1,2,3,0,3
0,1,11.48,13.635,100,15.0013,True,False,False,False,False,True,False,False,3,2,3,0,3
0,1,12.3,15.15,93,11.0014,True,False,False,False,False,True,False,False,4,2,3,0,1
0,1,12.3,15.91,93,7.0015,True,False,False,False,False,True,False,False,5,2,3,0,3
0,1,12.3,15.91,93,7.0015,True,False,False,False,False,True,False,False,6,2,3,0,31
0,1,12.3,14.395,93,12.998,True,False,False,False,False,True,False,False,7,2,3,0,111
0,1,13.12,15.91,93,0.0,True,False,False,False,False,True,False,False,8,2,3,0,253
0,1,13.12,16.665,93,8.9981,True,False,False,False,False,True,False,False,9,2,3,0,154
0,1,14.76,17.425,81,11.0014,True,False,False,False,False,True,False,False,10,2,3,0,68
0,1,14.76,17.425,81,8.9981,True,False,False,False,False,True,False,False,11,2,3,0,75
0,1,16.4,20.455,71,7.0015,True,False,False,False,False,True,False,False,12,2,3,0,88
0,1,16.4,20.455,76,8.9981,True,False,False,False,False,True,False,False,13,2,3,0,99
0,1,16.4,20.455,76,15.0013,True,False,False,False,False,True,False,False,14,2,3,0,100
0,1,16.4,20.455,76,16.9979,True,False,False,False,False,True,False,False,15,2,3,0,101
0,1,16.4,20.455,76,11.0014,True,False,False,False,False,True,False,False,16,2,3,0,151
0,1,18.04,21.97,54,19.9995,True,False,False,False,False,True,False,False,17,2,3,0,253
0,1,18.04,21.97,54,15.0013,True,False,False,False,False,True,False,False,18,2,3,0,237
0,1,18.04,21.97,51,22.0028,True,False,False,False,False,True,False,False,19,2,3,0,168
0,1,17.22,21.21,54,19.9995,True,False,False,False,False,True,False,False,20,2,3,0,121
0,1,17.22,21.21,58,19.0012,True,False,False,False,False,True,False,False,21,2,3,0,78
0,1,16.4,20.455,62,26.0027,True,False,False,False,False,True,False,False,22,2,3,0,59
0,1,16.4,20.455,65,12.998,True,False,False,False,True,False,False,False,23,2,3,0,27
0,1,15.58,19.695,66,16.9979,True,False,False,False,True,False,False,False,0,3,3,0,23
0,1,14.76,17.425,71,15.0013,True,False,False,False,True,False,False,False,1,3,3,0,12
0,1,13.94,15.15,71,19.9995,True,False,False,False,True,False,False,False,2,3,3,0,8
0,1,13.94,16.665,66,11.0014,True,False,False,False,True,False,False,False,3,3,3,0,2
0,1,13.94,16.665,71,12.998,True,False,False,False,True,False,False,False,4,3,3,0,3
0,1,13.12,16.665,76,7.0015,True,False,False,False,True,False,False,False,5,3,3,0,13
0,1,13.12,15.91,76,12.998,True,False,False,False,True,False,False,False,6,3,3,0,51
0,1,13.12,16.665,76,8.9981,True,False,False,False,True,False,False,False,7,3,3,0,140
0,1,14.76,17.425,66,8.9981,True,False,False,False,True,False,False,False,8,3,3,0,299
0,1,16.4,20.455,62,16.9979,True,False,False,False,True,False,False,False,9,3,3,0,185
0,1,18.04,21.97,54,22.0028,True,False,False,False,True,False,False,False,10,3,3,0,78
0,1,18.04,21.97,54,19.0012,True,False,False,False,True,False,False,False,11,3,3,0,86
0,1,20.5,24.24,45,15.0013,True,False,False,False,True,False,False,False,12,3,3,0,105
0,1,21.32,25.0,42,6.0032,True,False,False,False,False,True,False,False,13,3,3,0,111
0,1,20.5,24.24,45,7.0015,True,False,False,False,True,False,False,False,14,3,3,0,119
0,1,21.32,25.0,42,16.9979,True,False,False,False,True,False,False,False,15,3,3,0,125
0,1,20.5,24.24,48,19.0012,True,False,False,False,True,False,False,False,16,3,3,0,142
0,1,20.5,24.24,42,12.998,True,False,False,False,True,False,False,False,17,3,3,0,313
0,1,18.86,22.725,59,11.0014,True,False,False,False,False,True,False,False,18,3,3,0,310
0,1,18.04,21.97,58,12.998,True,False,False,False,True,False,False,False,19,3,3,0,207
0,1,17.22,21.21,67,15.0013,True,False,False,False,True,False,False,False,20,3,3,0,137
0,1,17.22,21.21,62,15.0013,True,False,False,False,True,False,False,False,21,3,3,0,138
0,1,16.4,20.455,66,15.0013,True,False,False,False,True,False,False,False,22,3,3,0,87
0,1,17.22,21.21,62,19.0012,True,False,False,False,True,False,False,False,23,3,3,0,50
0,1,17.22,21.21,58,19.0012,True,False,False,False,True,False,False,False,0,4,3,0,29
0,1,16.4,20.455,62,16.9979,True,False,False,False,True,False,False,False,1,4,3,0,16
0,1,16.4,20.455,62,12.998,True,False,False,False,True,False,False,False,2,4,3,0,14
0,1,14.76,17.425,71,12.998,True,False,False,False,True,False,False,False,3,4,3,0,5
0,1,15.58,19.695,66,11.0014,True,False,False,False,True,False,False,False,5,4,3,0,10
0,1,16.4,20.455,66,12.998,True,False,False,False,True,False,False,False,6,4,3,0,36
0,1,16.4,20.455,66,12.998,True,False,False,False,True,False,False,False,7,4,3,0,123
0,1,17.22,21.21,67,16.9979,True,False,False,False,True,False,False,False,8,4,3,0,280
0,1,18.86,22.725,63,15.0013,True,False,False,False,True,False,False,False,9,4,3,0,210
0,1,21.32,25.0,53,19.0012,True,False,False,False,True,False,False,False,10,4,3,0,117
0,1,22.14,25.76,52,19.0012,True,False,False,False,True,False,False,False,11,4,3,0,159
0,1,22.96,26.515,49,23.9994,True,False,False,False,False,True,False,False,12,4,3,0,195
0,1,26.24,31.06,41,19.0012,True,False,False,False,True,False,False,False,13,4,3,0,175
0,1,27.06,31.06,39,16.9979,True,False,False,False,True,False,False,False,14,4,3,0,174
0,1,27.88,31.82,39,23.9994,True,False,False,False,False,True,False,False,15,4,3,0,173
0,1,27.88,31.82,39,19.0012,True,False,False,False,True,False,False,False,16,4,3,0,204
0,1,28.7,31.82,37,22.0028,True,False,False,False,True,False,False,False,17,4,3,0,332
0,1,27.88,31.82,39,11.0014,True,False,False,False,True,False,False,False,18,4,3,0,331
0,1,27.06,31.06,44,8.9981,True,False,False,False,True,False,False,False,19,4,3,0,190
0,1,25.42,31.06,46,8.9981,True,False,False,False,True,False,False,False,20,4,3,0,149
0,1,25.42,31.06,46,7.0015,True,False,False,False,True,False,False,False,21,4,3,0,113
0,1,25.42,31.06,50,11.0014,True,False,False,False,True,False,False,False,22,4,3,0,118
0,1,24.6,31.06,53,15.0013,True,False,False,False,False,True,False,False,23,4,3,0,86
0,0,24.6,31.06,53,16.9979,True,False,False,False,False,True,False,False,0,5,3,0,76
0,0,23.78,27.275,46,23.9994,True,False,False,False,False,True,False,False,1,5,3,0,51
0,0,22.96,26.515,43,15.0013,True,False,False,False,False,True,False,False,2,5,3,0,25
0,0,22.14,25.76,39,22.0028,True,False,False,False,False,True,False,False,3,5,3,0,8
0,0,21.32,25.0,34,27.9993,True,False,False,False,True,False,False,False,4,5,3,0,3
0,0,21.32,25.0,34,27.9993,True,False,False,False,True,False,False,False,5,5,3,0,2
0,0,18.04,21.97,44,27.9993,True,False,False,False,True,False,False,False,6,5,3,0,10
0,0,16.4,20.455,50,22.0028,True,False,False,False,True,False,False,False,7,5,3,0,13
0,0,17.22,21.21,47,32.9975,True,False,False,False,True,False,False,False,8,5,3,0,48
0,0,17.22,21.21,44,31.0009,True,False,False,False,True,False,False,False,9,5,3,0,76
0,0,18.04,21.97,38,27.9993,True,False,False,False,True,False,False,False,10,5,3,0,140
0,0,18.86,22.725,36,30.0026,True,False,False,False,True,False,False,False,11,5,3,0,196
0,0,18.86,22.725,33,27.9993,True,False,False,False,True,False,False,False,12,5,3,0,267
0,0,20.5,24.24,34,31.0009,True,False,False,False,True,False,False,False,13,5,3,0,301
0,0,20.5,24.24,31,32.9975,True,False,False,False,True,False,False,False,14,5,3,0,312
0,0,20.5,24.24,29,27.9993,True,False,False,False,True,False,False,False,15,5,3,0,313
0,0,20.5,24.24,31,26.0027,True,False,False,False,True,False,False,False,16,5,3,0,304
0,0,19.68,23.485,31,22.0028,True,False,False,False,True,False,False,False,17,5,3,0,278
0,0,18.86,22.725,31,22.0028,True,False,False,False,True,False,False,False,18,5,3,0,217
0,0,18.04,21.97,33,19.0012,True,False,False,False,True,False,False,False,19,5,3,0,154
0,0,17.22,21.21,35,15.0013,True,False,False,False,True,False,False,False,20,5,3,0,108
0,0,16.4,20.455,37,19.9995,True,False,False,False,True,False,False,False,21,5,3,0,93
0,0,16.4,20.455,37,22.0028,True,False,False,False,True,False,False,False,22,5,3,0,72
0,0,15.58,19.695,40,19.9995,True,False,False,False,True,False,False,False,23,5,3,0,50
0,1,10.66,12.88,100,11.0014,False,True,False,False,False,False,True,False,0,4,4,0,6
0,1,10.66,12.88,100,11.0014,False,True,False,False,False,False,True,False,1,4,4,0,4
0,1,10.66,12.88,93,12.998,False,True,False,False,False,False,True,False,2,4,4,0,7
0,1,9.84,11.365,93,16.9979,False,True,False,False,False,True,False,False,3,4,4,0,4
0,1,9.84,11.365,93,16.9979,False,True,False,False,False,True,False,False,4,4,4,0,3
0,1,9.84,11.365,93,15.0013,False,True,False,False,False,False,True,False,5,4,4,0,12
0,1,9.84,11.365,93,15.0013,False,True,False,False,False,False,True,False,6,4,4,0,28
0,1,9.84,12.12,93,0.0,False,True,False,False,False,False,True,False,7,4,4,0,95
0,1,10.66,12.12,87,16.9979,False,True,False,False,False,True,False,False,8,4,4,0,206
0,1,13.12,14.395,70,23.9994,False,True,False,False,True,False,False,False,9,4,4,0,173
0,1,13.12,15.15,66,19.0012,False,True,False,False,True,False,False,False,10,4,4,0,75
0,1,13.12,14.395,61,23.9994,False,True,False,False,True,False,False,False,11,4,4,0,89
0,1,13.94,15.15,53,23.9994,False,True,False,False,True,False,False,False,12,4,4,0,95
0,1,14.76,16.665,50,23.9994,False,True,False,False,True,False,False,False,13,4,4,0,110
0,1,14.76,16.665,46,23.9994,False,True,False,False,False,True,False,False,14,4,4,0,87
0,1,13.94,15.15,46,27.9993,False,True,False,False,True,False,False,False,15,4,4,0,111
0,1,13.94,15.15,46,27.9993,False,True,False,False,True,False,False,False,16,4,4,0,167
0,1,13.94,15.15,46,22.0028,False,True,False,False,True,False,False,False,17,4,4,0,281
0,1,13.94,15.15,46,22.0028,False,True,False,False,True,False,False,False,18,4,4,0,241
0,1,13.94,15.15,49,22.0028,False,True,False,False,True,False,False,False,19,4,4,0,136
0,1,13.12,15.91,53,12.998,False,True,False,False,True,False,False,False,20,4,4,0,77
0,1,13.12,16.665,53,8.9981,False,True,False,False,True,False,False,False,21,4,4,0,93
0,1,12.3,15.15,56,11.0014,False,True,False,False,True,False,False,False,22,4,4,0,74
0,1,12.3,15.91,61,6.0032,False,True,False,False,True,False,False,False,23,4,4,0,53
0,0,12.3,16.665,61,0.0,False,True,False,False,False,True,False,False,0,5,4,0,32
0,0,10.66,13.635,65,8.9981,False,True,False,False,True,False,False,False,1,5,4,0,32
0,0,9.84,12.12,75,8.9981,False,True,False,False,True,False,False,False,2,5,4,0,21
0,0,9.84,12.12,70,11.0014,False,True,False,False,True,False,False,False,3,5,4,0,9
0,0,9.84,12.12,70,11.0014,False,True,False,False,True,False,False,False,4,5,4,0,5
0,0,9.84,12.12,75,11.0014,False,True,False,False,False,True,False,False,5,5,4,0,5
0,0,10.66,13.635,70,7.0015,False,True,False,False,True,False,False,False,6,5,4,0,12
0,0,10.66,13.635,70,7.0015,False,True,False,False,False,True,False,False,7,5,4,0,18
0,0,12.3,15.91,70,7.0015,False,True,False,False,True,False,False,False,8,5,4,0,55
0,0,13.94,17.425,66,7.0015,False,True,False,False,False,True,False,False,9,5,4,0,87
0,0,14.76,17.425,57,11.0014,False,True,False,False,False,True,False,False,10,5,4,0,154
0,0,16.4,20.455,47,11.0014,False,True,False,False,False,True,False,False,11,5,4,0,198
0,0,13.12,16.665,81,8.9981,False,True,False,False,False,False,True,False,12,5,4,0,184
0,0,13.94,16.665,81,8.9981,False,True,False,False,True,False,False,False,13,5,4,0,137
0,0,13.12,15.15,76,22.0028,False,True,False,False,False,False,True,False,14,5,4,0,190
0,0,13.94,15.15,76,26.0027,False,True,False,False,False,False,True,False,15,5,4,0,136
0,0,15.58,19.695,62,22.0028,False,True,False,False,True,False,False,False,16,5,4,0,196
0,0,15.58,19.695,54,23.9994,False,True,False,False,True,False,False,False,17,5,4,0,184
0,0,15.58,19.695,54,12.998,False,True,False,False,True,False,False,False,18,5,4,0,179
0,0,14.76,16.665,53,23.9994,False,True,False,False,True,False,False,False,19,5,4,0,148
0,0,13.94,15.91,53,19.0012,False,True,False,False,True,False,False,False,20,5,4,0,85
0,0,13.12,15.15,61,16.9979,False,True,False,False,True,False,False,False,21,5,4,0,77
0,0,13.12,15.15,61,19.9995,False,True,False,False,True,False,False,False,22,5,4,0,55
0,0,13.12,15.91,61,11.0014,False,True,False,False,True,False,False,False,23,5,4,0,53
0,0,12.3,14.395,65,12.998,False,True,False,False,True,False,False,False,0,6,4,0,39
0,0,12.3,15.91,61,7.0015,False,True,False,False,True,False,False,False,1,6,4,0,34
0,0,10.66,13.635,70,8.9981,False,True,False,False,True,False,False,False,2,6,4,0,24
0,0,12.3,16.665,61,0.0,False,True,False,False,True,False,False,False,3,6,4,0,11
0,0,11.48,15.15,70,6.0032,False,True,False,False,True,False,False,False,4,6,4,0,3
0,0,11.48,13.635,65,15.0013,False,True,False,False,True,False,False,False,5,6,4,0,5
0,0,11.48,13.635,65,12.998,False,True,False,False,True,False,False,False,6,6,4,0,33
0,0,13.12,15.15,57,15.0013,False,True,False,False,True,False,False,False,7,6,4,0,33
0,0,13.94,16.665,57,11.0014,False,True,False,False,True,False,False,False,8,6,4,0,62
0,0,14.76,15.91,50,32.9975,False,True,False,False,True,False,False,False,9,6,4,0,142
0,0,16.4,20.455,43,27.9993,False,True,False,False,True,False,False,False,10,6,4,0,215
0,0,17.22,21.21,41,16.9979,False,True,False,False,True,False,False,False,11,6,4,0,243
0,0,18.04,21.97,38,19.0012,False,True,False,False,True,False,False,False,12,6,4,0,313
0,0,18.04,21.97,33,19.9995,False,True,False,False,True,False,False,False,13,6,4,0,367
0,0,18.86,22.725,31,8.9981,False,True,False,False,True,False,False,False,14,6,4,0,349
0,0,18.86,22.725,33,0.0,False,True,False,False,False,True,False,False,15,6,4,0,292
0,0,18.86,22.725,31,12.998,False,True,False,False,False,True,False,False,16,6,4,0,303
0,0,18.86,22.725,28,8.9981,False,True,False,False,False,True,False,False,17,6,4,0,274
0,0,18.86,22.725,31,0.0,False,True,False,False,False,True,False,False,18,6,4,0,172
0,0,17.22,21.21,44,12.998,False,True,False,False,False,True,False,False,19,6,4,0,144
0,0,17.22,21.21,41,15.0013,False,True,False,False,False,False,True,False,20,6,4,0,79
0,0,17.22,21.21,44,15.0013,False,True,False,False,False,True,False,False,21,6,4,0,45
0,0,16.4,20.455,43,7.0015,False,True,False,False,True,False,False,False,22,6,4,0,36
0,0,16.4,20.455,50,6.0032,False,True,False,False,True,False,False,False,23,6,4,0,31
0,1,16.4,20.455,50,15.0013,False,True,False,False,True,False,False,False,0,0,4,0,6
0,1,16.4,20.455,56,23.9994,False,True,False,False,True,False,False,False,1,0,4,0,11
0,1,15.58,19.695,66,16.9979,False,True,False,False,True,False,False,False,2,0,4,0,2
0,1,15.58,19.695,66,19.0012,False,True,False,False,True,False,False,False,3,0,4,0,1
0,1,15.58,19.695,71,19.9995,False,True,False,False,True,False,False,False,4,0,4,0,2
0,1,16.4,20.455,62,16.9979,False,True,False,False,True,False,False,False,5,0,4,0,7
0,1,17.22,21.21,58,19.0012,False,True,False,False,True,False,False,False,6,0,4,0,46
0,1,18.04,21.97,54,16.9979,False,True,False,False,False,True,False,False,7,0,4,0,157
0,1,18.86,22.725,55,19.9995,False,True,False,False,False,True,False,False,8,0,4,0,339
0,1,20.5,24.24,51,26.0027,False,True,False,False,False,True,False,False,9,0,4,0,158
0,1,22.14,25.76,45,23.9994,False,True,False,False,False,True,False,False,10,0,4,0,90
0,1,24.6,31.06,40,26.0027,False,True,False,False,True,False,False,False,11,0,4,0,124
0,1,26.24,31.06,36,31.0009,False,True,False,False,True,False,False,False,12,0,4,0,157
0,1,27.88,31.82,34,22.0028,False,True,False,False,True,False,False,False,13,0,4,0,139
0,1,30.34,32.575,27,32.9975,False,True,False,False,False,True,False,False,14,0,4,0,123
0,1,31.16,33.335,23,36.9974,False,True,False,False,True,False,False,False,15,0,4,0,143
0,1,31.16,32.575,22,35.0008,False,True,False,False,True,False,False,False,16,0,4,0,189
0,1,30.34,32.575,23,40.9973,False,True,False,False,True,False,False,False,17,0,4,0,366
0,1,29.52,31.82,23,32.9975,False,True,False,False,False,True,False,False,18,0,4,0,386
0,1,28.7,31.82,24,31.0009,False,True,False,False,True,False,False,False,19,0,4,0,278
0,1,28.7,31.82,24,36.9974,False,True,False,False,False,True,False,False,20,0,4,0,173
0,1,28.7,31.82,30,30.0026,False,True,False,False,False,True,False,False,21,0,4,0,95
0,1,27.88,31.82,36,31.0009,False,True,False,False,False,True,False,False,22,0,4,0,75
0,1,26.24,31.06,47,15.0013,False,True,False,False,False,True,False,False,23,0,4,0,48
0,1,25.42,31.06,50,7.0015,False,True,False,False,True,False,False,False,0,1,4,0,22
0,1,25.42,31.06,57,27.9993,False,True,False,False,False,False,True,False,1,1,4,0,15
0,1,22.14,25.76,73,22.0028,False,True,False,False,False,True,False,False,2,1,4,0,5
0,1,22.14,25.76,73,22.0028,False,True,False,False,False,True,False,False,3,1,4,0,4
0,1,20.5,24.24,88,32.9975,False,True,False,False,False,False,True,False,4,1,4,0,2
0,1,18.86,22.725,94,19.9995,False,True,False,False,False,False,True,False,5,1,4,0,5
0,1,19.68,23.485,88,22.0028,False,True,False,False,False,True,False,False,6,1,4,0,38
0,1,19.68,23.485,88,22.0028,False,True,False,False,False,True,False,False,7,1,4,0,134
0,1,15.58,19.695,87,39.0007,False,True,False,False,False,False,True,False,8,1,4,0,157
0,1,14.76,15.91,87,32.9975,False,True,False,False,False,False,True,False,9,1,4,0,46
0,1,13.94,15.15,81,26.0027,False,True,False,False,False,False,True,False,10,1,4,0,28
0,1,13.12,14.395,81,30.0026,False,True,False,False,False,False,True,False,11,1,4,0,19
0,1,13.94,15.15,71,26.0027,False,True,False,False,False,True,False,False,12,1,4,0,38
0,1,14.76,16.665,63,27.9993,False,True,False,False,False,True,False,False,13,1,4,0,56
0,1,14.76,15.91,57,32.9975,False,True,False,False,False,True,False,False,14,1,4,0,76
0,1,16.4,20.455,46,31.0009,False,True,False,False,True,False,False,False,15,1,4,0,68
0,1,15.58,19.695,46,27.9993,False,True,False,False,True,False,False,False,16,1,4,0,130
0,1,17.22,21.21,38,27.9993,False,True,False,False,True,False,False,False,17,1,4,0,273
0,1,15.58,19.695,40,32.9975,False,True,False,False,True,False,False,False,18,1,4,0,267
0,1,14.76,16.665,43,19.9995,False,True,False,False,True,False,False,False,19,1,4,0,160
0,1,13.94,15.91,46,19.0012,False,True,False,False,True,False,False,False,20,1,4,0,91
0,1,13.94,14.395,46,35.0008,False,True,False,False,True,False,False,False,21,1,4,0,89
0,1,13.12,15.15,49,19.9995,False,True,False,False,True,False,False,False,22,1,4,0,46
0,1,12.3,14.395,49,19.0012,False,True,False,False,True,False,False,False,23,1,4,0,26
0,1,12.3,15.91,49,7.0015,False,True,False,False,True,False,False,False,0,2,4,0,15
0,1,10.66,13.635,60,8.9981,False,True,False,False,True,False,False,False,1,2,4,0,2
0,1,9.84,12.12,70,8.9981,False,True,False,False,True,False,False,False,2,2,4,0,5
0,1,10.66,13.635,60,8.9981,False,True,False,False,True,False,False,False,3,2,4,0,4
0,1,9.84,12.12,65,8.9981,False,True,False,False,True,False,False,False,4,2,4,0,1
0,1,9.84,12.88,70,7.0015,False,True,False,False,True,False,False,False,5,2,4,0,13
0,1,9.84,12.88,70,7.0015,False,True,False,False,True,False,False,False,6,2,4,0,56
0,1,10.66,13.635,65,7.0015,False,True,False,False,True,False,False,False,7,2,4,0,133
0,1,13.12,15.15,61,15.0013,False,True,False,False,True,False,False,False,8,2,4,0,325
0,1,14.76,16.665,46,16.9979,False,True,False,False,True,False,False,False,9,2,4,0,165
0,1,16.4,20.455,37,26.0027,False,True,False,False,True,False,False,False,10,2,4,0,69
0,1,17.22,21.21,38,26.0027,False,True,False,False,True,False,False,False,11,2,4,0,93
0,1,18.04,21.97,41,16.9979,False,True,False,False,True,False,False,False,12,2,4,0,134
0,1,18.86,22.725,38,32.9975,False,True,False,False,True,False,False,False,13,2,4,0,112
0,1,20.5,24.24,34,27.9993,False,True,False,False,True,False,False,False,14,2,4,0,115
0,1,21.32,25.0,32,22.0028,False,True,False,False,True,False,False,False,15,2,4,0,117
0,1,22.14,25.76,28,27.9993,False,True,False,False,True,False,False,False,16,2,4,0,169
0,1,21.32,25.0,32,30.0026,False,True,False,False,True,False,False,False,17,2,4,0,356
0,1,21.32,25.0,29,23.9994,False,True,False,False,True,False,False,False,18,2,4,0,325
0,1,20.5,24.24,31,19.9995,False,True,False,False,True,False,False,False,19,2,4,0,232
0,1,18.86,22.725,51,15.0013,False,True,False,False,True,False,False,False,20,2,4,0,141
0,1,18.86,22.725,41,19.0012,False,True,False,False,True,False,False,False,21,2,4,0,102
0,1,18.86,22.725,41,19.0012,False,True,False,False,True,False,False,False,22,2,4,0,84
0,1,18.86,22.725,41,19.9995,False,True,False,False,True,False,False,False,23,2,4,0,40
0,1,18.86,22.725,41,19.0012,False,True,False,False,True,False,False,False,0,3,4,0,20
0,1,17.22,21.21,47,8.9981,False,True,False,False,True,False,False,False,1,3,4,0,13
0,1,17.22,21.21,54,0.0,False,True,False,False,True,False,False,False,2,3,4,0,7
0,1,14.76,17.425,66,12.998,False,True,False,False,True,False,False,False,3,3,4,0,3
0,1,13.94,16.665,76,12.998,False,True,False,False,True,False,False,False,4,3,4,0,1
0,1,13.94,15.91,76,15.0013,False,True,False,False,True,False,False,False,5,3,4,0,6
0,1,13.12,15.15,81,16.9979,False,True,False,False,True,False,False,False,6,3,4,0,64
0,1,13.94,16.665,76,11.0014,False,True,False,False,False,True,False,False,7,3,4,0,160
0,1,14.76,17.425,76,12.998,False,True,False,False,True,False,False,False,8,3,4,0,314
0,1,16.4,20.455,66,8.9981,False,True,False,False,False,True,False,False,9,3,4,0,170
0,1,17.22,21.21,67,7.0015,False,True,False,False,False,True,False,False,10,3,4,0,95
0,1,18.86,22.725,55,0.0,False,True,False,False,False,True,False,False,11,3,4,0,122
0,1,18.86,22.725,55,0.0,False,True,False,False,False,True,False,False,12,3,4,0,153
0,1,21.32,25.0,48,6.0032,False,True,False,False,False,True,False,False,13,3,4,0,135
0,1,22.96,26.515,43,6.0032,False,True,False,False,True,False,False,False,14,3,4,0,157
0,1,24.6,31.06,38,7.0015,False,True,False,False,True,False,False,False,15,3,4,0,160
0,1,24.6,31.06,35,0.0,False,True,False,False,True,False,False,False,16,3,4,0,213
0,1,21.32,25.0,52,19.0012,False,True,False,False,True,False,False,False,17,3,4,0,343
0,1,19.68,23.485,55,16.9979,False,True,False,False,True,False,False,False,18,3,4,0,333
0,1,18.86,22.725,59,19.9995,False,True,False,False,True,False,False,False,19,3,4,0,226
0,1,18.04,21.97,62,11.0014,False,True,False,False,True,False,False,False,20,3,4,0,203
0,1,18.04,21.97,67,19.0012,False,True,False,False,False,True,False,False,21,3,4,0,108
0,1,16.4,20.455,76,12.998,False,True,False,False,False,True,False,False,22,3,4,0,81
0,1,15.58,19.695,76,16.9979,False,True,False,False,True,False,False,False,23,3,4,0,54
0,1,14.76,17.425,76,15.0013,False,True,False,False,False,True,False,False,0,4,4,0,25
0,1,13.94,16.665,76,8.9981,False,True,False,False,False,True,False,False,1,4,4,0,9
0,1,13.94,16.665,76,11.0014,False,True,False,False,False,False,True,False,2,4,4,0,13
0,1,13.94,16.665,76,11.0014,False,True,False,False,False,False,True,False,3,4,4,0,1
0,1,13.94,16.665,86,8.9981,False,True,False,False,False,True,False,False,4,4,4,0,1
0,1,13.12,15.91,87,12.998,False,True,False,False,False,True,False,False,5,4,4,0,9
0,1,13.94,18.18,87,0.0,False,True,False,False,False,True,False,False,6,4,4,0,35
0,1,13.94,16.665,87,11.0014,False,True,False,False,False,False,True,False,7,4,4,0,113
0,1,13.94,16.665,87,11.0014,False,True,False,False,False,False,True,False,8,4,4,0,221
0,1,14.76,17.425,76,12.998,False,True,False,False,False,True,False,False,9,4,4,0,185
0,1,14.76,16.665,71,19.0012,False,True,False,False,False,True,False,False,10,4,4,0,73
0,1,16.4,20.455,62,26.0027,False,True,False,False,False,True,False,False,11,4,4,0,98
0,1,15.58,19.695,66,15.0013,False,True,False,False,False,False,True,False,12,4,4,0,80
0,1,14.76,16.665,76,19.0012,False,True,False,False,False,False,True,False,13,4,4,0,42
0,1,13.94,15.91,87,15.0013,False,True,False,False,False,False,True,False,14,4,4,0,15
0,1,13.94,15.91,87,15.0013,False,True,False,False,False,False,True,False,15,4,4,0,25
0,1,13.12,15.15,93,16.9979,False,True,False,False,False,True,False,False,16,4,4,0,60
0,1,13.12,15.15,93,16.9979,False,True,False,False,False,False,True,False,17,4,4,0,148
0,1,13.12,15.15,93,16.9979,False,True,False,False,False,False,True,False,18,4,4,0,62
0,1,12.3,13.635,93,27.9993,False,True,False,False,False,False,True,False,19,4,4,0,53
0,1,12.3,13.635,93,22.0028,False,True,False,False,False,True,False,False,20,4,4,0,63
0,1,12.3,14.395,93,16.9979,False,True,False,False,False,True,False,False,21,4,4,0,54
0,1,12.3,13.635,93,19.9995,False,True,False,False,False,True,False,False,22,4,4,0,51
0,1,12.3,14.395,93,15.0013,False,True,False,False,False,True,False,False,23,4,4,0,35
0,0,12.3,14.395,87,15.0013,False,True,False,False,False,True,False,False,0,5,4,0,31
0,0,12.3,15.15,87,8.9981,False,True,False,False,False,True,False,False,1,5,4,0,20
0,0,13.12,15.15,87,15.0013,False,True,False,False,False,True,False,False,2,5,4,0,17
0,0,12.3,14.395,100,16.9979,False,True,False,False,False,False,True,False,3,5,4,0,14
0,0,12.3,13.635,100,16.9979,False,True,False,False,False,False,True,False,4,5,4,0,3
0,0,12.3,14.395,93,15.0013,False,True,False,False,False,True,False,False,5,5,4,0,5
0,0,12.3,14.395,93,12.998,False,True,False,False,False,True,False,False,6,5,4,0,13
0,0,12.3,15.15,93,11.0014,False,True,False,False,False,True,False,False,7,5,4,0,21
0,0,13.12,15.15,93,11.0014,False,True,False,False,False,True,False,False,8,5,4,0,54
0,0,13.94,17.425,87,7.0015,False,True,False,False,False,True,False,False,9,5,4,0,98
0,0,13.94,16.665,87,8.9981,False,True,False,False,False,True,False,False,10,5,4,0,133
0,0,14.76,18.18,81,0.0,False,True,False,False,False,True,False,False,11,5,4,0,142
0,0,14.76,17.425,81,8.9981,False,True,False,False,False,True,False,False,12,5,4,0,202
0,0,14.76,18.94,81,0.0,False,True,False,False,False,True,False,False,13,5,4,0,222
0,0,14.76,17.425,81,8.9981,False,True,False,False,False,True,False,False,14,5,4,0,212
0,0,14.76,18.94,87,0.0,False,True,False,False,False,True,False,False,15,5,4,0,201
0,0,15.58,19.695,82,0.0,False,True,False,False,False,True,False,False,16,5,4,0,191
0,0,15.58,19.695,82,6.0032,False,True,False,False,False,True,False,False,17,5,4,0,257
0,0,15.58,19.695,82,7.0015,False,True,False,False,False,True,False,False,18,5,4,0,177
0,0,15.58,19.695,82,8.9981,False,True,False,False,False,True,False,False,19,5,4,0,130
0,0,15.58,19.695,87,11.0014,False,True,False,False,False,True,False,False,20,5,4,0,93
0,0,14.76,17.425,93,8.9981,False,True,False,False,False,True,False,False,21,5,4,0,75
0,0,14.76,17.425,93,8.9981,False,True,False,False,False,True,False,False,22,5,4,0,87
0,0,15.58,19.695,87,6.0032,False,True,False,False,False,True,False,False,23,5,4,0,57
0,0,15.58,19.695,87,6.0032,False,True,False,False,False,True,False,False,0,6,4,0,53
0,0,15.58,19.695,87,8.9981,False,True,False,False,False,True,False,False,1,6,4,0,37
0,0,15.58,19.695,87,6.0032,False,True,False,False,False,True,False,False,2,6,4,0,36
0,0,15.58,19.695,87,8.9981,False,True,False,False,False,True,False,False,3,6,4,0,16
0,0,14.76,18.18,93,7.0015,False,True,False,False,False,True,False,False,4,6,4,0,5
0,0,14.76,18.18,93,6.0032,False,True,False,False,False,True,False,False,5,6,4,0,4
0,0,14.76,18.18,93,6.0032,False,True,False,False,False,True,False,False,6,6,4,0,4
0,0,14.76,18.18,100,6.0032,False,True,False,False,False,True,False,False,7,6,4,0,10
0,0,15.58,19.695,94,6.0032,False,True,False,False,False,True,False,False,8,6,4,0,55
0,0,15.58,19.695,94,8.9981,False,True,False,False,False,True,False,False,9,6,4,0,81
0,0,16.4,20.455,87,0.0,False,True,False,False,False,True,False,False,10,6,4,0,150
0,0,16.4,20.455,87,8.9981,False,True,False,False,False,True,False,False,11,6,4,0,202
0,0,17.22,21.21,88,8.9981,False,True,False,False,False,True,False,False,12,6,4,0,230
0,0,18.86,22.725,82,7.0015,False,True,False,False,True,False,False,False,13,6,4,0,263
0,0,20.5,24.24,72,12.998,False,True,False,False,True,False,False,False,14,6,4,0,281
0,0,20.5,24.24,77,15.0013,False,True,False,False,True,False,False,False,15,6,4,0,297
0,0,21.32,25.0,72,11.0014,False,True,False,False,False,True,False,False,16,6,4,0,288
0,0,21.32,25.0,72,12.998,False,True,False,False,False,True,False,False,17,6,4,0,236
0,0,20.5,24.24,77,12.998,False,True,False,False,True,False,False,False,18,6,4,0,240
0,0,20.5,24.24,77,12.998,False,True,False,False,True,False,False,False,19,6,4,0,131
0,0,18.86,22.725,82,8.9981,False,True,False,False,True,False,False,False,20,6,4,0,92
0,0,18.04,21.97,88,12.998,False,True,False,False,True,False,False,False,21,6,4,0,95
0,0,18.04,21.97,94,16.9979,False,True,False,False,True,False,False,False,22,6,4,0,57
0,0,18.86,22.725,88,23.9994,False,True,False,False,True,False,False,False,23,6,4,0,32
0,1,19.68,23.485,88,22.0028,False,True,False,False,True,False,False,False,0,0,4,0,23
0,1,18.86,22.725,94,19.0012,False,True,False,False,True,False,False,False,1,0,4,0,4
0,1,18.86,22.725,94,19.0012,False,True,False,False,True,False,False,False,2,0,4,0,9
0,1,18.86,22.725,94,12.998,False,True,False,False,True,False,False,False,4,0,4,0,1
0,1,18.86,22.725,94,12.998,False,True,False,False,True,False,False,False,5,0,4,0,13
0,1,18.86,22.725,100,15.0013,False,True,False,False,False,True,False,False,6,0,4,0,61
0,1,20.5,24.24,88,15.0013,False,True,False,False,False,True,False,False,7,0,4,0,176
0,1,21.32,25.0,88,19.0012,False,True,False,False,False,True,False,False,8,0,4,0,314
0,1,22.96,26.515,83,19.0012,False,True,False,False,False,True,False,False,9,0,4,0,165
0,1,22.96,26.515,83,19.9995,False,True,False,False,False,True,False,False,10,0,4,0,96
0,1,24.6,29.545,73,19.9995,False,True,False,False,False,True,False,False,11,0,4,0,104
0,1,24.6,29.545,73,22.0028,False,True,False,False,False,True,False,False,12,0,4,0,134
0,1,26.24,30.305,69,27.9993,False,True,False,False,False,True,False,False,13,0,4,0,139
0,1,29.52,33.335,54,23.9994,False,True,False,False,False,True,False,False,14,0,4,0,145
0,1,30.34,33.335,48,35.0008,False,True,False,False,True,False,False,False,15,0,4,0,141
0,1,30.34,33.335,48,35.0008,False,True,False,False,True,False,False,False,16,0,4,0,235
0,1,30.34,33.335,48,35.0008,False,True,False,False,True,False,False,False,17,0,4,0,452
0,1,29.52,33.335,51,26.0027,False,True,False,False,True,False,False,False,18,0,4,0,383
0,1,29.52,33.335,51,30.0026,False,True,False,False,True,False,False,False,19,0,4,0,284
0,1,27.88,31.82,57,35.0008,False,True,False,False,True,False,False,False,20,0,4,0,166
0,1,27.06,31.06,61,16.9979,False,True,False,False,True,False,False,False,21,0,4,0,158
0,1,26.24,31.06,50,19.0012,False,True,False,False,False,True,False,False,22,0,4,0,91
0,1,23.78,27.275,60,0.0,False,True,False,False,False,False,True,False,23,0,4,0,54
0,1,25.42,31.06,50,7.0015,False,True,False,False,False,True,False,False,0,1,4,0,24
0,1,25.42,31.06,50,6.0032,False,True,False,False,False,True,False,False,1,1,4,0,13
0,1,24.6,31.06,53,8.9981,False,True,False,False,False,True,False,False,2,1,4,0,14
0,1,23.78,27.275,56,8.9981,False,True,False,False,False,True,False,False,3,1,4,0,1
0,1,22.96,26.515,64,8.9981,False,True,False,False,False,True,False,False,4,1,4,0,6
0,1,22.14,25.76,68,8.9981,False,True,False,False,False,True,False,False,5,1,4,0,16
0,1,22.14,25.76,68,19.0012,False,True,False,False,False,True,False,False,6,1,4,0,58
0,1,22.14,25.76,68,15.0013,False,True,False,False,False,True,False,False,7,1,4,0,189
0,1,19.68,23.485,88,26.0027,False,True,False,False,False,False,True,False,8,1,4,0,226
0,1,18.86,22.725,94,32.9975,False,True,False,False,False,False,True,False,9,1,4,0,54
0,1,20.5,24.24,82,27.9993,False,True,False,False,False,False,True,False,10,1,4,0,40
0,1,21.32,25.0,77,23.9994,False,True,False,False,True,False,False,False,11,1,4,0,49
0,1,22.96,26.515,64,31.0009,False,True,False,False,False,True,False,False,12,1,4,0,92
0,1,22.14,25.76,68,19.0012,False,True,False,False,False,False,True,False,13,1,4,0,106
0,1,20.5,24.24,82,19.0012,False,True,False,False,False,True,False,False,14,1,4,0,44
0,1,19.68,23.485,77,35.0008,False,True,False,False,False,True,False,False,15,1,4,0,78
0,1,19.68,23.485,77,26.0027,False,True,False,False,False,True,False,False,16,1,4,0,99
0,1,18.04,21.97,77,15.0013,False,True,False,False,False,False,True,False,17,1,4,0,291
0,1,18.04,21.97,77,15.0013,False,True,False,False,False,False,True,False,18,1,4,0,224
0,1,17.22,21.21,82,19.0012,False,True,False,False,False,True,False,False,19,1,4,0,130
0,1,17.22,21.21,82,19.0012,False,True,False,False,False,True,False,False,20,1,4,0,103
0,1,17.22,21.21,82,12.998,False,True,False,False,False,True,False,False,21,1,4,0,84
0,1,16.4,20.455,94,19.9995,False,True,False,False,False,True,False,False,22,1,4,0,54
0,1,16.4,20.455,94,16.9979,False,True,False,False,False,True,False,False,23,1,4,0,39
0,1,16.4,20.455,100,19.9995,False,True,False,False,False,True,False,False,0,2,4,0,15
0,1,16.4,20.455,100,19.9995,False,True,False,False,False,True,False,False,1,2,4,0,1
0,1,16.4,20.455,100,19.9995,False,True,False,False,False,False,True,False,2,2,4,0,2
0,1,16.4,20.455,94,22.0028,False,True,False,False,False,False,True,False,3,2,4,0,2
0,1,16.4,20.455,94,22.0028,False,True,False,False,False,False,True,False,4,2,4,0,3
0,1,15.58,19.695,94,16.9979,False,True,False,False,False,False,True,False,5,2,4,0,5
0,1,15.58,19.695,94,15.0013,False,True,False,False,False,False,True,False,6,2,4,0,34
0,1,14.76,17.425,100,15.0013,False,True,False,False,False,False,True,False,7,2,4,0,70
0,1,15.58,19.695,94,12.998,False,True,False,False,False,False,True,False,8,2,4,0,164
0,1,15.58,19.695,94,15.0013,False,True,False,False,False,True,False,False,9,2,4,0,65
0,1,16.4,20.455,87,12.998,False,True,False,False,False,True,False,False,10,2,4,0,46
0,1,17.22,21.21,82,12.998,False,True,False,False,False,True,False,False,11,2,4,0,61
0,1,17.22,21.21,82,16.9979,False,True,False,False,False,False,True,False,12,2,4,0,95
0,1,18.04,21.97,77,12.998,False,True,False,False,False,True,False,False,13,2,4,0,61
0,1,17.22,21.21,77,16.9979,False,True,False,False,False,True,False,False,14,2,4,0,106
0,1,18.04,21.97,72,19.0012,False,True,False,False,False,True,False,False,15,2,4,0,81
0,1,18.86,22.725,67,19.0012,False,True,False,False,True,False,False,False,16,2,4,0,142
0,1,18.86,22.725,67,19.9995,False,True,False,False,True,False,False,False,17,2,4,0,309
0,1,18.04,21.97,62,26.0027,False,True,False,False,True,False,False,False,18,2,4,0,321
0,1,18.04,21.97,62,16.9979,False,True,False,False,True,False,False,False,19,2,4,0,175
0,1,18.04,21.97,62,16.9979,False,True,False,False,True,False,False,False,20,2,4,0,126
0,1,17.22,21.21,67,11.0014,False,True,False,False,True,False,False,False,21,2,4,0,117
0,1,17.22,21.21,67,12.998,False,True,False,False,True,False,False,False,22,2,4,0,99
0,1,16.4,20.455,71,8.9981,False,True,False,False,True,False,False,False,23,2,4,0,62
0,1,15.58,19.695,76,8.9981,False,True,False,False,True,False,False,False,0,3,4,0,21
0,1,15.58,19.695,76,15.0013,False,True,False,False,True,False,False,False,1,3,4,0,10
0,1,14.76,17.425,76,8.9981,False,True,False,False,True,False,False,False,2,3,4,0,3
0,1,13.94,16.665,81,8.9981,False,True,False,False,True,False,False,False,3,3,4,0,2
0,1,13.94,18.18,76,0.0,False,True,False,False,True,False,False,False,4,3,4,0,9
0,1,13.94,17.425,76,6.0032,False,True,False,False,True,False,False,False,5,3,4,0,14
0,1,13.94,17.425,76,7.0015,False,True,False,False,True,False,False,False,6,3,4,0,70
0,1,15.58,19.695,66,0.0,False,True,False,False,True,False,False,False,7,3,4,0,193
0,1,17.22,21.21,58,11.0014,False,True,False,False,True,False,False,False,8,3,4,0,337
0,1,18.86,22.725,51,8.9981,False,True,False,False,True,False,False,False,9,3,4,0,170
0,1,20.5,24.24,51,12.998,False,True,False,False,True,False,False,False,10,3,4,0,89
0,1,21.32,25.0,45,11.0014,False,True,False,False,True,False,False,False,11,3,4,0,115
0,1,22.14,25.76,42,8.9981,False,True,False,False,True,False,False,False,12,3,4,0,145
0,1,22.96,26.515,37,15.0013,False,True,False,False,True,False,False,False,13,3,4,0,159
0,1,22.96,26.515,35,6.0032,False,True,False,False,True,False,False,False,14,3,4,0,137
0,1,24.6,31.06,31,6.0032,False,True,False,False,True,False,False,False,15,3,4,0,142
0,1,24.6,30.305,26,7.0015,False,True,False,False,True,False,False,False,16,3,4,0,202
0,1,24.6,30.305,28,0.0,False,True,False,False,True,False,False,False,17,3,4,0,388
0,1,22.96,26.515,30,0.0,False,True,False,False,True,False,False,False,18,3,4,0,337
0,1,22.14,25.76,32,0.0,False,True,False,False,True,False,False,False,19,3,4,0,259
0,1,20.5,24.24,51,12.998,False,True,False,False,True,False,False,False,20,3,4,0,169
0,1,18.86,22.725,63,8.9981,False,True,False,False,True,False,False,False,21,3,4,0,145
0,1,19.68,23.485,55,7.0015,False,True,False,False,True,False,False,False,22,3,4,0,104
0,1,18.86,22.725,59,7.0015,False,True,False,False,True,False,False,False,23,3,4,0,47
1,0,18.04,21.97,67,0.0,False,True,False,False,True,False,False,False,0,4,4,0,27
1,0,18.04,21.97,62,0.0,False,True,False,False,True,False,False,False,1,4,4,0,15
1,0,16.4,20.455,76,0.0,False,True,False,False,True,False,False,False,2,4,4,0,18
1,0,16.4,20.455,76,0.0,False,True,False,False,True,False,False,False,3,4,4,0,3
1,0,15.58,19.695,82,6.0032,False,True,False,False,True,False,False,False,4,4,4,0,3
1,0,14.76,18.18,81,7.0015,False,True,False,False,True,False,False,False,5,4,4,0,13
1,0,14.76,18.18,81,6.0032,False,True,False,False,True,False,False,False,6,4,4,0,47
1,0,16.4,20.455,71,11.0014,False,True,False,False,True,False,False,False,7,4,4,0,149
1,0,18.04,21.97,62,19.9995,False,True,False,False,True,False,False,False,8,4,4,0,300
1,0,20.5,24.24,55,12.998,False,True,False,False,True,False,False,False,9,4,4,0,178
1,0,20.5,24.24,55,12.998,False,True,False,False,True,False,False,False,10,4,4,0,122
1,0,21.32,25.0,55,12.998,False,True,False,False,True,False,False,False,11,4,4,0,136
1,0,21.32,25.0,55,19.0012,False,True,False,False,True,False,False,False,12,4,4,0,200
1,0,22.14,25.76,52,16.9979,False,True,False,False,True,False,False,False,13,4,4,0,180
1,0,22.14,25.76,52,16.9979,False,True,False,False,True,False,False,False,14,4,4,0,163
1,0,22.14,25.76,52,30.0026,False,True,False,False,True,False,False,False,15,4,4,0,162
1,0,21.32,25.0,55,32.9975,False,True,False,False,True,False,False,False,16,4,4,0,243
1,0,20.5,24.24,63,26.0027,False,True,False,False,False,True,False,False,17,4,4,0,331
1,0,18.86,22.725,67,26.0027,False,True,False,False,False,True,False,False,18,4,4,0,263
1,0,17.22,21.21,77,26.0027,False,True,False,False,True,False,False,False,19,4,4,0,209
1,0,16.4,20.455,76,22.0028,False,True,False,False,False,True,False,False,20,4,4,0,118
1,0,16.4,20.455,76,19.9995,False,True,False,False,False,True,False,False,21,4,4,0,102
1,0,15.58,19.695,82,26.0027,False,True,False,False,False,True,False,False,22,4,4,0,80
1,0,14.76,17.425,81,12.998,False,True,False,False,False,True,False,False,23,4,4,0,64
0,0,14.76,17.425,81,15.0013,False,True,False,False,False,True,False,False,0,5,4,0,43
0,0,14.76,16.665,87,19.0012,False,True,False,False,False,True,False,False,1,5,4,0,33
0,0,14.76,17.425,87,8.9981,False,True,False,False,False,True,False,False,2,5,4,0,24
0,0,14.76,17.425,87,11.0014,False,True,False,False,False,True,False,False,3,5,4,0,14
0,0,14.76,17.425,87,15.0013,False,True,False,False,False,True,False,False,4,5,4,0,5
0,0,15.58,19.695,87,19.0012,False,True,False,False,False,True,False,False,5,5,4,0,4
0,0,16.4,20.455,82,22.0028,False,True,False,False,False,False,True,False,6,5,4,0,10
0,0,16.4,20.455,82,27.9993,False,True,False,False,False,True,False,False,7,5,4,0,21
0,0,16.4,20.455,87,23.9994,False,True,False,False,False,False,True,False,8,5,4,0,45
0,0,16.4,20.455,100,19.9995,False,True,False,False,False,False,True,False,9,5,4,0,29
0,0,17.22,21.21,94,26.0027,False,True,False,False,False,False,True,False,10,5,4,0,22
0,0,17.22,21.21,94,30.0026,False,True,False,False,False,False,True,False,11,5,4,0,31
0,0,18.86,22.725,88,39.0007,False,True,False,False,False,True,False,False,12,5,4,0,32
0,0,18.86,22.725,94,35.0008,False,True,False,False,False,False,True,False,13,5,4,0,58
0,0,21.32,25.0,83,39.0007,False,True,False,False,False,False,True,False,14,5,4,0,63
0,0,21.32,25.0,83,39.0007,False,True,False,False,False,False,True,False,15,5,4,0,78
0,0,20.5,24.24,88,31.0009,False,True,False,False,False,False,True,False,16,5,4,0,33
0,0,20.5,24.24,88,39.0007,False,True,False,False,False,False,True,False,17,5,4,0,15
0,0,20.5,24.24,94,26.0027,False,True,False,False,False,True,False,False,18,5,4,0,38
0,0,21.32,25.0,94,27.9993,False,True,False,False,False,True,False,False,19,5,4,0,71
0,0,18.04,21.97,94,15.0013,False,True,False,False,False,False,True,False,20,5,4,0,53
0,0,18.04,21.97,94,0.0,False,True,False,False,False,True,False,False,21,5,4,0,14
0,0,17.22,21.21,100,0.0,False,True,False,False,False,False,True,False,22,5,4,0,24
0,0,18.04,21.97,77,19.0012,False,True,False,False,False,True,False,False,23,5,4,0,35
0,0,18.04,21.97,77,19.0012,False,True,False,False,False,True,False,False,0,6,4,0,33
0,0,17.22,21.21,67,15.0013,False,True,False,False,True,False,False,False,1,6,4,0,31
0,0,16.4,20.455,62,12.998,False,True,False,False,True,False,False,False,2,6,4,0,29
0,0,16.4,20.455,66,8.9981,False,True,False,False,True,False,False,False,3,6,4,0,25
0,0,14.76,18.18,76,7.0015,False,True,False,False,True,False,False,False,4,6,4,0,7
0,0,14.76,17.425,71,11.0014,False,True,False,False,True,False,False,False,5,6,4,0,3
0,0,14.76,15.91,66,30.0026,False,True,False,False,True,False,False,False,6,6,4,0,8
0,0,14.76,16.665,50,23.9994,False,True,False,False,True,False,False,False,7,6,4,0,16
0,0,15.58,19.695,46,26.0027,False,True,False,False,True,False,False,False,8,6,4,0,43
0,0,16.4,20.455,43,19.0012,False,True,False,False,True,False,False,False,9,6,4,0,102
0,0,17.22,21.21,44,30.0026,False,True,False,False,True,False,False,False,10,6,4,0,211
0,0,18.86,22.725,41,27.9993,False,True,False,False,True,False,False,False,11,6,4,0,304
0,0,18.86,22.725,38,26.0027,False,True,False,False,True,False,False,False,12,6,4,0,354
0,0,20.5,24.24,34,26.0027,False,True,False,False,True,False,False,False,13,6,4,0,343
0,0,21.32,25.0,34,26.0027,False,True,False,False,True,False,False,False,14,6,4,0,361
0,0,22.14,25.76,32,35.0008,False,True,False,False,True,False,False,False,15,6,4,0,388
0,0,22.14,25.76,30,23.9994,False,True,False,False,True,False,False,False,16,6,4,0,343
0,0,22.96,26.515,30,30.0026,False,True,False,False,True,False,False,False,17,6,4,0,306
0,0,22.96,26.515,30,26.0027,False,True,False,False,True,False,False,False,18,6,4,0,277
0,0,22.96,26.515,30,19.9995,False,True,False,False,True,False,False,False,19,6,4,0,210
0,0,21.32,25.0,36,12.998,False,True,False,False,True,False,False,False,20,6,4,0,141
0,0,20.5,24.24,42,12.998,False,True,False,False,True,False,False,False,21,6,4,0,83
0,0,20.5,24.24,39,7.0015,False,True,False,False,True,False,False,False,22,6,4,0,70
0,0,18.04,21.97,67,11.0014,False,True,False,False,True,False,False,False,23,6,4,0,56
0,1,18.86,22.725,47,6.0032,False,True,False,False,True,False,False,False,0,0,4,0,39
0,1,18.86,22.725,47,8.9981,False,True,False,False,True,False,False,False,1,0,4,0,19
0,1,17.22,21.21,67,7.0015,False,True,False,False,True,False,False,False,2,0,4,0,16
0,1,17.22,21.21,62,7.0015,False,True,False,False,True,False,False,False,3,0,4,0,7
0,1,16.4,20.455,87,11.0014,False,True,False,False,True,False,False,False,4,0,4,0,6
0,1,16.4,20.455,76,6.0032,False,True,False,False,True,False,False,False,5,0,4,0,16
0,1,16.4,20.455,82,0.0,False,True,False,False,True,False,False,False,6,0,4,0,54
0,1,18.86,22.725,63,0.0,False,True,False,False,True,False,False,False,7,0,4,0,168
0,1,18.86,22.725,63,0.0,False,True,False,False,True,False,False,False,8,0,4,0,297
0,1,20.5,24.24,55,7.0015,False,True,False,False,False,True,False,False,9,0,4,0,169
0,1,21.32,25.0,55,7.0015,False,True,False,False,False,True,False,False,10,0,4,0,109
0,1,22.14,25.76,52,6.0032,False,True,False,False,False,True,False,False,11,0,4,0,123
0,1,22.96,26.515,49,6.0032,False,True,False,False,False,True,False,False,12,0,4,0,184
0,1,22.96,26.515,49,11.0014,False,True,False,False,False,True,False,False,13,0,4,0,169
0,1,23.78,27.275,49,12.998,False,True,False,False,False,True,False,False,14,0,4,0,144
0,1,24.6,31.06,43,12.998,False,True,False,False,False,True,False,False,15,0,4,0,176
0,1,24.6,31.06,46,19.0012,False,True,False,False,True,False,False,False,16,0,4,0,205
0,1,23.78,27.275,49,19.0012,False,True,False,False,True,False,False,False,17,0,4,0,428
0,1,26.24,31.06,31,23.9994,False,True,False,False,True,False,False,False,18,0,4,0,362
0,1,22.96,26.515,46,16.9979,False,True,False,False,True,False,False,False,19,0,4,0,286
0,1,24.6,31.06,33,19.9995,False,True,False,False,True,False,False,False,20,0,4,0,165
0,1,22.96,26.515,37,19.0012,False,True,False,False,True,False,False,False,21,0,4,0,151
0,1,21.32,25.0,55,19.0012,False,True,False,False,True,False,False,False,22,0,4,0,90
0,1,20.5,24.24,59,16.9979,False,True,False,False,True,False,False,False,23,0,4,0,46
0,1,20.5,24.24,55,15.0013,False,True,False,False,True,False,False,False,0,1,4,0,25
0,1,18.86,22.725,63,15.0013,False,True,False,False,True,False,False,False,1,1,4,0,7
0,1,18.86,22.725,67,19.0012,False,True,False,False,True,False,False,False,2,1,4,0,13
0,1,19.68,23.485,63,15.0013,False,True,False,False,True,False,False,False,3,1,4,0,3
0,1,18.86,22.725,67,6.0032,False,True,False,False,True,False,False,False,4,1,4,0,5
0,1,18.86,22.725,72,12.998,False,True,False,False,False,True,False,False,5,1,4,0,18
0,1,19.68,23.485,67,0.0,False,True,False,False,False,True,False,False,6,1,4,0,65
0,1,21.32,25.0,55,0.0,False,True,False,False,False,True,False,False,7,1,4,0,188
0,1,20.5,24.24,68,8.9981,False,True,False,False,False,True,False,False,8,1,4,0,351
0,1,21.32,25.0,63,6.0032,False,True,False,False,False,False,True,False,9,1,4,0,162
0,1,20.5,24.24,72,15.0013,False,True,False,False,False,True,False,False,10,1,4,0,75
0,1,22.14,25.76,68,11.0014,False,True,False,False,False,True,False,False,11,1,4,0,72
0,1,22.14,25.76,64,6.0032,False,True,False,False,False,True,False,False,12,1,4,0,103
0,1,22.14,25.76,68,15.0013,False,True,False,False,False,True,False,False,13,1,4,0,129
0,1,22.14,25.76,64,12.998,False,True,False,False,False,True,False,False,14,1,4,0,107
0,1,22.14,25.76,65,11.0014,False,True,False,False,False,True,False,False,15,1,4,0,127
0,1,22.96,26.515,52,19.9995,False,True,False,False,True,False,False,False,16,1,4,0,192
0,1,22.96,26.515,60,7.0015,False,True,False,False,True,False,False,False,17,1,4,0,411
0,1,22.14,25.76,64,8.9981,False,True,False,False,False,True,False,False,18,1,4,0,421
0,1,20.5,24.24,72,12.998,False,True,False,False,False,True,False,False,19,1,4,0,276
0,1,20.5,24.24,72,15.0013,False,True,False,False,False,True,False,False,20,1,4,0,168
0,1,20.5,24.24,72,8.9981,False,True,False,False,False,True,False,False,21,1,4,0,122
0,1,19.68,23.485,77,6.0032,False,True,False,False,True,False,False,False,22,1,4,0,112
0,1,18.86,22.725,88,6.0032,False,True,False,False,True,False,False,False,23,1,4,0,52
0,0,17.22,21.21,67,6.0032,False,True,False,False,True,False,False,False,0,6,5,0,96
0,0,17.22,21.21,69,7.0015,False,True,False,False,True,False,False,False,1,6,5,0,59
0,0,17.22,21.21,77,7.0015,False,True,False,False,True,False,False,False,2,6,5,0,50
0,0,16.4,20.455,82,7.0015,False,True,False,False,True,False,False,False,3,6,5,0,23
0,0,16.4,20.455,76,7.0015,False,True,False,False,True,False,False,False,4,6,5,0,17
0,0,16.4,20.455,82,6.0032,False,True,False,False,True,False,False,False,5,6,5,0,10
0,0,16.4,20.455,82,6.0032,False,True,False,False,False,True,False,False,6,6,5,0,13
0,0,17.22,21.21,77,6.0032,False,True,False,False,False,True,False,False,7,6,5,0,33
0,0,18.04,21.97,77,8.9981,False,True,False,False,False,True,False,False,8,6,5,0,59
0,0,18.86,22.725,72,8.9981,False,True,False,False,False,True,False,False,9,6,5,0,141
0,0,19.68,23.485,63,12.998,False,True,False,False,False,True,False,False,10,6,5,0,264
0,0,18.86,22.725,82,7.0015,False,True,False,False,True,False,False,False,11,6,5,0,250
0,0,19.68,23.485,77,7.0015,False,True,False,False,False,True,False,False,12,6,5,0,281
0,0,20.5,24.24,63,11.0014,False,True,False,False,False,True,False,False,13,6,5,0,332
0,0,20.5,24.24,68,7.0015,False,True,False,False,False,True,False,False,14,6,5,0,238
0,0,20.5,24.24,72,0.0,False,True,False,False,False,True,False,False,15,6,5,0,266
0,0,20.5,24.24,72,12.998,False,True,False,False,False,True,False,False,16,6,5,0,214
0,0,19.68,23.485,82,16.9979,False,True,False,False,False,True,False,False,17,6,5,0,196
0,0,18.86,22.725,82,6.0032,False,True,False,False,False,True,False,False,18,6,5,0,159
0,0,18.86,22.725,84,7.0015,False,True,False,False,False,True,False,False,19,6,5,0,178
0,0,18.86,22.725,82,0.0,False,True,False,False,False,True,False,False,20,6,5,0,121
0,0,18.86,22.725,82,0.0,False,True,False,False,False,True,False,False,21,6,5,0,105
0,0,18.86,22.725,82,0.0,False,True,False,False,False,True,False,False,22,6,5,0,100
0,0,18.86,22.725,77,12.998,False,True,False,False,True,False,False,False,23,6,5,0,146
0,1,18.86,22.725,72,8.9981,False,True,False,False,True,False,False,False,0,0,5,0,177
0,1,18.86,22.725,72,8.9981,False,True,False,False,True,False,False,False,1,0,5,0,114
0,1,18.04,21.97,77,15.0013,False,True,False,False,False,True,False,False,2,0,5,0,35
0,1,18.04,21.97,77,8.9981,False,True,False,False,True,False,False,False,3,0,5,0,16
0,1,18.04,21.97,77,11.0014,False,True,False,False,True,False,False,False,4,0,5,0,17
0,1,18.04,21.97,77,8.9981,False,True,False,False,False,True,False,False,5,0,5,0,20
0,1,18.04,21.97,88,7.0015,False,True,False,False,True,False,False,False,6,0,5,0,62
0,1,18.86,22.725,82,22.0028,False,True,False,False,False,True,False,False,7,0,5,0,209
0,1,19.68,23.485,77,15.0013,False,True,False,False,False,True,False,False,8,0,5,0,371
0,1,20.5,24.24,77,19.0012,False,True,False,False,False,True,False,False,9,0,5,0,172
0,1,22.14,25.76,77,15.0013,False,True,False,False,False,True,False,False,10,0,5,0,108
0,1,23.78,27.275,73,19.9995,False,True,False,False,True,False,False,False,11,0,5,0,130
0,1,25.42,30.305,69,15.0013,False,True,False,False,True,False,False,False,12,0,5,0,187
0,1,25.42,30.305,69,12.998,False,True,False,False,False,True,False,False,13,0,5,0,170
0,1,26.24,30.305,69,15.0013,False,True,False,False,True,False,False,False,14,0,5,0,181
0,1,27.06,31.06,61,12.998,False,True,False,False,True,False,False,False,15,0,5,0,155
0,1,27.06,31.06,61,15.0013,False,True,False,False,True,False,False,False,16,0,5,0,269
0,1,27.06,31.06,65,12.998,False,True,False,False,True,False,False,False,17,0,5,0,537
0,1,26.24,30.305,65,12.998,False,True,False,False,False,True,False,False,18,0,5,0,518
0,1,25.42,30.305,69,8.9981,False,True,False,False,False,True,False,False,19,0,5,0,314
0,1,25.42,30.305,69,8.9981,False,True,False,False,False,True,False,False,20,0,5,0,218
0,1,24.6,29.545,73,7.0015,False,True,False,False,False,True,False,False,21,0,5,0,232
0,1,24.6,29.545,73,0.0,False,True,False,False,False,True,False,False,22,0,5,0,125
0,1,22.96,26.515,83,12.998,False,True,False,False,False,True,False,False,23,0,5,0,64
0,1,22.96,26.515,83,15.0013,False,True,False,False,False,True,False,False,0,1,5,0,16
0,1,22.96,26.515,78,16.9979,False,True,False,False,False,True,False,False,1,1,5,0,14
0,1,22.96,26.515,78,16.9979,False,True,False,False,False,True,False,False,2,1,5,0,5
0,1,22.14,25.76,83,19.0012,False,True,False,False,True,False,False,False,3,1,5,0,2
0,1,21.32,25.0,88,15.0013,False,True,False,False,True,False,False,False,4,1,5,0,4
0,1,21.32,25.0,88,8.9981,False,True,False,False,True,False,False,False,5,1,5,0,14
0,1,21.32,25.0,94,11.0014,False,True,False,False,False,True,False,False,6,1,5,0,109
0,1,22.14,25.76,88,15.0013,False,True,False,False,False,True,False,False,7,1,5,0,265
0,1,22.96,26.515,83,19.0012,False,True,False,False,False,True,False,False,8,1,5,0,459
0,1,24.6,28.79,78,23.9994,False,True,False,False,False,True,False,False,9,1,5,0,186
0,1,26.24,30.305,69,23.9994,False,True,False,False,False,True,False,False,10,1,5,0,127
0,1,27.06,31.06,65,22.0028,False,True,False,False,False,True,False,False,11,1,5,0,140
0,1,27.88,31.82,61,32.9975,False,True,False,False,False,True,False,False,12,1,5,0,217
0,1,28.7,32.575,58,40.9973,False,True,False,False,False,True,False,False,13,1,5,0,194
0,1,28.7,32.575,58,35.0008,False,True,False,False,False,True,False,False,14,1,5,0,158
0,1,28.7,32.575,58,30.0026,False,True,False,False,False,True,False,False,15,1,5,0,154
0,1,29.52,33.335,54,31.0009,False,True,False,False,True,False,False,False,16,1,5,0,271
0,1,28.7,32.575,54,31.0009,False,True,False,False,True,False,False,False,17,1,5,0,517
0,1,28.7,32.575,48,27.9993,False,True,False,False,True,False,False,False,18,1,5,0,544
0,1,27.88,31.82,57,23.9994,False,True,False,False,True,False,False,False,19,1,5,0,365
0,1,27.06,31.06,61,12.998,False,True,False,False,True,False,False,False,20,1,5,0,290
0,1,26.24,31.06,61,30.0026,False,True,False,False,False,True,False,False,21,1,5,0,225
0,1,23.78,27.275,60,26.0027,False,True,False,False,False,True,False,False,22,1,5,0,113
0,1,22.96,26.515,68,22.0028,False,True,False,False,False,True,False,False,23,1,5,0,62
0,1,21.32,25.0,77,11.0014,False,True,False,False,False,False,True,False,0,2,5,0,27
0,1,20.5,24.24,82,19.0012,False,True,False,False,False,False,True,False,1,2,5,0,7
0,1,20.5,24.24,82,19.0012,False,True,False,False,False,False,True,False,2,2,5,0,4
0,1,17.22,21.21,88,35.0008,False,True,False,False,False,False,True,False,3,2,5,0,1
0,1,15.58,19.695,94,22.0028,False,True,False,False,False,False,True,False,4,2,5,0,3
0,1,14.76,16.665,87,22.0028,False,True,False,False,False,False,True,False,5,2,5,0,9
0,1,13.94,15.15,93,26.0027,False,True,False,False,False,False,True,False,6,2,5,0,21
0,1,13.94,15.15,93,23.9994,False,True,False,False,False,False,True,False,7,2,5,0,52
0,1,13.94,15.15,93,26.0027,False,True,False,False,False,False,True,False,8,2,5,0,79
0,1,13.94,15.15,93,23.9994,False,True,False,False,False,False,True,False,9,2,5,0,40
0,1,13.94,15.91,93,19.0012,False,True,False,False,False,True,False,False,10,2,5,0,31
0,1,16.4,20.455,82,22.0028,False,True,False,False,True,False,False,False,11,2,5,0,72
0,1,18.04,21.97,62,23.9994,False,True,False,False,False,True,False,False,12,2,5,0,124
0,1,18.86,22.725,59,30.0026,False,True,False,False,False,True,False,False,13,2,5,0,143
0,1,20.5,24.24,51,26.0027,False,True,False,False,True,False,False,False,14,2,5,0,107
0,1,19.68,23.485,51,27.9993,False,True,False,False,True,False,False,False,15,2,5,0,129
0,1,20.5,24.24,45,31.0009,False,True,False,False,True,False,False,False,16,2,5,0,195
0,1,16.4,20.455,71,16.9979,False,True,False,False,True,False,False,False,17,2,5,0,410
0,1,17.22,21.21,67,16.9979,False,True,False,False,True,False,False,False,18,2,5,0,396
0,1,17.22,21.21,58,23.9994,False,True,False,False,True,False,False,False,19,2,5,0,296
0,1,16.4,20.455,62,22.0028,False,True,False,False,True,False,False,False,20,2,5,0,191
0,1,16.4,20.455,62,11.0014,False,True,False,False,True,False,False,False,21,2,5,0,150
0,1,15.58,19.695,62,15.0013,False,True,False,False,True,False,False,False,22,2,5,0,89
0,1,14.76,17.425,62,15.0013,False,True,False,False,True,False,False,False,23,2,5,0,57
0,1,14.76,17.425,66,12.998,False,True,False,False,True,False,False,False,0,3,5,0,27
0,1,13.94,16.665,71,12.998,False,True,False,False,True,False,False,False,1,3,5,0,10
0,1,13.94,15.91,66,15.0013,False,True,False,False,True,False,False,False,2,3,5,0,5
0,1,13.94,15.91,66,16.9979,False,True,False,False,True,False,False,False,3,3,5,0,4
0,1,13.94,15.91,66,16.9979,False,True,False,False,True,False,False,False,4,3,5,0,7
0,1,13.94,15.91,66,16.9979,False,True,False,False,True,False,False,False,5,3,5,0,30
0,1,13.94,15.91,66,16.9979,False,True,False,False,True,False,False,False,6,3,5,0,89
0,1,15.58,19.695,58,16.9979,False,True,False,False,True,False,False,False,7,3,5,0,271
0,1,17.22,21.21,50,16.9979,False,True,False,False,True,False,False,False,8,3,5,0,440
0,1,18.86,22.725,44,19.0012,False,True,False,False,True,False,False,False,9,3,5,0,184
0,1,20.5,24.24,39,19.0012,False,True,False,False,True,False,False,False,10,3,5,0,128
0,1,21.32,25.0,36,30.0026,False,True,False,False,True,False,False,False,11,3,5,0,148
0,1,21.32,25.0,34,23.9994,False,True,False,False,True,False,False,False,12,3,5,0,196
0,1,22.14,25.76,30,39.0007,False,True,False,False,True,False,False,False,13,3,5,0,192
0,1,22.14,25.76,28,30.0026,False,True,False,False,True,False,False,False,14,3,5,0,154
0,1,22.96,26.515,26,32.9975,False,True,False,False,True,False,False,False,15,3,5,0,147
0,1,23.78,27.275,24,27.9993,False,True,False,False,True,False,False,False,16,3,5,0,269
0,1,22.96,26.515,26,26.0027,False,True,False,False,True,False,False,False,17,3,5,0,533
0,1,22.96,26.515,26,19.0012,False,True,False,False,True,False,False,False,18,3,5,0,520
0,1,22.14,25.76,28,15.0013,False,True,False,False,True,False,False,False,19,3,5,0,361
0,1,20.5,24.24,34,11.0014,False,True,False,False,True,False,False,False,20,3,5,0,258
0,1,20.5,24.24,36,12.998,False,True,False,False,True,False,False,False,21,3,5,0,180
0,1,19.68,23.485,39,12.998,False,True,False,False,True,False,False,False,22,3,5,0,165
0,1,18.86,22.725,41,12.998,False,True,False,False,True,False,False,False,23,3,5,0,115
0,1,18.04,21.97,44,11.0014,False,True,False,False,True,False,False,False,0,4,5,0,56
0,1,16.4,20.455,62,11.0014,False,True,False,False,True,False,False,False,1,4,5,0,32
0,1,15.58,19.695,62,7.0015,False,True,False,False,True,False,False,False,2,4,5,0,16
0,1,14.76,18.18,71,7.0015,False,True,False,False,True,False,False,False,3,4,5,0,9
0,1,14.76,18.18,71,7.0015,False,True,False,False,True,False,False,False,4,4,5,0,1
0,1,13.94,17.425,81,7.0015,False,True,False,False,True,False,False,False,5,4,5,0,16
0,1,14.76,18.18,81,6.0032,False,True,False,False,True,False,False,False,6,4,5,0,82
0,1,16.4,20.455,82,0.0,False,True,False,False,True,False,False,False,7,4,5,0,222
0,1,17.22,21.21,77,16.9979,False,True,False,False,True,False,False,False,8,4,5,0,450
0,1,18.86,22.725,67,19.0012,False,True,False,False,True,False,False,False,9,4,5,0,188
0,1,22.14,25.76,49,22.0028,False,True,False,False,False,True,False,False,10,4,5,0,127
0,1,22.14,25.76,49,22.0028,False,True,False,False,False,True,False,False,11,4,5,0,165
0,1,22.96,26.515,49,23.9994,False,True,False,False,True,False,False,False,12,4,5,0,246
0,1,23.78,27.275,40,22.0028,False,True,False,False,True,False,False,False,13,4,5,0,253
0,1,24.6,31.06,40,30.0026,False,True,False,False,True,False,False,False,14,4,5,0,213
0,1,24.6,31.06,38,26.0027,False,True,False,False,True,False,False,False,15,4,5,0,260
0,1,24.6,31.06,40,16.9979,False,True,False,False,True,False,False,False,16,4,5,0,344
0,1,23.78,27.275,40,23.9994,False,True,False,False,True,False,False,False,17,4,5,0,553
0,1,22.14,25.76,52,23.9994,False,True,False,False,False,False,True,False,18,4,5,0,470
0,1,22.14,25.76,52,23.9994,False,True,False,False,False,False,True,False,19,4,5,0,292
0,1,21.32,25.0,48,7.0015,False,True,False,False,True,False,False,False,20,4,5,0,190
0,1,19.68,23.485,67,8.9981,False,True,False,False,True,False,False,False,21,4,5,0,152
0,1,18.86,22.725,72,15.0013,False,True,False,False,True,False,False,False,22,4,5,0,151
0,1,18.04,21.97,82,8.9981,False,True,False,False,True,False,False,False,23,4,5,0,120
0,0,17.22,21.21,82,8.9981,False,True,False,False,True,False,False,False,0,5,5,0,86
0,0,17.22,21.21,82,7.0015,False,True,False,False,True,False,False,False,1,5,5,0,58
0,0,17.22,21.21,82,6.0032,False,True,False,False,True,False,False,False,2,5,5,0,52
0,0,17.22,21.21,77,6.0032,False,True,False,False,True,False,False,False,3,5,5,0,18
0,0,16.4,20.455,82,7.0015,False,True,False,False,True,False,False,False,4,5,5,0,5
0,0,18.86,22.725,59,8.9981,False,True,False,False,True,False,False,False,5,5,5,0,7
0,0,17.22,21.21,77,6.0032,False,True,False,False,True,False,False,False,6,5,5,0,13
0,0,19.68,23.485,59,0.0,False,True,False,False,True,False,False,False,7,5,5,0,40
0,0,21.32,25.0,52,12.998,False,True,False,False,True,False,False,False,8,5,5,0,115
0,0,22.14,25.76,49,19.0012,False,True,False,False,True,False,False,False,9,5,5,0,218
0,0,22.96,26.515,49,19.9995,False,True,False,False,True,False,False,False,10,5,5,0,298
0,0,22.96,26.515,43,0.0,False,True,False,False,True,False,False,False,11,5,5,0,347
0,0,24.6,31.06,40,12.998,False,True,False,False,True,False,False,False,12,5,5,0,373
0,0,24.6,31.06,35,19.0012,False,True,False,False,True,False,False,False,13,5,5,0,436
0,0,24.6,31.06,35,11.0014,False,True,False,False,False,False,True,False,14,5,5,0,378
0,0,24.6,31.06,38,16.9979,False,True,False,False,True,False,False,False,15,5,5,0,378
0,0,24.6,31.06,38,12.998,False,True,False,False,True,False,False,False,16,5,5,0,342
0,0,23.78,27.275,40,15.0013,False,True,False,False,True,False,False,False,17,5,5,0,354
0,0,23.78,27.275,37,11.0014,False,True,False,False,True,False,False,False,18,5,5,0,289
0,0,22.96,26.515,43,12.998,False,True,False,False,True,False,False,False,19,5,5,0,267
0,0,22.96,26.515,43,8.9981,False,True,False,False,True,False,False,False,20,5,5,0,219
0,0,22.14,25.76,49,15.0013,False,True,False,False,True,False,False,False,21,5,5,0,182
0,0,22.14,25.76,49,12.998,False,True,False,False,True,False,False,False,22,5,5,0,120
0,0,20.5,24.24,59,7.0015,False,True,False,False,True,False,False,False,23,5,5,0,119
0,0,20.5,24.24,59,7.0015,False,True,False,False,False,True,False,False,0,6,5,0,100
0,0,21.32,25.0,55,0.0,False,True,False,False,False,True,False,False,1,6,5,0,64
0,0,19.68,23.485,63,0.0,False,True,False,False,True,False,False,False,2,6,5,0,59
0,0,18.86,22.725,72,6.0032,False,True,False,False,True,False,False,False,3,6,5,0,31
0,0,17.22,21.21,82,0.0,False,True,False,False,True,False,False,False,4,6,5,0,10
0,0,18.04,21.97,77,0.0,False,True,False,False,False,True,False,False,5,6,5,0,5
0,0,18.04,21.97,82,0.0,False,True,False,False,False,True,False,False,6,6,5,0,6
0,0,18.86,22.725,82,0.0,False,True,False,False,False,True,False,False,7,6,5,0,23
0,0,21.32,25.0,63,8.9981,False,True,False,False,True,False,False,False,8,6,5,0,86
0,0,22.96,26.515,52,15.0013,False,True,False,False,True,False,False,False,9,6,5,0,160
0,0,23.78,27.275,49,8.9981,False,True,False,False,True,False,False,False,10,6,5,0,244
0,0,23.78,27.275,49,6.0032,False,True,False,False,True,False,False,False,11,6,5,0,340
0,0,24.6,31.06,46,6.0032,False,True,False,False,True,False,False,False,12,6,5,0,382
0,0,24.6,31.06,49,8.9981,False,True,False,False,True,False,False,False,13,6,5,0,390
0,0,24.6,31.06,49,0.0,False,True,False,False,True,False,False,False,14,6,5,0,366
0,0,24.6,31.06,49,0.0,False,True,False,False,True,False,False,False,15,6,5,0,358
0,0,24.6,31.06,46,7.0015,False,True,False,False,True,False,False,False,16,6,5,0,385
0,0,23.78,27.275,49,19.0012,False,True,False,False,False,False,True,False,17,6,5,0,351
0,0,23.78,27.275,49,0.0,False,True,False,False,True,False,False,False,18,6,5,0,268
0,0,22.96,26.515,64,0.0,False,True,False,False,True,False,False,False,19,6,5,0,239
0,0,21.32,25.0,77,8.9981,False,True,False,False,True,False,False,False,20,6,5,0,174
0,0,21.32,25.0,77,6.0032,False,True,False,False,True,False,False,False,21,6,5,0,127
0,0,20.5,24.24,88,6.0032,False,True,False,False,True,False,False,False,22,6,5,0,115
0,0,18.86,22.725,88,6.0032,False,True,False,False,True,False,False,False,23,6,5,0,50
0,1,18.86,22.725,82,6.0032,False,True,False,False,True,False,False,False,0,0,5,0,53
0,1,18.04,21.97,88,0.0,False,True,False,False,True,False,False,False,1,0,5,0,33
0,1,18.04,21.97,94,0.0,False,True,False,False,True,False,False,False,2,0,5,0,8
0,1,18.86,22.725,82,6.0032,False,True,False,False,True,False,False,False,3,0,5,0,7
0,1,17.22,21.21,82,11.0014,False,True,False,False,True,False,False,False,4,0,5,0,4
0,1,17.22,21.21,77,11.0014,False,True,False,False,True,False,False,False,5,0,5,0,23
0,1,18.04,21.97,72,16.9979,False,True,False,False,True,False,False,False,6,0,5,0,89
0,1,19.68,23.485,63,16.9979,False,True,False,False,True,False,False,False,7,0,5,0,237
0,1,21.32,25.0,55,15.0013,False,True,False,False,True,False,False,False,8,0,5,0,374
0,1,22.14,25.76,56,11.0014,False,True,False,False,True,False,False,False,9,0,5,0,178
0,1,22.96,26.515,52,12.998,False,True,False,False,True,False,False,False,10,0,5,0,119
0,1,24.6,31.06,46,15.0013,False,True,False,False,True,False,False,False,11,0,5,0,125
0,1,24.6,31.06,43,12.998,False,True,False,False,True,False,False,False,12,0,5,0,195
0,1,25.42,31.06,38,19.0012,False,True,False,False,True,False,False,False,13,0,5,0,174
0,1,25.42,31.06,41,15.0013,False,True,False,False,True,False,False,False,14,0,5,0,162
0,1,25.42,31.06,41,15.0013,False,True,False,False,True,False,False,False,15,0,5,0,199
0,1,26.24,31.06,38,15.0013,False,True,False,False,True,False,False,False,16,0,5,0,304
0,1,25.42,31.06,38,16.9979,False,True,False,False,True,False,False,False,17,0,5,0,598
0,1,25.42,31.06,38,19.9995,False,True,False,False,True,False,False,False,18,0,5,0,524
0,1,23.78,27.275,43,12.998,False,True,False,False,True,False,False,False,19,0,5,0,384
0,1,22.14,25.76,49,12.998,False,True,False,False,True,False,False,False,20,0,5,0,239
0,1,21.32,25.0,59,8.9981,False,True,False,False,True,False,False,False,21,0,5,0,156
0,1,21.32,25.0,68,6.0032,False,True,False,False,True,False,False,False,22,0,5,0,116
0,1,20.5,24.24,68,6.0032,False,True,False,False,True,False,False,False,23,0,5,0,61
0,1,19.68,23.485,63,0.0,False,True,False,False,True,False,False,False,0,1,5,0,18
0,1,18.86,22.725,59,6.0032,False,True,False,False,True,False,False,False,1,1,5,0,15
0,1,18.04,21.97,58,8.9981,False,True,False,False,True,False,False,False,2,1,5,0,5
0,1,18.04,21.97,54,12.998,False,True,False,False,True,False,False,False,3,1,5,0,4
0,1,17.22,21.21,62,16.9979,False,True,False,False,True,False,False,False,4,1,5,0,2
0,1,16.4,20.455,66,15.0013,False,True,False,False,True,False,False,False,5,1,5,0,29
0,1,17.22,21.21,67,8.9981,False,True,False,False,True,False,False,False,6,1,5,0,112
0,1,18.04,21.97,62,8.9981,False,True,False,False,False,True,False,False,7,1,5,0,314
0,1,20.5,24.24,51,7.0015,False,True,False,False,False,True,False,False,8,1,5,0,425
0,1,21.32,25.0,48,7.0015,False,True,False,False,False,True,False,False,9,1,5,0,205
0,1,22.96,26.515,37,6.0032,False,True,False,False,False,True,False,False,10,1,5,0,127
0,1,22.96,26.515,43,8.9981,False,True,False,False,False,True,False,False,11,1,5,0,125
0,1,24.6,31.06,38,0.0,False,True,False,False,False,True,False,False,12,1,5,0,217
0,1,25.42,31.06,38,16.9979,False,True,False,False,False,True,False,False,13,1,5,0,202
0,1,25.42,31.06,33,0.0,False,True,False,False,False,True,False,False,14,1,5,0,176
0,1,26.24,31.06,33,6.0032,False,True,False,False,False,True,False,False,15,1,5,0,180
0,1,27.06,31.06,31,7.0015,False,True,False,False,True,False,False,False,16,1,5,0,327
0,1,26.24,31.06,33,0.0,False,True,False,False,True,False,False,False,17,1,5,0,611
0,1,26.24,31.06,29,8.9981,False,True,False,False,True,False,False,False,18,1,5,0,550
0,1,24.6,31.06,43,15.0013,False,True,False,False,True,False,False,False,19,1,5,0,434
0,1,22.14,25.76,60,8.9981,False,True,False,False,True,False,False,False,20,1,5,0,291
0,1,22.14,25.76,52,0.0,False,True,False,False,True,False,False,False,21,1,5,0,203
0,1,21.32,25.0,55,7.0015,False,True,False,False,True,False,False,False,22,1,5,0,150
0,1,21.32,25.0,59,8.9981,False,True,False,False,False,True,False,False,23,1,5,0,81
0,1,21.32,25.0,55,8.9981,False,True,False,False,False,True,False,False,0,2,5,0,38
0,1,20.5,24.24,59,7.0015,False,True,False,False,False,True,False,False,1,2,5,0,20
0,1,21.32,25.0,59,0.0,False,True,False,False,True,False,False,False,2,2,5,0,10
0,1,20.5,24.24,63,15.0013,False,True,False,False,True,False,False,False,3,2,5,0,3
0,1,19.68,23.485,88,8.9981,False,True,False,False,False,True,False,False,4,2,5,0,2
0,1,18.86,22.725,88,8.9981,False,True,False,False,True,False,False,False,5,2,5,0,20
0,1,18.86,22.725,82,8.9981,False,True,False,False,True,False,False,False,6,2,5,0,99
0,1,19.68,23.485,72,12.998,False,True,False,False,True,False,False,False,7,2,5,0,318
0,1,19.68,23.485,77,16.9979,False,True,False,False,True,False,False,False,8,2,5,0,442
0,1,21.32,25.0,72,8.9981,False,True,False,False,True,False,False,False,9,2,5,0,203
0,1,22.14,25.76,68,6.0032,False,True,False,False,True,False,False,False,10,2,5,0,154
0,1,22.96,26.515,64,6.0032,False,True,False,False,True,False,False,False,11,2,5,0,141
0,1,24.6,31.06,56,0.0,False,True,False,False,True,False,False,False,12,2,5,0,226
0,1,25.42,31.06,50,0.0,False,True,False,False,True,False,False,False,13,2,5,0,193
0,1,25.42,31.06,53,6.0032,False,True,False,False,True,False,False,False,14,2,5,0,177
0,1,26.24,31.06,41,0.0,False,True,False,False,True,False,False,False,15,2,5,0,179
0,1,27.06,31.06,39,0.0,False,True,False,False,True,False,False,False,16,2,5,0,289
0,1,26.24,31.06,47,7.0015,False,True,False,False,True,False,False,False,17,2,5,0,259
0,1,25.42,31.06,50,19.9995,False,True,False,False,True,False,False,False,18,2,5,0,274
0,1,22.96,26.515,52,8.9981,False,True,False,False,True,False,False,False,19,2,5,0,401
0,1,22.14,25.76,64,8.9981,False,True,False,False,True,False,False,False,20,2,5,0,273
0,1,22.14,25.76,60,0.0,False,True,False,False,True,False,False,False,21,2,5,0,234
0,1,20.5,24.24,72,16.9979,False,True,False,False,True,False,False,False,22,2,5,0,146
0,1,18.86,22.725,88,16.9979,False,True,False,False,True,False,False,False,23,2,5,0,81
0,1,18.86,22.725,88,15.0013,False,True,False,False,False,True,False,False,0,3,5,0,44
0,1,18.86,22.725,88,15.0013,False,True,False,False,True,False,False,False,1,3,5,0,17
0,1,18.04,21.97,94,12.998,False,True,False,False,True,False,False,False,2,3,5,0,15
0,1,18.04,21.97,88,8.9981,False,True,False,False,True,False,False,False,3,3,5,0,5
0,1,17.22,21.21,94,0.0,False,True,False,False,True,False,False,False,4,3,5,0,6
0,1,17.22,21.21,94,8.9981,False,True,False,False,True,False,False,False,5,3,5,0,29
0,1,18.04,21.97,88,0.0,False,True,False,False,True,False,False,False,6,3,5,0,112
0,1,18.86,22.725,88,8.9981,False,True,False,False,True,False,False,False,7,3,5,0,297
0,1,19.68,23.485,82,12.998,False,True,False,False,True,False,False,False,8,3,5,0,421
0,1,20.5,24.24,77,19.0012,False,True,False,False,False,True,False,False,9,3,5,0,212
0,1,22.14,25.76,68,15.0013,False,True,False,False,False,True,False,False,10,3,5,0,147
0,1,23.78,27.275,60,15.0013,False,True,False,False,True,False,False,False,11,3,5,0,179
0,1,23.78,27.275,60,15.0013,False,True,False,False,True,False,False,False,12,3,5,0,207
0,1,25.42,31.06,57,19.9995,False,True,False,False,False,True,False,False,13,3,5,0,218
0,1,25.42,30.305,61,15.0013,False,True,False,False,False,True,False,False,14,3,5,0,191
0,1,26.24,31.06,53,16.9979,False,True,False,False,False,True,False,False,15,3,5,0,217
0,1,26.24,31.06,57,16.9979,False,True,False,False,False,True,False,False,16,3,5,0,288
0,1,26.24,31.06,57,12.998,False,True,False,False,False,True,False,False,17,3,5,0,594
0,1,25.42,30.305,69,15.0013,False,True,False,False,True,False,False,False,18,3,5,0,527
0,1,24.6,30.305,64,12.998,False,True,False,False,False,True,False,False,19,3,5,0,364
0,1,24.6,30.305,64,12.998,False,True,False,False,True,False,False,False,20,3,5,0,276
0,1,22.96,26.515,83,8.9981,False,True,False,False,True,False,False,False,21,3,5,0,223
0,1,22.14,25.76,83,12.998,False,True,False,False,True,False,False,False,22,3,5,0,172
0,1,22.14,25.76,77,12.998,False,True,False,False,False,True,False,False,23,3,5,0,103
0,1,21.32,25.0,83,11.0014,False,True,False,False,False,True,False,False,0,4,5,0,52
0,1,21.32,25.0,83,11.0014,False,True,False,False,True,False,False,False,1,4,5,0,20
0,1,20.5,24.24,88,8.9981,False,True,False,False,False,True,False,False,2,4,5,0,11
0,1,20.5,24.24,88,8.9981,False,True,False,False,False,True,False,False,3,4,5,0,4
0,1,20.5,24.24,88,11.0014,False,True,False,False,False,False,True,False,4,4,5,0,5
0,1,20.5,24.24,88,12.998,False,True,False,False,False,True,False,False,5,4,5,0,25
0,1,20.5,24.24,88,8.9981,False,True,False,False,False,False,True,False,6,4,5,0,82
0,1,20.5,24.24,88,11.0014,False,True,False,False,False,False,True,False,7,4,5,0,157
0,1,20.5,24.24,88,12.998,False,True,False,False,False,True,False,False,8,4,5,0,387
0,1,20.5,24.24,88,12.998,False,True,False,False,False,True,False,False,9,4,5,0,233
0,1,21.32,25.0,83,8.9981,False,True,False,False,False,True,False,False,10,4,5,0,130
0,1,21.32,25.0,83,11.0014,False,True,False,False,False,True,False,False,11,4,5,0,146
0,1,21.32,25.0,88,12.998,False,True,False,False,False,True,False,False,12,4,5,0,223
0,1,21.32,25.0,88,26.0027,False,True,False,False,False,True,False,False,13,4,5,0,226
0,1,21.32,25.0,87,19.0012,False,True,False,False,False,True,False,False,14,4,5,0,190
0,1,21.32,25.0,88,11.0014,False,True,False,False,False,True,False,False,15,4,5,0,198
0,1,21.32,25.0,88,8.9981,False,True,False,False,False,True,False,False,16,4,5,0,300
0,1,21.32,25.0,88,11.0014,False,True,False,False,False,False,True,False,17,4,5,0,491
0,1,21.32,25.0,88,11.0014,False,True,False,False,False,False,True,False,18,4,5,0,398
0,1,21.32,25.0,83,12.998,False,True,False,False,False,True,False,False,19,4,5,0,270
0,1,21.32,25.0,83,8.9981,False,True,False,False,False,True,False,False,20,4,5,0,152
0,1,21.32,25.0,84,11.0014,False,True,False,False,False,True,False,False,21,4,5,0,154
0,1,21.32,25.0,83,15.0013,False,True,False,False,False,True,False,False,22,4,5,0,132
0,1,20.5,24.24,88,11.0014,False,True,False,False,False,False,True,False,23,4,5,0,119
0,0,20.5,24.24,88,8.9981,False,True,False,False,False,True,False,False,0,5,5,0,102
0,0,20.5,24.24,88,8.9981,False,True,False,False,False,True,False,False,1,5,5,0,82
0,0,20.5,24.24,88,8.9981,False,True,False,False,False,True,False,False,2,5,5,0,52
0,0,20.5,24.24,88,8.9981,False,True,False,False,False,True,False,False,3,5,5,0,35
0,0,20.5,24.24,82,11.0014,False,True,False,False,False,True,False,False,4,5,5,0,5
0,0,20.5,24.24,82,7.0015,False,True,False,False,False,True,False,False,5,5,5,0,14
0,0,20.5,24.24,88,7.0015,False,True,False,False,False,True,False,False,6,5,5,0,11
0,0,19.68,23.485,100,0.0,False,True,False,False,False,False,True,False,7,5,5,0,32
0,0,20.5,24.24,94,0.0,False,True,False,False,False,False,True,False,8,5,5,0,88
0,0,21.32,25.0,94,6.0032,False,True,False,False,False,True,False,False,9,5,5,0,100
0,0,21.32,25.0,94,11.0014,False,True,False,False,False,True,False,False,10,5,5,0,167
0,0,21.32,25.0,94,8.9981,False,True,False,False,False,True,False,False,11,5,5,0,279
0,0,21.32,25.0,100,6.0032,False,True,False,False,False,False,True,False,12,5,5,0,279
0,0,21.32,25.0,100,6.0032,False,True,False,False,False,False,True,False,13,5,5,0,248
0,0,22.14,25.76,94,8.9981,False,True,False,False,False,True,False,False,14,5,5,0,216
0,0,22.14,25.76,94,11.0014,False,True,False,False,False,True,False,False,15,5,5,0,294
0,0,22.14,25.76,94,12.998,False,True,False,False,False,True,False,False,16,5,5,0,295
0,0,22.96,26.515,88,12.998,False,True,False,False,False,True,False,False,17,5,5,0,272
0,0,22.96,26.515,88,15.0013,False,True,False,False,False,True,False,False,18,5,5,0,304
0,0,22.14,25.76,94,8.9981,False,True,False,False,False,False,True,False,19,5,5,0,248
0,0,22.14,25.76,94,8.9981,False,True,False,False,False,False,True,False,20,5,5,0,157
0,0,22.14,25.76,94,15.0013,False,True,False,False,False,False,True,False,21,5,5,0,59
0,0,22.14,25.76,94,11.0014,False,True,False,False,False,False,True,False,22,5,5,0,26
0,0,21.32,25.0,100,12.998,False,True,False,False,False,False,True,False,23,5,5,0,44
0,0,21.32,25.0,100,0.0,False,True,False,False,False,True,False,False,0,6,5,0,39
0,0,21.32,25.0,100,7.0015,False,True,False,False,False,True,False,False,1,6,5,0,47
0,0,21.32,25.0,100,8.9981,False,True,False,False,False,True,False,False,2,6,5,0,50
0,0,21.32,25.0,100,0.0,False,True,False,False,False,True,False,False,3,6,5,0,32
0,0,21.32,25.0,100,0.0,False,True,False,False,False,True,False,False,4,6,5,0,13
0,0,21.32,25.0,100,7.0015,False,True,False,False,False,False,True,False,5,6,5,0,14
0,0,21.32,25.0,100,8.9981,False,True,False,False,False,True,False,False,6,6,5,0,17
0,0,21.32,25.0,100,8.9981,False,True,False,False,False,True,False,False,7,6,5,0,42
0,0,22.14,25.76,94,8.9981,False,True,False,False,False,True,False,False,8,6,5,0,70
0,0,23.78,27.275,83,16.9979,False,True,False,False,True,False,False,False,9,6,5,0,134
0,0,23.78,27.275,83,15.0013,False,True,False,False,True,False,False,False,10,6,5,0,226
0,0,24.6,28.79,78,15.0013,False,True,False,False,True,False,False,False,11,6,5,0,322
0,0,25.42,29.545,73,19.9995,False,True,False,False,True,False,False,False,12,6,5,0,367
0,0,25.42,29.545,73,19.0012,False,True,False,False,True,False,False,False,13,6,5,0,456
0,0,26.24,30.305,73,12.998,False,True,False,False,True,False,False,False,14,6,5,0,437
0,0,27.06,31.06,69,16.9979,False,True,False,False,True,False,False,False,15,6,5,0,459
0,0,26.24,30.305,69,16.9979,False,True,False,False,True,False,False,False,16,6,5,0,440
0,0,22.96,26.515,78,23.9994,False,True,False,False,False,False,True,False,17,6,5,0,392
0,0,22.96,26.515,78,16.9979,False,True,False,False,True,False,False,False,18,6,5,0,237
0,0,22.96,26.515,83,7.0015,False,True,False,False,True,False,False,False,19,6,5,0,231
0,0,22.14,25.76,88,0.0,False,True,False,False,True,False,False,False,20,6,5,0,191
0,0,22.14,25.76,88,0.0,False,True,False,False,True,False,False,False,21,6,5,0,151
0,0,22.96,26.515,83,0.0,False,True,False,False,True,False,False,False,22,6,5,0,117
0,0,22.14,25.76,88,15.0013,False,True,False,False,True,False,False,False,23,6,5,0,69
0,1,21.32,25.0,94,7.0015,False,True,False,False,True,False,False,False,0,0,5,0,38
0,1,21.32,25.0,94,8.9981,False,True,False,False,True,False,False,False,1,0,5,0,14
0,1,20.5,24.24,100,6.0032,False,True,False,False,True,False,False,False,2,0,5,0,13
0,1,20.5,24.24,94,11.0014,False,True,False,False,True,False,False,False,3,0,5,0,4
0,1,20.5,24.24,100,8.9981,False,True,False,False,True,False,False,False,4,0,5,0,6
0,1,20.5,24.24,93,12.998,False,True,False,False,True,False,False,False,5,0,5,0,21
0,1,21.32,25.0,88,11.0014,False,True,False,False,True,False,False,False,6,0,5,0,104
0,1,21.32,25.0,83,19.0012,False,True,False,False,True,False,False,False,7,0,5,0,272
0,1,22.96,26.515,73,19.9995,False,True,False,False,True,False,False,False,8,0,5,0,394
0,1,24.6,29.545,69,12.998,False,True,False,False,True,False,False,False,9,0,5,0,194
0,1,25.42,30.305,65,6.0032,False,True,False,False,True,False,False,False,10,0,5,0,112
0,1,26.24,31.06,57,0.0,False,True,False,False,True,False,False,False,11,0,5,0,185
0,1,27.06,31.06,54,6.0032,False,True,False,False,True,False,False,False,12,0,5,0,209
0,1,27.88,31.82,51,0.0,False,True,False,False,True,False,False,False,13,0,5,0,214
0,1,27.88,31.82,51,0.0,False,True,False,False,True,False,False,False,14,0,5,0,193
0,1,29.52,33.335,51,0.0,False,True,False,False,True,False,False,False,15,0,5,0,165
0,1,24.6,28.79,78,16.9979,False,True,False,False,False,False,True,False,16,0,5,0,226
0,1,23.78,27.275,88,15.0013,False,True,False,False,True,False,False,False,17,0,5,0,274
0,1,23.78,27.275,83,12.998,False,True,False,False,False,False,True,False,18,0,5,0,453
0,1,23.78,27.275,83,16.9979,False,True,False,False,True,False,False,False,19,0,5,0,308
0,1,23.78,27.275,83,0.0,False,True,False,False,True,False,False,False,20,0,5,0,198
0,1,23.78,27.275,83,0.0,False,True,False,False,True,False,False,False,21,0,5,0,177
0,1,22.96,26.515,88,6.0032,False,True,False,False,True,False,False,False,22,0,5,0,127
0,1,22.96,26.515,88,6.0032,False,True,False,False,True,False,False,False,23,0,5,0,57
0,1,22.96,26.515,88,0.0,False,True,False,False,False,True,False,False,0,1,5,0,31
0,1,22.96,26.515,88,0.0,False,True,False,False,False,False,True,False,1,1,5,0,13
0,1,22.96,26.515,88,0.0,False,True,False,False,False,False,True,False,2,1,5,0,8
0,1,22.14,25.76,94,16.9979,False,True,False,False,False,False,True,False,3,1,5,0,4
0,1,22.14,25.76,94,16.9979,False,True,False,False,False,False,True,False,4,1,5,0,4
0,1,21.32,25.0,94,16.9979,False,True,False,False,False,False,True,False,5,1,5,0,22
0,1,21.32,25.0,94,16.9979,False,True,False,False,False,False,True,False,6,1,5,0,49
0,1,21.32,25.0,94,16.9979,False,True,False,False,False,True,False,False,7,1,5,0,151
0,1,21.32,25.0,94,19.9995,False,True,False,False,False,True,False,False,8,1,5,0,347
0,1,22.14,25.76,88,16.9979,False,True,False,False,False,True,False,False,9,1,5,0,207
0,1,22.14,25.76,88,16.9979,False,True,False,False,False,False,True,False,10,1,5,0,104
0,1,22.96,26.515,83,27.9993,False,True,False,False,False,True,False,False,11,1,5,0,130
0,1,22.96,26.515,83,27.9993,False,True,False,False,False,False,True,False,12,1,5,0,153
0,1,22.96,26.515,88,22.0028,False,True,False,False,False,True,False,False,13,1,5,0,172
0,1,25.42,29.545,73,31.0009,False,True,False,False,True,False,False,False,14,1,5,0,184
0,1,25.42,30.305,69,30.0026,False,True,False,False,True,False,False,False,15,1,5,0,210
0,1,25.42,30.305,61,22.0028,False,True,False,False,True,False,False,False,16,1,5,0,290
0,1,25.42,30.305,65,27.9993,False,True,False,False,True,False,False,False,17,1,5,0,604
0,1,24.6,29.545,69,19.9995,False,True,False,False,True,False,False,False,18,1,5,0,480
0,1,24.6,29.545,69,16.9979,False,True,False,False,True,False,False,False,19,1,5,0,349
0,1,23.78,27.275,83,27.9993,False,True,False,False,True,False,False,False,20,1,5,0,283
0,1,22.14,25.76,88,16.9979,False,True,False,False,True,False,False,False,21,1,5,0,174
0,1,22.14,25.76,88,19.0012,False,True,False,False,False,True,False,False,22,1,5,0,98
0,1,22.14,25.76,88,16.9979,False,True,False,False,False,True,False,False,23,1,5,0,56
0,1,22.14,25.76,88,15.0013,False,True,False,False,False,True,False,False,0,2,5,0,23
0,1,22.14,25.76,88,16.9979,False,True,False,False,False,True,False,False,1,2,5,0,12
0,1,21.32,25.0,94,15.0013,False,True,False,False,False,False,True,False,2,2,5,0,6
0,1,21.32,25.0,94,19.9995,False,True,False,False,False,False,True,False,3,2,5,0,9
0,1,21.32,25.0,94,19.9995,False,True,False,False,False,False,True,False,4,2,5,0,3
0,1,21.32,25.0,100,15.0013,False,True,False,False,True,False,False,False,5,2,5,0,9
0,1,21.32,25.0,100,8.9981,False,True,False,False,True,False,False,False,6,2,5,0,101
0,1,22.14,25.76,88,12.998,False,True,False,False,True,False,False,False,7,2,5,0,274
0,1,22.96,26.515,88,19.0012,False,True,False,False,True,False,False,False,8,2,5,0,453
0,1,22.96,26.515,83,16.9979,False,True,False,False,False,False,True,False,9,2,5,0,202
0,1,22.14,25.76,88,19.0012,False,True,False,False,False,False,True,False,10,2,5,0,106
0,1,22.14,25.76,94,6.0032,False,True,False,False,False,True,False,False,11,2,5,0,23
0,1,22.96,26.515,94,19.9995,False,True,False,False,True,False,False,False,12,2,5,0,54
0,1,22.96,26.515,83,22.0028,False,True,False,False,False,True,False,False,13,2,5,0,122
0,1,23.78,27.275,78,19.0012,False,True,False,False,False,True,False,False,14,2,5,0,138
0,1,24.6,28.79,78,16.9979,False,True,False,False,True,False,False,False,15,2,5,0,167
0,1,24.6,29.545,73,12.998,False,True,False,False,True,False,False,False,16,2,5,0,294
0,1,24.6,29.545,69,8.9981,False,True,False,False,True,False,False,False,17,2,5,0,565
0,1,24.6,29.545,73,15.0013,False,True,False,False,True,False,False,False,18,2,5,0,489
0,1,22.96,26.515,88,8.9981,False,True,False,False,False,False,True,False,19,2,5,0,331
0,1,22.96,26.515,88,8.9981,False,True,False,False,False,False,True,False,20,2,5,0,213
0,1,21.32,25.0,88,0.0,False,True,False,False,True,False,False,False,21,2,5,0,85
0,1,21.32,25.0,83,0.0,False,True,False,False,True,False,False,False,22,2,5,0,117
0,1,21.32,25.0,94,6.0032,False,True,False,False,True,False,False,False,23,2,5,0,59
0,1,21.32,25.0,94,7.0015,False,True,False,False,True,False,False,False,0,3,5,0,29
0,1,20.5,24.24,94,0.0,False,True,False,False,True,False,False,False,1,3,5,0,6
0,1,20.5,24.24,94,0.0,False,True,False,False,True,False,False,False,2,3,5,0,15
0,1,19.68,23.485,100,0.0,False,True,False,False,True,False,False,False,3,3,5,0,4
0,1,19.68,23.485,94,0.0,False,True,False,False,True,False,False,False,4,3,5,0,5
0,1,19.68,23.485,94,0.0,False,True,False,False,True,False,False,False,5,3,5,0,26
0,1,20.5,24.24,94,0.0,False,True,False,False,False,True,False,False,6,3,5,0,103
0,1,20.5,24.24,100,0.0,False,True,False,False,False,True,False,False,7,3,5,0,257
0,1,21.32,25.0,88,0.0,False,True,False,False,False,True,False,False,8,3,5,0,487
0,1,22.14,25.76,88,6.0032,False,True,False,False,False,True,False,False,9,3,5,0,216
0,1,22.14,25.76,83,0.0,False,True,False,False,False,True,False,False,10,3,5,0,130
0,1,22.14,25.76,88,11.0014,False,True,False,False,False,False,True,False,11,3,5,0,164
0,1,23.78,27.275,78,7.0015,False,True,False,False,False,True,False,False,12,3,5,0,168
0,1,23.78,27.275,64,16.9979,False,True,False,False,False,False,True,False,13,3,5,0,183
0,1,22.14,25.76,73,12.998,False,True,False,False,False,False,True,False,14,3,5,0,180
0,1,22.96,26.515,78,11.0014,False,True,False,False,True,False,False,False,15,3,5,0,188
0,1,23.78,27.275,64,12.998,False,True,False,False,True,False,False,False,16,3,5,0,302
0,1,22.96,26.515,78,11.0014,False,True,False,False,True,False,False,False,17,3,5,0,547
0,1,24.6,31.06,55,11.0014,False,True,False,False,True,False,False,False,18,3,5,0,513
0,1,23.78,27.275,60,8.9981,False,True,False,False,True,False,False,False,19,3,5,0,410
0,1,22.14,25.76,77,19.0012,False,True,False,False,True,False,False,False,20,3,5,0,282
0,1,22.14,25.76,77,19.0012,False,True,False,False,True,False,False,False,21,3,5,0,209
0,1,20.5,24.24,82,19.9995,False,True,False,False,False,False,True,False,22,3,5,0,79
0,1,19.68,23.485,94,0.0,False,True,False,False,True,False,False,False,23,3,5,0,72
0,1,28.7,33.335,79,11.0014,False,True,False,False,True,False,False,False,0,2,6,0,34
0,1,28.7,33.335,84,16.9979,False,True,False,False,True,False,False,False,1,2,6,0,17
0,1,28.7,33.335,79,11.0014,False,True,False,False,True,False,False,False,2,2,6,0,3
0,1,27.88,31.82,89,12.998,False,True,False,False,True,False,False,False,3,2,6,0,6
0,1,27.88,31.82,89,15.0013,False,True,False,False,False,True,False,False,4,2,6,0,4
0,1,27.06,29.545,89,6.0032,False,True,False,False,False,True,False,False,5,2,6,0,21
0,1,27.88,31.82,89,6.0032,False,True,False,False,False,True,False,False,6,2,6,0,128
0,1,28.7,33.335,79,11.0014,False,True,False,False,False,True,False,False,7,2,6,0,284
0,1,29.52,34.85,79,12.998,False,True,False,False,False,True,False,False,8,2,6,0,454
0,1,30.34,35.605,74,15.0013,False,True,False,False,False,True,False,False,9,2,6,0,207
0,1,31.16,37.12,75,16.9979,False,True,False,False,False,True,False,False,10,2,6,0,115
0,1,33.62,40.15,59,15.0013,False,True,False,False,False,True,False,False,11,2,6,0,112
0,1,35.26,41.665,53,0.0,False,True,False,False,True,False,False,False,12,2,6,0,169
0,1,36.9,40.91,37,12.998,False,True,False,False,True,False,False,False,13,2,6,0,154
0,1,36.9,40.91,37,16.9979,False,True,False,False,True,False,False,False,14,2,6,0,145
0,1,36.9,41.665,39,19.9995,False,True,False,False,True,False,False,False,15,2,6,0,152
0,1,35.26,40.15,47,19.9995,False,True,False,False,True,False,False,False,16,2,6,0,266
0,1,35.26,40.15,47,19.9995,False,True,False,False,True,False,False,False,17,2,6,0,486
0,1,33.62,39.395,56,26.0027,False,True,False,False,False,False,True,False,18,2,6,0,309
0,1,30.34,35.605,79,11.0014,False,True,False,False,False,True,False,False,19,2,6,0,264
0,1,30.34,35.605,79,16.9979,False,True,False,False,False,True,False,False,20,2,6,0,256
0,1,30.34,34.85,70,19.0012,False,True,False,False,True,False,False,False,21,2,6,0,190
0,1,30.34,34.85,66,8.9981,False,True,False,False,True,False,False,False,22,2,6,0,129
0,1,30.34,33.335,51,11.0014,False,True,False,False,True,False,False,False,23,2,6,0,69
0,1,30.34,32.575,40,23.9994,False,True,False,False,True,False,False,False,0,3,6,0,42
0,1,29.52,32.575,38,7.0015,False,True,False,False,True,False,False,False,1,3,6,0,15
0,1,28.7,31.82,39,0.0,False,True,False,False,True,False,False,False,2,3,6,0,6
0,1,27.06,31.06,44,7.0015,False,True,False,False,True,False,False,False,3,3,6,0,4
0,1,27.06,31.06,41,12.998,False,True,False,False,True,False,False,False,4,3,6,0,3
0,1,27.06,31.06,39,15.0013,False,True,False,False,True,False,False,False,5,3,6,0,31
0,1,27.06,31.06,39,8.9981,False,True,False,False,True,False,False,False,6,3,6,0,113
0,1,28.7,31.82,34,16.9979,False,True,False,False,True,False,False,False,7,3,6,0,304
0,1,28.7,31.82,32,19.9995,False,True,False,False,True,False,False,False,8,3,6,0,467
0,1,29.52,31.82,26,23.9994,False,True,False,False,True,False,False,False,9,3,6,0,225
0,1,29.52,32.575,28,32.9975,False,True,False,False,True,False,False,False,10,3,6,0,139
0,1,30.34,32.575,28,26.0027,False,True,False,False,True,False,False,False,11,3,6,0,165
0,1,31.16,33.335,25,31.0009,False,True,False,False,True,False,False,False,12,3,6,0,232
0,1,32.8,34.09,24,23.9994,False,True,False,False,True,False,False,False,13,3,6,0,203
0,1,31.98,33.335,24,22.0028,False,True,False,False,True,False,False,False,14,3,6,0,185
0,1,32.8,34.09,21,26.0027,False,True,False,False,True,False,False,False,15,3,6,0,188
0,1,32.8,34.09,22,32.9975,False,True,False,False,True,False,False,False,16,3,6,0,318
0,1,31.16,32.575,20,35.0008,False,True,False,False,True,False,False,False,17,3,6,0,572
0,1,30.34,32.575,22,26.0027,False,True,False,False,True,False,False,False,18,3,6,0,525
0,1,29.52,31.82,23,19.9995,False,True,False,False,True,False,False,False,19,3,6,0,379
0,1,28.7,31.82,24,12.998,False,True,False,False,True,False,False,False,20,3,6,0,337
0,1,27.06,31.06,31,12.998,False,True,False,False,True,False,False,False,21,3,6,0,248
0,1,26.24,31.06,33,16.9979,False,True,False,False,True,False,False,False,22,3,6,0,155
0,1,25.42,31.06,35,15.0013,False,True,False,False,True,False,False,False,23,3,6,0,112
0,1,25.42,31.06,38,19.0012,False,True,False,False,True,False,False,False,0,4,6,0,68
0,1,24.6,31.06,38,23.9994,False,True,False,False,True,False,False,False,1,4,6,0,22
0,1,22.96,26.515,43,15.0013,False,True,False,False,True,False,False,False,2,4,6,0,12
0,1,22.14,25.76,49,15.0013,False,True,False,False,True,False,False,False,3,4,6,0,5
0,1,21.32,25.0,48,22.0028,False,True,False,False,True,False,False,False,4,4,6,0,6
0,1,21.32,25.0,48,23.9994,False,True,False,False,True,False,False,False,5,4,6,0,28
0,1,22.14,25.76,45,19.9995,False,True,False,False,True,False,False,False,6,4,6,0,106
0,1,22.14,25.76,45,16.9979,False,True,False,False,True,False,False,False,7,4,6,0,277
0,1,22.96,26.515,43,22.0028,False,True,False,False,False,True,False,False,8,4,6,0,502
0,1,23.78,27.275,40,11.0014,False,True,False,False,True,False,False,False,9,4,6,0,230
0,1,25.42,31.06,33,16.9979,False,True,False,False,True,False,False,False,10,4,6,0,161
0,1,26.24,31.06,31,22.0028,False,True,False,False,True,False,False,False,11,4,6,0,192
0,1,27.06,31.06,27,19.0012,False,True,False,False,True,False,False,False,12,4,6,0,259
0,1,27.88,31.06,26,16.9979,False,True,False,False,True,False,False,False,13,4,6,0,248
0,1,28.7,31.82,28,19.0012,False,True,False,False,True,False,False,False,14,4,6,0,240
0,1,28.7,31.82,28,19.0012,False,True,False,False,True,False,False,False,15,4,6,0,212
0,1,29.52,31.82,26,22.0028,False,True,False,False,True,False,False,False,16,4,6,0,349
0,1,29.52,31.82,25,19.0012,False,True,False,False,True,False,False,False,17,4,6,0,558
0,1,28.7,31.82,24,19.9995,False,True,False,False,True,False,False,False,18,4,6,0,564
0,1,27.88,31.06,26,19.0012,False,True,False,False,True,False,False,False,19,4,6,0,391
0,1,26.24,31.06,29,11.0014,False,True,False,False,True,False,False,False,20,4,6,0,293
0,1,26.24,31.06,29,7.0015,False,True,False,False,True,False,False,False,21,4,6,0,247
0,1,25.42,31.06,35,0.0,False,True,False,False,True,False,False,False,22,4,6,0,171
0,1,23.78,27.275,46,7.0015,False,True,False,False,True,False,False,False,23,4,6,0,171
0,0,22.96,26.515,52,0.0,False,True,False,False,True,False,False,False,0,5,6,0,93
0,0,22.14,25.76,64,7.0015,False,True,False,False,True,False,False,False,1,5,6,0,94
0,0,22.14,25.76,56,12.998,False,True,False,False,True,False,False,False,2,5,6,0,59
0,0,21.32,25.0,59,7.0015,False,True,False,False,True,False,False,False,3,5,6,0,18
0,0,21.32,25.0,59,6.0032,False,True,False,False,True,False,False,False,4,5,6,0,15
0,0,20.5,24.24,64,0.0,False,True,False,False,True,False,False,False,5,5,6,0,8
0,0,22.14,25.76,60,0.0,False,True,False,False,True,False,False,False,6,5,6,0,28
0,0,22.96,26.515,56,0.0,False,True,False,False,True,False,False,False,7,5,6,0,87
0,0,24.6,31.06,46,6.0032,False,True,False,False,True,False,False,False,8,5,6,0,125
0,0,25.42,31.06,43,8.9981,False,True,False,False,True,False,False,False,9,5,6,0,224
0,0,26.24,31.06,38,7.0015,False,True,False,False,True,False,False,False,10,5,6,0,317
0,0,27.06,31.06,36,8.9981,False,True,False,False,True,False,False,False,11,5,6,0,369
0,0,28.7,31.82,32,11.0014,False,True,False,False,True,False,False,False,12,5,6,0,420
0,0,30.34,32.575,28,8.9981,False,True,False,False,True,False,False,False,13,5,6,0,456
0,0,30.34,32.575,33,15.0013,False,True,False,False,True,False,False,False,14,5,6,0,451
0,0,30.34,32.575,27,27.9993,False,True,False,False,False,True,False,False,15,5,6,0,404
0,0,29.52,32.575,30,8.9981,False,True,False,False,False,True,False,False,16,5,6,0,440
0,0,29.52,32.575,34,16.9979,False,True,False,False,False,True,False,False,17,5,6,0,344
0,0,30.34,32.575,30,11.0014,False,True,False,False,False,True,False,False,18,5,6,0,341
0,0,28.7,31.82,39,6.0032,False,True,False,False,False,True,False,False,19,5,6,0,285
0,0,28.7,32.575,48,6.0032,False,True,False,False,False,True,False,False,20,5,6,0,239
0,0,27.06,31.06,47,7.0015,False,True,False,False,False,True,False,False,21,5,6,0,185
0,0,26.24,31.06,57,15.0013,False,True,False,False,True,False,False,False,22,5,6,0,190
0,0,26.24,31.06,57,0.0,False,True,False,False,False,True,False,False,23,5,6,0,150
0,0,26.24,31.06,57,6.0032,False,True,False,False,True,False,False,False,0,6,6,0,113
0,0,26.24,31.06,61,11.0014,False,True,False,False,False,True,False,False,1,6,6,0,96
0,0,26.24,31.06,61,11.0014,False,True,False,False,False,True,False,False,2,6,6,0,64
0,0,25.42,30.305,65,11.0014,False,True,False,False,False,True,False,False,3,6,6,0,47
0,0,25.42,30.305,65,11.0014,False,True,False,False,False,True,False,False,4,6,6,0,12
0,0,25.42,30.305,61,8.9981,False,True,False,False,False,True,False,False,5,6,6,0,6
0,0,25.42,30.305,61,7.0015,False,True,False,False,False,True,False,False,6,6,6,0,21
0,0,24.6,29.545,73,16.9979,False,True,False,False,False,True,False,False,7,6,6,0,27
0,0,24.6,29.545,73,16.9979,False,True,False,False,False,True,False,False,8,6,6,0,98
0,0,24.6,28.79,78,12.998,False,True,False,False,False,True,False,False,9,6,6,0,164
0,0,25.42,29.545,73,6.0032,False,True,False,False,False,True,False,False,10,6,6,0,251
0,0,26.24,30.305,69,7.0015,False,True,False,False,False,True,False,False,11,6,6,0,335
0,0,26.24,30.305,69,7.0015,False,True,False,False,False,True,False,False,12,6,6,0,335
0,0,27.06,31.06,65,7.0015,False,True,False,False,True,False,False,False,13,6,6,0,367
0,0,28.7,32.575,58,11.0014,False,True,False,False,True,False,False,False,14,6,6,0,385
0,0,28.7,32.575,54,0.0,False,True,False,False,True,False,False,False,15,6,6,0,417
0,0,29.52,33.335,51,6.0032,False,True,False,False,True,False,False,False,16,6,6,0,398
0,0,30.34,33.335,51,0.0,False,True,False,False,True,False,False,False,17,6,6,0,390
0,0,28.7,32.575,58,7.0015,False,True,False,False,True,False,False,False,18,6,6,0,363
0,0,27.88,31.82,65,11.0014,False,True,False,False,True,False,False,False,19,6,6,0,357
0,0,27.06,31.06,69,12.998,False,True,False,False,True,False,False,False,20,6,6,0,279
0,0,26.24,30.305,73,11.0014,False,True,False,False,True,False,False,False,21,6,6,0,165
0,0,26.24,29.545,78,15.0013,False,True,False,False,True,False,False,False,22,6,6,0,130
0,0,25.42,29.545,78,8.9981,False,True,False,False,True,False,False,False,23,6,6,0,86
0,1,25.42,29.545,78,8.9981,False,True,False,False,True,False,False,False,0,0,6,0,29
0,1,24.6,28.03,83,8.9981,False,True,False,False,True,False,False,False,1,0,6,0,14
0,1,23.78,27.275,88,7.0015,False,True,False,False,True,False,False,False,2,0,6,0,8
0,1,23.78,27.275,88,0.0,False,True,False,False,True,False,False,False,3,0,6,0,5
0,1,22.96,26.515,94,7.0015,False,True,False,False,True,False,False,False,4,0,6,0,8
0,1,22.96,26.515,88,6.0032,False,True,False,False,True,False,False,False,5,0,6,0,31
0,1,23.78,27.275,88,0.0,False,True,False,False,True,False,False,False,6,0,6,0,112
0,1,25.42,29.545,78,7.0015,False,True,False,False,True,False,False,False,7,0,6,0,299
0,1,26.24,30.305,73,6.0032,False,True,False,False,True,False,False,False,8,0,6,0,438
0,1,28.7,32.575,58,11.0014,False,True,False,False,True,False,False,False,9,0,6,0,188
0,1,29.52,33.335,51,15.0013,False,True,False,False,True,False,False,False,10,0,6,0,95
0,1,30.34,33.335,42,8.9981,False,True,False,False,True,False,False,False,11,0,6,0,111
0,1,31.16,33.335,37,11.0014,False,True,False,False,True,False,False,False,12,0,6,0,153
0,1,31.98,34.09,35,0.0,False,True,False,False,True,False,False,False,13,0,6,0,180
0,1,31.98,34.09,31,8.9981,False,True,False,False,True,False,False,False,14,0,6,0,145
0,1,32.8,34.85,29,12.998,False,True,False,False,True,False,False,False,15,0,6,0,165
0,1,31.16,33.335,33,8.9981,False,True,False,False,True,False,False,False,16,0,6,0,267
0,1,31.98,34.09,33,19.0012,False,True,False,False,True,False,False,False,17,0,6,0,579
0,1,31.16,33.335,31,8.9981,False,True,False,False,True,False,False,False,18,0,6,0,556
0,1,29.52,33.335,54,12.998,False,True,False,False,True,False,False,False,19,0,6,0,407
0,1,27.88,31.82,61,8.9981,False,True,False,False,True,False,False,False,20,0,6,0,336
0,1,27.06,31.06,57,6.0032,False,True,False,False,True,False,False,False,21,0,6,0,189
0,1,27.06,31.06,61,6.0032,False,True,False,False,True,False,False,False,22,0,6,0,173
0,1,26.24,30.305,69,6.0032,False,True,False,False,True,False,False,False,23,0,6,0,60
0,1,26.24,30.305,65,6.0032,False,True,False,False,True,False,False,False,0,1,6,0,20
0,1,25.42,30.305,69,8.9981,False,True,False,False,True,False,False,False,1,1,6,0,4
0,1,24.6,29.545,73,6.0032,False,True,False,False,True,False,False,False,2,1,6,0,5
0,1,24.6,29.545,73,6.0032,False,True,False,False,True,False,False,False,3,1,6,0,2
0,1,23.78,27.275,83,8.9981,False,True,False,False,True,False,False,False,4,1,6,0,5
0,1,23.78,27.275,88,11.0014,False,True,False,False,True,False,False,False,5,1,6,0,32
0,1,24.6,28.79,78,8.9981,False,True,False,False,True,False,False,False,6,1,6,0,126
0,1,26.24,30.305,69,12.998,False,True,False,False,False,True,False,False,7,1,6,0,334
0,1,27.88,31.82,61,8.9981,False,True,False,False,False,True,False,False,8,1,6,0,477
0,1,29.52,33.335,58,15.0013,False,True,False,False,False,True,False,False,9,1,6,0,217
0,1,31.16,34.09,48,12.998,False,True,False,False,False,True,False,False,10,1,6,0,123
0,1,31.16,34.85,52,16.9979,False,True,False,False,False,True,False,False,11,1,6,0,151
0,1,32.8,36.365,46,19.0012,False,True,False,False,False,True,False,False,12,1,6,0,183
0,1,32.8,36.365,43,16.9979,False,True,False,False,False,True,False,False,13,1,6,0,196
0,1,32.8,36.365,43,19.0012,False,True,False,False,False,True,False,False,14,1,6,0,146
0,1,33.62,37.12,41,22.0028,False,True,False,False,False,True,False,False,15,1,6,0,183
0,1,32.8,35.605,38,15.0013,False,True,False,False,True,False,False,False,16,1,6,0,308
0,1,32.8,36.365,43,16.9979,False,True,False,False,True,False,False,False,17,1,6,0,539
0,1,31.98,34.85,46,19.0012,False,True,False,False,True,False,False,False,18,1,6,0,551
0,1,31.16,34.09,48,16.9979,False,True,False,False,True,False,False,False,19,1,6,0,424
0,1,30.34,34.09,56,8.9981,False,True,False,False,True,False,False,False,20,1,6,0,346
0,1,29.52,34.09,70,8.9981,False,True,False,False,True,False,False,False,21,1,6,0,218
0,1,28.7,32.575,65,8.9981,False,True,False,False,True,False,False,False,22,1,6,0,153
0,1,27.88,31.82,79,7.0015,False,True,False,False,True,False,False,False,23,1,6,0,90
0,1,27.06,29.545,89,8.9981,False,True,False,False,True,False,False,False,0,2,6,0,41
0,1,27.06,30.305,78,0.0,False,True,False,False,True,False,False,False,1,2,6,0,23
0,1,26.24,28.79,89,6.0032,False,True,False,False,True,False,False,False,2,2,6,0,7
0,1,26.24,28.79,89,6.0032,False,True,False,False,True,False,False,False,3,2,6,0,3
0,1,25.42,28.79,83,0.0,False,True,False,False,True,False,False,False,4,2,6,0,6
0,1,25.42,28.03,88,0.0,False,True,False,False,True,False,False,False,5,2,6,0,21
0,1,26.24,28.79,89,8.9981,False,True,False,False,True,False,False,False,6,2,6,0,116
0,1,27.06,31.06,74,7.0015,False,True,False,False,True,False,False,False,7,2,6,0,353
0,1,31.16,35.605,58,11.0014,False,True,False,False,True,False,False,False,8,2,6,0,481
0,1,31.16,35.605,58,11.0014,False,True,False,False,True,False,False,False,9,2,6,0,202
0,1,33.62,37.12,43,15.0013,False,True,False,False,True,False,False,False,10,2,6,0,90
0,1,34.44,37.88,41,12.998,False,True,False,False,True,False,False,False,11,2,6,0,134
0,1,36.08,40.91,42,8.9981,False,True,False,False,True,False,False,False,12,2,6,0,149
0,1,36.9,42.425,42,0.0,False,True,False,False,True,False,False,False,13,2,6,0,136
0,1,37.72,43.94,40,16.9979,False,True,False,False,True,False,False,False,14,2,6,0,155
0,1,37.72,43.94,40,11.0014,False,True,False,False,True,False,False,False,15,2,6,0,128
0,1,37.72,43.94,40,15.0013,False,True,False,False,True,False,False,False,16,2,6,0,233
0,1,37.72,42.425,35,15.0013,False,True,False,False,True,False,False,False,17,2,6,0,506
0,1,36.9,40.91,37,15.0013,False,True,False,False,True,False,False,False,18,2,6,0,459
0,1,33.62,40.15,59,8.9981,False,True,False,False,True,False,False,False,19,2,6,0,384
0,1,32.8,39.395,63,8.9981,False,True,False,False,True,False,False,False,20,2,6,0,280
0,1,32.8,40.15,66,8.9981,False,True,False,False,True,False,False,False,21,2,6,0,202
0,1,31.16,37.12,75,11.0014,False,True,False,False,True,False,False,False,22,2,6,0,176
0,1,31.16,37.12,75,12.998,False,True,False,False,True,False,False,False,23,2,6,0,116
0,1,30.34,35.605,79,8.9981,False,True,False,False,False,True,False,False,0,3,6,0,47
0,1,30.34,35.605,79,7.0015,False,True,False,False,True,False,False,False,1,3,6,0,16
0,1,29.52,35.605,84,11.0014,False,True,False,False,False,True,False,False,2,3,6,0,6
0,1,29.52,35.605,84,7.0015,False,True,False,False,False,True,False,False,3,3,6,0,2
0,1,29.52,34.85,79,6.0032,False,True,False,False,False,True,False,False,4,3,6,0,6
0,1,28.7,33.335,84,0.0,False,True,False,False,False,True,False,False,5,3,6,0,20
0,1,29.52,35.605,84,6.0032,False,True,False,False,False,True,False,False,6,3,6,0,118
0,1,29.52,34.85,79,8.9981,False,True,False,False,False,True,False,False,7,3,6,0,314
0,1,31.16,36.365,70,7.0015,False,True,False,False,False,True,False,False,8,3,6,0,432
0,1,34.44,39.395,49,0.0,False,True,False,False,True,False,False,False,9,3,6,0,168
0,1,35.26,40.91,50,19.0012,False,True,False,False,True,False,False,False,10,3,6,0,94
0,1,36.9,42.425,42,15.0013,False,True,False,False,True,False,False,False,11,3,6,0,118
0,1,37.72,42.425,35,12.998,False,True,False,False,True,False,False,False,12,3,6,0,140
0,1,36.9,40.91,37,6.0032,False,True,False,False,True,False,False,False,13,3,6,0,136
0,1,37.72,43.94,40,12.998,False,True,False,False,True,False,False,False,14,3,6,0,118
0,1,38.54,41.665,31,11.0014,False,True,False,False,True,False,False,False,15,3,6,0,104
0,1,37.72,41.665,33,8.9981,False,True,False,False,True,False,False,False,16,3,6,0,200
0,1,36.9,40.91,37,16.9979,False,True,False,False,True,False,False,False,17,3,6,0,409
0,1,36.08,40.15,39,19.0012,False,True,False,False,True,False,False,False,18,3,6,0,466
0,1,34.44,37.12,39,22.0028,False,True,False,False,False,True,False,False,19,3,6,0,326
0,1,32.8,36.365,43,12.998,False,True,False,False,False,True,False,False,20,3,6,0,254
0,1,31.16,34.85,52,0.0,False,True,False,False,False,False,True,False,21,3,6,0,171
0,1,30.34,34.09,58,11.0014,False,True,False,False,False,True,False,False,22,3,6,0,153
0,1,30.34,34.85,57,11.0014,False,True,False,False,False,True,False,False,23,3,6,0,97
0,1,28.7,32.575,65,15.0013,False,True,False,False,False,False,True,False,0,4,6,0,69
0,1,28.7,32.575,65,15.0013,False,True,False,False,False,False,True,False,1,4,6,0,23
0,1,27.88,31.82,69,11.0014,False,True,False,False,True,False,False,False,2,4,6,0,13
0,1,27.88,31.82,69,11.0014,False,True,False,False,True,False,False,False,3,4,6,0,6
0,1,27.06,30.305,78,11.0014,False,True,False,False,True,False,False,False,4,4,6,0,4
0,1,27.06,30.305,78,11.0014,False,True,False,False,True,False,False,False,5,4,6,0,28
0,1,27.06,30.305,78,6.0032,False,True,False,False,True,False,False,False,6,4,6,0,104
0,1,29.52,34.09,66,7.0015,False,True,False,False,True,False,False,False,7,4,6,0,267
0,1,30.34,34.09,58,8.9981,False,True,False,False,True,False,False,False,8,4,6,0,452
0,1,31.16,34.85,55,0.0,False,True,False,False,True,False,False,False,9,4,6,0,213
0,1,31.98,35.605,52,0.0,False,True,False,False,True,False,False,False,10,4,6,0,111
0,1,33.62,37.88,46,0.0,False,True,False,False,True,False,False,False,11,4,6,0,153
0,1,34.44,37.88,44,8.9981,False,True,False,False,True,False,False,False,12,4,6,0,207
0,1,34.44,37.88,44,7.0015,False,True,False,False,True,False,False,False,13,4,6,0,189
0,1,35.26,38.635,39,0.0,False,True,False,False,True,False,False,False,14,4,6,0,165
0,1,34.44,37.88,44,7.0015,False,True,False,False,True,False,False,False,15,4,6,0,212
0,1,33.62,39.395,56,19.9995,False,True,False,False,True,False,False,False,16,4,6,0,285
0,1,33.62,38.635,52,15.0013,False,True,False,False,True,False,False,False,17,4,6,0,517
0,1,32.8,38.635,59,15.0013,False,True,False,False,True,False,False,False,18,4,6,0,463
0,1,31.98,37.12,59,12.998,False,True,False,False,True,False,False,False,19,4,6,0,306
0,1,31.16,35.605,62,7.0015,False,True,False,False,True,False,False,False,20,4,6,0,250
0,1,31.16,36.365,66,8.9981,False,True,False,False,True,False,False,False,21,4,6,0,218
0,1,29.52,34.85,74,16.9979,False,True,False,False,True,False,False,False,22,4,6,0,185
0,1,29.52,34.85,74,11.0014,False,True,False,False,True,False,False,False,23,4,6,0,146
0,0,28.7,33.335,79,8.9981,False,True,False,False,True,False,False,False,0,5,6,0,117
0,0,28.7,33.335,79,6.0032,False,True,False,False,True,False,False,False,1,5,6,0,77
0,0,28.7,33.335,79,7.0015,False,True,False,False,True,False,False,False,2,5,6,0,60
0,0,27.88,31.82,83,6.0032,False,True,False,False,True,False,False,False,3,5,6,0,28
0,0,27.88,31.82,79,6.0032,False,True,False,False,True,False,False,False,4,5,6,0,13
0,0,27.88,31.82,74,8.9981,False,True,False,False,True,False,False,False,5,5,6,0,16
0,0,28.7,32.575,61,8.9981,False,True,False,False,True,False,False,False,6,5,6,0,40
0,0,29.52,33.335,58,12.998,False,True,False,False,True,False,False,False,7,5,6,0,68
0,0,30.34,34.09,58,12.998,False,True,False,False,True,False,False,False,8,5,6,0,143
0,0,30.34,34.09,62,8.9981,False,True,False,False,True,False,False,False,9,5,6,0,230
0,0,30.34,34.09,58,11.0014,False,True,False,False,True,False,False,False,10,5,6,0,264
0,0,31.16,35.605,62,8.9981,False,True,False,False,True,False,False,False,11,5,6,0,325
0,0,32.8,37.88,55,15.0013,False,True,False,False,True,False,False,False,12,5,6,0,347
0,0,32.8,37.88,55,12.998,False,True,False,False,True,False,False,False,13,5,6,0,387
0,0,33.62,38.635,49,7.0015,False,True,False,False,True,False,False,False,14,5,6,0,380
0,0,33.62,38.635,49,7.0015,False,True,False,False,True,False,False,False,15,5,6,0,374
0,0,32.8,36.365,46,12.998,False,True,False,False,False,True,False,False,16,5,6,0,394
0,0,30.34,34.09,58,11.0014,False,True,False,False,False,True,False,False,17,5,6,0,337
0,0,29.52,34.09,62,8.9981,False,True,False,False,False,True,False,False,18,5,6,0,286
0,0,28.7,32.575,65,12.998,False,True,False,False,True,False,False,False,19,5,6,0,264
0,0,27.88,31.82,74,16.9979,False,True,False,False,True,False,False,False,20,5,6,0,275
0,0,27.06,31.06,74,15.0013,False,True,False,False,True,False,False,False,21,5,6,0,220
0,0,27.06,30.305,78,15.0013,False,True,False,False,True,False,False,False,22,5,6,0,190
0,0,27.06,31.06,74,7.0015,False,True,False,False,True,False,False,False,23,5,6,0,131
0,0,27.06,30.305,78,15.0013,False,True,False,False,True,False,False,False,0,6,6,0,119
0,0,26.24,28.79,83,7.0015,False,True,False,False,True,False,False,False,1,6,6,0,93
0,0,26.24,28.79,89,16.9979,False,True,False,False,True,False,False,False,2,6,6,0,66
0,0,26.24,28.79,89,19.0012,False,True,False,False,True,False,False,False,3,6,6,0,28
0,0,25.42,28.03,88,11.0014,False,True,False,False,True,False,False,False,4,6,6,0,14
0,0,25.42,28.03,88,15.0013,False,True,False,False,True,False,False,False,5,6,6,0,10
0,0,25.42,28.03,88,7.0015,False,True,False,False,True,False,False,False,6,6,6,0,14
0,0,26.24,29.545,78,7.0015,False,True,False,False,True,False,False,False,7,6,6,0,34
0,0,28.7,33.335,74,0.0,False,True,False,False,True,False,False,False,8,6,6,0,92
0,0,29.52,34.09,66,0.0,False,True,False,False,True,False,False,False,9,6,6,0,182
0,0,31.16,35.605,58,6.0032,False,True,False,False,True,False,False,False,10,6,6,0,311
0,0,31.98,36.365,55,7.0015,False,True,False,False,True,False,False,False,11,6,6,0,367
0,0,33.62,37.88,46,0.0,False,True,False,False,True,False,False,False,12,6,6,0,420
0,0,31.98,37.12,59,19.0012,False,True,False,False,True,False,False,False,13,6,6,0,373
0,0,33.62,39.395,56,16.9979,False,True,False,False,True,False,False,False,14,6,6,0,315
0,0,32.8,38.635,59,19.9995,False,True,False,False,True,False,False,False,15,6,6,0,360
0,0,27.88,31.82,83,19.0012,False,True,False,False,False,False,True,False,16,6,6,0,350
0,0,27.88,31.82,83,19.0012,False,True,False,False,False,False,True,False,17,6,6,0,252
0,0,28.7,33.335,74,11.0014,False,True,False,False,True,False,False,False,18,6,6,0,256
0,0,28.7,33.335,74,7.0015,False,True,False,False,True,False,False,False,19,6,6,0,223
0,0,27.06,30.305,83,11.0014,False,True,False,False,True,False,False,False,20,6,6,0,206
0,0,27.06,30.305,83,7.0015,False,True,False,False,True,False,False,False,21,6,6,0,140
0,0,26.24,28.79,83,8.9981,False,True,False,False,True,False,False,False,22,6,6,0,128
0,0,26.24,29.545,78,12.998,False,True,False,False,True,False,False,False,23,6,6,0,107
0,1,26.24,29.545,78,8.9981,False,True,False,False,True,False,False,False,0,0,6,0,28
0,1,26.24,30.305,73,15.0013,False,True,False,False,True,False,False,False,1,0,6,0,16
0,1,25.42,29.545,73,19.0012,False,True,False,False,True,False,False,False,2,0,6,0,10
0,1,24.6,30.305,60,32.9975,False,True,False,False,True,False,False,False,3,0,6,0,7
0,1,22.96,26.515,64,19.9995,False,True,False,False,True,False,False,False,4,0,6,0,4
0,1,22.14,25.76,64,26.0027,False,True,False,False,True,False,False,False,5,0,6,0,29
0,1,22.14,25.76,64,27.9993,False,True,False,False,True,False,False,False,6,0,6,0,105
0,1,22.96,26.515,56,23.9994,False,True,False,False,True,False,False,False,7,0,6,0,328
0,1,23.78,27.275,49,30.0026,False,True,False,False,True,False,False,False,8,0,6,0,476
0,1,25.42,31.06,46,23.9994,False,True,False,False,True,False,False,False,9,0,6,0,224
0,1,26.24,31.06,41,22.0028,False,True,False,False,True,False,False,False,10,0,6,0,118
0,1,27.06,31.06,41,19.9995,False,True,False,False,True,False,False,False,11,0,6,0,159
0,1,27.06,31.06,41,19.0012,False,True,False,False,True,False,False,False,12,0,6,0,196
0,1,28.7,31.82,37,0.0,False,True,False,False,True,False,False,False,13,0,6,0,227
0,1,28.7,31.82,34,16.9979,False,True,False,False,True,False,False,False,14,0,6,0,200
0,1,28.7,31.82,37,30.0026,False,True,False,False,True,False,False,False,15,0,6,0,185
0,1,28.7,31.82,37,27.9993,False,True,False,False,True,False,False,False,16,0,6,0,326
0,1,28.7,31.82,39,22.0028,False,True,False,False,True,False,False,False,17,0,6,0,601
0,1,28.7,31.82,37,23.9994,False,True,False,False,True,False,False,False,18,0,6,0,586
0,1,27.06,31.06,39,19.0012,False,True,False,False,True,False,False,False,19,0,6,0,423
0,1,26.24,31.06,44,16.9979,False,True,False,False,True,False,False,False,20,0,6,0,331
0,1,26.24,31.06,41,16.9979,False,True,False,False,True,False,False,False,21,0,6,0,218
0,1,25.42,31.06,46,15.0013,False,True,False,False,True,False,False,False,22,0,6,0,134
0,1,25.42,31.06,46,12.998,False,True,False,False,True,False,False,False,23,0,6,0,89
0,1,24.6,31.06,49,12.998,False,True,False,False,True,False,False,False,0,1,6,0,31
0,1,24.6,31.06,49,16.9979,False,True,False,False,True,False,False,False,1,1,6,0,13
0,1,24.6,31.06,49,19.0012,False,True,False,False,True,False,False,False,2,1,6,0,10
0,1,23.78,27.275,53,22.0028,False,True,False,False,True,False,False,False,3,1,6,0,2
0,1,22.14,25.76,60,16.9979,False,True,False,False,True,False,False,False,4,1,6,0,3
0,1,22.14,25.76,56,22.0028,False,True,False,False,True,False,False,False,5,1,6,0,26
0,1,22.14,25.76,56,19.9995,False,True,False,False,True,False,False,False,6,1,6,0,113
0,1,22.96,26.515,52,27.9993,False,True,False,False,True,False,False,False,7,1,6,0,365
0,1,23.78,27.275,49,26.0027,False,True,False,False,True,False,False,False,8,1,6,0,486
0,1,25.42,31.06,46,12.998,False,True,False,False,True,False,False,False,9,1,6,0,193
0,1,25.42,31.06,46,15.0013,False,True,False,False,True,False,False,False,10,1,6,0,130
0,1,26.24,31.06,41,19.0012,False,True,False,False,True,False,False,False,11,1,6,0,143
0,1,26.24,31.06,41,23.9994,False,True,False,False,True,False,False,False,12,1,6,0,169
0,1,26.24,31.06,44,15.0013,False,True,False,False,True,False,False,False,13,1,6,0,209
0,1,26.24,31.06,47,12.998,False,True,False,False,False,True,False,False,14,1,6,0,159
0,1,26.24,31.06,47,11.0014,False,True,False,False,True,False,False,False,15,1,6,0,178
0,1,27.88,31.82,41,12.998,False,True,False,False,True,False,False,False,16,1,6,0,330
0,1,26.24,31.06,50,19.0012,False,True,False,False,False,False,True,False,17,1,6,0,569
0,1,25.42,31.06,51,22.0028,False,True,False,False,True,False,False,False,18,1,6,0,538
0,1,26.24,31.06,50,23.9994,False,True,False,False,True,False,False,False,19,1,6,0,386
0,1,24.6,31.06,56,11.0014,False,True,False,False,True,False,False,False,20,1,6,0,297
0,1,24.6,31.06,56,19.9995,False,True,False,False,True,False,False,False,21,1,6,0,243
0,1,23.78,27.275,60,15.0013,False,True,False,False,True,False,False,False,22,1,6,0,188
0,1,22.96,26.515,68,15.0013,False,True,False,False,True,False,False,False,23,1,6,0,110
0,1,22.96,26.515,64,23.9994,False,True,False,False,True,False,False,False,0,2,6,0,52
0,1,22.14,25.76,64,19.0012,False,True,False,False,True,False,False,False,1,2,6,0,14
0,1,21.32,25.0,63,15.0013,False,True,False,False,True,False,False,False,2,2,6,0,9
0,1,20.5,24.24,68,16.9979,False,True,False,False,True,False,False,False,3,2,6,0,1
0,1,20.5,24.24,63,19.0012,False,True,False,False,True,False,False,False,4,2,6,0,4
0,1,19.68,23.485,67,19.0012,False,True,False,False,True,False,False,False,5,2,6,0,21
0,1,20.5,24.24,63,16.9979,False,True,False,False,True,False,False,False,6,2,6,0,121
0,1,22.14,25.76,60,8.9981,False,True,False,False,True,False,False,False,7,2,6,0,370
0,1,23.78,27.275,53,8.9981,False,True,False,False,True,False,False,False,8,2,6,0,498
0,1,24.6,31.06,49,0.0,False,True,False,False,True,False,False,False,9,2,6,0,207
0,1,26.24,31.06,47,11.0014,False,True,False,False,True,False,False,False,10,2,6,0,135
0,1,27.88,31.82,36,0.0,False,True,False,False,True,False,False,False,11,2,6,0,164
0,1,28.7,31.82,34,15.0013,False,True,False,False,True,False,False,False,12,2,6,0,211
0,1,30.34,32.575,28,19.0012,False,True,False,False,True,False,False,False,13,2,6,0,189
0,1,30.34,32.575,28,0.0,False,True,False,False,True,False,False,False,14,2,6,0,178
0,1,31.16,33.335,27,0.0,False,True,False,False,True,False,False,False,15,2,6,0,164
0,1,31.16,33.335,27,8.9981,False,True,False,False,True,False,False,False,16,2,6,0,312
0,1,30.34,32.575,28,7.0015,False,True,False,False,True,False,False,False,17,2,6,0,638
0,1,29.52,32.575,32,8.9981,False,True,False,False,True,False,False,False,18,2,6,0,607
0,1,28.7,31.82,37,19.0012,False,True,False,False,True,False,False,False,19,2,6,0,416
0,1,27.06,31.06,44,11.0014,False,True,False,False,True,False,False,False,20,2,6,0,330
0,1,26.24,31.06,47,15.0013,False,True,False,False,True,False,False,False,21,2,6,0,257
0,1,25.42,31.06,50,7.0015,False,True,False,False,True,False,False,False,22,2,6,0,175
0,1,25.42,31.06,53,0.0,False,True,False,False,True,False,False,False,23,2,6,0,107
0,1,24.6,31.06,56,7.0015,False,True,False,False,True,False,False,False,0,3,6,0,47
0,1,23.78,27.275,60,0.0,False,True,False,False,True,False,False,False,1,3,6,0,17
0,1,24.6,31.06,56,6.0032,False,True,False,False,True,False,False,False,2,3,6,0,5
0,1,22.96,26.515,73,6.0032,False,True,False,False,False,True,False,False,3,3,6,0,4
0,1,22.96,26.515,68,7.0015,False,True,False,False,False,True,False,False,4,3,6,0,6
0,1,24.6,30.305,64,12.998,False,True,False,False,True,False,False,False,5,3,6,0,25
0,1,23.78,27.275,73,11.0014,False,True,False,False,False,False,True,False,6,3,6,0,112
0,1,22.96,26.515,78,11.0014,False,True,False,False,False,False,True,False,7,3,6,0,188
0,1,24.6,29.545,69,8.9981,False,True,False,False,False,True,False,False,8,3,6,0,388
0,1,25.42,30.305,65,12.998,False,True,False,False,False,True,False,False,9,3,6,0,261
0,1,27.06,31.06,61,16.9979,False,True,False,False,False,True,False,False,10,3,6,0,121
0,1,27.88,31.82,61,19.9995,False,True,False,False,False,True,False,False,11,3,6,0,150
0,1,29.52,33.335,54,26.0027,False,True,False,False,True,False,False,False,12,3,6,0,206
0,1,29.52,33.335,54,16.9979,False,True,False,False,False,True,False,False,13,3,6,0,151
0,1,29.52,33.335,54,22.0028,False,True,False,False,False,True,False,False,14,3,6,0,153
0,1,28.7,32.575,61,19.9995,False,True,False,False,False,True,False,False,15,3,6,0,159
0,1,27.06,31.06,69,12.998,False,True,False,False,False,False,True,False,16,3,6,0,294
0,1,26.24,29.545,78,7.0015,False,True,False,False,False,True,False,False,17,3,6,0,272
0,1,26.24,28.79,83,15.0013,False,True,False,False,True,False,False,False,18,3,6,0,325
0,1,25.42,28.79,83,19.0012,False,True,False,False,True,False,False,False,19,3,6,0,327
0,1,25.42,28.79,83,22.0028,False,True,False,False,True,False,False,False,20,3,6,0,201
0,1,25.42,28.79,83,16.9979,False,True,False,False,False,False,True,False,21,3,6,0,188
0,1,25.42,28.79,83,16.9979,False,True,False,False,False,False,True,False,22,3,6,0,151
0,1,24.6,28.03,83,16.9979,False,True,False,False,False,False,True,False,23,3,6,0,16
0,1,22.96,26.515,88,6.0032,False,True,False,False,True,False,False,False,0,4,6,0,24
0,1,22.96,26.515,94,8.9981,False,True,False,False,True,False,False,False,1,4,6,0,23
0,1,22.96,26.515,94,7.0015,False,True,False,False,True,False,False,False,2,4,6,0,13
0,1,22.96,26.515,94,7.0015,False,True,False,False,True,False,False,False,3,4,6,0,6
0,1,22.14,25.76,94,8.9981,False,True,False,False,True,False,False,False,4,4,6,0,6
0,1,22.14,25.76,100,0.0,False,True,False,False,True,False,False,False,5,4,6,0,13
0,1,22.96,26.515,94,0.0,False,True,False,False,True,False,False,False,6,4,6,0,97
0,1,24.6,28.03,83,0.0,False,True,False,False,True,False,False,False,7,4,6,0,250
0,1,24.6,28.03,83,0.0,False,True,False,False,False,True,False,False,8,4,6,0,454
0,1,28.7,32.575,58,12.998,False,True,False,False,True,False,False,False,9,4,6,0,224
0,1,28.7,32.575,58,12.998,False,True,False,False,True,False,False,False,10,4,6,0,170
0,1,27.88,31.82,69,16.9979,False,True,False,False,True,False,False,False,11,4,6,0,181
0,1,28.7,32.575,65,16.9979,False,True,False,False,True,False,False,False,12,4,6,0,243
0,1,30.34,34.09,62,19.0012,False,True,False,False,True,False,False,False,13,4,6,0,204
0,1,31.16,34.85,52,12.998,False,True,False,False,True,False,False,False,14,4,6,0,215
0,1,31.98,34.85,43,15.0013,False,True,False,False,True,False,False,False,15,4,6,0,243
0,1,31.16,34.09,45,11.0014,False,True,False,False,True,False,False,False,16,4,6,0,355
0,1,31.16,34.09,40,12.998,False,True,False,False,False,False,True,False,17,4,6,0,552
0,1,31.16,34.09,40,12.998,False,True,False,False,False,False,True,False,18,4,6,0,450
0,1,26.24,28.79,83,16.9979,False,True,False,False,False,False,True,False,19,4,6,0,328
0,1,26.24,29.545,78,7.0015,False,True,False,False,True,False,False,False,20,4,6,0,232
0,1,26.24,29.545,78,6.0032,False,True,False,False,True,False,False,False,21,4,6,0,208
0,1,25.42,28.03,88,8.9981,False,True,False,False,True,False,False,False,22,4,6,0,175
0,1,25.42,28.79,83,8.9981,False,True,False,False,True,False,False,False,23,4,6,0,178
0,0,25.42,28.03,88,8.9981,False,True,False,False,True,False,False,False,0,5,6,0,104
0,0,25.42,28.79,83,7.0015,False,True,False,False,True,False,False,False,1,5,6,0,95
0,0,24.6,27.275,88,0.0,False,True,False,False,True,False,False,False,2,5,6,0,53
0,0,24.6,27.275,88,6.0032,False,True,False,False,True,False,False,False,3,5,6,0,20
0,0,24.6,27.275,88,6.0032,False,True,False,False,True,False,False,False,4,5,6,0,5
0,0,25.42,28.79,83,0.0,False,True,False,False,True,False,False,False,5,5,6,0,7
0,0,25.42,28.79,83,7.0015,False,True,False,False,True,False,False,False,6,5,6,0,27
0,0,26.24,29.545,78,8.9981,False,True,False,False,True,False,False,False,7,5,6,0,57
0,0,27.06,30.305,78,6.0032,False,True,False,False,True,False,False,False,8,5,6,0,131
0,0,28.7,32.575,61,15.0013,False,True,False,False,True,False,False,False,9,5,6,0,218
0,0,29.52,34.09,62,12.998,False,True,False,False,True,False,False,False,10,5,6,0,244
0,0,29.52,34.09,62,8.9981,False,True,False,False,True,False,False,False,11,5,6,0,404
0,0,30.34,34.85,66,6.0032,False,True,False,False,True,False,False,False,12,5,6,0,420
0,0,31.16,34.85,55,0.0,False,True,False,False,True,False,False,False,13,5,6,0,327
0,0,32.8,36.365,46,19.0012,False,True,False,False,False,True,False,False,14,5,6,0,334
0,0,33.62,37.88,46,8.9981,False,True,False,False,False,True,False,False,15,5,6,0,367
0,0,31.16,34.85,52,15.0013,False,True,False,False,False,True,False,False,16,5,6,0,468
0,0,31.16,34.09,48,11.0014,False,True,False,False,False,True,False,False,17,5,6,0,449
0,0,30.34,34.09,55,12.998,False,True,False,False,False,True,False,False,18,5,6,0,381
0,0,30.34,33.335,51,7.0015,False,True,False,False,False,True,False,False,19,5,6,0,326
0,0,29.52,33.335,58,8.9981,False,True,False,False,False,True,False,False,20,5,6,0,188
0,0,29.52,34.09,66,7.0015,False,True,False,False,False,True,False,False,21,5,6,0,183
0,0,29.52,34.09,62,8.9981,False,True,False,False,False,True,False,False,22,5,6,0,161
0,0,29.52,34.09,62,0.0,False,True,False,False,False,True,False,False,23,5,6,0,150
0,0,28.7,32.575,65,0.0,False,True,False,False,True,False,False,False,0,6,6,0,89
0,0,28.7,32.575,65,6.0032,False,True,False,False,False,True,False,False,1,6,6,0,76
0,0,27.88,31.82,74,6.0032,False,True,False,False,True,False,False,False,2,6,6,0,72
0,0,27.06,30.305,78,8.9981,False,True,False,False,False,True,False,False,3,6,6,0,30
0,0,27.06,31.06,74,8.9981,False,True,False,False,False,True,False,False,4,6,6,0,17
0,0,27.06,30.305,78,0.0,False,True,False,False,False,True,False,False,5,6,6,0,19
0,0,27.06,30.305,78,11.0014,False,True,False,False,False,True,False,False,6,6,6,0,33
0,0,27.06,30.305,78,11.0014,False,True,False,False,False,True,False,False,7,6,6,0,71
0,0,27.88,31.82,74,7.0015,False,True,False,False,False,False,True,False,8,6,6,0,84
0,0,27.88,31.82,74,7.0015,False,True,False,False,False,True,False,False,9,6,6,0,169
0,0,28.7,32.575,61,7.0015,False,True,False,False,False,True,False,False,10,6,6,0,244
0,0,29.52,33.335,58,6.0032,False,True,False,False,False,True,False,False,11,6,6,0,377
0,0,30.34,34.09,55,6.0032,False,True,False,False,False,True,False,False,12,6,6,0,396
0,0,30.34,33.335,51,0.0,False,True,False,False,False,True,False,False,13,6,6,0,363
0,0,30.34,34.09,58,7.0015,False,True,False,False,False,False,True,False,14,6,6,0,317
0,0,30.34,34.09,55,7.0015,False,True,False,False,False,True,False,False,15,6,6,0,362
0,0,31.16,34.09,48,0.0,False,True,False,False,False,True,False,False,16,6,6,0,378
0,0,30.34,33.335,51,0.0,False,True,False,False,True,False,False,False,17,6,6,0,397
0,0,30.34,34.09,58,6.0032,False,True,False,False,False,True,False,False,18,6,6,0,296
0,0,29.52,34.09,62,8.9981,False,True,False,False,True,False,False,False,19,6,6,0,311
0,0,28.7,32.575,70,12.998,False,True,False,False,True,False,False,False,20,6,6,0,232
0,0,27.88,31.82,79,8.9981,False,True,False,False,True,False,False,False,21,6,6,0,167
0,0,27.06,30.305,78,15.0013,False,True,False,False,True,False,False,False,22,6,6,0,152
0,0,27.06,30.305,78,12.998,False,True,False,False,True,False,False,False,23,6,6,0,92
0,1,27.06,31.06,50,0.0,False,False,True,False,True,False,False,False,0,4,7,0,68
0,1,27.06,31.06,50,0.0,False,False,True,False,True,False,False,False,1,4,7,0,31
0,1,25.42,30.305,69,0.0,False,False,True,False,True,False,False,False,2,4,7,0,13
0,1,26.24,31.06,53,0.0,False,False,True,False,True,False,False,False,3,4,7,0,11
0,1,25.42,31.06,57,0.0,False,False,True,False,True,False,False,False,4,4,7,0,6
0,1,24.6,30.305,64,8.9981,False,False,True,False,True,False,False,False,5,4,7,0,30
0,1,25.42,30.305,61,8.9981,False,False,True,False,True,False,False,False,6,4,7,0,108
0,1,27.06,31.06,54,7.0015,False,False,True,False,True,False,False,False,7,4,7,0,243
0,1,28.7,31.82,42,11.0014,False,False,True,False,True,False,False,False,8,4,7,0,492
0,1,30.34,32.575,35,11.0014,False,False,True,False,True,False,False,False,9,4,7,0,260
0,1,31.16,33.335,33,11.0014,False,False,True,False,True,False,False,False,10,4,7,0,170
0,1,32.8,34.85,26,0.0,False,False,True,False,True,False,False,False,11,4,7,0,214
0,1,32.8,34.85,26,0.0,False,False,True,False,True,False,False,False,12,4,7,0,263
0,1,32.8,34.09,24,0.0,False,False,True,False,True,False,False,False,13,4,7,0,292
0,1,33.62,34.85,23,12.998,False,False,True,False,True,False,False,False,14,4,7,0,303
0,1,33.62,34.85,21,16.9979,False,False,True,False,True,False,False,False,15,4,7,0,381
0,1,33.62,34.85,17,0.0,False,False,True,False,True,False,False,False,16,4,7,0,427
0,1,33.62,34.85,21,12.998,False,False,True,False,True,False,False,False,17,4,7,0,461
0,1,32.8,34.09,24,16.9979,False,False,True,False,True,False,False,False,18,4,7,0,422
0,1,31.98,33.335,25,12.998,False,False,True,False,True,False,False,False,19,4,7,0,318
0,1,29.52,32.575,42,15.0013,False,False,True,False,True,False,False,False,20,4,7,0,269
0,1,28.7,31.82,45,12.998,False,False,True,False,True,False,False,False,21,4,7,0,218
0,1,28.7,31.82,42,0.0,False,False,True,False,True,False,False,False,22,4,7,0,222
0,1,27.88,31.82,47,6.0032,False,False,True,False,True,False,False,False,23,4,7,0,140
0,0,27.88,31.82,47,6.0032,False,False,True,False,True,False,False,False,0,5,7,0,115
0,0,27.06,31.06,54,0.0,False,False,True,False,True,False,False,False,1,5,7,0,78
0,0,26.24,31.06,53,0.0,False,False,True,False,True,False,False,False,2,5,7,0,52
0,0,26.24,31.06,53,0.0,False,False,True,False,True,False,False,False,3,5,7,0,26
0,0,25.42,30.305,61,0.0,False,False,True,False,True,False,False,False,4,5,7,0,11
0,0,23.78,27.275,73,7.0015,False,False,True,False,True,False,False,False,5,5,7,0,14
0,0,25.42,30.305,69,7.0015,False,False,True,False,True,False,False,False,6,5,7,0,32
0,0,26.24,30.305,65,0.0,False,False,True,False,True,False,False,False,7,5,7,0,45
0,0,27.88,31.82,57,0.0,False,False,True,False,True,False,False,False,8,5,7,0,132
0,0,30.34,33.335,51,6.0032,False,False,True,False,True,False,False,False,9,5,7,0,179
0,0,32.8,35.605,36,0.0,False,False,True,False,True,False,False,False,10,5,7,0,271
0,0,32.8,35.605,36,6.0032,False,False,True,False,True,False,False,False,11,5,7,0,357
0,0,33.62,35.605,30,8.9981,False,False,True,False,True,False,False,False,12,5,7,0,374
0,0,33.62,35.605,30,7.0015,False,False,True,False,True,False,False,False,13,5,7,0,404
0,0,34.44,35.605,20,0.0,False,False,True,False,True,False,False,False,14,5,7,0,392
0,0,35.26,36.365,19,11.0014,False,False,True,False,True,False,False,False,15,5,7,0,331
0,0,36.08,37.12,22,15.0013,False,False,True,False,True,False,False,False,16,5,7,0,398
0,0,34.44,36.365,30,15.0013,False,False,True,False,True,False,False,False,17,5,7,0,349
0,0,33.62,35.605,30,19.0012,False,False,True,False,True,False,False,False,18,5,7,0,383
0,0,32.8,34.85,33,15.0013,False,False,True,False,True,False,False,False,19,5,7,0,305
0,0,31.16,34.09,45,19.0012,False,False,True,False,True,False,False,False,20,5,7,0,284
0,0,30.34,33.335,48,12.998,False,False,True,False,True,False,False,False,21,5,7,0,232
0,0,29.52,33.335,51,11.0014,False,False,True,False,True,False,False,False,22,5,7,0,201
0,0,29.52,33.335,54,19.0012,False,False,True,False,True,False,False,False,23,5,7,0,154
0,0,28.7,32.575,58,15.0013,False,False,True,False,True,False,False,False,0,6,7,0,144
0,0,28.7,32.575,61,11.0014,False,False,True,False,False,True,False,False,1,6,7,0,78
0,0,28.7,32.575,58,12.998,False,False,True,False,True,False,False,False,2,6,7,0,69
0,0,27.88,31.82,65,6.0032,False,False,True,False,False,False,True,False,3,6,7,0,33
0,0,27.88,31.82,65,6.0032,False,False,True,False,False,False,True,False,4,6,7,0,5
0,0,25.42,28.79,83,12.998,False,False,True,False,False,False,True,False,5,6,7,0,1
0,0,25.42,27.275,94,6.0032,False,False,True,False,False,True,False,False,6,6,7,0,3
0,0,26.24,28.79,89,12.998,False,False,True,False,False,True,False,False,7,6,7,0,25
0,0,27.88,31.82,79,15.0013,False,False,True,False,True,False,False,False,8,6,7,0,92
0,0,28.7,33.335,74,16.9979,False,False,True,False,True,False,False,False,9,6,7,0,181
0,0,30.34,34.85,66,11.0014,False,False,True,False,True,False,False,False,10,6,7,0,264
0,0,31.16,35.605,62,7.0015,False,False,True,False,True,False,False,False,11,6,7,0,390
0,0,32.8,37.88,55,7.0015,False,False,True,False,True,False,False,False,12,6,7,0,404
0,0,32.8,38.635,59,15.0013,False,False,True,False,True,False,False,False,13,6,7,0,421
0,0,33.62,39.395,56,16.9979,False,False,True,False,True,False,False,False,14,6,7,0,375
0,0,34.44,40.15,53,19.9995,False,False,True,False,True,False,False,False,15,6,7,0,376
0,0,34.44,40.15,53,19.9995,False,False,True,False,True,False,False,False,16,6,7,0,414
0,0,32.8,37.12,49,56.9969,False,False,True,False,False,False,True,False,17,6,7,0,358
0,0,32.8,37.12,49,56.9969,False,False,True,False,False,False,True,False,18,6,7,0,181
0,0,27.06,30.305,83,12.998,False,False,True,False,False,True,False,False,19,6,7,0,183
0,0,27.06,30.305,83,0.0,False,False,True,False,False,False,True,False,20,6,7,0,176
0,0,27.06,30.305,83,11.0014,False,False,True,False,False,True,False,False,21,6,7,0,167
0,0,27.06,30.305,78,7.0015,False,False,True,False,False,True,False,False,22,6,7,0,162
0,0,26.24,28.79,83,11.0014,False,False,True,False,True,False,False,False,23,6,7,0,147
1,0,26.24,28.79,83,8.9981,False,False,True,False,True,False,False,False,0,0,7,0,140
1,0,26.24,28.79,83,6.0032,False,False,True,False,True,False,False,False,1,0,7,0,119
1,0,26.24,28.79,83,0.0,False,False,True,False,True,False,False,False,2,0,7,0,63
1,0,26.24,29.545,78,0.0,False,False,True,False,True,False,False,False,3,0,7,0,26
1,0,27.06,30.305,78,6.0032,False,False,True,False,False,True,False,False,4,0,7,0,12
1,0,26.24,28.79,83,8.9981,False,False,True,False,False,True,False,False,5,0,7,0,4
1,0,26.24,28.79,89,11.0014,False,False,True,False,True,False,False,False,6,0,7,0,16
1,0,27.06,30.305,83,8.9981,False,False,True,False,True,False,False,False,7,0,7,0,36
1,0,28.7,33.335,74,7.0015,False,False,True,False,True,False,False,False,8,0,7,0,86
1,0,29.52,34.09,66,6.0032,False,False,True,False,False,True,False,False,9,0,7,0,238
1,0,31.16,34.85,55,6.0032,False,False,True,False,False,True,False,False,10,0,7,0,280
1,0,31.16,34.85,55,6.0032,False,False,True,False,False,True,False,False,11,0,7,0,349
1,0,31.98,35.605,52,0.0,False,False,True,False,False,True,False,False,12,0,7,0,447
1,0,31.98,35.605,49,0.0,False,False,True,False,False,True,False,False,13,0,7,0,423
1,0,32.8,36.365,46,0.0,False,False,True,False,True,False,False,False,14,0,7,0,408
1,0,33.62,37.12,43,6.0032,False,False,True,False,True,False,False,False,15,0,7,0,408
1,0,33.62,37.12,41,0.0,False,False,True,False,True,False,False,False,16,0,7,0,452
1,0,32.8,36.365,46,0.0,False,False,True,False,True,False,False,False,17,0,7,0,436
1,0,32.8,36.365,46,8.9981,False,False,True,False,True,False,False,False,18,0,7,0,418
1,0,31.98,35.605,49,11.0014,False,False,True,False,False,True,False,False,19,0,7,0,375
1,0,31.16,34.85,55,7.0015,False,False,True,False,False,True,False,False,20,0,7,0,386
1,0,30.34,34.09,62,7.0015,False,False,True,False,False,True,False,False,21,0,7,0,457
1,0,30.34,34.09,62,8.9981,False,False,True,False,False,True,False,False,22,0,7,0,326
1,0,29.52,34.09,70,7.0015,False,False,True,False,False,True,False,False,23,0,7,0,138
0,1,28.7,32.575,65,11.0014,False,False,True,False,False,True,False,False,0,1,7,0,55
0,1,28.7,32.575,65,7.0015,False,False,True,False,True,False,False,False,1,1,7,0,39
0,1,27.06,31.06,74,6.0032,False,False,True,False,True,False,False,False,2,1,7,0,13
0,1,27.06,31.06,74,15.0013,False,False,True,False,True,False,False,False,3,1,7,0,8
0,1,27.06,31.06,69,11.0014,False,False,True,False,True,False,False,False,4,1,7,0,5
0,1,27.06,31.06,69,0.0,False,False,True,False,True,False,False,False,5,1,7,0,20
0,1,27.06,31.06,74,6.0032,False,False,True,False,True,False,False,False,6,1,7,0,94
0,1,28.7,32.575,65,6.0032,False,False,True,False,True,False,False,False,7,1,7,0,270
0,1,29.52,34.09,62,8.9981,False,False,True,False,True,False,False,False,8,1,7,0,432
0,1,30.34,34.09,58,8.9981,False,False,True,False,True,False,False,False,9,1,7,0,227
0,1,31.16,34.85,52,7.0015,False,False,True,False,True,False,False,False,10,1,7,0,139
0,1,31.98,34.85,46,7.0015,False,False,True,False,True,False,False,False,11,1,7,0,172
0,1,32.8,36.365,43,7.0015,False,False,True,False,True,False,False,False,12,1,7,0,201
0,1,33.62,37.12,43,7.0015,False,False,True,False,True,False,False,False,13,1,7,0,203
0,1,32.8,37.12,49,11.0014,False,False,True,False,True,False,False,False,14,1,7,0,178
0,1,33.62,37.12,43,0.0,False,False,True,False,True,False,False,False,15,1,7,0,162
0,1,33.62,37.88,46,7.0015,False,False,True,False,True,False,False,False,16,1,7,0,281
0,1,33.62,37.88,46,7.0015,False,False,True,False,True,False,False,False,17,1,7,0,545
0,1,32.8,37.88,55,11.0014,False,False,True,False,True,False,False,False,18,1,7,0,496
0,1,32.8,38.635,59,8.9981,False,False,True,False,True,False,False,False,19,1,7,0,368
0,1,31.16,36.365,66,7.0015,False,False,True,False,True,False,False,False,20,1,7,0,284
0,1,31.98,37.12,62,16.9979,False,False,True,False,True,False,False,False,21,1,7,0,245
0,1,31.16,36.365,66,15.0013,False,False,True,False,True,False,False,False,22,1,7,0,155
0,1,30.34,34.85,66,11.0014,False,False,True,False,True,False,False,False,23,1,7,0,73
0,1,29.52,34.85,74,12.998,False,False,True,False,True,False,False,False,0,2,7,0,37
0,1,28.7,33.335,74,8.9981,False,False,True,False,True,False,False,False,1,2,7,0,15
0,1,28.7,33.335,79,6.0032,False,False,True,False,True,False,False,False,2,2,7,0,5
0,1,28.7,33.335,79,0.0,False,False,True,False,True,False,False,False,3,2,7,0,6
0,1,27.88,31.82,83,6.0032,False,False,True,False,False,True,False,False,4,2,7,0,6
0,1,27.88,31.82,83,6.0032,False,False,True,False,True,False,False,False,5,2,7,0,35
0,1,28.7,33.335,79,6.0032,False,False,True,False,True,False,False,False,6,2,7,0,121
0,1,29.52,34.85,79,0.0,False,False,True,False,False,True,False,False,7,2,7,0,312
0,1,29.52,34.85,74,7.0015,False,False,True,False,False,True,False,False,8,2,7,0,428
0,1,28.7,33.335,79,12.998,False,False,True,False,False,False,True,False,9,2,7,0,189
0,1,28.7,33.335,79,6.0032,False,False,True,False,False,False,True,False,10,2,7,0,43
0,1,29.52,34.85,74,0.0,False,False,True,False,False,True,False,False,11,2,7,0,127
0,1,30.34,34.85,66,6.0032,False,False,True,False,False,True,False,False,12,2,7,0,152
0,1,30.34,34.85,70,7.0015,False,False,True,False,False,True,False,False,13,2,7,0,140
0,1,31.16,36.365,66,19.0012,False,False,True,False,True,False,False,False,14,2,7,0,163
0,1,31.16,36.365,70,19.0012,False,False,True,False,True,False,False,False,15,2,7,0,185
0,1,31.16,36.365,70,16.9979,False,False,True,False,True,False,False,False,16,2,7,0,275
0,1,31.98,37.12,59,15.0013,False,False,True,False,True,False,False,False,17,2,7,0,596
0,1,31.16,35.605,62,12.998,False,False,True,False,True,False,False,False,18,2,7,0,563
0,1,30.34,34.85,70,15.0013,False,False,True,False,True,False,False,False,19,2,7,0,394
0,1,29.52,34.85,74,16.9979,False,False,True,False,True,False,False,False,20,2,7,0,312
0,1,28.7,33.335,79,12.998,False,False,True,False,True,False,False,False,21,2,7,0,241
0,1,28.7,33.335,79,12.998,False,False,True,False,True,False,False,False,22,2,7,0,186
0,1,27.88,31.82,83,15.0013,False,False,True,False,True,False,False,False,23,2,7,0,98
0,1,27.06,29.545,89,8.9981,False,False,True,False,True,False,False,False,0,3,7,0,35
0,1,27.06,29.545,89,12.998,False,False,True,False,True,False,False,False,1,3,7,0,16
0,1,27.06,29.545,89,12.998,False,False,True,False,True,False,False,False,2,3,7,0,8
0,1,26.24,28.03,94,7.0015,False,False,True,False,True,False,False,False,3,3,7,0,4
0,1,26.24,28.79,89,7.0015,False,False,True,False,True,False,False,False,4,3,7,0,4
0,1,26.24,28.79,89,7.0015,False,False,True,False,True,False,False,False,5,3,7,0,32
0,1,26.24,28.79,89,8.9981,False,False,True,False,False,True,False,False,6,3,7,0,118
0,1,27.06,29.545,89,7.0015,False,False,True,False,False,True,False,False,7,3,7,0,292
0,1,28.7,33.335,79,12.998,False,False,True,False,False,True,False,False,8,3,7,0,443
0,1,30.34,34.85,70,11.0014,False,False,True,False,True,False,False,False,9,3,7,0,179
0,1,31.98,37.12,62,0.0,False,False,True,False,True,False,False,False,10,3,7,0,101
0,1,33.62,38.635,52,8.9981,False,False,True,False,True,False,False,False,11,3,7,0,142
0,1,34.44,38.635,41,0.0,False,False,True,False,True,False,False,False,12,3,7,0,171
0,1,35.26,39.395,41,0.0,False,False,True,False,True,False,False,False,13,3,7,0,155
0,1,35.26,39.395,41,16.9979,False,False,True,False,True,False,False,False,14,3,7,0,160
0,1,35.26,39.395,41,16.9979,False,False,True,False,True,False,False,False,15,3,7,0,166
0,1,35.26,38.635,39,15.0013,False,False,True,False,True,False,False,False,16,3,7,0,265
0,1,35.26,37.88,36,16.9979,False,False,True,False,True,False,False,False,17,3,7,0,569
0,1,34.44,37.88,44,19.9995,False,False,True,False,True,False,False,False,18,3,7,0,562
0,1,33.62,38.635,52,19.0012,False,False,True,False,True,False,False,False,19,3,7,0,365
0,1,31.16,35.605,58,23.9994,False,False,True,False,True,False,False,False,20,3,7,0,285
0,1,30.34,34.09,62,11.0014,False,False,True,False,True,False,False,False,21,3,7,0,209
0,1,30.34,34.09,62,11.0014,False,False,True,False,True,False,False,False,22,3,7,0,182
0,1,29.52,34.09,66,0.0,False,False,True,False,True,False,False,False,23,3,7,0,129
0,1,30.34,34.85,66,7.0015,False,False,True,False,True,False,False,False,0,4,7,0,47
0,1,29.52,34.85,79,0.0,False,False,True,False,True,False,False,False,1,4,7,0,34
0,1,28.7,33.335,74,11.0014,False,False,True,False,False,True,False,False,2,4,7,0,22
0,1,27.88,31.82,79,7.0015,False,False,True,False,True,False,False,False,3,4,7,0,6
0,1,28.7,33.335,79,16.9979,False,False,True,False,True,False,False,False,4,4,7,0,11
0,1,27.88,31.82,79,16.9979,False,False,True,False,True,False,False,False,5,4,7,0,27
0,1,28.7,33.335,74,7.0015,False,False,True,False,True,False,False,False,6,4,7,0,102
0,1,28.7,33.335,79,12.998,False,False,True,False,False,True,False,False,7,4,7,0,332
0,1,29.52,34.85,74,16.9979,False,False,True,False,False,True,False,False,8,4,7,0,457
0,1,31.16,36.365,70,19.9995,False,False,True,False,False,True,False,False,9,4,7,0,241
0,1,30.34,34.85,70,23.9994,False,False,True,False,False,True,False,False,10,4,7,0,138
0,1,30.34,35.605,74,16.9979,False,False,True,False,False,True,False,False,11,4,7,0,165
0,1,31.16,36.365,70,19.0012,False,False,True,False,False,True,False,False,12,4,7,0,213
0,1,31.98,37.88,66,19.0012,False,False,True,False,False,True,False,False,13,4,7,0,229
0,1,32.8,39.395,63,23.9994,False,False,True,False,False,True,False,False,14,4,7,0,216
0,1,32.8,39.395,63,23.9994,False,False,True,False,False,True,False,False,15,4,7,0,141
0,1,27.88,31.82,83,30.0026,False,False,True,False,False,False,True,False,16,4,7,0,132
0,1,27.06,29.545,89,30.0026,False,False,True,False,False,False,True,False,17,4,7,0,167
0,1,27.06,30.305,83,6.0032,False,False,True,False,True,False,False,False,18,4,7,0,316
0,1,27.06,30.305,83,6.0032,False,False,True,False,True,False,False,False,19,4,7,0,270
0,1,27.06,30.305,83,11.0014,False,False,True,False,True,False,False,False,20,4,7,0,250
0,1,27.06,30.305,83,16.9979,False,False,True,False,False,True,False,False,21,4,7,0,204
0,1,27.06,30.305,78,12.998,False,False,True,False,False,True,False,False,22,4,7,0,169
0,1,27.06,30.305,78,6.0032,False,False,True,False,False,True,False,False,23,4,7,0,151
0,0,27.06,30.305,83,8.9981,False,False,True,False,False,True,False,False,0,5,7,0,121
0,0,26.24,28.79,89,7.0015,False,False,True,False,False,True,False,False,1,5,7,0,53
0,0,26.24,28.79,89,11.0014,False,False,True,False,True,False,False,False,2,5,7,0,55
0,0,26.24,28.79,89,8.9981,False,False,True,False,True,False,False,False,3,5,7,0,30
0,0,26.24,28.79,83,15.0013,False,False,True,False,True,False,False,False,4,5,7,0,6
0,0,25.42,28.03,88,11.0014,False,False,True,False,False,True,False,False,5,5,7,0,15
0,0,26.24,28.79,83,12.998,False,False,True,False,False,True,False,False,6,5,7,0,38
0,0,27.06,30.305,78,12.998,False,False,True,False,True,False,False,False,7,5,7,0,71
0,0,28.7,32.575,70,16.9979,False,False,True,False,True,False,False,False,8,5,7,0,182
0,0,30.34,34.09,58,19.0012,False,False,True,False,True,False,False,False,9,5,7,0,247
0,0,31.16,34.85,52,11.0014,False,False,True,False,True,False,False,False,10,5,7,0,264
0,0,31.98,34.85,46,19.9995,False,False,True,False,True,False,False,False,11,5,7,0,290
0,0,32.8,36.365,46,16.9979,False,False,True,False,True,False,False,False,12,5,7,0,366
0,0,33.62,37.12,41,15.0013,False,False,True,False,True,False,False,False,13,5,7,0,416
0,0,34.44,37.12,36,8.9981,False,False,True,False,True,False,False,False,14,5,7,0,373
0,0,34.44,36.365,34,6.0032,False,False,True,False,True,False,False,False,15,5,7,0,402
0,0,33.62,36.365,38,0.0,False,False,True,False,True,False,False,False,16,5,7,0,416
0,0,34.44,36.365,32,0.0,False,False,True,False,True,False,False,False,17,5,7,0,401
0,0,33.62,36.365,36,7.0015,False,False,True,False,True,False,False,False,18,5,7,0,378
0,0,31.16,34.85,55,11.0014,False,False,True,False,True,False,False,False,19,5,7,0,306
0,0,31.16,35.605,58,15.0013,False,False,True,False,True,False,False,False,20,5,7,0,314
0,0,30.34,34.09,58,11.0014,False,False,True,False,True,False,False,False,21,5,7,0,238
0,0,29.52,34.09,62,11.0014,False,False,True,False,True,False,False,False,22,5,7,0,214
0,0,29.52,33.335,58,12.998,False,False,True,False,True,False,False,False,23,5,7,0,140
0,0,28.7,32.575,61,11.0014,False,False,True,False,True,False,False,False,0,6,7,0,154
0,0,28.7,32.575,61,8.9981,False,False,True,False,True,False,False,False,1,6,7,0,113
0,0,27.88,31.82,69,6.0032,False,False,True,False,True,False,False,False,2,6,7,0,96
0,0,27.06,31.06,74,6.0032,False,False,True,False,True,False,False,False,3,6,7,0,25
0,0,27.06,31.06,69,6.0032,False,False,True,False,True,False,False,False,4,6,7,0,5
0,0,27.06,31.06,74,0.0,False,False,True,False,True,False,False,False,5,6,7,0,17
0,0,26.24,29.545,78,6.0032,False,False,True,False,True,False,False,False,6,6,7,0,25
0,0,28.7,32.575,70,6.0032,False,False,True,False,True,False,False,False,7,6,7,0,65
0,0,29.52,34.09,66,0.0,False,False,True,False,True,False,False,False,8,6,7,0,92
0,0,30.34,34.85,66,6.0032,False,False,True,False,True,False,False,False,9,6,7,0,169
0,0,31.16,34.85,55,8.9981,False,False,True,False,True,False,False,False,10,6,7,0,268
0,0,31.98,36.365,55,12.998,False,False,True,False,True,False,False,False,11,6,7,0,287
0,0,33.62,37.88,46,19.0012,False,False,True,False,True,False,False,False,12,6,7,0,377
0,0,32.8,36.365,46,19.9995,False,False,True,False,True,False,False,False,13,6,7,0,367
0,0,33.62,37.12,41,22.0028,False,False,True,False,True,False,False,False,14,6,7,0,349
0,0,34.44,37.12,39,19.0012,False,False,True,False,True,False,False,False,15,6,7,0,361
0,0,34.44,37.88,41,19.0012,False,False,True,False,True,False,False,False,16,6,7,0,372
0,0,34.44,37.12,36,15.0013,False,False,True,False,True,False,False,False,17,6,7,0,363
0,0,33.62,37.12,43,19.0012,False,False,True,False,True,False,False,False,18,6,7,0,363
0,0,32.8,37.12,49,22.0028,False,False,True,False,True,False,False,False,19,6,7,0,303
0,0,31.16,34.85,55,12.998,False,False,True,False,True,False,False,False,20,6,7,0,268
0,0,30.34,34.09,62,16.9979,False,False,True,False,True,False,False,False,21,6,7,0,227
0,0,30.34,34.85,66,15.0013,False,False,True,False,True,False,False,False,22,6,7,0,143
0,0,29.52,34.09,66,16.9979,False,False,True,False,True,False,False,False,23,6,7,0,72
0,1,28.7,32.575,65,12.998,False,False,True,False,True,False,False,False,0,0,7,0,35
0,1,28.7,32.575,61,19.0012,False,False,True,False,True,False,False,False,1,0,7,0,10
0,1,28.7,32.575,61,15.0013,False,False,True,False,True,False,False,False,2,0,7,0,12
0,1,27.88,31.82,65,11.0014,False,False,True,False,True,False,False,False,3,0,7,0,10
0,1,27.06,31.06,74,15.0013,False,False,True,False,True,False,False,False,4,0,7,0,4
0,1,27.06,31.06,74,8.9981,False,False,True,False,True,False,False,False,5,0,7,0,26
0,1,27.88,31.82,74,12.998,False,False,True,False,True,False,False,False,6,0,7,0,121
0,1,28.7,33.335,74,16.9979,False,False,True,False,True,False,False,False,7,0,7,0,317
0,1,30.34,34.85,66,19.0012,False,False,True,False,True,False,False,False,8,0,7,0,420
0,1,31.98,37.12,59,19.9995,False,False,True,False,True,False,False,False,9,0,7,0,208
0,1,32.8,37.88,55,23.9994,False,False,True,False,True,False,False,False,10,0,7,0,117
0,1,33.62,39.395,56,19.9995,False,False,True,False,True,False,False,False,11,0,7,0,128
0,1,34.44,40.15,53,19.0012,False,False,True,False,True,False,False,False,12,0,7,0,148
0,1,35.26,40.91,50,16.9979,False,False,True,False,True,False,False,False,13,0,7,0,141
0,1,35.26,41.665,53,19.0012,False,False,True,False,True,False,False,False,14,0,7,0,134
0,1,35.26,42.425,56,27.9993,False,False,True,False,True,False,False,False,15,0,7,0,146
0,1,35.26,42.425,56,26.0027,False,False,True,False,True,False,False,False,16,0,7,0,239
0,1,35.26,42.425,56,27.9993,False,False,True,False,True,False,False,False,17,0,7,0,514
0,1,35.26,41.665,53,26.0027,False,False,True,False,True,False,False,False,18,0,7,0,472
0,1,34.44,41.665,59,22.0028,False,False,True,False,True,False,False,False,19,0,7,0,373
0,1,29.52,34.85,74,27.9993,False,False,True,False,True,False,False,False,20,0,7,0,236
0,1,28.7,33.335,79,27.9993,False,False,True,False,True,False,False,False,21,0,7,0,130
0,1,29.52,34.85,74,8.9981,False,False,True,False,True,False,False,False,22,0,7,0,90
0,1,28.7,33.335,79,8.9981,False,False,True,False,True,False,False,False,23,0,7,0,55
0,1,28.7,33.335,79,8.9981,False,False,True,False,True,False,False,False,0,1,7,0,22
0,1,28.7,33.335,79,6.0032,False,False,True,False,True,False,False,False,1,1,7,0,14
0,1,28.7,33.335,79,7.0015,False,False,True,False,True,False,False,False,2,1,7,0,9
0,1,28.7,33.335,79,0.0,False,False,True,False,False,True,False,False,3,1,7,0,8
0,1,28.7,33.335,79,11.0014,False,False,True,False,True,False,False,False,4,1,7,0,6
0,1,28.7,33.335,79,6.0032,False,False,True,False,True,False,False,False,5,1,7,0,25
0,1,30.34,34.09,58,15.0013,False,False,True,False,True,False,False,False,6,1,7,0,115
0,1,31.16,34.85,55,12.998,False,False,True,False,True,False,False,False,7,1,7,0,330
0,1,31.16,35.605,58,15.0013,False,False,True,False,True,False,False,False,8,1,7,0,417
0,1,31.98,36.365,55,32.9975,False,False,True,False,True,False,False,False,9,1,7,0,176
0,1,33.62,38.635,52,11.0014,False,False,True,False,True,False,False,False,10,1,7,0,123
0,1,33.62,38.635,52,11.0014,False,False,True,False,True,False,False,False,11,1,7,0,125
0,1,35.26,39.395,44,19.9995,False,False,True,False,True,False,False,False,12,1,7,0,163
0,1,35.26,40.15,47,15.0013,False,False,True,False,True,False,False,False,13,1,7,0,136
0,1,36.9,42.425,42,19.9995,False,False,True,False,True,False,False,False,14,1,7,0,124
0,1,36.9,42.425,42,23.9994,False,False,True,False,True,False,False,False,15,1,7,0,148
0,1,35.26,39.395,44,19.0012,False,False,True,False,True,False,False,False,16,1,7,0,202
0,1,36.08,40.91,44,19.0012,False,False,True,False,True,False,False,False,17,1,7,0,428
0,1,35.26,40.15,47,19.9995,False,False,True,False,True,False,False,False,18,1,7,0,511
0,1,34.44,37.88,44,19.0012,False,False,True,False,True,False,False,False,19,1,7,0,337
0,1,33.62,37.12,43,12.998,False,False,True,False,True,False,False,False,20,1,7,0,308
0,1,33.62,37.12,43,7.0015,False,False,True,False,True,False,False,False,21,1,7,0,258
0,1,32.8,36.365,46,8.9981,False,False,True,False,True,False,False,False,22,1,7,0,194
0,1,31.98,35.605,52,0.0,False,False,True,False,True,False,False,False,23,1,7,0,79
0,1,31.16,35.605,62,0.0,False,False,True,False,True,False,False,False,0,2,7,0,46
0,1,31.16,34.85,55,0.0,False,False,True,False,True,False,False,False,1,2,7,0,12
0,1,31.16,34.85,55,0.0,False,False,True,False,True,False,False,False,2,2,7,0,5
0,1,30.34,34.09,58,12.998,False,False,True,False,True,False,False,False,3,2,7,0,4
0,1,30.34,34.09,58,16.9979,False,False,True,False,True,False,False,False,4,2,7,0,5
0,1,30.34,34.09,58,12.998,False,False,True,False,True,False,False,False,5,2,7,0,26
0,1,30.34,34.09,58,11.0014,False,False,True,False,True,False,False,False,6,2,7,0,121
0,1,31.16,34.85,55,16.9979,False,False,True,False,True,False,False,False,7,2,7,0,313
0,1,32.8,37.12,49,16.9979,False,False,True,False,True,False,False,False,8,2,7,0,449
0,1,33.62,37.12,41,12.998,False,False,True,False,True,False,False,False,9,2,7,0,186
0,1,33.62,37.88,46,12.998,False,False,True,False,True,False,False,False,10,2,7,0,113
0,1,34.44,37.12,39,11.0014,False,False,True,False,True,False,False,False,11,2,7,0,165
0,1,34.44,37.88,41,19.0012,False,False,True,False,True,False,False,False,12,2,7,0,174
0,1,33.62,37.88,46,8.9981,False,False,True,False,False,False,True,False,13,2,7,0,158
0,1,33.62,37.88,46,8.9981,False,False,True,False,False,False,True,False,14,2,7,0,116
0,1,26.24,28.03,94,8.9981,False,False,True,False,False,False,True,False,15,2,7,0,46
0,1,27.06,29.545,89,0.0,False,False,True,False,False,True,False,False,16,2,7,0,141
0,1,28.7,33.335,79,0.0,False,False,True,False,True,False,False,False,17,2,7,0,488
0,1,29.52,34.85,79,8.9981,False,False,True,False,True,False,False,False,18,2,7,0,463
0,1,28.7,33.335,79,7.0015,False,False,True,False,True,False,False,False,19,2,7,0,419
0,1,28.7,33.335,84,11.0014,False,False,True,False,True,False,False,False,20,2,7,0,342
0,1,28.7,33.335,79,7.0015,False,False,True,False,True,False,False,False,21,2,7,0,250
0,1,27.88,31.82,83,12.998,False,False,True,False,True,False,False,False,22,2,7,0,184
0,1,27.06,30.305,83,16.9979,False,False,True,False,True,False,False,False,23,2,7,0,116
0,1,27.06,31.06,69,19.9995,False,False,True,False,True,False,False,False,0,3,7,0,46
0,1,27.06,31.06,61,16.9979,False,False,True,False,True,False,False,False,1,3,7,0,25
0,1,26.24,31.06,57,19.9995,False,False,True,False,True,False,False,False,2,3,7,0,10
0,1,25.42,31.06,57,19.9995,False,False,True,False,True,False,False,False,3,3,7,0,6
0,1,25.42,31.06,53,16.9979,False,False,True,False,True,False,False,False,4,3,7,0,6
0,1,24.6,31.06,56,15.0013,False,False,True,False,True,False,False,False,5,3,7,0,28
0,1,24.6,30.305,60,15.0013,False,False,True,False,True,False,False,False,6,3,7,0,130
0,1,25.42,31.06,53,16.9979,False,False,True,False,True,False,False,False,7,3,7,0,334
0,1,26.24,31.06,50,23.9994,False,False,True,False,True,False,False,False,8,3,7,0,486
0,1,27.88,31.82,47,19.0012,False,False,True,False,True,False,False,False,9,3,7,0,224
0,1,28.7,31.82,42,16.9979,False,False,True,False,True,False,False,False,10,3,7,0,127
0,1,29.52,32.575,37,15.0013,False,False,True,False,True,False,False,False,11,3,7,0,148
0,1,30.34,32.575,35,16.9979,False,False,True,False,True,False,False,False,12,3,7,0,223
0,1,31.16,33.335,33,22.0028,False,False,True,False,True,False,False,False,13,3,7,0,177
0,1,30.34,32.575,35,19.0012,False,False,True,False,True,False,False,False,14,3,7,0,178
0,1,31.16,33.335,33,19.9995,False,False,True,False,True,False,False,False,15,3,7,0,180
0,1,31.16,33.335,33,8.9981,False,False,True,False,True,False,False,False,16,3,7,0,274
0,1,30.34,32.575,37,8.9981,False,False,True,False,True,False,False,False,17,3,7,0,595
0,1,29.52,32.575,42,12.998,False,False,True,False,True,False,False,False,18,3,7,0,578
0,1,29.52,32.575,39,15.0013,False,False,True,False,True,False,False,False,19,3,7,0,400
0,1,28.7,31.82,42,15.0013,False,False,True,False,True,False,False,False,20,3,7,0,348
0,1,27.06,31.06,50,8.9981,False,False,True,False,True,False,False,False,21,3,7,0,261
0,1,26.24,31.06,57,6.0032,False,False,True,False,True,False,False,False,22,3,7,0,176
0,1,26.24,30.305,65,16.9979,False,False,True,False,True,False,False,False,23,3,7,0,124
0,1,25.42,29.545,73,15.0013,False,False,True,False,True,False,False,False,0,4,7,0,80
0,1,25.42,29.545,73,12.998,False,False,True,False,True,False,False,False,1,4,7,0,20
0,1,24.6,28.79,78,11.0014,False,False,True,False,True,False,False,False,2,4,7,0,38
0,1,24.6,29.545,73,12.998,False,False,True,False,True,False,False,False,3,4,7,0,7
0,1,24.6,29.545,73,11.0014,False,False,True,False,True,False,False,False,4,4,7,0,10
0,1,24.6,29.545,73,8.9981,False,False,True,False,True,False,False,False,5,4,7,0,23
0,1,24.6,29.545,73,7.0015,False,False,True,False,False,True,False,False,6,4,7,0,120
0,1,26.24,30.305,65,7.0015,False,False,True,False,True,False,False,False,7,4,7,0,274
0,1,26.24,30.305,65,16.9979,False,False,True,False,True,False,False,False,8,4,7,0,564
0,1,27.88,31.82,54,12.998,False,False,True,False,True,False,False,False,9,4,7,0,207
0,1,27.06,31.06,61,11.0014,False,False,True,False,False,True,False,False,10,4,7,0,166
0,1,28.7,32.575,54,8.9981,False,False,True,False,True,False,False,False,11,4,7,0,210
0,1,28.7,32.575,48,12.998,False,False,True,False,True,False,False,False,12,4,7,0,238
0,1,28.7,32.575,54,12.998,False,False,True,False,True,False,False,False,13,4,7,0,247
0,1,28.7,32.575,51,12.998,False,False,True,False,True,False,False,False,14,4,7,0,265
0,1,29.52,32.575,45,11.0014,False,False,True,False,True,False,False,False,15,4,7,0,237
0,1,29.52,33.335,51,12.998,False,False,True,False,True,False,False,False,16,4,7,0,361
0,1,30.34,33.335,42,16.9979,False,False,True,False,True,False,False,False,17,4,7,0,587
0,1,29.52,32.575,45,15.0013,False,False,True,False,True,False,False,False,18,4,7,0,496
0,1,28.7,31.82,45,15.0013,False,False,True,False,True,False,False,False,19,4,7,0,394
0,1,28.7,32.575,51,15.0013,False,False,True,False,True,False,False,False,20,4,7,0,343
0,1,27.06,31.06,54,7.0015,False,False,True,False,True,False,False,False,21,4,7,0,261
0,1,27.06,31.06,57,15.0013,False,False,True,False,True,False,False,False,22,4,7,0,223
0,1,26.24,31.06,61,11.0014,False,False,True,False,True,False,False,False,23,4,7,0,167
0,0,25.42,30.305,65,12.998,False,False,True,False,True,False,False,False,0,5,7,0,110
0,0,24.6,29.545,69,7.0015,False,False,True,False,True,False,False,False,1,5,7,0,75
0,0,24.6,29.545,73,8.9981,False,False,True,False,True,False,False,False,2,5,7,0,58
0,0,24.6,28.79,78,8.9981,False,False,True,False,True,False,False,False,3,5,7,0,26
0,0,24.6,29.545,73,6.0032,False,False,True,False,True,False,False,False,4,5,7,0,16
0,0,23.78,27.275,78,6.0032,False,False,True,False,True,False,False,False,5,5,7,0,10
0,0,24.6,28.79,78,11.0014,False,False,True,False,True,False,False,False,6,5,7,0,37
0,0,25.42,29.545,73,8.9981,False,False,True,False,True,False,False,False,7,5,7,0,52
0,0,27.06,31.06,65,11.0014,False,False,True,False,True,False,False,False,8,5,7,0,127
0,0,28.7,32.575,54,15.0013,False,False,True,False,True,False,False,False,9,5,7,0,222
0,0,29.52,33.335,54,12.998,False,False,True,False,True,False,False,False,10,5,7,0,322
0,0,30.34,33.335,48,15.0013,False,False,True,False,True,False,False,False,11,5,7,0,396
0,0,31.16,34.09,43,19.0012,False,False,True,False,True,False,False,False,12,5,7,0,463
0,0,31.16,34.09,45,19.9995,False,False,True,False,True,False,False,False,13,5,7,0,497
0,0,30.34,33.335,45,19.9995,False,False,True,False,True,False,False,False,14,5,7,0,433
0,0,31.16,34.09,45,22.0028,False,False,True,False,True,False,False,False,15,5,7,0,428
0,0,31.16,34.09,45,19.0012,False,False,True,False,True,False,False,False,16,5,7,0,425
0,0,31.16,34.09,45,15.0013,False,False,True,False,True,False,False,False,17,5,7,0,475
0,0,31.16,34.09,45,19.0012,False,False,True,False,True,False,False,False,18,5,7,0,428
0,0,30.34,34.09,48,12.998,False,False,True,False,True,False,False,False,19,5,7,0,406
0,0,29.52,33.335,51,15.0013,False,False,True,False,True,False,False,False,20,5,7,0,296
0,0,28.7,32.575,58,15.0013,False,False,True,False,True,False,False,False,21,5,7,0,252
0,0,28.7,32.575,65,19.0012,False,False,True,False,True,False,False,False,22,5,7,0,201
0,0,27.88,31.82,61,15.0013,False,False,True,False,True,False,False,False,23,5,7,0,168
0,0,27.06,31.06,65,15.0013,False,False,True,False,True,False,False,False,0,6,7,0,125
0,0,26.24,30.305,69,12.998,False,False,True,False,True,False,False,False,1,6,7,0,102
0,0,26.24,30.305,69,15.0013,False,False,True,False,True,False,False,False,2,6,7,0,94
0,0,26.24,30.305,69,15.0013,False,False,True,False,True,False,False,False,3,6,7,0,47
0,0,25.42,29.545,73,11.0014,False,False,True,False,True,False,False,False,4,6,7,0,10
0,0,26.24,30.305,69,15.0013,False,False,True,False,True,False,False,False,5,6,7,0,12
0,0,25.42,29.545,73,11.0014,False,False,True,False,True,False,False,False,6,6,7,0,21
0,0,26.24,30.305,73,11.0014,False,False,True,False,True,False,False,False,7,6,7,0,50
0,0,27.88,31.82,65,15.0013,False,False,True,False,True,False,False,False,8,6,7,0,118
0,0,29.52,33.335,58,15.0013,False,False,True,False,True,False,False,False,9,6,7,0,184
0,0,30.34,34.09,60,15.0013,False,False,True,False,True,False,False,False,10,6,7,0,304
0,0,31.16,34.85,55,19.0012,False,False,True,False,True,False,False,False,11,6,7,0,391
0,0,31.16,34.85,55,19.0012,False,False,True,False,True,False,False,False,12,6,7,0,420
0,0,32.8,37.12,49,19.9995,False,False,True,False,True,False,False,False,13,6,7,0,472
0,0,32.8,37.12,49,23.9994,False,False,True,False,True,False,False,False,14,6,7,0,430
0,0,33.62,37.12,43,19.9995,False,False,True,False,True,False,False,False,15,6,7,0,324
0,0,32.8,36.365,46,19.9995,False,False,True,False,True,False,False,False,16,6,7,0,317
0,0,32.8,37.12,49,26.0027,False,False,True,False,True,False,False,False,17,6,7,0,369
0,0,32.8,36.365,46,19.9995,False,False,True,False,True,False,False,False,18,6,7,0,390
0,0,31.16,34.85,55,19.0012,False,False,True,False,True,False,False,False,19,6,7,0,379
0,0,31.16,35.605,58,16.9979,False,False,True,False,True,False,False,False,20,6,7,0,262
0,0,30.34,34.09,62,15.0013,False,False,True,False,True,False,False,False,21,6,7,0,207
0,0,29.52,34.09,66,15.0013,False,False,True,False,True,False,False,False,22,6,7,0,181
0,0,28.7,33.335,74,8.9981,False,False,True,False,True,False,False,False,23,6,7,0,93
0,1,28.7,33.335,74,8.9981,False,False,True,False,True,False,False,False,0,0,7,0,51
0,1,28.7,33.335,74,15.0013,False,False,True,False,True,False,False,False,1,0,7,0,25
0,1,27.06,30.305,83,15.0013,False,False,True,False,True,False,False,False,2,0,7,0,10
0,1,27.06,30.305,78,12.998,False,False,True,False,True,False,False,False,3,0,7,0,7
0,1,26.24,29.545,78,11.0014,False,False,True,False,True,False,False,False,4,0,7,0,4
0,1,26.24,29.545,78,7.0015,False,False,True,False,True,False,False,False,5,0,7,0,17
0,1,26.24,28.79,83,7.0015,False,False,True,False,True,False,False,False,6,0,7,0,105
0,1,27.88,31.82,74,15.0013,False,False,True,False,True,False,False,False,7,0,7,0,277
0,1,28.7,32.575,70,12.998,False,False,True,False,True,False,False,False,8,0,7,0,347
0,1,30.34,34.85,67,15.0013,False,False,True,False,True,False,False,False,9,0,7,0,203
0,1,31.16,35.605,62,12.998,False,False,True,False,True,False,False,False,10,0,7,0,130
0,1,32.8,37.88,55,6.0032,False,False,True,False,True,False,False,False,11,0,7,0,141
0,1,32.8,38.635,59,12.998,False,False,True,False,True,False,False,False,12,0,7,0,165
0,1,33.62,39.395,56,16.9979,False,False,True,False,True,False,False,False,13,0,7,0,152
0,1,33.62,39.395,56,22.0028,False,False,True,False,True,False,False,False,14,0,7,0,138
0,1,34.44,40.15,53,22.0028,False,False,True,False,True,False,False,False,15,0,7,0,164
0,1,34.44,40.15,53,19.0012,False,False,True,False,True,False,False,False,16,0,7,0,265
0,1,34.44,39.395,49,22.0028,False,False,True,False,True,False,False,False,17,0,7,0,545
0,1,33.62,38.635,49,23.9994,False,False,True,False,True,False,False,False,18,0,7,0,558
0,1,32.8,37.88,55,15.0013,False,False,True,False,True,False,False,False,19,0,7,0,398
0,1,31.98,37.12,59,15.0013,False,False,True,False,True,False,False,False,20,0,7,0,323
0,1,30.34,34.85,66,12.998,False,False,True,False,True,False,False,False,21,0,7,0,202
0,1,31.16,36.365,66,15.0013,False,False,True,False,True,False,False,False,22,0,7,0,140
0,1,30.34,34.85,66,11.0014,False,False,True,False,True,False,False,False,23,0,7,0,91
0,1,30.34,34.85,66,7.0015,False,False,True,False,True,False,False,False,0,1,7,0,51
0,1,30.34,34.85,66,8.9981,False,False,True,False,False,True,False,False,1,1,7,0,13
0,1,29.52,34.09,70,11.0014,False,False,True,False,True,False,False,False,2,1,7,0,13
0,1,29.52,34.09,70,11.0014,False,False,True,False,True,False,False,False,3,1,7,0,3
0,1,29.52,34.09,70,8.9981,False,False,True,False,True,False,False,False,4,1,7,0,5
0,1,28.7,33.335,74,7.0015,False,False,True,False,False,True,False,False,5,1,7,0,19
0,1,29.52,34.85,74,7.0015,False,False,True,False,False,True,False,False,6,1,7,0,134
0,1,30.34,34.85,70,11.0014,False,False,True,False,False,True,False,False,7,1,7,0,315
0,1,31.16,36.365,70,11.0014,False,False,True,False,False,True,False,False,8,1,7,0,412
0,1,32.8,39.395,63,8.9981,False,False,True,False,False,True,False,False,9,1,7,0,199
0,1,33.62,39.395,56,11.0014,False,False,True,False,False,True,False,False,10,1,7,0,141
0,1,33.62,40.15,59,0.0,False,False,True,False,True,False,False,False,11,1,7,0,127
0,1,34.44,40.91,56,6.0032,False,False,True,False,True,False,False,False,12,1,7,0,153
0,1,35.26,41.665,53,7.0015,False,False,True,False,True,False,False,False,13,1,7,0,172
0,1,35.26,40.91,50,12.998,False,False,True,False,True,False,False,False,14,1,7,0,152
0,1,36.08,40.91,44,12.998,False,False,True,False,True,False,False,False,15,1,7,0,158
0,1,36.9,42.425,42,19.9995,False,False,True,False,True,False,False,False,16,1,7,0,277
0,1,32.8,40.15,66,0.0,False,False,True,False,True,False,False,False,17,1,7,0,513
0,1,32.8,40.15,66,8.9981,False,False,True,False,True,False,False,False,18,1,7,0,530
0,1,31.16,37.12,75,12.998,False,False,True,False,True,False,False,False,19,1,7,0,388
0,1,30.34,36.365,74,6.0032,False,False,True,False,True,False,False,False,20,1,7,0,277
0,1,30.34,35.605,74,8.9981,False,False,True,False,True,False,False,False,21,1,7,0,241
0,1,30.34,35.605,74,0.0,False,False,True,False,True,False,False,False,22,1,7,0,156
0,1,29.52,34.85,79,11.0014,False,False,True,False,False,False,True,False,23,1,7,0,92
0,1,29.52,34.09,70,15.0013,False,False,True,False,True,False,False,False,0,0,8,0,29
0,1,29.52,34.85,74,12.998,False,False,True,False,True,False,False,False,1,0,8,0,17
0,1,28.7,33.335,74,7.0015,False,False,True,False,True,False,False,False,2,0,8,0,11
0,1,28.7,33.335,79,11.0014,False,False,True,False,True,False,False,False,3,0,8,0,4
0,1,27.06,30.305,83,8.9981,False,False,True,False,True,False,False,False,4,0,8,0,4
0,1,27.06,30.305,83,7.0015,False,False,True,False,True,False,False,False,5,0,8,0,26
0,1,27.06,30.305,83,6.0032,False,False,True,False,True,False,False,False,6,0,8,0,100
0,1,30.34,34.09,62,0.0,False,False,True,False,True,False,False,False,7,0,8,0,282
0,1,32.8,36.365,43,12.998,False,False,True,False,True,False,False,False,8,0,8,0,382
0,1,33.62,37.12,41,0.0,False,False,True,False,True,False,False,False,9,0,8,0,166
0,1,35.26,37.88,36,11.0014,False,False,True,False,True,False,False,False,10,0,8,0,97
0,1,36.08,38.635,32,11.0014,False,False,True,False,True,False,False,False,11,0,8,0,119
0,1,36.9,40.15,33,16.9979,False,False,True,False,True,False,False,False,12,0,8,0,168
0,1,36.9,40.15,31,19.9995,False,False,True,False,True,False,False,False,13,0,8,0,150
0,1,37.72,40.91,29,12.998,False,False,True,False,True,False,False,False,14,0,8,0,123
0,1,36.9,39.395,27,0.0,False,False,True,False,True,False,False,False,15,0,8,0,129
0,1,36.9,39.395,27,0.0,False,False,True,False,True,False,False,False,16,0,8,0,231
0,1,31.16,34.09,45,19.9995,False,False,True,False,True,False,False,False,17,0,8,0,514
0,1,31.98,34.85,43,12.998,False,False,True,False,True,False,False,False,18,0,8,0,543
0,1,30.34,33.335,51,15.0013,False,False,True,False,True,False,False,False,19,0,8,0,413
0,1,29.52,34.09,62,15.0013,False,False,True,False,True,False,False,False,20,0,8,0,305
0,1,28.7,32.575,70,16.9979,False,False,True,False,True,False,False,False,21,0,8,0,220
0,1,28.7,32.575,70,6.0032,False,False,True,False,True,False,False,False,22,0,8,0,137
0,1,27.88,31.82,74,12.998,False,False,True,False,True,False,False,False,23,0,8,0,96
0,1,27.06,31.06,74,0.0,False,False,True,False,True,False,False,False,0,1,8,0,29
0,1,27.06,31.06,74,7.0015,False,False,True,False,True,False,False,False,1,1,8,0,12
0,1,27.88,31.82,69,0.0,False,False,True,False,True,False,False,False,2,1,8,0,8
0,1,27.06,31.06,74,12.998,False,False,True,False,True,False,False,False,3,1,8,0,5
0,1,27.06,31.06,74,7.0015,False,False,True,False,True,False,False,False,4,1,8,0,10
0,1,27.06,31.06,74,8.9981,False,False,True,False,True,False,False,False,5,1,8,0,21
0,1,27.88,31.82,69,7.0015,False,False,True,False,True,False,False,False,6,1,8,0,117
0,1,29.52,33.335,61,19.0012,False,False,True,False,True,False,False,False,7,1,8,0,335
0,1,30.34,34.09,58,19.0012,False,False,True,False,True,False,False,False,8,1,8,0,435
0,1,31.98,34.85,46,19.9995,False,False,True,False,True,False,False,False,9,1,8,0,213
0,1,33.62,36.365,36,19.9995,False,False,True,False,True,False,False,False,10,1,8,0,140
0,1,34.44,36.365,32,27.9993,False,False,True,False,True,False,False,False,11,1,8,0,128
0,1,35.26,37.12,30,19.0012,False,False,True,False,True,False,False,False,12,1,8,0,157
0,1,35.26,37.12,30,15.0013,False,False,True,False,True,False,False,False,13,1,8,0,203
0,1,36.9,38.635,25,19.0012,False,False,True,False,True,False,False,False,14,1,8,0,159
0,1,36.9,38.635,25,19.0012,False,False,True,False,True,False,False,False,15,1,8,0,168
0,1,36.9,38.635,25,19.0012,False,False,True,False,True,False,False,False,16,1,8,0,274
0,1,36.9,39.395,27,8.9981,False,False,True,False,False,True,False,False,17,1,8,0,556
0,1,35.26,37.88,34,12.998,False,False,True,False,False,True,False,False,18,1,8,0,556
0,1,35.26,37.88,36,15.0013,False,False,True,False,False,True,False,False,19,1,8,0,454
0,1,33.62,37.88,46,16.9979,False,False,True,False,False,True,False,False,20,1,8,0,288
0,1,32.8,37.12,52,15.0013,False,False,True,False,True,False,False,False,21,1,8,0,254
0,1,31.98,37.12,59,11.0014,False,False,True,False,False,True,False,False,22,1,8,0,191
0,1,32.8,37.12,49,11.0014,False,False,True,False,False,True,False,False,23,1,8,0,132
0,1,32.8,37.12,49,11.0014,False,False,True,False,False,True,False,False,0,2,8,0,43
0,1,31.98,35.605,52,11.0014,False,False,True,False,False,True,False,False,1,2,8,0,16
0,1,31.98,35.605,49,11.0014,False,False,True,False,False,True,False,False,2,2,8,0,11
0,1,31.16,34.85,55,6.0032,False,False,True,False,False,True,False,False,3,2,8,0,4
0,1,31.16,34.85,52,11.0014,False,False,True,False,False,True,False,False,4,2,8,0,7
0,1,31.16,34.85,55,6.0032,False,False,True,False,False,True,False,False,5,2,8,0,24
0,1,29.52,34.09,66,32.9975,False,False,True,False,False,False,True,False,6,2,8,0,110
0,1,30.34,33.335,51,15.0013,False,False,True,False,False,True,False,False,7,2,8,0,271
0,1,30.34,33.335,51,11.0014,False,False,True,False,False,True,False,False,8,2,8,0,437
0,1,30.34,34.09,55,12.998,False,False,True,False,False,True,False,False,9,2,8,0,195
0,1,30.34,34.09,58,6.0032,False,False,True,False,False,False,True,False,10,2,8,0,68
0,1,30.34,34.09,58,7.0015,False,False,True,False,False,True,False,False,11,2,8,0,122
0,1,31.16,34.85,55,8.9981,False,False,True,False,False,False,True,False,12,2,8,0,161
0,1,31.16,35.605,58,15.0013,False,False,True,False,False,True,False,False,13,2,8,0,144
0,1,31.16,35.605,58,15.0013,False,False,True,False,False,True,False,False,14,2,8,0,147
0,1,28.7,33.335,79,8.9981,False,False,True,False,False,True,False,False,15,2,8,0,118
0,1,27.88,31.82,79,0.0,False,False,True,False,False,False,True,False,16,2,8,0,150
0,1,28.7,33.335,79,0.0,False,False,True,False,False,True,False,False,17,2,8,0,425
0,1,28.7,33.335,84,0.0,False,False,True,False,False,False,True,False,18,2,8,0,492
0,1,28.7,33.335,84,0.0,False,False,True,False,False,False,True,False,19,2,8,0,321
0,1,28.7,33.335,84,7.0015,False,False,True,False,False,False,True,False,20,2,8,0,87
0,1,27.88,31.82,89,8.9981,False,False,True,False,False,True,False,False,21,2,8,0,88
0,1,27.88,31.82,89,7.0015,False,False,True,False,False,False,True,False,22,2,8,0,77
0,1,27.88,31.82,89,6.0032,False,False,True,False,False,True,False,False,23,2,8,0,56
0,1,27.88,31.82,89,6.0032,False,False,True,False,False,True,False,False,0,3,8,0,17
0,1,27.06,29.545,94,6.0032,False,False,True,False,False,True,False,False,1,3,8,0,17
0,1,27.06,29.545,94,6.0032,False,False,True,False,False,True,False,False,2,3,8,0,7
0,1,27.06,29.545,94,6.0032,False,False,True,False,False,False,True,False,3,3,8,0,3
0,1,27.88,31.82,89,0.0,False,False,True,False,False,True,False,False,4,3,8,0,7
0,1,27.88,31.82,89,0.0,False,False,True,False,False,True,False,False,5,3,8,0,20
0,1,27.88,31.82,89,19.9995,False,False,True,False,False,True,False,False,6,3,8,0,97
0,1,27.88,31.82,89,19.9995,False,False,True,False,False,True,False,False,7,3,8,0,282
0,1,28.7,32.575,82,23.9994,False,False,True,False,False,True,False,False,8,3,8,0,398
0,1,29.52,34.85,74,22.0028,False,False,True,False,True,False,False,False,9,3,8,0,187
0,1,29.52,33.335,71,19.9995,False,False,True,False,True,False,False,False,10,3,8,0,113
0,1,30.34,34.85,66,15.0013,False,False,True,False,False,True,False,False,11,3,8,0,149
0,1,31.16,35.605,62,15.0013,False,False,True,False,False,True,False,False,12,3,8,0,205
0,1,31.16,35.605,58,0.0,False,False,True,False,True,False,False,False,13,3,8,0,205
0,1,32.8,37.88,55,11.0014,False,False,True,False,True,False,False,False,14,3,8,0,167
0,1,32.8,37.88,55,16.9979,False,False,True,False,True,False,False,False,15,3,8,0,165
0,1,31.16,35.605,62,22.0028,False,False,True,False,True,False,False,False,16,3,8,0,290
0,1,31.16,35.605,62,22.0028,False,False,True,False,True,False,False,False,17,3,8,0,555
0,1,28.7,33.335,74,19.9995,False,False,True,False,True,False,False,False,18,3,8,0,523
0,1,28.7,33.335,74,19.0012,False,False,True,False,True,False,False,False,19,3,8,0,366
0,1,28.7,33.335,74,12.998,False,False,True,False,False,True,False,False,20,3,8,0,286
0,1,28.7,33.335,74,12.998,False,False,True,False,False,True,False,False,21,3,8,0,211
0,1,27.88,31.82,74,12.998,False,False,True,False,True,False,False,False,22,3,8,0,174
0,1,27.06,31.06,74,7.0015,False,False,True,False,True,False,False,False,23,3,8,0,132
0,1,27.06,31.06,74,7.0015,False,False,True,False,True,False,False,False,0,4,8,0,54
0,1,26.24,29.545,78,6.0032,False,False,True,False,True,False,False,False,1,4,8,0,19
0,1,27.06,31.06,69,0.0,False,False,True,False,True,False,False,False,2,4,8,0,19
0,1,26.24,29.545,78,6.0032,False,False,True,False,True,False,False,False,3,4,8,0,6
0,1,26.24,29.545,78,8.9981,False,False,True,False,True,False,False,False,4,4,8,0,7
0,1,26.24,29.545,78,6.0032,False,False,True,False,True,False,False,False,5,4,8,0,16
0,1,26.24,29.545,78,8.9981,False,False,True,False,True,False,False,False,6,4,8,0,101
0,1,27.06,30.305,78,8.9981,False,False,True,False,True,False,False,False,7,4,8,0,270
0,1,28.7,32.575,65,15.0013,False,False,True,False,True,False,False,False,8,4,8,0,454
0,1,29.52,33.335,58,7.0015,False,False,True,False,True,False,False,False,9,4,8,0,226
0,1,30.34,34.09,55,8.9981,False,False,True,False,True,False,False,False,10,4,8,0,163
0,1,31.16,34.85,52,16.9979,False,False,True,False,False,True,False,False,11,4,8,0,147
0,1,31.16,34.85,52,16.9979,False,False,True,False,True,False,False,False,12,4,8,0,216
0,1,31.98,35.605,52,16.9979,False,False,True,False,True,False,False,False,13,4,8,0,204
0,1,31.98,35.605,52,16.9979,False,False,True,False,False,True,False,False,14,4,8,0,245
0,1,31.16,34.85,55,16.9979,False,False,True,False,True,False,False,False,15,4,8,0,210
0,1,32.8,37.12,49,16.9979,False,False,True,False,True,False,False,False,16,4,8,0,330
0,1,31.98,35.605,49,19.9995,False,False,True,False,True,False,False,False,17,4,8,0,550
0,1,31.16,34.85,52,16.9979,False,False,True,False,True,False,False,False,18,4,8,0,466
0,1,30.34,34.09,55,16.9979,False,False,True,False,True,False,False,False,19,4,8,0,372
0,1,29.52,33.335,58,15.0013,False,False,True,False,True,False,False,False,20,4,8,0,291
0,1,28.7,32.575,65,12.998,False,False,True,False,True,False,False,False,21,4,8,0,173
0,1,28.7,32.575,65,15.0013,False,False,True,False,True,False,False,False,22,4,8,0,188
0,1,27.88,31.82,69,15.0013,False,False,True,False,True,False,False,False,23,4,8,0,139
0,0,27.06,30.305,78,12.998,False,False,True,False,True,False,False,False,0,5,8,0,133
0,0,27.06,30.305,78,11.0014,False,False,True,False,True,False,False,False,1,5,8,0,67
0,0,27.06,30.305,78,15.0013,False,False,True,False,True,False,False,False,2,5,8,0,53
0,0,27.06,30.305,78,11.0014,False,False,True,False,False,True,False,False,3,5,8,0,42
0,0,27.06,30.305,83,11.0014,False,False,True,False,False,True,False,False,4,5,8,0,10
0,0,26.24,28.79,89,6.0032,False,False,True,False,True,False,False,False,5,5,8,0,6
0,0,26.24,28.79,89,7.0015,False,False,True,False,True,False,False,False,6,5,8,0,27
0,0,27.88,31.82,83,11.0014,False,False,True,False,True,False,False,False,7,5,8,0,63
0,0,27.88,31.82,83,11.0014,False,False,True,False,True,False,False,False,8,5,8,0,121
0,0,30.34,34.85,70,15.0013,False,False,True,False,True,False,False,False,9,5,8,0,215
0,0,30.34,34.85,70,19.0012,False,False,True,False,False,True,False,False,10,5,8,0,290
0,0,31.98,37.12,62,15.0013,False,False,True,False,True,False,False,False,11,5,8,0,349
0,0,32.8,37.88,55,15.0013,False,False,True,False,True,False,False,False,12,5,8,0,382
0,0,32.8,38.635,59,22.0028,False,False,True,False,False,True,False,False,13,5,8,0,441
0,0,33.62,38.635,52,16.9979,False,False,True,False,True,False,False,False,14,5,8,0,380
0,0,34.44,40.15,53,16.9979,False,False,True,False,False,True,False,False,15,5,8,0,362
0,0,30.34,35.605,79,11.0014,False,False,True,False,False,False,True,False,16,5,8,0,343
0,0,30.34,35.605,79,11.0014,False,False,True,False,False,False,True,False,17,5,8,0,149
0,0,29.52,34.85,79,30.0026,False,False,True,False,False,True,False,False,18,5,8,0,211
0,0,29.52,35.605,84,16.9979,False,False,True,False,False,False,True,False,19,5,8,0,171
0,0,29.52,34.85,79,19.0012,False,False,True,False,False,False,True,False,20,5,8,0,137
0,0,28.7,33.335,84,22.0028,False,False,True,False,False,True,False,False,21,5,8,0,114
0,0,28.7,33.335,84,22.0028,False,False,True,False,False,True,False,False,22,5,8,0,120
0,0,28.7,33.335,84,19.0012,False,False,True,False,False,False,True,False,23,5,8,0,108
0,0,28.7,33.335,84,19.0012,False,False,True,False,False,True,False,False,0,6,8,0,80
0,0,28.7,33.335,84,16.9979,False,False,True,False,False,True,False,False,1,6,8,0,73
0,0,28.7,33.335,84,15.0013,False,False,True,False,False,True,False,False,2,6,8,0,66
0,0,28.7,33.335,84,8.9981,False,False,True,False,False,True,False,False,3,6,8,0,32
0,0,28.7,33.335,84,8.9981,False,False,True,False,True,False,False,False,4,6,8,0,6
0,0,28.7,33.335,89,12.998,False,False,True,False,True,False,False,False,5,6,8,0,5
0,0,28.7,33.335,89,11.0014,False,False,True,False,True,False,False,False,6,6,8,0,13
0,0,28.7,33.335,84,12.998,False,False,True,False,True,False,False,False,7,6,8,0,39
0,0,29.52,34.85,79,12.998,False,False,True,False,True,False,False,False,8,6,8,0,89
0,0,31.16,37.12,75,7.0015,False,False,True,False,True,False,False,False,9,6,8,0,184
0,0,32.8,40.15,66,8.9981,False,False,True,False,True,False,False,False,10,6,8,0,266
0,0,33.62,41.665,63,0.0,False,False,True,False,True,False,False,False,11,6,8,0,269
0,0,36.9,42.425,42,19.9995,False,False,True,False,True,False,False,False,12,6,8,0,370
0,0,36.9,42.425,42,19.9995,False,False,True,False,True,False,False,False,13,6,8,0,324
0,0,35.26,40.15,47,12.998,False,False,True,False,True,False,False,False,14,6,8,0,322
0,0,29.52,34.85,74,19.9995,False,False,True,False,False,False,True,False,15,6,8,0,326
0,0,29.52,34.85,74,19.9995,False,False,True,False,False,False,True,False,16,6,8,0,193
0,0,30.34,35.605,74,43.0006,False,False,True,False,False,False,True,False,17,6,8,0,194
0,0,29.52,34.85,74,6.0032,False,False,True,False,True,False,False,False,18,6,8,0,229
0,0,29.52,34.85,79,11.0014,False,False,True,False,True,False,False,False,19,6,8,0,228
0,0,29.52,35.605,84,8.9981,False,False,True,False,True,False,False,False,20,6,8,0,183
0,0,29.52,35.605,84,7.0015,False,False,True,False,True,False,False,False,21,6,8,0,136
0,0,28.7,33.335,89,12.998,False,False,True,False,True,False,False,False,22,6,8,0,103
0,0,28.7,33.335,79,7.0015,False,False,True,False,True,False,False,False,23,6,8,0,55
0,1,28.7,33.335,79,7.0015,False,False,True,False,True,False,False,False,0,0,8,0,30
0,1,27.88,31.82,83,8.9981,False,False,True,False,True,False,False,False,1,0,8,0,12
0,1,27.06,29.545,89,0.0,False,False,True,False,True,False,False,False,2,0,8,0,7
0,1,27.06,29.545,89,0.0,False,False,True,False,True,False,False,False,3,0,8,0,1
0,1,27.06,29.545,89,7.0015,False,False,True,False,True,False,False,False,4,0,8,0,10
0,1,28.7,33.335,79,6.0032,False,False,True,False,True,False,False,False,5,0,8,0,15
0,1,28.7,32.575,65,19.0012,False,False,True,False,True,False,False,False,6,0,8,0,95
0,1,29.52,34.09,62,19.9995,False,False,True,False,True,False,False,False,7,0,8,0,267
0,1,30.34,34.09,58,22.0028,False,False,True,False,True,False,False,False,8,0,8,0,349
0,1,31.16,34.85,55,26.0027,False,False,True,False,True,False,False,False,9,0,8,0,183
0,1,32.8,37.12,52,26.0027,False,False,True,False,True,False,False,False,10,0,8,0,124
0,1,33.62,37.12,48,23.9994,False,False,True,False,True,False,False,False,11,0,8,0,179
0,1,33.62,37.88,46,16.9979,False,False,True,False,True,False,False,False,12,0,8,0,182
0,1,34.44,37.88,44,19.9995,False,False,True,False,True,False,False,False,13,0,8,0,151
0,1,33.62,37.12,43,19.9995,False,False,True,False,True,False,False,False,14,0,8,0,150
0,1,34.44,37.88,41,19.9995,False,False,True,False,True,False,False,False,15,0,8,0,126
0,1,35.26,38.635,39,19.0012,False,False,True,False,True,False,False,False,16,0,8,0,282
0,1,35.26,38.635,39,11.0014,False,False,True,False,True,False,False,False,17,0,8,0,527
0,1,34.44,37.88,41,8.9981,False,False,True,False,True,False,False,False,18,0,8,0,529
0,1,33.62,37.12,43,7.0015,False,False,True,False,True,False,False,False,19,0,8,0,416
0,1,32.8,37.88,55,0.0,False,False,True,False,True,False,False,False,20,0,8,0,286
0,1,31.16,35.605,58,6.0032,False,False,True,False,True,False,False,False,21,0,8,0,186
0,1,31.16,35.605,58,7.0015,False,False,True,False,True,False,False,False,22,0,8,0,147
0,1,30.34,34.85,66,7.0015,False,False,True,False,True,False,False,False,23,0,8,0,72
0,1,29.52,34.85,79,8.9981,False,False,True,False,True,False,False,False,0,1,8,0,35
0,1,29.52,34.09,66,0.0,False,False,True,False,True,False,False,False,1,1,8,0,14
0,1,29.52,34.09,70,0.0,False,False,True,False,True,False,False,False,2,1,8,0,12
0,1,29.52,34.09,62,0.0,False,False,True,False,True,False,False,False,3,1,8,0,3
0,1,28.7,33.335,74,0.0,False,False,True,False,True,False,False,False,4,1,8,0,7
0,1,28.7,32.575,65,6.0032,False,False,True,False,True,False,False,False,5,1,8,0,30
0,1,29.52,33.335,64,0.0,False,False,True,False,True,False,False,False,6,1,8,0,101
0,1,29.52,34.85,74,7.0015,False,False,True,False,True,False,False,False,7,1,8,0,343
0,1,30.34,34.85,66,0.0,False,False,True,False,True,False,False,False,8,1,8,0,392
0,1,31.98,37.12,62,8.9981,False,False,True,False,False,True,False,False,9,1,8,0,175
0,1,32.8,38.635,59,15.0013,False,False,True,False,False,True,False,False,10,1,8,0,144
0,1,32.8,38.635,59,15.0013,False,False,True,False,True,False,False,False,11,1,8,0,149
0,1,33.62,39.395,56,12.998,False,False,True,False,True,False,False,False,12,1,8,0,185
0,1,34.44,39.395,49,11.0014,False,False,True,False,True,False,False,False,13,1,8,0,175
0,1,35.26,39.395,44,19.0012,False,False,True,False,True,False,False,False,14,1,8,0,148
0,1,35.26,38.635,39,19.0012,False,False,True,False,True,False,False,False,15,1,8,0,164
0,1,35.26,38.635,39,19.9995,False,False,True,False,True,False,False,False,16,1,8,0,285
0,1,32.8,37.88,55,11.0014,False,False,True,False,True,False,False,False,17,1,8,0,532
0,1,32.8,37.88,55,12.998,False,False,True,False,True,False,False,False,18,1,8,0,585
0,1,32.8,37.12,49,7.0015,False,False,True,False,True,False,False,False,19,1,8,0,371
0,1,32.8,36.365,43,12.998,False,False,True,False,True,False,False,False,20,1,8,0,292
0,1,31.98,34.85,46,16.9979,False,False,True,False,True,False,False,False,21,1,8,0,230
0,1,31.98,34.85,46,19.9995,False,False,True,False,True,False,False,False,22,1,8,0,155
0,1,31.16,34.09,48,19.0012,False,False,True,False,True,False,False,False,23,1,8,0,75
0,1,30.34,33.335,51,15.0013,False,False,True,False,True,False,False,False,0,2,8,0,37
0,1,29.52,33.335,54,12.998,False,False,True,False,True,False,False,False,1,2,8,0,17
0,1,29.52,33.335,54,11.0014,False,False,True,False,True,False,False,False,2,2,8,0,11
0,1,28.7,32.575,58,11.0014,False,False,True,False,True,False,False,False,3,2,8,0,4
0,1,28.7,32.575,54,8.9981,False,False,True,False,True,False,False,False,4,2,8,0,5
0,1,27.88,31.82,61,6.0032,False,False,True,False,True,False,False,False,5,2,8,0,32
0,1,27.88,31.82,61,0.0,False,False,True,False,True,False,False,False,6,2,8,0,119
0,1,28.7,32.575,58,6.0032,False,False,True,False,True,False,False,False,7,2,8,0,305
0,1,30.34,33.335,51,12.998,False,False,True,False,True,False,False,False,8,2,8,0,399
0,1,31.16,34.09,48,15.0013,False,False,True,False,True,False,False,False,9,2,8,0,180
0,1,32.8,36.365,43,15.0013,False,False,True,False,True,False,False,False,10,2,8,0,113
0,1,32.8,35.605,41,26.0027,False,False,True,False,True,False,False,False,11,2,8,0,149
0,1,33.62,36.365,38,19.9995,False,False,True,False,True,False,False,False,12,2,8,0,240
0,1,33.62,36.365,38,19.0012,False,False,True,False,True,False,False,False,13,2,8,0,191
0,1,34.44,36.365,34,22.0028,False,False,True,False,True,False,False,False,14,2,8,0,178
0,1,35.26,37.12,30,22.0028,False,False,True,False,True,False,False,False,15,2,8,0,194
0,1,35.26,37.12,26,19.9995,False,False,True,False,True,False,False,False,16,2,8,0,282
0,1,34.44,35.605,26,19.9995,False,False,True,False,True,False,False,False,17,2,8,0,584
0,1,33.62,35.605,28,19.9995,False,False,True,False,True,False,False,False,18,2,8,0,559
0,1,32.8,34.85,26,16.9979,False,False,True,False,True,False,False,False,19,2,8,0,413
0,1,31.16,33.335,31,8.9981,False,False,True,False,True,False,False,False,20,2,8,0,312
0,1,31.16,33.335,33,7.0015,False,False,True,False,True,False,False,False,21,2,8,0,209
0,1,30.34,32.575,37,0.0,False,False,True,False,True,False,False,False,22,2,8,0,139
0,1,30.34,32.575,37,6.0032,False,False,True,False,True,False,False,False,23,2,8,0,108
0,1,28.7,31.82,45,7.0015,False,False,True,False,True,False,False,False,0,3,8,0,46
0,1,28.7,31.82,45,8.9981,False,False,True,False,True,False,False,False,1,3,8,0,26
0,1,27.06,31.06,54,8.9981,False,False,True,False,True,False,False,False,2,3,8,0,11
0,1,26.24,31.06,57,8.9981,False,False,True,False,True,False,False,False,3,3,8,0,9
0,1,26.24,31.06,57,11.0014,False,False,True,False,True,False,False,False,4,3,8,0,5
0,1,26.24,31.06,61,12.998,False,False,True,False,True,False,False,False,5,3,8,0,25
0,1,25.42,30.305,65,11.0014,False,False,True,False,True,False,False,False,6,3,8,0,106
0,1,27.06,31.06,54,8.9981,False,False,True,False,True,False,False,False,7,3,8,0,307
0,1,28.7,31.82,45,11.0014,False,False,True,False,True,False,False,False,8,3,8,0,390
0,1,29.52,32.575,39,15.0013,False,False,True,False,True,False,False,False,9,3,8,0,197
0,1,30.34,32.575,37,16.9979,False,False,True,False,True,False,False,False,10,3,8,0,132
0,1,31.16,33.335,35,16.9979,False,False,True,False,True,False,False,False,11,3,8,0,187
0,1,31.98,34.09,31,16.9979,False,False,True,False,True,False,False,False,12,3,8,0,214
0,1,31.16,33.335,31,15.0013,False,False,True,False,True,False,False,False,13,3,8,0,217
0,1,32.8,34.85,29,0.0,False,False,True,False,True,False,False,False,14,3,8,0,142
0,1,32.8,34.85,29,19.9995,False,False,True,False,True,False,False,False,15,3,8,0,178
0,1,32.8,34.85,27,12.998,False,False,True,False,True,False,False,False,16,3,8,0,298
0,1,32.8,34.85,29,16.9979,False,False,True,False,True,False,False,False,17,3,8,0,582
0,1,31.98,34.09,29,6.0032,False,False,True,False,True,False,False,False,18,3,8,0,571
0,1,30.34,32.575,35,12.998,False,False,True,False,True,False,False,False,19,3,8,0,371
0,1,29.52,32.575,37,8.9981,False,False,True,False,True,False,False,False,20,3,8,0,288
0,1,28.7,32.575,48,6.0032,False,False,True,False,True,False,False,False,21,3,8,0,206
0,1,28.7,32.575,48,0.0,False,False,True,False,True,False,False,False,22,3,8,0,157
0,1,27.06,31.06,50,11.0014,False,False,True,False,True,False,False,False,23,3,8,0,127
0,1,26.24,31.06,53,11.0014,False,False,True,False,True,False,False,False,0,4,8,0,65
0,1,26.24,31.06,53,8.9981,False,False,True,False,True,False,False,False,1,4,8,0,23
0,1,25.42,31.06,57,12.998,False,False,True,False,True,False,False,False,2,4,8,0,15
0,1,25.42,31.06,53,11.0014,False,False,True,False,True,False,False,False,3,4,8,0,9
0,1,25.42,31.06,53,8.9981,False,False,True,False,True,False,False,False,4,4,8,0,5
0,1,24.6,31.06,56,8.9981,False,False,True,False,True,False,False,False,5,4,8,0,26
0,1,25.42,31.06,50,8.9981,False,False,True,False,True,False,False,False,6,4,8,0,76
0,1,26.24,31.06,44,11.0014,False,False,True,False,True,False,False,False,7,4,8,0,264
0,1,27.88,31.82,39,15.0013,False,False,True,False,True,False,False,False,8,4,8,0,426
0,1,29.52,32.575,34,8.9981,False,False,True,False,True,False,False,False,9,4,8,0,205
0,1,30.34,32.575,33,7.0015,False,False,True,False,True,False,False,False,10,4,8,0,130
0,1,31.16,33.335,29,0.0,False,False,True,False,True,False,False,False,11,4,8,0,156
0,1,32.8,34.85,27,0.0,False,False,True,False,True,False,False,False,12,4,8,0,222
0,1,31.98,34.09,29,6.0032,False,False,True,False,True,False,False,False,13,4,8,0,253
0,1,32.8,34.85,29,12.998,False,False,True,False,True,False,False,False,14,4,8,0,186
0,1,32.8,34.85,29,11.0014,False,False,True,False,True,False,False,False,15,4,8,0,249
0,1,33.62,35.605,28,0.0,False,False,True,False,True,False,False,False,16,4,8,0,334
0,1,33.62,35.605,26,0.0,False,False,True,False,True,False,False,False,17,4,8,0,516
0,1,31.16,34.09,40,19.9995,False,False,True,False,True,False,False,False,18,4,8,0,465
0,1,30.34,33.335,42,15.0013,False,False,True,False,True,False,False,False,19,4,8,0,385
0,1,29.52,32.575,42,15.0013,False,False,True,False,True,False,False,False,20,4,8,0,287
0,1,28.7,32.575,48,8.9981,False,False,True,False,True,False,False,False,21,4,8,0,226
0,1,27.88,31.82,51,0.0,False,False,True,False,True,False,False,False,22,4,8,0,231
0,1,27.88,31.82,51,0.0,False,False,True,False,True,False,False,False,23,4,8,0,151
0,0,27.88,31.82,51,7.0015,False,False,True,False,True,False,False,False,0,5,8,0,84
0,0,27.88,31.82,57,6.0032,False,False,True,False,False,True,False,False,1,5,8,0,77
0,0,27.88,31.82,57,0.0,False,False,True,False,True,False,False,False,2,5,8,0,74
0,0,27.06,31.06,65,8.9981,False,False,True,False,True,False,False,False,3,5,8,0,27
0,0,26.24,30.305,73,8.9981,False,False,True,False,False,True,False,False,4,5,8,0,10
0,0,26.24,30.305,73,7.0015,False,False,True,False,True,False,False,False,5,5,8,0,18
0,0,26.24,30.305,73,6.0032,False,False,True,False,True,False,False,False,6,5,8,0,22
0,0,27.06,31.06,74,12.998,False,False,True,False,False,True,False,False,7,5,8,0,44
0,0,28.7,32.575,65,11.0014,False,False,True,False,False,True,False,False,8,5,8,0,118
0,0,28.7,33.335,74,11.0014,False,False,True,False,False,True,False,False,9,5,8,0,208
0,0,29.52,34.85,74,15.0013,False,False,True,False,False,True,False,False,10,5,8,0,260
0,0,30.34,34.85,70,12.998,False,False,True,False,False,True,False,False,11,5,8,0,314
0,0,27.06,29.545,89,11.0014,False,False,True,False,False,True,False,False,12,5,8,0,421
0,0,30.34,35.605,74,22.0028,False,False,True,False,False,True,False,False,13,5,8,0,153
0,0,30.34,34.85,70,16.9979,False,False,True,False,True,False,False,False,14,5,8,0,259
0,0,27.88,31.82,79,23.9994,False,False,True,False,False,False,True,False,15,5,8,0,358
0,0,28.7,33.335,74,19.0012,False,False,True,False,False,True,False,False,16,5,8,0,281
0,0,29.52,34.85,74,16.9979,False,False,True,False,False,True,False,False,17,5,8,0,269
0,0,28.7,33.335,74,15.0013,False,False,True,False,True,False,False,False,18,5,8,0,292
0,0,27.88,31.82,79,19.0012,False,False,True,False,False,True,False,False,19,5,8,0,237
0,0,27.88,31.82,83,15.0013,False,False,True,False,False,True,False,False,20,5,8,0,183
0,0,27.88,31.82,83,26.0027,False,False,True,False,False,True,False,False,21,5,8,0,167
0,0,27.88,31.82,83,26.0027,False,False,True,False,False,True,False,False,22,5,8,0,154
0,0,27.06,30.305,83,22.0028,False,False,True,False,False,True,False,False,23,5,8,0,120
0,0,27.06,30.305,83,19.9995,False,False,True,False,False,False,True,False,0,6,8,0,90
0,0,26.24,28.79,89,15.0013,False,False,True,False,False,False,True,False,1,6,8,0,73
0,0,26.24,28.79,89,15.0013,False,False,True,False,False,False,True,False,2,6,8,0,62
0,0,26.24,28.03,94,16.9979,False,False,True,False,False,True,False,False,3,6,8,0,27
0,0,26.24,28.03,94,12.998,False,False,True,False,False,False,True,False,4,6,8,0,3
0,0,26.24,28.03,94,11.0014,False,False,True,False,False,True,False,False,5,6,8,0,10
0,0,26.24,28.03,94,7.0015,False,False,True,False,False,True,False,False,6,6,8,0,6
0,0,27.06,29.545,89,12.998,False,False,True,False,False,True,False,False,7,6,8,0,24
0,0,27.06,29.545,89,19.0012,False,False,True,False,False,True,False,False,8,6,8,0,41
0,0,27.06,29.545,89,19.0012,False,False,True,False,False,False,True,False,9,6,8,0,103
0,0,28.7,33.335,79,15.0013,False,False,True,False,True,False,False,False,10,6,8,0,183
0,0,28.7,33.335,79,12.998,False,False,True,False,True,False,False,False,11,6,8,0,198
0,0,28.7,33.335,79,15.0013,False,False,True,False,False,True,False,False,12,6,8,0,281
0,0,29.52,34.85,74,16.9979,False,False,True,False,True,False,False,False,13,6,8,0,377
0,0,30.34,34.85,70,12.998,False,False,True,False,True,False,False,False,14,6,8,0,370
0,0,30.34,34.85,66,12.998,False,False,True,False,True,False,False,False,15,6,8,0,331
0,0,30.34,34.85,66,11.0014,False,False,True,False,True,False,False,False,16,6,8,0,292
0,0,31.16,35.605,62,8.9981,False,False,True,False,True,False,False,False,17,6,8,0,329
0,0,30.34,34.85,66,11.0014,False,False,True,False,True,False,False,False,18,6,8,0,347
0,0,29.52,34.85,74,15.0013,False,False,True,False,True,False,False,False,19,6,8,0,259
0,0,28.7,33.335,84,11.0014,False,False,True,False,True,False,False,False,20,6,8,0,193
0,0,24.6,27.275,88,32.9975,False,False,True,False,False,False,True,False,21,6,8,0,155
0,0,24.6,27.275,88,32.9975,False,False,True,False,False,False,True,False,22,6,8,0,39
0,0,24.6,28.03,83,0.0,False,False,True,False,False,False,True,False,23,6,8,0,27
0,1,24.6,27.275,88,6.0032,False,False,True,False,False,False,True,False,0,0,8,0,25
0,1,24.6,27.275,88,8.9981,False,False,True,False,False,True,False,False,1,0,8,0,10
0,1,24.6,28.03,83,0.0,False,False,True,False,False,True,False,False,2,0,8,0,3
0,1,24.6,28.03,83,12.998,False,False,True,False,True,False,False,False,3,0,8,0,7
0,1,24.6,28.03,83,8.9981,False,False,True,False,True,False,False,False,4,0,8,0,5
0,1,24.6,27.275,88,12.998,False,False,True,False,False,True,False,False,5,0,8,0,17
0,1,24.6,27.275,88,16.9979,False,False,True,False,True,False,False,False,6,0,8,0,90
0,1,24.6,27.275,88,16.9979,False,False,True,False,True,False,False,False,7,0,8,0,258
0,1,26.24,29.545,78,22.0028,False,False,True,False,True,False,False,False,8,0,8,0,355
0,1,26.24,29.545,78,22.0028,False,False,True,False,True,False,False,False,9,0,8,0,222
0,1,27.88,31.82,69,19.0012,False,False,True,False,True,False,False,False,10,0,8,0,141
0,1,29.52,34.09,62,16.9979,False,False,True,False,False,True,False,False,11,0,8,0,153
0,1,30.34,34.09,58,19.0012,False,False,True,False,True,False,False,False,12,0,8,0,178
0,1,31.98,35.605,52,19.0012,False,False,True,False,True,False,False,False,13,0,8,0,193
0,1,30.34,34.09,55,6.0032,False,False,True,False,True,False,False,False,14,0,8,0,151
0,1,30.34,34.09,55,19.9995,False,False,True,False,False,False,True,False,15,0,8,0,182
0,1,30.34,34.09,55,22.0028,False,False,True,False,True,False,False,False,16,0,8,0,283
0,1,30.34,33.335,51,19.0012,False,False,True,False,True,False,False,False,17,0,8,0,530
0,1,28.7,32.575,65,12.998,False,False,True,False,True,False,False,False,18,0,8,0,483
0,1,28.7,32.575,65,0.0,False,False,True,False,True,False,False,False,19,0,8,0,397
0,1,27.06,31.06,74,8.9981,False,False,True,False,True,False,False,False,20,0,8,0,285
0,1,27.06,31.06,65,12.998,False,False,True,False,True,False,False,False,21,0,8,0,184
0,1,27.06,31.06,69,16.9979,False,False,True,False,True,False,False,False,22,0,8,0,98
0,1,26.24,30.305,69,15.0013,False,False,True,False,True,False,False,False,23,0,8,0,88
0,1,26.24,30.305,69,7.0015,False,False,True,False,True,False,False,False,0,1,8,0,31
0,1,26.24,30.305,69,11.0014,False,False,True,False,True,False,False,False,1,1,8,0,16
0,1,25.42,29.545,73,15.0013,False,False,True,False,True,False,False,False,2,1,8,0,4
0,1,25.42,29.545,73,15.0013,False,False,True,False,True,False,False,False,3,1,8,0,6
0,1,26.24,30.305,69,19.9995,False,False,True,False,True,False,False,False,4,1,8,0,5
0,1,25.42,29.545,73,19.0012,False,False,True,False,True,False,False,False,5,1,8,0,30
0,1,25.42,29.545,73,22.0028,False,False,True,False,True,False,False,False,6,1,8,0,119
0,1,26.24,30.305,69,16.9979,False,False,True,False,True,False,False,False,7,1,8,0,346
0,1,28.7,32.575,58,30.0026,False,False,True,False,True,False,False,False,8,1,8,0,441
0,1,27.88,31.82,61,19.0012,False,False,True,False,True,False,False,False,9,1,8,0,198
0,1,28.7,32.575,58,26.0027,False,False,True,False,True,False,False,False,10,1,8,0,111
0,1,30.34,33.335,51,15.0013,False,False,True,False,True,False,False,False,11,1,8,0,150
0,1,31.16,34.09,48,22.0028,False,False,True,False,True,False,False,False,12,1,8,0,162
0,1,31.16,34.09,48,19.9995,False,False,True,False,True,False,False,False,13,1,8,0,192
0,1,31.16,34.09,45,27.9993,False,False,True,False,True,False,False,False,14,1,8,0,182
0,1,32.8,35.605,41,19.9995,False,False,True,False,True,False,False,False,15,1,8,0,159
0,1,32.8,35.605,41,15.0013,False,False,True,False,True,False,False,False,16,1,8,0,303
0,1,31.16,34.09,45,22.0028,False,False,True,False,True,False,False,False,17,1,8,0,600
0,1,31.16,34.09,45,15.0013,False,False,True,False,True,False,False,False,18,1,8,0,570
0,1,30.34,33.335,48,12.998,False,False,True,False,True,False,False,False,19,1,8,0,376
0,1,30.34,33.335,51,0.0,False,False,True,False,True,False,False,False,20,1,8,0,280
0,1,29.52,33.335,54,0.0,False,False,True,False,True,False,False,False,21,1,8,0,215
0,1,28.7,32.575,61,0.0,False,False,True,False,True,False,False,False,22,1,8,0,152
0,1,27.06,31.06,65,8.9981,False,False,True,False,True,False,False,False,23,1,8,0,77
0,1,27.06,31.06,69,6.0032,False,False,True,False,True,False,False,False,0,2,8,0,24
0,1,26.24,30.305,73,11.0014,False,False,True,False,True,False,False,False,1,2,8,0,14
0,1,27.06,31.06,69,0.0,False,False,True,False,True,False,False,False,2,2,8,0,6
0,1,26.24,29.545,78,0.0,False,False,True,False,True,False,False,False,3,2,8,0,5
0,1,26.24,30.305,73,0.0,False,False,True,False,True,False,False,False,4,2,8,0,5
0,1,26.24,30.305,73,0.0,False,False,True,False,True,False,False,False,5,2,8,0,28
0,1,25.42,29.545,78,0.0,False,False,True,False,True,False,False,False,6,2,8,0,105
0,1,27.06,31.06,65,6.0032,False,False,True,False,True,False,False,False,7,2,8,0,308
0,1,28.7,32.575,54,11.0014,False,False,True,False,True,False,False,False,8,2,8,0,487
0,1,30.34,33.335,48,6.0032,False,False,True,False,True,False,False,False,9,2,8,0,209
0,1,31.16,34.09,43,6.0032,False,False,True,False,True,False,False,False,10,2,8,0,118
0,1,31.98,34.85,43,7.0015,False,False,True,False,True,False,False,False,11,2,8,0,128
0,1,32.8,36.365,43,19.0012,False,False,True,False,True,False,False,False,12,2,8,0,189
0,1,32.8,35.605,41,12.998,False,False,True,False,True,False,False,False,13,2,8,0,176
0,1,33.62,36.365,36,11.0014,False,False,True,False,True,False,False,False,14,2,8,0,192
0,1,32.8,36.365,43,8.9981,False,False,True,False,True,False,False,False,15,2,8,0,159
0,1,33.62,37.12,43,15.0013,False,False,True,False,True,False,False,False,16,2,8,0,300
0,1,32.8,37.12,49,15.0013,False,False,True,False,True,False,False,False,17,2,8,0,552
0,1,31.16,34.85,55,16.9979,False,False,True,False,True,False,False,False,18,2,8,0,556
0,1,31.16,34.85,55,15.0013,False,False,True,False,True,False,False,False,19,2,8,0,347
0,1,30.34,34.09,58,16.9979,False,False,True,False,True,False,False,False,20,2,8,0,280
0,1,29.52,34.09,62,15.0013,False,False,True,False,True,False,False,False,21,2,8,0,230
0,1,28.7,32.575,65,12.998,False,False,True,False,True,False,False,False,22,2,8,0,171
0,1,28.7,32.575,65,19.0012,False,False,True,False,True,False,False,False,23,2,8,0,105
0,1,27.88,31.82,65,8.9981,False,False,True,False,True,False,False,False,0,3,8,0,56
0,1,27.06,31.06,65,11.0014,False,False,True,False,False,True,False,False,1,3,8,0,24
0,1,27.06,31.06,65,15.0013,False,False,True,False,True,False,False,False,2,3,8,0,6
0,1,27.06,31.06,69,19.0012,False,False,True,False,True,False,False,False,3,3,8,0,6
0,1,26.24,30.305,73,15.0013,False,False,True,False,True,False,False,False,4,3,8,0,9
0,1,26.24,29.545,78,19.0012,False,False,True,False,True,False,False,False,5,3,8,0,27
0,1,26.24,29.545,78,16.9979,False,False,True,False,False,True,False,False,6,3,8,0,103
0,1,26.24,29.545,78,19.9995,False,False,True,False,True,False,False,False,7,3,8,0,308
0,1,27.06,31.06,74,19.0012,False,False,True,False,True,False,False,False,8,3,8,0,420
0,1,29.52,34.09,66,16.9979,False,False,True,False,True,False,False,False,9,3,8,0,228
0,1,30.34,34.85,66,16.9979,False,False,True,False,True,False,False,False,10,3,8,0,129
0,1,31.16,35.605,58,16.9979,False,False,True,False,True,False,False,False,11,3,8,0,141
0,1,32.8,37.12,52,19.0012,False,False,True,False,True,False,False,False,12,3,8,0,173
0,1,32.8,37.12,52,23.9994,False,False,True,False,True,False,False,False,13,3,8,0,187
0,1,33.62,37.88,46,22.0028,False,False,True,False,True,False,False,False,14,3,8,0,182
0,1,32.8,36.365,46,23.9994,False,False,True,False,True,False,False,False,15,3,8,0,174
0,1,32.8,36.365,46,23.9994,False,False,True,False,True,False,False,False,16,3,8,0,245
0,1,32.8,36.365,46,19.9995,False,False,True,False,False,False,True,False,17,3,8,0,409
0,1,31.16,34.85,55,16.9979,False,False,True,False,False,False,True,False,18,3,8,0,274
0,1,27.06,30.305,83,7.0015,False,False,True,False,True,False,False,False,19,3,8,0,141
0,1,27.06,30.305,83,7.0015,False,False,True,False,True,False,False,False,20,3,8,0,165
0,1,27.88,31.82,79,0.0,False,False,True,False,False,True,False,False,21,3,8,0,149
0,1,28.7,33.335,74,7.0015,False,False,True,False,False,True,False,False,22,3,8,0,135
0,1,28.7,33.335,74,8.9981,False,False,True,False,False,True,False,False,23,3,8,0,114
0,1,27.88,31.82,69,12.998,False,False,True,False,False,False,True,False,0,4,8,0,62
0,1,26.24,28.79,89,0.0,False,False,True,False,False,False,True,False,1,4,8,0,20
0,1,26.24,28.79,83,0.0,False,False,True,False,False,False,True,False,2,4,8,0,8
0,1,26.24,29.545,78,0.0,False,False,True,False,True,False,False,False,3,4,8,0,3
0,1,26.24,28.79,83,0.0,False,False,True,False,True,False,False,False,4,4,8,0,8
0,1,26.24,28.79,83,0.0,False,False,True,False,True,False,False,False,5,4,8,0,17
0,1,26.24,28.79,83,0.0,False,False,True,False,True,False,False,False,6,4,8,0,93
0,1,27.06,30.305,83,6.0032,False,False,True,False,False,True,False,False,7,4,8,0,263
0,1,27.06,30.305,83,0.0,False,False,True,False,False,True,False,False,8,4,8,0,398
0,1,28.7,32.575,65,8.9981,False,False,True,False,True,False,False,False,9,4,8,0,218
0,1,29.52,34.09,62,6.0032,False,False,True,False,True,False,False,False,10,4,8,0,165
0,1,29.52,34.09,66,6.0032,False,False,True,False,False,True,False,False,11,4,8,0,165
0,1,30.34,34.09,62,6.0032,False,False,True,False,False,True,False,False,12,4,8,0,222
0,1,31.16,35.605,62,12.998,False,False,True,False,False,True,False,False,13,4,8,0,232
0,1,31.98,36.365,55,12.998,False,False,True,False,True,False,False,False,14,4,8,0,220
0,1,32.8,37.12,49,7.0015,False,False,True,False,True,False,False,False,15,4,8,0,222
0,1,32.8,37.12,49,0.0,False,False,True,False,True,False,False,False,16,4,8,0,327
0,1,31.16,35.605,58,35.0008,False,False,True,False,True,False,False,False,17,4,8,0,527
0,1,31.16,35.605,58,35.0008,False,False,True,False,True,False,False,False,18,4,8,0,425
0,1,25.42,29.545,73,31.0009,False,False,True,False,False,False,True,False,19,4,8,0,165
0,1,25.42,28.79,83,19.9995,False,False,True,False,False,False,True,False,20,4,8,0,58
0,1,25.42,28.79,83,8.9981,False,False,True,False,True,False,False,False,21,4,8,0,107
0,1,24.6,27.275,88,8.9981,False,False,True,False,True,False,False,False,22,4,8,0,122
0,1,24.6,27.275,88,6.0032,False,False,True,False,False,True,False,False,23,4,8,0,106
0,1,24.6,28.79,78,7.0015,False,False,True,False,True,False,False,False,0,3,9,0,51
0,1,24.6,29.545,73,6.0032,False,False,True,False,True,False,False,False,1,3,9,0,21
0,1,23.78,27.275,78,6.0032,False,False,True,False,True,False,False,False,2,3,9,0,25
0,1,23.78,27.275,78,6.0032,False,False,True,False,True,False,False,False,3,3,9,0,14
0,1,22.96,26.515,83,6.0032,False,False,True,False,True,False,False,False,4,3,9,0,7
0,1,22.96,26.515,73,6.0032,False,False,True,False,True,False,False,False,5,3,9,0,23
0,1,24.6,28.79,78,0.0,False,False,True,False,True,False,False,False,6,3,9,0,105
0,1,24.6,28.79,78,0.0,False,False,True,False,True,False,False,False,7,3,9,0,342
0,1,25.42,29.545,73,8.9981,False,False,True,False,True,False,False,False,8,3,9,0,498
0,1,26.24,30.305,69,7.0015,False,False,True,False,True,False,False,False,9,3,9,0,207
0,1,27.88,31.82,61,8.9981,False,False,True,False,True,False,False,False,10,3,9,0,138
0,1,29.52,33.335,51,8.9981,False,False,True,False,True,False,False,False,11,3,9,0,192
0,1,29.52,33.335,51,8.9981,False,False,True,False,False,True,False,False,12,3,9,0,229
0,1,29.52,33.335,48,6.0032,False,False,True,False,False,True,False,False,13,3,9,0,219
0,1,29.52,33.335,54,16.9979,False,False,True,False,False,False,True,False,14,3,9,0,198
0,1,29.52,33.335,51,8.9981,False,False,True,False,True,False,False,False,15,3,9,0,174
0,1,30.34,33.335,51,12.998,False,False,True,False,True,False,False,False,16,3,9,0,308
0,1,29.52,33.335,54,16.9979,False,False,True,False,True,False,False,False,17,3,9,0,628
0,1,29.52,33.335,54,15.0013,False,False,True,False,True,False,False,False,18,3,9,0,531
0,1,28.7,32.575,58,11.0014,False,False,True,False,True,False,False,False,19,3,9,0,443
0,1,27.06,31.06,61,15.0013,False,False,True,False,True,False,False,False,20,3,9,0,280
0,1,27.06,31.06,57,12.998,False,False,True,False,False,True,False,False,21,3,9,0,177
0,1,27.06,31.06,57,15.0013,False,False,True,False,False,True,False,False,22,3,9,0,179
0,1,26.24,30.305,65,16.9979,False,False,True,False,True,False,False,False,23,3,9,0,126
0,1,26.24,30.305,65,12.998,False,False,True,False,True,False,False,False,0,4,9,0,64
0,1,25.42,29.545,73,7.0015,False,False,True,False,False,False,True,False,1,4,9,0,32
0,1,25.42,29.545,73,7.0015,False,False,True,False,False,False,True,False,2,4,9,0,20
0,1,24.6,28.03,83,11.0014,False,False,True,False,False,True,False,False,3,4,9,0,8
0,1,24.6,28.03,83,6.0032,False,False,True,False,True,False,False,False,4,4,9,0,4
0,1,24.6,28.03,83,8.9981,False,False,True,False,False,True,False,False,5,4,9,0,20
0,1,24.6,28.03,83,8.9981,False,False,True,False,True,False,False,False,6,4,9,0,76
0,1,24.6,28.03,83,7.0015,False,False,True,False,True,False,False,False,7,4,9,0,259
0,1,25.42,29.545,78,12.998,False,False,True,False,True,False,False,False,8,4,9,0,456
0,1,25.42,28.79,83,7.0015,False,False,True,False,False,True,False,False,9,4,9,0,220
0,1,26.24,30.305,76,11.0014,False,False,True,False,False,True,False,False,10,4,9,0,140
0,1,27.06,31.06,74,7.0015,False,False,True,False,False,True,False,False,11,4,9,0,192
0,1,27.06,31.06,69,15.0013,False,False,True,False,False,True,False,False,12,4,9,0,260
0,1,27.88,31.82,65,8.9981,False,False,True,False,False,True,False,False,13,4,9,0,279
0,1,28.7,32.575,61,7.0015,False,False,True,False,False,True,False,False,14,4,9,0,283
0,1,28.7,32.575,61,16.9979,False,False,True,False,False,True,False,False,15,4,9,0,346
0,1,28.7,32.575,61,8.9981,False,False,True,False,False,True,False,False,16,4,9,0,381
0,1,27.88,31.82,65,11.0014,False,False,True,False,False,True,False,False,17,4,9,0,455
0,1,27.88,31.82,65,12.998,False,False,True,False,False,True,False,False,18,4,9,0,355
0,1,27.06,31.06,69,8.9981,False,False,True,False,True,False,False,False,19,4,9,0,287
0,1,26.24,30.305,73,0.0,False,False,True,False,True,False,False,False,20,4,9,0,196
0,1,26.24,30.305,73,6.0032,False,False,True,False,False,True,False,False,21,4,9,0,149
0,1,26.24,30.305,73,11.0014,False,False,True,False,False,True,False,False,22,4,9,0,147
0,1,26.24,30.305,73,11.0014,False,False,True,False,False,True,False,False,23,4,9,0,98
0,0,26.24,30.305,73,7.0015,False,False,True,False,False,True,False,False,0,5,9,0,87
0,0,26.24,30.305,69,16.9979,False,False,True,False,False,True,False,False,1,5,9,0,74
0,0,26.24,30.305,69,15.0013,False,False,True,False,False,True,False,False,2,5,9,0,41
0,0,25.42,29.545,73,11.0014,False,False,True,False,True,False,False,False,3,5,9,0,35
0,0,25.42,29.545,73,11.0014,False,False,True,False,True,False,False,False,4,5,9,0,7
0,0,25.42,30.305,69,12.998,False,False,True,False,True,False,False,False,5,5,9,0,12
0,0,25.42,29.545,73,11.0014,False,False,True,False,True,False,False,False,6,5,9,0,23
0,0,25.42,29.545,73,12.998,False,False,True,False,True,False,False,False,7,5,9,0,38
0,0,26.24,30.305,69,11.0014,False,False,True,False,True,False,False,False,8,5,9,0,89
0,0,27.06,31.06,69,16.9979,False,False,True,False,False,True,False,False,9,5,9,0,201
0,0,27.06,31.06,65,16.9979,False,False,True,False,False,False,True,False,10,5,9,0,258
0,0,27.06,31.06,69,19.0012,False,False,True,False,False,False,True,False,11,5,9,0,194
0,0,28.7,32.575,61,15.0013,False,False,True,False,True,False,False,False,12,5,9,0,257
0,0,28.7,32.575,65,15.0013,False,False,True,False,True,False,False,False,13,5,9,0,353
0,0,29.52,34.09,66,11.0014,False,False,True,False,False,True,False,False,14,5,9,0,380
0,0,29.52,34.09,70,11.0014,False,False,True,False,True,False,False,False,15,5,9,0,388
0,0,29.52,34.09,70,12.998,False,False,True,False,True,False,False,False,16,5,9,0,374
0,0,29.52,34.09,70,15.0013,False,False,True,False,True,False,False,False,17,5,9,0,371
0,0,29.52,34.09,70,11.0014,False,False,True,False,True,False,False,False,18,5,9,0,339
0,0,28.7,33.335,74,8.9981,False,False,True,False,True,False,False,False,19,5,9,0,295
0,0,28.7,33.335,79,11.0014,False,False,True,False,True,False,False,False,20,5,9,0,219
0,0,27.88,31.82,83,8.9981,False,False,True,False,True,False,False,False,21,5,9,0,164
0,0,27.88,31.82,83,7.0015,False,False,True,False,True,False,False,False,22,5,9,0,162
0,0,27.06,31.06,85,8.9981,False,False,True,False,True,False,False,False,23,5,9,0,123
0,0,27.06,29.545,89,12.998,False,False,True,False,True,False,False,False,0,6,9,0,109
0,0,27.06,30.305,83,8.9981,False,False,True,False,True,False,False,False,1,6,9,0,75
0,0,27.06,30.305,83,12.998,False,False,True,False,True,False,False,False,2,6,9,0,60
0,0,26.24,28.79,89,12.998,False,False,True,False,True,False,False,False,3,6,9,0,43
0,0,26.24,28.79,83,11.0014,False,False,True,False,True,False,False,False,4,6,9,0,4
0,0,26.24,28.79,83,8.9981,False,False,True,False,True,False,False,False,5,6,9,0,6
0,0,26.24,28.79,84,15.0013,False,False,True,False,True,False,False,False,6,6,9,0,3
0,0,27.06,30.305,78,12.998,False,False,True,False,True,False,False,False,7,6,9,0,30
0,0,27.06,30.305,78,11.0014,False,False,True,False,True,False,False,False,8,6,9,0,70
0,0,27.06,30.305,78,11.0014,False,False,True,False,True,False,False,False,9,6,9,0,189
0,0,28.7,33.335,74,8.9981,False,False,True,False,True,False,False,False,10,6,9,0,297
0,0,30.34,34.85,70,11.0014,False,False,True,False,True,False,False,False,11,6,9,0,337
0,0,31.16,36.365,66,11.0014,False,False,True,False,True,False,False,False,12,6,9,0,435
0,0,31.98,37.12,62,19.0012,False,False,True,False,False,True,False,False,13,6,9,0,419
0,0,31.98,37.88,66,22.0028,False,False,True,False,True,False,False,False,14,6,9,0,361
0,0,31.98,37.88,66,19.0012,False,False,True,False,True,False,False,False,15,6,9,0,410
0,0,32.8,38.635,59,15.0013,False,False,True,False,True,False,False,False,16,6,9,0,337
0,0,31.16,36.365,66,15.0013,False,False,True,False,True,False,False,False,17,6,9,0,376
0,0,31.16,36.365,66,12.998,False,False,True,False,True,False,False,False,18,6,9,0,356
0,0,30.34,34.85,70,12.998,False,False,True,False,True,False,False,False,19,6,9,0,328
0,0,30.34,34.85,70,19.9995,False,False,True,False,True,False,False,False,20,6,9,0,229
0,0,29.52,34.85,74,16.9979,False,False,True,False,True,False,False,False,21,6,9,0,207
0,0,29.52,34.85,74,19.0012,False,False,True,False,False,True,False,False,22,6,9,0,155
0,0,29.52,34.09,70,11.0014,False,False,True,False,False,True,False,False,23,6,9,0,104
1,0,28.7,33.335,74,15.0013,False,False,True,False,False,True,False,False,0,0,9,0,97
1,0,27.88,31.82,79,7.0015,False,False,True,False,False,True,False,False,1,0,9,0,54
1,0,27.88,31.82,79,11.0014,False,False,True,False,False,True,False,False,2,0,9,0,39
1,0,27.88,31.82,74,19.9995,False,False,True,False,False,True,False,False,3,0,9,0,16
1,0,27.88,31.82,69,19.0012,False,False,True,False,False,True,False,False,4,0,9,0,8
1,0,27.06,31.06,74,11.0014,False,False,True,False,False,True,False,False,5,0,9,0,6
1,0,27.06,31.06,74,8.9981,False,False,True,False,False,True,False,False,6,0,9,0,11
1,0,27.06,31.06,74,11.0014,False,False,True,False,True,False,False,False,7,0,9,0,41
1,0,27.06,30.305,78,12.998,False,False,True,False,False,True,False,False,8,0,9,0,101
1,0,27.88,31.82,74,11.0014,False,False,True,False,False,False,True,False,9,0,9,0,152
1,0,28.7,32.575,70,11.0014,False,False,True,False,False,True,False,False,10,0,9,0,244
1,0,28.7,33.335,74,11.0014,False,False,True,False,False,True,False,False,11,0,9,0,308
1,0,29.52,34.09,70,12.998,False,False,True,False,False,True,False,False,12,0,9,0,353
1,0,30.34,34.85,70,8.9981,False,False,True,False,False,True,False,False,13,0,9,0,389
1,0,30.34,34.85,70,11.0014,False,False,True,False,True,False,False,False,14,0,9,0,357
1,0,27.88,31.82,79,19.0012,False,False,True,False,False,True,False,False,15,0,9,0,253
1,0,27.88,31.82,79,19.0012,False,False,True,False,False,True,False,False,16,0,9,0,284
1,0,27.06,29.545,89,7.0015,False,False,True,False,False,True,False,False,17,0,9,0,114
1,0,27.06,29.545,89,6.0032,False,False,True,False,True,False,False,False,18,0,9,0,123
1,0,27.06,29.545,94,7.0015,False,False,True,False,False,False,True,False,19,0,9,0,175
1,0,27.06,29.545,94,16.9979,False,False,True,False,False,False,True,False,20,0,9,0,82
1,0,27.06,29.545,94,19.9995,False,False,True,False,False,True,False,False,21,0,9,0,60
1,0,24.6,27.275,88,39.0007,False,False,True,False,False,True,False,False,22,0,9,0,64
1,0,22.96,26.515,88,26.0027,False,False,True,False,False,False,True,False,23,0,9,0,20
0,1,22.14,25.76,94,23.9994,False,False,True,False,False,False,True,False,0,1,9,0,8
0,1,22.14,25.76,94,16.9979,False,False,True,False,False,False,True,False,2,1,9,0,2
0,1,22.14,25.76,94,19.9995,False,False,True,False,False,False,True,False,3,1,9,0,1
0,1,22.14,25.76,94,19.9995,False,False,True,False,False,True,False,False,4,1,9,0,4
0,1,22.14,25.76,88,23.9994,False,False,True,False,False,False,True,False,5,1,9,0,21
0,1,22.14,25.76,88,22.0028,False,False,True,False,False,True,False,False,6,1,9,0,72
0,1,22.14,25.76,83,23.9994,False,False,True,False,False,True,False,False,7,1,9,0,172
0,1,22.14,25.76,83,26.0027,False,False,True,False,False,False,True,False,8,1,9,0,364
0,1,22.14,25.76,81,27.9993,False,False,True,False,False,True,False,False,9,1,9,0,185
0,1,22.14,25.76,83,23.9994,False,False,True,False,False,False,True,False,10,1,9,0,106
0,1,22.14,25.76,83,26.0027,False,False,True,False,False,False,True,False,11,1,9,0,89
0,1,22.14,25.76,83,26.0027,False,False,True,False,False,False,True,False,12,1,9,0,67
0,1,22.14,25.76,88,19.9995,False,False,True,False,False,False,True,False,13,1,9,0,29
0,1,22.14,25.76,88,19.0012,False,False,True,False,False,False,True,False,14,1,9,0,24
0,1,22.14,25.76,94,26.0027,False,False,True,False,False,False,True,False,15,1,9,0,89
0,1,22.14,25.76,94,26.0027,False,False,True,False,False,False,True,False,16,1,9,0,106
0,1,22.14,25.76,88,26.0027,False,False,True,False,False,True,False,False,17,1,9,0,291
0,1,22.14,25.76,88,26.0027,False,False,True,False,False,True,False,False,18,1,9,0,373
0,1,22.14,25.76,88,27.9993,False,False,True,False,False,True,False,False,19,1,9,0,281
0,1,22.14,25.76,88,19.9995,False,False,True,False,False,False,True,False,20,1,9,0,163
0,1,22.14,25.76,88,19.0012,False,False,True,False,False,False,True,False,21,1,9,0,121
0,1,22.14,25.76,94,22.0028,False,False,True,False,False,True,False,False,22,1,9,0,84
0,1,22.14,25.76,94,16.9979,False,False,True,False,False,False,True,False,23,1,9,0,58
0,1,22.14,25.76,94,15.0013,False,False,True,False,False,True,False,False,0,2,9,0,13
0,1,22.14,25.76,94,16.9979,False,False,True,False,False,False,True,False,1,2,9,0,5
0,1,22.14,25.76,94,15.0013,False,False,True,False,False,True,False,False,2,2,9,0,6
0,1,22.96,26.515,94,8.9981,False,False,True,False,False,False,True,False,3,2,9,0,2
0,1,22.96,26.515,94,11.0014,False,False,True,False,False,False,True,False,4,2,9,0,4
0,1,22.96,26.515,100,8.9981,False,False,True,False,False,True,False,False,5,2,9,0,16
0,1,24.6,27.275,88,7.0015,False,False,True,False,False,False,True,False,6,2,9,0,75
0,1,24.6,27.275,88,6.0032,False,False,True,False,False,False,True,False,7,2,9,0,86
0,1,25.42,27.275,94,6.0032,False,False,True,False,False,False,True,False,8,2,9,0,328
0,1,24.6,27.275,88,8.9981,False,False,True,False,False,False,True,False,9,2,9,0,190
0,1,24.6,27.275,88,8.9981,False,False,True,False,False,False,True,False,10,2,9,0,66
0,1,24.6,25.76,94,0.0,False,False,True,False,False,False,True,False,11,2,9,0,10
0,1,22.96,26.515,94,0.0,False,False,True,False,False,False,True,False,12,2,9,0,22
0,1,24.6,27.275,88,0.0,False,False,True,False,False,False,True,False,13,2,9,0,11
0,1,24.6,25.76,93,0.0,False,False,True,False,False,False,True,False,14,2,9,0,25
0,1,25.42,27.275,94,7.0015,False,False,True,False,False,False,True,False,15,2,9,0,58
0,1,26.24,28.79,89,0.0,False,False,True,False,True,False,False,False,16,2,9,0,144
0,1,26.24,28.79,89,0.0,False,False,True,False,False,False,True,False,17,2,9,0,285
0,1,26.24,28.79,89,0.0,False,False,True,False,False,False,True,False,18,2,9,0,237
0,1,26.24,28.79,89,0.0,False,False,True,False,False,True,False,False,19,2,9,0,226
0,1,26.24,28.79,89,6.0032,False,False,True,False,False,False,True,False,20,2,9,0,96
0,1,26.24,28.79,89,6.0032,False,False,True,False,False,False,True,False,21,2,9,0,38
0,1,25.42,27.275,94,11.0014,False,False,True,False,False,False,True,False,22,2,9,0,29
0,1,25.42,27.275,94,12.998,False,False,True,False,False,False,True,False,23,2,9,0,24
0,1,24.6,25.0,100,12.998,False,False,True,False,False,False,True,False,0,3,9,0,14
0,1,25.42,27.275,94,7.0015,False,False,True,False,False,False,True,False,1,3,9,0,4
0,1,25.42,27.275,94,0.0,False,False,True,False,False,False,True,False,3,3,9,0,2
0,1,25.42,27.275,94,6.0032,False,False,True,False,False,True,False,False,4,3,9,0,3
0,1,25.42,27.275,94,6.0032,False,False,True,False,False,False,True,False,5,3,9,0,14
0,1,25.42,27.275,94,11.0014,False,False,True,False,False,False,True,False,6,3,9,0,56
0,1,25.42,27.275,94,7.0015,False,False,True,False,False,False,True,False,7,3,9,0,179
0,1,25.42,27.275,94,8.9981,False,False,True,False,False,False,True,False,8,3,9,0,195
0,1,25.42,25.76,100,16.9979,False,False,True,False,False,True,False,False,9,3,9,0,69
0,1,26.24,28.03,94,7.0015,False,False,True,False,False,True,False,False,10,3,9,0,65
0,1,26.24,28.03,94,15.0013,False,False,True,False,False,True,False,False,11,3,9,0,98
0,1,27.06,29.545,94,15.0013,False,False,True,False,False,True,False,False,12,3,9,0,102
0,1,27.88,31.82,83,26.0027,False,False,True,False,False,True,False,False,13,3,9,0,126
0,1,28.7,33.335,79,23.9994,False,False,True,False,False,True,False,False,14,3,9,0,120
0,1,27.06,29.545,89,19.9995,False,False,True,False,False,False,True,False,15,3,9,0,139
0,1,26.24,28.03,94,19.0012,False,False,True,False,False,False,True,False,16,3,9,0,156
0,1,26.24,28.03,94,19.0012,False,False,True,False,False,False,True,False,17,3,9,0,113
0,1,26.24,28.03,94,23.9994,False,False,True,False,False,False,True,False,18,3,9,0,68
0,1,25.42,25.76,100,22.0028,False,False,True,False,False,False,True,False,19,3,9,0,52
0,1,25.42,27.275,94,11.0014,False,False,True,False,False,True,False,False,20,3,9,0,89
0,1,26.24,28.03,94,7.0015,False,False,True,False,False,False,True,False,21,3,9,0,82
0,1,25.42,25.76,100,6.0032,False,False,True,False,False,False,True,False,22,3,9,0,70
0,1,25.42,25.76,100,6.0032,False,False,True,False,False,False,True,False,23,3,9,0,26
0,1,26.24,28.03,94,12.998,False,False,True,False,False,False,True,False,0,4,9,0,16
0,1,25.42,25.76,100,11.0014,False,False,True,False,False,True,False,False,1,4,9,0,8
0,1,25.42,25.76,100,16.9979,False,False,True,False,False,True,False,False,2,4,9,0,8
0,1,25.42,27.275,94,16.9979,False,False,True,False,False,True,False,False,3,4,9,0,2
0,1,25.42,27.275,94,11.0014,False,False,True,False,False,False,True,False,4,4,9,0,3
0,1,25.42,27.275,94,8.9981,False,False,True,False,False,True,False,False,5,4,9,0,14
0,1,25.42,25.76,100,8.9981,False,False,True,False,False,True,False,False,6,4,9,0,57
0,1,25.42,25.76,100,16.9979,False,False,True,False,False,False,True,False,7,4,9,0,108
0,1,25.42,27.275,94,11.0014,False,False,True,False,False,False,True,False,8,4,9,0,288
0,1,25.42,27.275,94,11.0014,False,False,True,False,False,False,True,False,9,4,9,0,136
0,1,25.42,25.76,100,0.0,False,False,True,False,False,True,False,False,10,4,9,0,29
0,1,25.42,27.275,94,0.0,False,False,True,False,False,True,False,False,11,4,9,0,72
0,1,26.24,28.03,94,0.0,False,False,True,False,True,False,False,False,12,4,9,0,75
0,1,28.7,33.335,79,6.0032,False,False,True,False,True,False,False,False,13,4,9,0,122
0,1,29.52,34.85,74,6.0032,False,False,True,False,True,False,False,False,14,4,9,0,148
0,1,30.34,34.85,66,0.0,False,False,True,False,True,False,False,False,15,4,9,0,188
0,1,30.34,34.85,66,8.9981,False,False,True,False,True,False,False,False,16,4,9,0,285
0,1,28.7,33.335,79,16.9979,False,False,True,False,True,False,False,False,17,4,9,0,505
0,1,28.7,33.335,79,12.998,False,False,True,False,True,False,False,False,18,4,9,0,410
0,1,27.06,29.545,89,11.0014,False,False,True,False,True,False,False,False,19,4,9,0,349
0,1,26.24,28.03,94,6.0032,False,False,True,False,True,False,False,False,20,4,9,0,210
0,1,27.06,29.545,89,0.0,False,False,True,False,True,False,False,False,21,4,9,0,203
0,1,25.42,27.275,94,0.0,False,False,True,False,True,False,False,False,22,4,9,0,160
0,1,25.42,27.275,94,6.0032,False,False,True,False,True,False,False,False,23,4,9,0,148
0,0,25.42,27.275,94,0.0,False,False,True,False,True,False,False,False,0,5,9,0,116
0,0,25.42,27.275,94,0.0,False,False,True,False,False,True,False,False,1,5,9,0,83
0,0,24.6,25.0,97,7.0015,False,False,True,False,False,True,False,False,2,5,9,0,64
0,0,23.78,27.275,100,8.9981,False,False,True,False,True,False,False,False,3,5,9,0,37
0,0,23.78,27.275,94,6.0032,False,False,True,False,True,False,False,False,4,5,9,0,7
0,0,23.78,27.275,94,8.9981,False,False,True,False,True,False,False,False,5,5,9,0,8
0,0,23.78,27.275,94,11.0014,False,False,True,False,True,False,False,False,6,5,9,0,6
0,0,24.6,27.275,88,8.9981,False,False,True,False,True,False,False,False,7,5,9,0,52
0,0,25.42,28.79,83,11.0014,False,False,True,False,True,False,False,False,8,5,9,0,119
0,0,26.24,29.545,78,19.9995,False,False,True,False,True,False,False,False,9,5,9,0,207
0,0,28.7,32.575,65,16.9979,False,False,True,False,True,False,False,False,10,5,9,0,318
0,0,29.52,34.09,62,16.9979,False,False,True,False,True,False,False,False,11,5,9,0,360
0,0,29.52,34.09,62,15.0013,False,False,True,False,True,False,False,False,12,5,9,0,404
0,0,30.34,34.09,55,19.0012,False,False,True,False,True,False,False,False,13,5,9,0,370
0,0,30.34,34.09,55,19.0012,False,False,True,False,True,False,False,False,14,5,9,0,359
0,0,30.34,34.09,55,15.0013,False,False,True,False,True,False,False,False,15,5,9,0,480
0,0,30.34,34.09,55,12.998,False,False,True,False,True,False,False,False,16,5,9,0,431
0,0,30.34,34.09,55,15.0013,False,False,True,False,True,False,False,False,17,5,9,0,460
0,0,29.52,33.335,58,12.998,False,False,True,False,True,False,False,False,18,5,9,0,360
0,0,28.7,32.575,58,8.9981,False,False,True,False,True,False,False,False,19,5,9,0,315
0,0,27.06,31.06,69,7.0015,False,False,True,False,True,False,False,False,20,5,9,0,245
0,0,26.24,29.545,78,6.0032,False,False,True,False,True,False,False,False,21,5,9,0,230
0,0,26.24,29.545,78,0.0,False,False,True,False,True,False,False,False,22,5,9,0,175
0,0,25.42,28.03,88,0.0,False,False,True,False,False,True,False,False,23,5,9,0,139
0,0,25.42,28.03,88,0.0,False,False,True,False,True,False,False,False,0,6,9,0,108
0,0,25.42,28.03,88,0.0,False,False,True,False,False,True,False,False,1,6,9,0,88
0,0,25.42,29.545,78,12.998,False,False,True,False,False,True,False,False,2,6,9,0,76
0,0,25.42,29.545,78,6.0032,False,False,True,False,False,True,False,False,3,6,9,0,45
0,0,24.6,28.03,83,8.9981,False,False,True,False,True,False,False,False,4,6,9,0,9
0,0,24.6,28.03,83,8.9981,False,False,True,False,True,False,False,False,5,6,9,0,39
0,0,23.78,27.275,88,7.0015,False,False,True,False,True,False,False,False,6,6,9,0,20
0,0,24.6,27.275,88,0.0,False,False,True,False,True,False,False,False,7,6,9,0,37
0,0,26.24,29.545,78,0.0,False,False,True,False,True,False,False,False,8,6,9,0,94
0,0,27.06,31.06,74,0.0,False,False,True,False,True,False,False,False,9,6,9,0,227
0,0,28.7,32.575,65,0.0,False,False,True,False,True,False,False,False,10,6,9,0,334
0,0,28.7,32.575,65,0.0,False,False,True,False,True,False,False,False,11,6,9,0,402
0,0,28.7,32.575,65,0.0,False,False,True,False,True,False,False,False,12,6,9,0,411
0,0,30.34,34.09,58,7.0015,False,False,True,False,True,False,False,False,13,6,9,0,350
0,0,29.52,33.335,58,19.0012,False,False,True,False,True,False,False,False,14,6,9,0,342
0,0,30.34,33.335,51,19.9995,False,False,True,False,True,False,False,False,15,6,9,0,404
0,0,29.52,33.335,51,19.9995,False,False,True,False,True,False,False,False,16,6,9,0,483
0,0,29.52,33.335,51,8.9981,False,False,True,False,True,False,False,False,17,6,9,0,380
0,0,27.88,31.82,65,19.9995,False,False,True,False,True,False,False,False,18,6,9,0,339
0,0,26.24,30.305,69,7.0015,False,False,True,False,True,False,False,False,19,6,9,0,333
0,0,25.42,29.545,73,7.0015,False,False,True,False,True,False,False,False,20,6,9,0,226
0,0,26.24,30.305,69,0.0,False,False,True,False,True,False,False,False,21,6,9,0,159
0,0,25.42,30.305,69,26.0027,False,False,True,False,True,False,False,False,22,6,9,0,95
0,0,23.78,27.275,78,6.0032,False,False,True,False,False,False,True,False,23,6,9,0,45
0,1,22.96,26.515,88,6.0032,False,False,True,False,True,False,False,False,0,0,9,0,16
0,1,22.96,26.515,88,0.0,False,False,True,False,True,False,False,False,1,0,9,0,12
0,1,22.96,26.515,88,0.0,False,False,True,False,True,False,False,False,2,0,9,0,2
0,1,22.14,25.76,94,7.0015,False,False,True,False,True,False,False,False,4,0,9,0,4
0,1,22.96,26.515,83,0.0,False,False,True,False,True,False,False,False,5,0,9,0,24
0,1,22.96,26.515,83,0.0,False,False,True,False,True,False,False,False,6,0,9,0,109
0,1,23.78,27.275,83,0.0,False,False,True,False,True,False,False,False,7,0,9,0,312
0,1,24.6,28.79,78,6.0032,False,False,True,False,True,False,False,False,8,0,9,0,408
0,1,26.24,30.305,69,0.0,False,False,True,False,True,False,False,False,9,0,9,0,176
0,1,27.88,31.82,62,11.0014,False,False,True,False,True,False,False,False,10,0,9,0,129
0,1,28.7,32.575,58,12.998,False,False,True,False,True,False,False,False,11,0,9,0,165
0,1,29.52,33.335,51,12.998,False,False,True,False,True,False,False,False,12,0,9,0,184
0,1,29.52,33.335,54,7.0015,False,False,True,False,True,False,False,False,13,0,9,0,163
0,1,30.34,33.335,51,11.0014,False,False,True,False,True,False,False,False,14,0,9,0,189
0,1,30.34,33.335,48,6.0032,False,False,True,False,True,False,False,False,15,0,9,0,212
0,1,29.52,33.335,48,0.0,False,False,True,False,True,False,False,False,16,0,9,0,298
0,1,29.52,33.335,51,11.0014,False,False,True,False,True,False,False,False,17,0,9,0,590
0,1,28.7,32.575,54,12.998,False,False,True,False,True,False,False,False,18,0,9,0,571
0,1,27.88,31.82,57,8.9981,False,False,True,False,True,False,False,False,19,0,9,0,436
0,1,27.06,31.06,65,0.0,False,False,True,False,True,False,False,False,20,0,9,0,299
0,1,26.24,30.305,73,6.0032,False,False,True,False,True,False,False,False,21,0,9,0,195
0,1,25.42,28.79,83,11.0014,False,False,True,False,True,False,False,False,22,0,9,0,150
0,1,25.42,28.79,83,7.0015,False,False,True,False,True,False,False,False,23,0,9,0,69
0,1,24.6,27.275,88,7.0015,False,False,True,False,True,False,False,False,0,1,9,0,26
0,1,23.78,27.275,83,7.0015,False,False,True,False,True,False,False,False,1,1,9,0,10
0,1,24.6,28.79,78,0.0,False,False,True,False,True,False,False,False,2,1,9,0,2
0,1,23.78,27.275,83,0.0,False,False,True,False,True,False,False,False,3,1,9,0,4
0,1,22.96,26.515,88,0.0,False,False,True,False,True,False,False,False,4,1,9,0,8
0,1,22.96,26.515,88,0.0,False,False,True,False,True,False,False,False,5,1,9,0,20
0,1,22.96,26.515,88,7.0015,False,False,True,False,True,False,False,False,6,1,9,0,122
0,1,23.78,27.275,83,6.0032,False,False,True,False,True,False,False,False,7,1,9,0,362
0,1,24.6,28.03,81,7.0015,False,False,True,False,True,False,False,False,8,1,9,0,425
0,1,26.24,30.305,69,6.0032,False,False,True,False,True,False,False,False,9,1,9,0,214
0,1,27.88,31.82,69,8.9981,False,False,True,False,True,False,False,False,10,1,9,0,135
0,1,28.7,32.575,61,11.0014,False,False,True,False,True,False,False,False,11,1,9,0,153
0,1,29.52,33.335,58,15.0013,False,False,True,False,True,False,False,False,12,1,9,0,187
0,1,30.34,33.335,51,19.0012,False,False,True,False,True,False,False,False,13,1,9,0,184
0,1,30.34,33.335,51,22.0028,False,False,True,False,True,False,False,False,14,1,9,0,190
0,1,30.34,33.335,51,19.9995,False,False,True,False,True,False,False,False,15,1,9,0,180
0,1,30.34,33.335,51,15.0013,False,False,True,False,True,False,False,False,16,1,9,0,292
0,1,30.34,33.335,51,15.0013,False,False,True,False,True,False,False,False,17,1,9,0,579
0,1,28.7,32.575,61,11.0014,False,False,True,False,True,False,False,False,18,1,9,0,539
0,1,27.88,31.82,69,11.0014,False,False,True,False,True,False,False,False,19,1,9,0,396
0,1,27.06,31.06,74,12.998,False,False,True,False,True,False,False,False,20,1,9,0,272
0,1,26.24,29.545,78,11.0014,False,False,True,False,True,False,False,False,21,1,9,0,245
0,1,26.24,29.545,78,8.9981,False,False,True,False,True,False,False,False,22,1,9,0,144
0,1,26.24,29.545,78,7.0015,False,False,True,False,True,False,False,False,23,1,9,0,74
0,1,25.42,29.545,78,6.0032,False,False,True,False,True,False,False,False,0,2,9,0,33
0,1,25.42,29.545,78,6.0032,False,False,True,False,True,False,False,False,1,2,9,0,8
0,1,24.6,28.03,83,0.0,False,False,True,False,True,False,False,False,2,2,9,0,5
0,1,24.6,27.275,88,8.9981,False,False,True,False,True,False,False,False,3,2,9,0,8
0,1,24.6,28.03,83,6.0032,False,False,True,False,True,False,False,False,4,2,9,0,9
0,1,23.78,27.275,88,7.0015,False,False,True,False,True,False,False,False,5,2,9,0,31
0,1,23.78,27.275,88,7.0015,False,False,True,False,True,False,False,False,6,2,9,0,145
0,1,24.6,28.03,83,7.0015,False,False,True,False,True,False,False,False,7,2,9,0,370
0,1,25.42,28.79,83,11.0014,False,False,True,False,True,False,False,False,8,2,9,0,429
0,1,26.24,29.545,78,11.0014,False,False,True,False,True,False,False,False,9,2,9,0,202
0,1,28.7,32.575,70,8.9981,False,False,True,False,True,False,False,False,10,2,9,0,142
0,1,29.52,34.09,66,11.0014,False,False,True,False,True,False,False,False,11,2,9,0,164
0,1,30.34,34.09,58,15.0013,False,False,True,False,True,False,False,False,12,2,9,0,212
0,1,31.16,34.85,55,16.9979,False,False,True,False,True,False,False,False,13,2,9,0,178
0,1,31.98,35.605,52,15.0013,False,False,True,False,True,False,False,False,14,2,9,0,124
0,1,31.98,35.605,49,16.9979,False,False,True,False,True,False,False,False,15,2,9,0,176
0,1,31.16,34.85,52,19.0012,False,False,True,False,True,False,False,False,16,2,9,0,277
0,1,31.16,34.85,52,19.0012,False,False,True,False,True,False,False,False,17,2,9,0,599
0,1,29.52,34.09,62,11.0014,False,False,True,False,True,False,False,False,18,2,9,0,586
0,1,28.7,32.575,70,7.0015,False,False,True,False,False,True,False,False,19,2,9,0,381
0,1,29.52,33.335,58,27.9993,False,False,True,False,False,True,False,False,20,2,9,0,261
0,1,27.06,31.06,65,15.0013,False,False,True,False,False,True,False,False,21,2,9,0,213
0,1,27.06,31.06,65,8.9981,False,False,True,False,False,True,False,False,22,2,9,0,160
0,1,26.24,30.305,69,7.0015,False,False,True,False,False,True,False,False,23,2,9,0,72
0,1,26.24,30.305,69,8.9981,False,False,True,False,True,False,False,False,0,3,9,0,37
0,1,26.24,30.305,69,11.0014,False,False,True,False,True,False,False,False,1,3,9,0,20
0,1,25.42,29.545,73,7.0015,False,False,True,False,True,False,False,False,2,3,9,0,5
0,1,25.42,29.545,73,6.0032,False,False,True,False,True,False,False,False,3,3,9,0,8
0,1,24.6,28.79,78,7.0015,False,False,True,False,True,False,False,False,4,3,9,0,7
0,1,24.6,28.79,78,0.0,False,False,True,False,True,False,False,False,5,3,9,0,31
0,1,24.6,28.03,83,16.9979,False,False,True,False,False,True,False,False,6,3,9,0,124
0,1,25.42,29.545,78,12.998,False,False,True,False,False,True,False,False,7,3,9,0,338
0,1,26.24,30.305,73,8.9981,False,False,True,False,True,False,False,False,8,3,9,0,391
0,1,26.24,30.305,73,23.9994,False,False,True,False,False,True,False,False,9,3,9,0,209
0,1,27.06,31.06,69,16.9979,False,False,True,False,False,True,False,False,10,3,9,0,121
0,1,27.88,31.82,65,8.9981,False,False,True,False,False,True,False,False,11,3,9,0,159
0,1,27.06,31.06,69,19.9995,False,False,True,False,False,True,False,False,12,3,9,0,179
0,1,26.24,30.305,65,19.0012,False,False,True,False,False,True,False,False,13,3,9,0,189
0,1,26.24,30.305,65,27.9993,False,False,True,False,False,True,False,False,14,3,9,0,170
0,1,24.6,29.545,69,27.9993,False,False,True,False,False,True,False,False,15,3,9,0,135
0,1,22.14,25.76,77,31.0009,False,False,True,False,False,True,False,False,16,3,9,0,222
0,1,19.68,23.485,82,31.0009,False,False,True,False,False,False,True,False,17,3,9,0,261
0,1,19.68,23.485,67,40.9973,False,False,True,False,False,False,True,False,18,3,9,0,244
0,1,18.86,22.725,67,31.0009,False,False,True,False,True,False,False,False,19,3,9,0,232
0,1,18.86,22.725,63,22.0028,False,False,True,False,True,False,False,False,20,3,9,0,248
0,1,18.86,22.725,63,22.0028,False,False,True,False,True,False,False,False,21,3,9,0,145
0,1,18.04,21.97,67,19.0012,False,False,True,False,True,False,False,False,22,3,9,0,115
0,1,18.04,21.97,67,15.0013,False,False,True,False,True,False,False,False,23,3,9,0,69
0,1,17.22,21.21,71,15.0013,False,False,True,False,True,False,False,False,0,4,9,0,48
0,1,17.22,21.21,67,12.998,False,False,True,False,True,False,False,False,1,4,9,0,26
0,1,16.4,20.455,71,19.0012,False,False,True,False,True,False,False,False,2,4,9,0,10
0,1,16.4,20.455,71,16.9979,False,False,True,False,True,False,False,False,3,4,9,0,6
0,1,16.4,20.455,71,19.0012,False,False,True,False,True,False,False,False,4,4,9,0,4
0,1,15.58,19.695,76,12.998,False,False,True,False,True,False,False,False,5,4,9,0,32
0,1,15.58,19.695,71,15.0013,False,False,True,False,True,False,False,False,6,4,9,0,93
0,1,16.4,20.455,71,19.0012,False,False,True,False,True,False,False,False,7,4,9,0,299
0,1,17.22,21.21,67,15.0013,False,False,True,False,True,False,False,False,8,4,9,0,409
0,1,18.86,22.725,55,16.9979,False,False,True,False,True,False,False,False,9,4,9,0,210
0,1,20.5,24.24,51,19.0012,False,False,True,False,False,True,False,False,10,4,9,0,140
0,1,20.5,24.24,51,8.9981,False,False,True,False,False,True,False,False,11,4,9,0,179
0,1,21.32,25.0,45,0.0,False,False,True,False,False,True,False,False,12,4,9,0,251
0,1,22.14,25.76,42,0.0,False,False,True,False,False,True,False,False,13,4,9,0,223
0,1,22.14,25.76,45,11.0014,False,False,True,False,False,True,False,False,14,4,9,0,225
0,1,22.14,25.76,45,15.0013,False,False,True,False,False,True,False,False,15,4,9,0,203
0,1,21.32,25.0,48,11.0014,False,False,True,False,False,True,False,False,16,4,9,0,358
0,1,21.32,25.0,48,8.9981,False,False,True,False,False,True,False,False,17,4,9,0,566
0,1,21.32,25.0,52,11.0014,False,False,True,False,False,True,False,False,18,4,9,0,482
0,1,20.5,24.24,55,11.0014,False,False,True,False,False,True,False,False,19,4,9,0,315
0,1,20.5,24.24,55,0.0,False,False,True,False,False,True,False,False,20,4,9,0,225
0,1,20.5,24.24,63,0.0,False,False,True,False,False,True,False,False,21,4,9,0,163
0,1,19.68,23.485,67,6.0032,False,False,True,False,True,False,False,False,22,4,9,0,167
0,1,20.5,24.24,59,0.0,False,False,True,False,True,False,False,False,23,4,9,0,126
0,0,18.86,22.725,72,11.0014,False,False,True,False,True,False,False,False,0,5,9,0,108
0,0,18.86,22.725,72,7.0015,False,False,True,False,True,False,False,False,1,5,9,0,80
0,0,18.86,22.725,82,6.0032,False,False,True,False,True,False,False,False,2,5,9,0,79
0,0,18.86,22.725,72,8.9981,False,False,True,False,True,False,False,False,3,5,9,0,28
0,0,18.86,22.725,72,8.9981,False,False,True,False,True,False,False,False,4,5,9,0,5
0,0,18.86,22.725,72,11.0014,False,False,True,False,True,False,False,False,5,5,9,0,5
0,0,18.86,22.725,72,15.0013,False,False,True,False,False,True,False,False,6,5,9,0,22
0,0,18.86,22.725,77,12.998,False,False,True,False,False,True,False,False,7,5,9,0,37
0,0,18.86,22.725,77,16.9979,False,False,True,False,False,True,False,False,8,5,9,0,108
0,0,19.68,23.485,67,15.0013,False,False,True,False,False,True,False,False,9,5,9,0,177
0,0,20.5,24.24,68,19.0012,False,False,True,False,False,True,False,False,10,5,9,0,249
0,0,21.32,25.0,68,15.0013,False,False,True,False,False,True,False,False,11,5,9,0,367
0,0,21.32,25.0,67,15.0013,False,False,True,False,False,True,False,False,12,5,9,0,372
0,0,21.32,25.0,68,12.998,False,False,True,False,False,True,False,False,13,5,9,0,349
0,0,21.32,25.0,72,12.998,False,False,True,False,False,True,False,False,14,5,9,0,297
0,0,21.32,25.0,72,12.998,False,False,True,False,False,True,False,False,15,5,9,0,354
0,0,22.14,25.76,68,16.9979,False,False,True,False,True,False,False,False,16,5,9,0,305
0,0,21.32,25.0,72,15.0013,False,False,True,False,True,False,False,False,17,5,9,0,359
0,0,21.32,25.0,72,15.0013,False,False,True,False,False,True,False,False,18,5,9,0,329
0,0,21.32,25.0,68,8.9981,False,False,True,False,True,False,False,False,19,5,9,0,256
0,0,21.32,25.0,68,8.9981,False,False,True,False,True,False,False,False,20,5,9,0,176
0,0,20.5,24.24,72,12.998,False,False,True,False,False,True,False,False,21,5,9,0,170
0,0,20.5,24.24,72,15.0013,False,False,True,False,True,False,False,False,22,5,9,0,143
0,0,18.86,22.725,82,11.0014,False,False,True,False,True,False,False,False,23,5,9,0,136
0,0,18.86,22.725,77,15.0013,False,False,True,False,True,False,False,False,0,6,9,0,112
0,0,18.86,22.725,77,15.0013,False,False,True,False,True,False,False,False,1,6,9,0,79
0,0,18.04,21.97,82,16.9979,False,False,True,False,True,False,False,False,2,6,9,0,89
0,0,18.04,21.97,82,12.998,False,False,True,False,True,False,False,False,3,6,9,0,36
0,0,18.04,21.97,77,15.0013,False,False,True,False,True,False,False,False,4,6,9,0,1
0,0,18.04,21.97,77,15.0013,False,False,True,False,True,False,False,False,5,6,9,0,6
0,0,18.04,21.97,77,16.9979,False,False,True,False,True,False,False,False,6,6,9,0,12
0,0,18.86,22.725,72,15.0013,False,False,True,False,True,False,False,False,7,6,9,0,44
0,0,18.86,22.725,72,16.9979,False,False,True,False,True,False,False,False,8,6,9,0,69
0,0,19.68,23.485,67,16.9979,False,False,True,False,True,False,False,False,9,6,9,0,140
0,0,20.5,24.24,72,11.0014,False,False,True,False,True,False,False,False,10,6,9,0,260
0,0,21.32,25.0,68,15.0013,False,False,True,False,True,False,False,False,11,6,9,0,317
0,0,22.14,25.76,64,8.9981,False,False,True,False,True,False,False,False,12,6,9,0,364
0,0,22.96,26.515,60,8.9981,False,False,True,False,True,False,False,False,13,6,9,0,376
0,0,23.78,27.275,56,8.9981,False,False,True,False,False,True,False,False,14,6,9,0,311
0,0,23.78,27.275,60,8.9981,False,False,True,False,False,True,False,False,15,6,9,0,365
0,0,22.96,26.515,64,11.0014,False,False,True,False,False,True,False,False,16,6,9,0,369
0,0,22.96,26.515,64,12.998,False,False,True,False,False,True,False,False,17,6,9,0,325
0,0,22.96,26.515,60,7.0015,False,False,True,False,False,True,False,False,18,6,9,0,289
0,0,22.14,25.76,68,7.0015,False,False,True,False,False,True,False,False,19,6,9,0,245
0,0,22.14,25.76,68,6.0032,False,False,True,False,False,True,False,False,20,6,9,0,180
0,0,22.14,25.76,68,6.0032,False,False,True,False,False,True,False,False,21,6,9,0,147
0,0,22.14,25.76,68,6.0032,False,False,True,False,False,True,False,False,22,6,9,0,84
0,0,22.14,25.76,68,12.998,False,False,True,False,True,False,False,False,23,6,9,0,54
0,1,21.32,25.0,72,11.0014,False,False,True,False,False,True,False,False,0,0,9,0,37
0,1,21.32,25.0,72,7.0015,False,False,True,False,False,True,False,False,1,0,9,0,10
0,1,21.32,25.0,72,8.9981,False,False,True,False,False,True,False,False,2,0,9,0,13
0,1,20.5,24.24,77,8.9981,False,False,True,False,False,True,False,False,3,0,9,0,5
0,1,20.5,24.24,77,11.0014,False,False,True,False,False,True,False,False,4,0,9,0,8
0,1,20.5,24.24,77,12.998,False,False,True,False,False,True,False,False,5,0,9,0,28
0,1,20.5,24.24,77,15.0013,False,False,True,False,True,False,False,False,6,0,9,0,113
0,1,20.5,24.24,82,15.0013,False,False,True,False,False,True,False,False,7,0,9,0,332
0,1,21.32,25.0,77,8.9981,False,False,True,False,False,True,False,False,8,0,9,0,420
0,1,22.14,25.76,68,11.0014,False,False,True,False,False,True,False,False,9,0,9,0,215
0,1,22.96,26.515,64,8.9981,False,False,True,False,False,True,False,False,10,0,9,0,105
0,1,23.78,27.275,64,11.0014,False,False,True,False,False,True,False,False,11,0,9,0,139
0,1,23.78,27.275,60,6.0032,False,False,True,False,False,True,False,False,12,0,9,0,189
0,1,24.6,30.305,60,0.0,False,False,True,False,False,True,False,False,13,0,9,0,177
0,1,24.6,30.305,60,12.998,False,False,True,False,False,True,False,False,14,0,9,0,188
0,1,24.6,30.305,60,15.0013,False,False,True,False,False,True,False,False,15,0,9,0,187
0,1,24.6,30.305,60,11.0014,False,False,True,False,False,True,False,False,16,0,9,0,263
0,1,23.78,27.275,64,8.9981,False,False,True,False,False,True,False,False,17,0,9,0,568
0,1,22.96,26.515,68,8.9981,False,False,True,False,False,True,False,False,18,0,9,0,540
0,1,22.96,26.515,68,7.0015,False,False,True,False,False,True,False,False,19,0,9,0,374
0,1,22.96,26.515,68,8.9981,False,False,True,False,False,True,False,False,20,0,9,0,231
0,1,22.96,26.515,68,11.0014,False,False,True,False,False,True,False,False,21,0,9,0,200
0,1,22.96,26.515,68,11.0014,False,False,True,False,False,True,False,False,22,0,9,0,129
0,1,22.96,26.515,73,12.998,False,False,True,False,False,True,False,False,23,0,9,0,68
0,0,20.5,24.24,63,26.0027,False,False,False,True,True,False,False,False,0,5,10,0,130
0,0,19.68,23.485,67,22.0028,False,False,False,True,True,False,False,False,1,5,10,0,58
0,0,18.86,22.725,63,27.9993,False,False,False,True,True,False,False,False,2,5,10,0,67
0,0,18.86,22.725,59,27.9993,False,False,False,True,True,False,False,False,3,5,10,0,25
0,0,18.04,21.97,58,27.9993,False,False,False,True,True,False,False,False,4,5,10,0,8
0,0,18.04,21.97,62,19.9995,False,False,False,True,False,True,False,False,5,5,10,0,5
0,0,17.22,21.21,67,22.0028,False,False,False,True,True,False,False,False,6,5,10,0,19
0,0,17.22,21.21,67,16.9979,False,False,False,True,False,False,True,False,7,5,10,0,36
0,0,16.4,20.455,76,22.0028,False,False,False,True,False,True,False,False,8,5,10,0,67
0,0,16.4,20.455,82,23.9994,False,False,False,True,False,False,True,False,9,5,10,0,129
0,0,16.4,20.455,76,23.9994,False,False,False,True,False,False,True,False,10,5,10,0,121
0,0,15.58,19.695,82,22.0028,False,False,False,True,False,False,True,False,11,5,10,0,132
0,0,16.4,20.455,82,16.9979,False,False,False,True,False,True,False,False,12,5,10,0,158
0,0,16.4,20.455,82,22.0028,False,False,False,True,False,True,False,False,13,5,10,0,125
0,0,17.22,21.21,71,23.9994,False,False,False,True,False,True,False,False,14,5,10,0,180
0,0,17.22,21.21,71,19.0012,False,False,False,True,False,True,False,False,15,5,10,0,195
0,0,16.4,20.455,76,19.9995,False,False,False,True,False,True,False,False,16,5,10,0,223
0,0,16.4,20.455,76,12.998,False,False,False,True,False,False,True,False,17,5,10,0,228
0,0,15.58,19.695,87,15.0013,False,False,False,True,False,False,True,False,18,5,10,0,140
0,0,15.58,19.695,82,12.998,False,False,False,True,False,True,False,False,19,5,10,0,126
0,0,14.76,18.18,87,7.0015,False,False,False,True,False,False,True,False,20,5,10,0,66
0,0,14.76,18.18,87,7.0015,False,False,False,True,False,False,True,False,21,5,10,0,56
0,0,14.76,17.425,93,15.0013,False,False,False,True,False,True,False,False,22,5,10,0,70
0,0,14.76,17.425,93,15.0013,False,False,False,True,False,False,True,False,23,5,10,0,65
0,0,14.76,16.665,93,19.9995,False,False,False,True,False,False,True,False,0,6,10,0,47
0,0,13.94,15.91,87,16.9979,False,False,False,True,False,False,True,False,1,6,10,0,24
0,0,13.94,15.15,87,19.9995,False,False,False,True,False,False,True,False,2,6,10,0,30
0,0,13.94,15.91,87,19.0012,False,False,False,True,False,False,True,False,3,6,10,0,9
0,0,13.94,15.91,87,16.9979,False,False,False,True,False,True,False,False,4,6,10,0,7
0,0,13.12,15.15,87,19.0012,False,False,False,True,True,False,False,False,5,6,10,0,7
0,0,13.12,15.91,81,11.0014,False,False,False,True,True,False,False,False,6,6,10,0,15
0,0,13.94,16.665,76,12.998,False,False,False,True,True,False,False,False,7,6,10,0,29
0,0,13.94,16.665,76,12.998,False,False,False,True,False,True,False,False,8,6,10,0,64
0,0,14.76,16.665,76,23.9994,False,False,False,True,True,False,False,False,9,6,10,0,115
0,0,14.76,16.665,71,19.0012,False,False,False,True,False,True,False,False,10,6,10,0,248
0,0,15.58,19.695,66,16.9979,False,False,False,True,False,True,False,False,11,6,10,0,292
0,0,16.4,20.455,62,12.998,False,False,False,True,False,True,False,False,12,6,10,0,321
0,0,16.4,20.455,62,15.0013,False,False,False,True,False,False,True,False,13,6,10,0,308
0,0,14.76,17.425,81,11.0014,False,False,False,True,False,False,True,False,14,6,10,0,256
0,0,14.76,16.665,81,16.9979,False,False,False,True,False,False,True,False,15,6,10,0,173
0,0,14.76,17.425,87,12.998,False,False,False,True,False,False,True,False,16,6,10,0,206
0,0,14.76,17.425,87,11.0014,False,False,False,True,False,False,True,False,17,6,10,0,167
0,0,14.76,17.425,81,12.998,False,False,False,True,False,True,False,False,18,6,10,0,174
0,0,15.58,19.695,76,11.0014,False,False,False,True,False,True,False,False,19,6,10,0,162
0,0,14.76,16.665,76,16.9979,False,False,False,True,False,True,False,False,20,6,10,0,87
0,0,14.76,17.425,71,15.0013,False,False,False,True,True,False,False,False,21,6,10,0,88
0,0,14.76,18.18,81,6.0032,False,False,False,True,False,False,True,False,22,6,10,0,64
0,0,14.76,18.18,81,6.0032,False,False,False,True,True,False,False,False,23,6,10,0,25
0,1,13.94,17.425,87,7.0015,False,False,False,True,True,False,False,False,0,0,10,0,16
0,1,14.76,18.18,81,6.0032,False,False,False,True,True,False,False,False,1,0,10,0,6
0,1,14.76,18.18,76,7.0015,False,False,False,True,True,False,False,False,2,0,10,0,4
0,1,14.76,18.94,81,0.0,False,False,False,True,True,False,False,False,3,0,10,0,7
0,1,13.94,17.425,87,7.0015,False,False,False,True,True,False,False,False,4,0,10,0,8
0,1,14.76,18.18,76,7.0015,False,False,False,True,False,True,False,False,5,0,10,0,21
0,1,14.76,18.94,71,0.0,False,False,False,True,False,True,False,False,6,0,10,0,94
0,1,14.76,17.425,71,8.9981,False,False,False,True,False,True,False,False,7,0,10,0,249
0,1,14.76,18.18,71,7.0015,False,False,False,True,False,True,False,False,8,0,10,0,372
0,1,16.4,20.455,66,6.0032,False,False,False,True,False,True,False,False,9,0,10,0,153
0,1,16.4,20.455,66,7.0015,False,False,False,True,False,True,False,False,10,0,10,0,101
0,1,16.4,20.455,71,15.0013,False,False,False,True,False,True,False,False,11,0,10,0,126
0,1,16.4,20.455,71,8.9981,False,False,False,True,False,True,False,False,12,0,10,0,147
0,1,17.22,21.21,67,11.0014,False,False,False,True,False,False,True,False,13,0,10,0,118
0,1,16.4,20.455,76,0.0,False,False,False,True,False,False,True,False,14,0,10,0,120
0,1,16.4,20.455,76,0.0,False,False,False,True,False,False,True,False,15,0,10,0,101
0,1,16.4,20.455,76,7.0015,False,False,False,True,False,True,False,False,16,0,10,0,218
0,1,16.4,20.455,76,11.0014,False,False,False,True,False,True,False,False,17,0,10,0,495
0,1,16.4,20.455,76,11.0014,False,False,False,True,False,True,False,False,18,0,10,0,412
0,1,16.4,20.455,76,0.0,False,False,False,True,True,False,False,False,19,0,10,0,315
0,1,16.4,20.455,82,0.0,False,False,False,True,False,False,True,False,20,0,10,0,204
0,1,16.4,20.455,82,0.0,False,False,False,True,False,True,False,False,21,0,10,0,138
0,1,16.4,20.455,82,0.0,False,False,False,True,False,True,False,False,22,0,10,0,91
0,1,16.4,20.455,82,7.0015,False,False,False,True,False,True,False,False,23,0,10,0,54
0,1,16.4,20.455,87,6.0032,False,False,False,True,False,True,False,False,0,1,10,0,27
0,1,16.4,20.455,87,7.0015,False,False,False,True,False,True,False,False,1,1,10,0,9
0,1,16.4,20.455,87,0.0,False,False,False,True,False,True,False,False,2,1,10,0,3
0,1,16.4,20.455,82,7.0015,False,False,False,True,True,False,False,False,3,1,10,0,6
0,1,16.4,20.455,82,6.0032,False,False,False,True,True,False,False,False,4,1,10,0,7
0,1,16.4,20.455,82,8.9981,False,False,False,True,True,False,False,False,5,1,10,0,27
0,1,16.4,20.455,82,7.0015,False,False,False,True,True,False,False,False,6,1,10,0,112
0,1,17.22,21.21,82,19.0012,False,False,False,True,True,False,False,False,7,1,10,0,309
0,1,18.04,21.97,77,15.0013,False,False,False,True,True,False,False,False,8,1,10,0,400
0,1,18.86,22.725,67,16.9979,False,False,False,True,True,False,False,False,9,1,10,0,187
0,1,19.68,23.485,67,19.0012,False,False,False,True,True,False,False,False,10,1,10,0,126
0,1,22.14,25.76,64,19.0012,False,False,False,True,True,False,False,False,11,1,10,0,124
0,1,22.96,26.515,56,19.9995,False,False,False,True,True,False,False,False,12,1,10,0,199
0,1,22.96,26.515,56,19.9995,False,False,False,True,True,False,False,False,13,1,10,0,173
0,1,23.78,27.275,53,16.9979,False,False,False,True,True,False,False,False,14,1,10,0,183
0,1,23.78,27.275,56,19.0012,False,False,False,True,True,False,False,False,15,1,10,0,194
0,1,23.78,27.275,56,22.0028,False,False,False,True,True,False,False,False,16,1,10,0,309
0,1,22.96,26.515,60,26.0027,False,False,False,True,True,False,False,False,17,1,10,0,585
0,1,22.14,25.76,64,19.0012,False,False,False,True,True,False,False,False,18,1,10,0,524
0,1,21.32,25.0,68,15.0013,False,False,False,True,True,False,False,False,19,1,10,0,345
0,1,21.32,25.0,68,15.0013,False,False,False,True,True,False,False,False,20,1,10,0,261
0,1,20.5,24.24,72,8.9981,False,False,False,True,True,False,False,False,21,1,10,0,166
0,1,20.5,24.24,72,8.9981,False,False,False,True,True,False,False,False,22,1,10,0,114
0,1,19.68,23.485,77,8.9981,False,False,False,True,True,False,False,False,23,1,10,0,66
0,1,19.68,23.485,77,8.9981,False,False,False,True,True,False,False,False,0,2,10,0,43
0,1,19.68,23.485,77,11.0014,False,False,False,True,True,False,False,False,1,2,10,0,11
0,1,18.86,22.725,82,11.0014,False,False,False,True,True,False,False,False,2,2,10,0,3
0,1,18.86,22.725,82,7.0015,False,False,False,True,True,False,False,False,3,2,10,0,6
0,1,18.04,21.97,88,0.0,False,False,False,True,True,False,False,False,4,2,10,0,5
0,1,18.04,21.97,82,8.9981,False,False,False,True,True,False,False,False,5,2,10,0,32
0,1,18.04,21.97,82,7.0015,False,False,False,True,True,False,False,False,6,2,10,0,117
0,1,18.86,22.725,77,7.0015,False,False,False,True,True,False,False,False,7,2,10,0,301
0,1,21.32,25.0,63,0.0,False,False,False,True,True,False,False,False,8,2,10,0,467
0,1,22.14,25.76,60,19.9995,False,False,False,True,True,False,False,False,9,2,10,0,219
0,1,22.96,26.515,56,26.0027,False,False,False,True,True,False,False,False,10,2,10,0,133
0,1,24.6,31.06,46,19.0012,False,False,False,True,True,False,False,False,11,2,10,0,170
0,1,25.42,31.06,43,22.0028,False,False,False,True,True,False,False,False,12,2,10,0,214
0,1,26.24,31.06,41,15.0013,False,False,False,True,True,False,False,False,13,2,10,0,219
0,1,26.24,31.06,41,19.0012,False,False,False,True,True,False,False,False,14,2,10,0,190
0,1,26.24,31.06,47,19.0012,False,False,False,True,True,False,False,False,15,2,10,0,182
0,1,26.24,31.06,47,22.0028,False,False,False,True,True,False,False,False,16,2,10,0,282
0,1,26.24,31.06,47,16.9979,False,False,False,True,True,False,False,False,17,2,10,0,591
0,1,24.6,31.06,53,11.0014,False,False,False,True,True,False,False,False,18,2,10,0,593
0,1,23.78,27.275,56,8.9981,False,False,False,True,True,False,False,False,19,2,10,0,374
0,1,21.32,25.0,77,11.0014,False,False,False,True,True,False,False,False,20,2,10,0,246
0,1,20.5,24.24,82,7.0015,False,False,False,True,True,False,False,False,21,2,10,0,201
0,1,21.32,25.0,72,0.0,False,False,False,True,True,False,False,False,22,2,10,0,154
0,1,20.5,24.24,77,7.0015,False,False,False,True,True,False,False,False,23,2,10,0,73
0,1,20.5,24.24,72,12.998,False,False,False,True,True,False,False,False,0,3,10,0,40
0,1,19.68,23.485,63,12.998,False,False,False,True,True,False,False,False,1,3,10,0,22
0,1,18.86,22.725,67,12.998,False,False,False,True,True,False,False,False,2,3,10,0,10
0,1,18.04,21.97,67,15.0013,False,False,False,True,True,False,False,False,3,3,10,0,5
0,1,18.04,21.97,62,19.0012,False,False,False,True,True,False,False,False,4,3,10,0,5
0,1,17.22,21.21,62,12.998,False,False,False,True,True,False,False,False,5,3,10,0,24
0,1,16.4,20.455,66,12.998,False,False,False,True,True,False,False,False,6,3,10,0,114
0,1,17.22,21.21,62,12.998,False,False,False,True,True,False,False,False,7,3,10,0,302
0,1,18.04,21.97,62,11.0014,False,False,False,True,True,False,False,False,8,3,10,0,457
0,1,18.86,22.725,63,12.998,False,False,False,True,True,False,False,False,9,3,10,0,208
0,1,21.32,25.0,52,0.0,False,False,False,True,True,False,False,False,10,3,10,0,129
0,1,22.14,25.76,49,0.0,False,False,False,True,True,False,False,False,11,3,10,0,144
0,1,22.96,26.515,49,6.0032,False,False,False,True,True,False,False,False,12,3,10,0,226
0,1,22.96,26.515,46,6.0032,False,False,False,True,True,False,False,False,13,3,10,0,191
0,1,23.78,27.275,43,6.0032,False,False,False,True,True,False,False,False,14,3,10,0,195
0,1,23.78,27.275,46,8.9981,False,False,False,True,True,False,False,False,15,3,10,0,219
0,1,23.78,27.275,49,12.998,False,False,False,True,True,False,False,False,16,3,10,0,323
0,1,22.96,26.515,52,8.9981,False,False,False,True,True,False,False,False,17,3,10,0,568
0,1,22.14,25.76,64,6.0032,False,False,False,True,True,False,False,False,18,3,10,0,538
0,1,21.32,25.0,59,7.0015,False,False,False,True,True,False,False,False,19,3,10,0,343
0,1,20.5,24.24,77,7.0015,False,False,False,True,True,False,False,False,20,3,10,0,260
0,1,18.86,22.725,88,6.0032,False,False,False,True,True,False,False,False,21,3,10,0,195
0,1,18.86,22.725,82,0.0,False,False,False,True,True,False,False,False,22,3,10,0,148
0,1,18.04,21.97,88,6.0032,False,False,False,True,True,False,False,False,23,3,10,0,99
0,1,18.04,21.97,88,0.0,False,False,False,True,True,False,False,False,0,4,10,0,67
0,1,18.04,21.97,88,0.0,False,False,False,True,True,False,False,False,1,4,10,0,28
0,1,17.22,21.21,88,0.0,False,False,False,True,True,False,False,False,2,4,10,0,5
0,1,16.4,20.455,87,0.0,False,False,False,True,True,False,False,False,3,4,10,0,10
0,1,16.4,20.455,87,7.0015,False,False,False,True,True,False,False,False,4,4,10,0,5
0,1,17.22,21.21,82,0.0,False,False,False,True,True,False,False,False,5,4,10,0,27
0,1,17.22,21.21,88,0.0,False,False,False,True,True,False,False,False,6,4,10,0,87
0,1,17.22,21.21,94,0.0,False,False,False,True,True,False,False,False,7,4,10,0,242
0,1,18.86,22.725,82,0.0,False,False,False,True,True,False,False,False,8,4,10,0,417
0,1,19.68,23.485,77,0.0,False,False,False,True,True,False,False,False,9,4,10,0,241
0,1,21.32,25.0,68,6.0032,False,False,False,True,True,False,False,False,10,4,10,0,174
0,1,22.96,26.515,63,0.0,False,False,False,True,True,False,False,False,11,4,10,0,230
0,1,24.6,31.06,53,0.0,False,False,False,True,True,False,False,False,12,4,10,0,235
0,1,24.6,31.06,46,0.0,False,False,False,True,True,False,False,False,13,4,10,0,305
0,1,25.42,31.06,50,0.0,False,False,False,True,True,False,False,False,14,4,10,0,256
0,1,27.06,31.06,41,0.0,False,False,False,True,True,False,False,False,15,4,10,0,270
0,1,26.24,31.06,44,0.0,False,False,False,True,True,False,False,False,16,4,10,0,419
0,1,24.6,31.06,56,16.9979,False,False,False,True,True,False,False,False,17,4,10,0,563
0,1,22.96,26.515,60,6.0032,False,False,False,True,True,False,False,False,18,4,10,0,465
0,1,22.96,26.515,52,0.0,False,False,False,True,True,False,False,False,19,4,10,0,294
0,1,22.14,25.76,49,0.0,False,False,False,True,True,False,False,False,20,4,10,0,197
0,1,20.5,24.24,68,0.0,False,False,False,True,True,False,False,False,21,4,10,0,166
0,1,20.5,24.24,68,0.0,False,False,False,True,True,False,False,False,22,4,10,0,146
0,1,20.5,24.24,63,0.0,False,False,False,True,True,False,False,False,23,4,10,0,136
0,0,19.68,23.485,72,0.0,False,False,False,True,True,False,False,False,0,5,10,0,89
0,0,18.86,22.725,82,0.0,False,False,False,True,True,False,False,False,1,5,10,0,65
0,0,18.86,22.725,82,0.0,False,False,False,True,True,False,False,False,2,5,10,0,45
0,0,18.04,21.97,88,0.0,False,False,False,True,True,False,False,False,3,5,10,0,20
0,0,17.22,21.21,94,8.9981,False,False,False,True,True,False,False,False,4,5,10,0,10
0,0,17.22,21.21,88,7.0015,False,False,False,True,True,False,False,False,5,5,10,0,8
0,0,17.22,21.21,94,0.0,False,False,False,True,True,False,False,False,6,5,10,0,22
0,0,17.22,21.21,94,6.0032,False,False,False,True,True,False,False,False,7,5,10,0,73
0,0,18.86,22.725,82,0.0,False,False,False,True,True,False,False,False,8,5,10,0,103
0,0,20.5,24.24,77,0.0,False,False,False,True,True,False,False,False,9,5,10,0,217
0,0,21.32,25.0,77,0.0,False,False,False,True,True,False,False,False,10,5,10,0,337
0,0,23.78,27.275,56,0.0,False,False,False,True,True,False,False,False,11,5,10,0,397
0,0,25.42,31.06,35,0.0,False,False,False,True,True,False,False,False,12,5,10,0,446
0,0,25.42,31.06,46,7.0015,False,False,False,True,True,False,False,False,13,5,10,0,485
0,0,25.42,31.06,50,6.0032,False,False,False,True,True,False,False,False,14,5,10,0,465
0,0,27.06,31.06,39,0.0,False,False,False,True,True,False,False,False,15,5,10,0,496
0,0,26.24,31.06,44,6.0032,False,False,False,True,True,False,False,False,16,5,10,0,451
0,0,25.42,31.06,50,8.9981,False,False,False,True,True,False,False,False,17,5,10,0,393
0,0,24.6,31.06,46,7.0015,False,False,False,True,True,False,False,False,18,5,10,0,359
0,0,22.14,25.76,68,8.9981,False,False,False,True,True,False,False,False,19,5,10,0,248
0,0,21.32,25.0,77,7.0015,False,False,False,True,True,False,False,False,20,5,10,0,202
0,0,21.32,25.0,77,0.0,False,False,False,True,True,False,False,False,21,5,10,0,187
0,0,20.5,24.24,77,0.0,False,False,False,True,True,False,False,False,22,5,10,0,149
0,0,19.68,23.485,88,0.0,False,False,False,True,True,False,False,False,23,5,10,0,142
0,0,18.86,22.725,88,6.0032,False,False,False,True,True,False,False,False,0,6,10,0,129
0,0,18.86,22.725,88,0.0,False,False,False,True,True,False,False,False,1,6,10,0,78
0,0,18.86,22.725,88,0.0,False,False,False,True,True,False,False,False,2,6,10,0,55
0,0,18.04,21.97,88,0.0,False,False,False,True,True,False,False,False,3,6,10,0,30
0,0,18.04,21.97,88,0.0,False,False,False,True,True,False,False,False,4,6,10,0,14
0,0,18.04,21.97,88,0.0,False,False,False,True,True,False,False,False,5,6,10,0,15
0,0,18.04,21.97,88,0.0,False,False,False,True,True,False,False,False,6,6,10,0,21
0,0,18.04,21.97,86,0.0,False,False,False,True,True,False,False,False,7,6,10,0,44
0,0,18.86,22.725,88,0.0,False,False,False,True,True,False,False,False,8,6,10,0,107
0,0,20.5,24.24,77,0.0,False,False,False,True,True,False,False,False,9,6,10,0,185
0,0,22.96,26.515,68,6.0032,False,False,False,True,True,False,False,False,10,6,10,0,365
0,0,25.42,31.06,53,6.0032,False,False,False,True,True,False,False,False,11,6,10,0,423
0,0,26.24,31.06,44,6.0032,False,False,False,True,True,False,False,False,12,6,10,0,455
0,0,27.06,31.06,44,6.0032,False,False,False,True,True,False,False,False,13,6,10,0,418
0,0,27.88,31.82,47,11.0014,False,False,False,True,True,False,False,False,14,6,10,0,500
0,0,27.88,31.82,51,11.0014,False,False,False,True,True,False,False,False,15,6,10,0,407
0,0,27.06,31.06,50,8.9981,False,False,False,True,True,False,False,False,16,6,10,0,470
0,0,25.42,30.305,61,7.0015,False,False,False,True,True,False,False,False,17,6,10,0,438
0,0,26.24,31.06,50,7.0015,False,False,False,True,True,False,False,False,18,6,10,0,414
0,0,22.96,26.515,73,6.0032,False,False,False,True,True,False,False,False,19,6,10,0,302
0,0,22.96,26.515,73,7.0015,False,False,False,True,True,False,False,False,20,6,10,0,193
0,0,22.14,25.76,83,7.0015,False,False,False,True,True,False,False,False,21,6,10,0,173
0,0,21.32,25.0,94,0.0,False,False,False,True,False,True,False,False,22,6,10,0,152
0,0,20.5,24.24,88,7.0015,False,False,False,True,True,False,False,False,23,6,10,0,123
1,0,20.5,24.24,94,0.0,False,False,False,True,True,False,False,False,0,0,10,0,53
1,0,19.68,23.485,88,0.0,False,False,False,True,True,False,False,False,1,0,10,0,34
1,0,19.68,23.485,88,0.0,False,False,False,True,True,False,False,False,2,0,10,0,19
1,0,18.86,22.725,88,0.0,False,False,False,True,True,False,False,False,3,0,10,0,11
1,0,18.86,22.725,94,0.0,False,False,False,True,True,False,False,False,4,0,10,0,6
1,0,18.86,22.725,94,0.0,False,False,False,True,True,False,False,False,5,0,10,0,21
1,0,18.04,21.97,94,0.0,False,False,False,True,True,False,False,False,6,0,10,0,44
1,0,18.86,22.725,88,0.0,False,False,False,True,True,False,False,False,7,0,10,0,114
1,0,21.32,25.0,83,0.0,False,False,False,True,True,False,False,False,8,0,10,0,254
1,0,22.14,25.76,77,0.0,False,False,False,True,True,False,False,False,9,0,10,0,219
1,0,22.96,26.515,73,11.0014,False,False,False,True,True,False,False,False,10,0,10,0,265
1,0,25.42,30.305,69,6.0032,False,False,False,True,True,False,False,False,11,0,10,0,322
1,0,28.7,32.575,48,6.0032,False,False,False,True,False,True,False,False,12,0,10,0,365
1,0,29.52,32.575,37,0.0,False,False,False,True,True,False,False,False,13,0,10,0,365
1,0,30.34,32.575,37,0.0,False,False,False,True,True,False,False,False,14,0,10,0,370
1,0,29.52,32.575,42,7.0015,False,False,False,True,False,True,False,False,15,0,10,0,384
1,0,28.7,31.82,45,6.0032,False,False,False,True,False,True,False,False,16,0,10,0,402
1,0,27.06,31.06,54,7.0015,False,False,False,True,False,True,False,False,17,0,10,0,459
1,0,26.24,31.06,53,0.0,False,False,False,True,False,True,False,False,18,0,10,0,473
1,0,23.78,27.275,78,6.0032,False,False,False,True,False,True,False,False,19,0,10,0,336
1,0,24.6,29.545,73,0.0,False,False,False,True,True,False,False,False,20,0,10,0,225
1,0,22.96,26.515,88,6.0032,False,False,False,True,True,False,False,False,21,0,10,0,175
1,0,22.96,26.515,88,6.0032,False,False,False,True,True,False,False,False,22,0,10,0,126
1,0,22.14,25.76,88,7.0015,False,False,False,True,False,True,False,False,23,0,10,0,75
0,1,22.14,25.76,88,0.0,False,False,False,True,False,True,False,False,0,1,10,0,30
0,1,21.32,25.0,94,6.0032,False,False,False,True,False,True,False,False,1,1,10,0,11
0,1,21.32,25.0,94,8.9981,False,False,False,True,False,True,False,False,2,1,10,0,5
0,1,21.32,25.0,88,7.0015,False,False,False,True,False,True,False,False,3,1,10,0,3
0,1,21.32,25.0,88,8.9981,False,False,False,True,False,True,False,False,4,1,10,0,5
0,1,21.32,25.0,88,0.0,False,False,False,True,False,True,False,False,5,1,10,0,20
0,1,21.32,25.0,83,6.0032,False,False,False,True,True,False,False,False,6,1,10,0,123
0,1,21.32,25.0,88,6.0032,False,False,False,True,False,True,False,False,7,1,10,0,352
0,1,22.96,26.515,83,7.0015,False,False,False,True,False,True,False,False,8,1,10,0,406
0,1,24.6,29.545,69,0.0,False,False,False,True,False,True,False,False,9,1,10,0,235
0,1,24.6,29.545,69,8.9981,False,False,False,True,False,True,False,False,10,1,10,0,149
0,1,24.6,29.545,73,11.0014,False,False,False,True,False,True,False,False,11,1,10,0,123
0,1,24.6,29.545,73,11.0014,False,False,False,True,False,True,False,False,12,1,10,0,181
0,1,24.6,29.545,73,12.998,False,False,False,True,False,True,False,False,13,1,10,0,180
0,1,24.6,29.545,73,7.0015,False,False,False,True,False,False,True,False,14,1,10,0,171
0,1,24.6,28.79,78,11.0014,False,False,False,True,False,True,False,False,15,1,10,0,175
0,1,24.6,29.545,73,11.0014,False,False,False,True,False,True,False,False,16,1,10,0,320
0,1,24.6,28.79,78,16.9979,False,False,False,True,False,True,False,False,17,1,10,0,604
0,1,24.6,28.79,78,15.0013,False,False,False,True,False,True,False,False,18,1,10,0,539
0,1,23.78,27.275,83,15.0013,False,False,False,True,False,True,False,False,19,1,10,0,318
0,1,23.78,27.275,83,15.0013,False,False,False,True,False,True,False,False,20,1,10,0,234
0,1,23.78,27.275,78,12.998,False,False,False,True,False,True,False,False,21,1,10,0,175
0,1,22.96,26.515,83,12.998,False,False,False,True,False,True,False,False,22,1,10,0,147
0,1,22.96,26.515,83,19.0012,False,False,False,True,False,True,False,False,23,1,10,0,57
0,1,22.96,26.515,83,8.9981,False,False,False,True,False,True,False,False,0,2,10,0,25
0,1,22.96,26.515,83,8.9981,False,False,False,True,False,False,True,False,1,2,10,0,10
0,1,22.96,26.515,83,19.0012,False,False,False,True,False,True,False,False,2,2,10,0,2
0,1,22.14,25.76,94,19.9995,False,False,False,True,False,False,True,False,3,2,10,0,2
0,1,22.14,25.76,94,26.0027,False,False,False,True,False,False,True,False,4,2,10,0,7
0,1,22.14,25.76,88,22.0028,False,False,False,True,False,True,False,False,5,2,10,0,22
0,1,22.14,25.76,88,16.9979,False,False,False,True,False,True,False,False,6,2,10,0,112
0,1,22.14,25.76,88,26.0027,False,False,False,True,False,True,False,False,7,2,10,0,259
0,1,22.14,25.76,88,26.0027,False,False,False,True,False,True,False,False,8,2,10,0,404
0,1,22.14,25.76,88,30.0026,False,False,False,True,False,True,False,False,9,2,10,0,197
0,1,22.14,25.76,88,26.0027,False,False,False,True,False,True,False,False,10,2,10,0,113
0,1,22.14,25.76,94,22.0028,False,False,False,True,False,False,True,False,11,2,10,0,120
0,1,22.14,25.76,88,22.0028,False,False,False,True,False,False,True,False,12,2,10,0,62
0,1,22.14,25.76,88,15.0013,False,False,False,True,False,False,True,False,13,2,10,0,101
0,1,22.14,25.76,94,19.0012,False,False,False,True,False,False,True,False,14,2,10,0,78
0,1,22.14,25.76,94,16.9979,False,False,False,True,False,False,True,False,15,2,10,0,45
0,1,22.96,26.515,88,15.0013,False,False,False,True,False,True,False,False,16,2,10,0,55
0,1,22.14,25.76,94,15.0013,False,False,False,True,False,False,True,False,17,2,10,0,251
0,1,22.14,25.76,94,8.9981,False,False,False,True,False,False,True,False,18,2,10,0,172
0,1,22.14,25.76,94,8.9981,False,False,False,True,False,False,True,False,19,2,10,0,109
0,1,22.14,25.76,94,7.0015,False,False,False,True,False,False,True,False,20,2,10,0,90
0,1,22.14,25.76,100,7.0015,False,False,False,True,False,False,True,False,21,2,10,0,83
0,1,22.14,25.76,94,6.0032,False,False,False,True,False,False,True,False,22,2,10,0,43
0,1,22.14,25.76,94,6.0032,False,False,False,True,False,False,True,False,23,2,10,0,54
0,1,22.14,25.76,94,8.9981,False,False,False,True,False,True,False,False,0,3,10,0,15
0,1,22.14,25.76,94,0.0,False,False,False,True,False,True,False,False,1,3,10,0,12
0,1,22.14,25.76,94,0.0,False,False,False,True,False,True,False,False,2,3,10,0,4
0,1,22.14,25.76,100,12.998,False,False,False,True,False,True,False,False,3,3,10,0,6
0,1,22.14,25.76,100,7.0015,False,False,False,True,False,True,False,False,4,3,10,0,7
0,1,22.14,25.76,100,7.0015,False,False,False,True,False,True,False,False,5,3,10,0,17
0,1,22.14,25.76,100,6.0032,False,False,False,True,False,False,True,False,6,3,10,0,52
0,1,22.14,25.76,100,8.9981,False,False,False,True,False,False,True,False,7,3,10,0,81
0,1,22.14,25.76,100,6.0032,False,False,False,True,False,False,True,False,8,3,10,0,209
0,1,22.96,26.515,100,7.0015,False,False,False,True,False,False,True,False,9,3,10,0,109
0,1,22.96,26.515,100,8.9981,False,False,False,True,False,False,True,False,10,3,10,0,69
0,1,25.42,28.79,83,0.0,False,False,False,True,False,True,False,False,11,3,10,0,84
0,1,25.42,28.03,88,0.0,False,False,False,True,False,True,False,False,12,3,10,0,105
0,1,26.24,28.79,83,11.0014,False,False,False,True,False,True,False,False,13,3,10,0,162
0,1,27.06,30.305,78,12.998,False,False,False,True,True,False,False,False,14,3,10,0,133
0,1,27.06,30.305,78,12.998,False,False,False,True,True,False,False,False,15,3,10,0,155
0,1,27.06,31.06,74,15.0013,False,False,False,True,True,False,False,False,16,3,10,0,276
0,1,25.42,28.79,83,16.9979,False,False,False,True,False,False,True,False,17,3,10,0,479
0,1,25.42,28.79,83,16.9979,False,False,False,True,False,False,True,False,18,3,10,0,268
0,1,25.42,28.79,83,11.0014,False,False,False,True,False,True,False,False,19,3,10,0,205
0,1,25.42,28.79,83,19.0012,False,False,False,True,True,False,False,False,20,3,10,0,181
0,1,25.42,28.79,83,12.998,False,False,False,True,True,False,False,False,21,3,10,0,123
0,1,25.42,28.79,83,12.998,False,False,False,True,True,False,False,False,22,3,10,0,114
0,1,23.78,27.275,88,12.998,False,False,False,True,False,True,False,False,23,3,10,0,47
0,1,23.78,27.275,94,6.0032,False,False,False,True,True,False,False,False,0,4,10,0,39
0,1,23.78,27.275,94,8.9981,False,False,False,True,True,False,False,False,1,4,10,0,24
0,1,22.96,26.515,94,11.0014,False,False,False,True,True,False,False,False,2,4,10,0,6
0,1,22.96,26.515,94,8.9981,False,False,False,True,True,False,False,False,3,4,10,0,7
0,1,22.96,26.515,94,12.998,False,False,False,True,True,False,False,False,4,4,10,0,8
0,1,22.96,26.515,94,11.0014,False,False,False,True,False,True,False,False,5,4,10,0,17
0,1,22.96,26.515,88,12.998,False,False,False,True,False,False,True,False,6,4,10,0,94
0,1,22.96,26.515,88,12.998,False,False,False,True,False,False,True,False,7,4,10,0,147
0,1,22.96,26.515,90,11.0014,False,False,False,True,False,True,False,False,8,4,10,0,209
0,1,22.96,26.515,94,15.0013,False,False,False,True,False,True,False,False,9,4,10,0,180
0,1,22.14,25.76,88,23.9994,False,False,False,True,False,False,True,False,10,4,10,0,125
0,1,21.32,25.0,88,11.0014,False,False,False,True,False,False,True,False,11,4,10,0,87
0,1,21.32,25.0,88,11.0014,False,False,False,True,False,False,True,False,12,4,10,0,75
0,1,22.96,26.515,73,23.9994,False,False,False,True,True,False,False,False,13,4,10,0,132
0,1,25.42,31.06,43,23.9994,False,False,False,True,True,False,False,False,14,4,10,0,156
0,1,25.42,31.06,43,19.0012,False,False,False,True,True,False,False,False,15,4,10,0,230
0,1,24.6,31.06,43,15.0013,False,False,False,True,True,False,False,False,16,4,10,0,344
0,1,23.78,27.275,46,27.9993,False,False,False,True,True,False,False,False,17,4,10,0,481
0,1,22.14,25.76,39,19.0012,False,False,False,True,True,False,False,False,18,4,10,0,423
0,1,22.14,25.76,39,22.0028,False,False,False,True,True,False,False,False,19,4,10,0,248
0,1,21.32,25.0,42,12.998,False,False,False,True,True,False,False,False,20,4,10,0,196
0,1,20.5,24.24,45,12.998,False,False,False,True,True,False,False,False,21,4,10,0,178
0,1,18.86,22.725,59,15.0013,False,False,False,True,True,False,False,False,22,4,10,0,143
0,1,18.86,22.725,59,11.0014,False,False,False,True,True,False,False,False,23,4,10,0,95
0,0,18.86,22.725,55,7.0015,False,False,False,True,True,False,False,False,0,5,10,0,106
0,0,18.86,22.725,55,16.9979,False,False,False,True,True,False,False,False,1,5,10,0,73
0,0,18.86,22.725,59,12.998,False,False,False,True,True,False,False,False,2,5,10,0,56
0,0,18.04,21.97,62,12.998,False,False,False,True,True,False,False,False,3,5,10,0,23
0,0,17.22,21.21,67,8.9981,False,False,False,True,True,False,False,False,4,5,10,0,6
0,0,17.22,21.21,71,11.0014,False,False,False,True,True,False,False,False,5,5,10,0,7
0,0,16.4,20.455,71,0.0,False,False,False,True,True,False,False,False,6,5,10,0,20
0,0,16.4,20.455,76,7.0015,False,False,False,True,True,False,False,False,7,5,10,0,57
0,0,18.86,22.725,59,19.0012,False,False,False,True,True,False,False,False,8,5,10,0,125
0,0,21.32,25.0,48,19.9995,False,False,False,True,True,False,False,False,9,5,10,0,207
0,0,22.14,25.76,45,30.0026,False,False,False,True,True,False,False,False,10,5,10,0,322
0,0,22.96,26.515,40,26.0027,False,False,False,True,True,False,False,False,11,5,10,0,374
0,0,23.78,27.275,35,36.9974,False,False,False,True,True,False,False,False,12,5,10,0,456
0,0,24.6,31.06,35,31.0009,False,False,False,True,True,False,False,False,13,5,10,0,394
0,0,24.6,31.06,33,31.0009,False,False,False,True,True,False,False,False,14,5,10,0,472
0,0,25.42,31.06,31,32.9975,False,False,False,True,True,False,False,False,15,5,10,0,377
0,0,25.42,31.06,29,26.0027,False,False,False,True,True,False,False,False,16,5,10,0,443
0,0,23.78,27.275,32,19.0012,False,False,False,True,True,False,False,False,17,5,10,0,441
0,0,22.14,25.76,39,12.998,False,False,False,True,True,False,False,False,18,5,10,0,372
0,0,20.5,24.24,51,8.9981,False,False,False,True,True,False,False,False,19,5,10,0,238
0,0,20.5,24.24,48,8.9981,False,False,False,True,True,False,False,False,20,5,10,0,179
0,0,20.5,24.24,42,15.0013,False,False,False,True,True,False,False,False,21,5,10,0,168
0,0,20.5,24.24,36,8.9981,False,False,False,True,True,False,False,False,22,5,10,0,166
0,0,19.68,23.485,41,11.0014,False,False,False,True,True,False,False,False,23,5,10,0,135
0,0,18.86,22.725,44,8.9981,False,False,False,True,True,False,False,False,0,6,10,0,107
0,0,18.04,21.97,47,8.9981,False,False,False,True,True,False,False,False,1,6,10,0,77
0,0,17.22,21.21,54,8.9981,False,False,False,True,True,False,False,False,2,6,10,0,65
0,0,17.22,21.21,54,8.9981,False,False,False,True,True,False,False,False,3,6,10,0,42
0,0,17.22,21.21,54,12.998,False,False,False,True,True,False,False,False,4,6,10,0,12
0,0,17.22,21.21,54,11.0014,False,False,False,True,True,False,False,False,5,6,10,0,7
0,0,15.58,19.695,66,11.0014,False,False,False,True,True,False,False,False,6,6,10,0,10
0,0,16.4,20.455,62,8.9981,False,False,False,True,True,False,False,False,7,6,10,0,48
0,0,18.04,21.97,62,12.998,False,False,False,True,True,False,False,False,8,6,10,0,99
0,0,20.5,24.24,45,15.0013,False,False,False,True,True,False,False,False,9,6,10,0,190
0,0,22.14,25.76,45,16.9979,False,False,False,True,True,False,False,False,10,6,10,0,347
0,0,22.96,26.515,35,19.0012,False,False,False,True,True,False,False,False,11,6,10,0,377
0,0,23.78,27.275,35,16.9979,False,False,False,True,True,False,False,False,12,6,10,0,444
0,0,24.6,31.06,35,19.9995,False,False,False,True,True,False,False,False,13,6,10,0,438
0,0,24.6,31.06,40,19.9995,False,False,False,True,True,False,False,False,14,6,10,0,462
0,0,25.42,31.06,35,26.0027,False,False,False,True,True,False,False,False,15,6,10,0,412
0,0,24.6,31.06,46,26.0027,False,False,False,True,True,False,False,False,16,6,10,0,466
0,0,23.78,27.275,49,31.0009,False,False,False,True,True,False,False,False,17,6,10,0,405
0,0,22.96,26.515,49,30.0026,False,False,False,True,True,False,False,False,18,6,10,0,328
0,0,22.14,25.76,52,26.0027,False,False,False,True,True,False,False,False,19,6,10,0,233
0,0,22.14,25.76,52,31.0009,False,False,False,True,True,False,False,False,20,6,10,0,178
0,0,22.14,25.76,52,26.0027,False,False,False,True,True,False,False,False,21,6,10,0,102
0,0,22.96,26.515,49,27.9993,False,False,False,True,True,False,False,False,22,6,10,0,130
0,0,22.96,26.515,52,27.9993,False,False,False,True,True,False,False,False,23,6,10,0,62
0,1,22.14,25.76,56,22.0028,False,False,False,True,True,False,False,False,0,0,10,0,37
0,1,22.96,26.515,54,26.0027,False,False,False,True,True,False,False,False,1,0,10,0,17
0,1,22.96,26.515,54,26.0027,False,False,False,True,True,False,False,False,2,0,10,0,7
0,1,22.96,26.515,49,12.998,False,False,False,True,True,False,False,False,3,0,10,0,2
0,1,21.32,25.0,59,11.0014,False,False,False,True,True,False,False,False,4,0,10,0,5
0,1,20.5,24.24,63,19.9995,False,False,False,True,True,False,False,False,5,0,10,0,29
0,1,20.5,24.24,55,16.9979,False,False,False,True,True,False,False,False,6,0,10,0,114
0,1,20.5,24.24,55,11.0014,False,False,False,True,False,True,False,False,7,0,10,0,309
0,1,20.5,24.24,51,16.9979,False,False,False,True,False,True,False,False,8,0,10,0,414
0,1,20.5,24.24,45,19.0012,False,False,False,True,False,True,False,False,9,0,10,0,206
0,1,21.32,25.0,45,11.0014,False,False,False,True,True,False,False,False,10,0,10,0,135
0,1,22.96,26.515,43,0.0,False,False,False,True,True,False,False,False,11,0,10,0,166
0,1,22.96,26.515,40,6.0032,False,False,False,True,True,False,False,False,12,0,10,0,205
0,1,22.96,26.515,46,6.0032,False,False,False,True,True,False,False,False,13,0,10,0,205
0,1,23.78,27.275,49,12.998,False,False,False,True,True,False,False,False,14,0,10,0,166
0,1,22.96,26.515,60,16.9979,False,False,False,True,True,False,False,False,15,0,10,0,208
0,1,23.78,27.275,56,16.9979,False,False,False,True,True,False,False,False,16,0,10,0,302
0,1,22.96,26.515,64,8.9981,False,False,False,True,True,False,False,False,17,0,10,0,620
0,1,22.96,26.515,60,0.0,False,False,False,True,True,False,False,False,18,0,10,0,518
0,1,22.14,25.76,68,7.0015,False,False,False,True,True,False,False,False,19,0,10,0,333
0,1,21.32,25.0,77,7.0015,False,False,False,True,True,False,False,False,20,0,10,0,229
0,1,20.5,24.24,77,7.0015,False,False,False,True,True,False,False,False,21,0,10,0,177
0,1,20.5,24.24,77,0.0,False,False,False,True,True,False,False,False,22,0,10,0,104
0,1,19.68,23.485,88,0.0,False,False,False,True,False,True,False,False,23,0,10,0,62
0,1,19.68,23.485,82,0.0,False,False,False,True,True,False,False,False,0,1,10,0,31
0,1,18.86,22.725,88,0.0,False,False,False,True,False,True,False,False,1,1,10,0,11
0,1,18.04,21.97,94,6.0032,False,False,False,True,True,False,False,False,2,1,10,0,5
0,1,18.04,21.97,94,6.0032,False,False,False,True,True,False,False,False,3,1,10,0,1
0,1,18.04,21.97,94,7.0015,False,False,False,True,False,True,False,False,4,1,10,0,4
0,1,18.86,22.725,88,0.0,False,False,False,True,False,True,False,False,5,1,10,0,21
0,1,18.86,22.725,82,6.0032,False,False,False,True,True,False,False,False,6,1,10,0,109
0,1,18.86,22.725,88,6.0032,False,False,False,True,True,False,False,False,7,1,10,0,341
0,1,20.5,24.24,77,6.0032,False,False,False,True,True,False,False,False,8,1,10,0,499
0,1,21.32,25.0,77,6.0032,False,False,False,True,False,True,False,False,9,1,10,0,227
0,1,22.96,26.515,68,0.0,False,False,False,True,False,True,False,False,10,1,10,0,102
0,1,24.6,31.06,49,7.0015,False,False,False,True,False,True,False,False,11,1,10,0,147
0,1,25.42,31.06,43,6.0032,False,False,False,True,False,True,False,False,12,1,10,0,201
0,1,26.24,31.06,38,12.998,False,False,False,True,False,True,False,False,13,1,10,0,219
0,1,25.42,31.06,41,11.0014,False,False,False,True,False,True,False,False,14,1,10,0,169
0,1,25.42,31.06,50,12.998,False,False,False,True,True,False,False,False,15,1,10,0,205
0,1,25.42,31.06,57,16.9979,False,False,False,True,True,False,False,False,16,1,10,0,304
0,1,24.6,30.305,60,8.9981,False,False,False,True,True,False,False,False,17,1,10,0,625
0,1,22.96,26.515,68,7.0015,False,False,False,True,True,False,False,False,18,1,10,0,570
0,1,22.96,26.515,60,7.0015,False,False,False,True,True,False,False,False,19,1,10,0,317
0,1,22.14,25.76,64,11.0014,False,False,False,True,True,False,False,False,20,1,10,0,227
0,1,22.14,25.76,68,8.9981,False,False,False,True,False,True,False,False,21,1,10,0,206
0,1,21.32,25.0,77,11.0014,False,False,False,True,False,True,False,False,22,1,10,0,137
0,1,21.32,25.0,77,12.998,False,False,False,True,False,True,False,False,23,1,10,0,70
0,1,21.32,25.0,77,12.998,False,False,False,True,False,True,False,False,0,2,10,0,34
0,1,21.32,25.0,77,12.998,False,False,False,True,False,True,False,False,1,2,10,0,16
0,1,21.32,25.0,77,12.998,False,False,False,True,False,True,False,False,2,2,10,0,7
0,1,20.5,24.24,94,12.998,False,False,False,True,False,False,True,False,4,2,10,0,3
0,1,20.5,24.24,100,7.0015,False,False,False,True,False,False,True,False,5,2,10,0,3
0,1,21.32,25.0,83,16.9979,False,False,False,True,False,False,True,False,6,2,10,0,31
0,1,21.32,25.0,77,16.9979,False,False,False,True,False,False,True,False,7,2,10,0,68
0,1,22.14,25.76,70,32.9975,False,False,False,True,False,False,True,False,8,2,10,0,210
0,1,21.32,25.0,88,32.9975,False,False,False,True,False,False,True,False,9,2,10,0,202
0,1,21.32,25.0,88,32.9975,False,False,False,True,False,False,True,False,10,2,10,0,123
0,1,21.32,25.0,94,16.9979,False,False,False,True,False,False,True,False,11,2,10,0,149
0,1,21.32,25.0,94,22.0028,False,False,False,True,False,False,True,False,12,2,10,0,130
0,1,22.14,25.76,94,19.0012,False,False,False,True,False,True,False,False,13,2,10,0,106
0,1,22.14,25.76,94,11.0014,False,False,False,True,False,False,True,False,14,2,10,0,97
0,1,22.14,25.76,100,8.9981,False,False,False,True,False,False,True,False,15,2,10,0,120
0,1,22.96,26.515,94,11.0014,False,False,False,True,False,False,True,False,16,2,10,0,201
0,1,22.96,26.515,94,11.0014,False,False,False,True,False,False,True,False,17,2,10,0,181
0,1,22.96,26.515,100,11.0014,False,False,False,True,False,False,True,False,18,2,10,0,140
0,1,24.6,27.275,88,8.9981,False,False,False,True,False,True,False,False,19,2,10,0,197
0,1,24.6,25.76,94,6.0032,False,False,False,True,False,False,True,False,20,2,10,0,145
0,1,23.78,27.275,94,8.9981,False,False,False,True,False,True,False,False,21,2,10,0,85
0,1,23.78,27.275,94,23.9994,False,False,False,True,False,True,False,False,22,2,10,0,107
0,1,23.78,27.275,94,23.9994,False,False,False,True,False,True,False,False,23,2,10,0,69
0,1,14.76,17.425,87,11.0014,False,False,False,True,False,True,False,False,0,1,11,0,21
0,1,14.76,17.425,81,8.9981,False,False,False,True,True,False,False,False,1,1,11,0,11
0,1,14.76,17.425,81,11.0014,False,False,False,True,False,True,False,False,2,1,11,0,4
0,1,14.76,17.425,81,8.9981,False,False,False,True,False,True,False,False,3,1,11,0,6
0,1,13.94,15.91,81,15.0013,False,False,False,True,True,False,False,False,4,1,11,0,8
0,1,13.12,15.91,81,12.998,False,False,False,True,True,False,False,False,5,1,11,0,18
0,1,13.12,15.91,81,12.998,False,False,False,True,True,False,False,False,6,1,11,0,93
0,1,13.94,16.665,76,12.998,False,False,False,True,True,False,False,False,7,1,11,0,254
0,1,14.76,16.665,71,16.9979,False,False,False,True,True,False,False,False,8,1,11,0,419
0,1,16.4,20.455,66,11.0014,False,False,False,True,True,False,False,False,9,1,11,0,222
0,1,18.04,21.97,62,8.9981,False,False,False,True,True,False,False,False,10,1,11,0,135
0,1,18.86,22.725,63,7.0015,False,False,False,True,True,False,False,False,11,1,11,0,117
0,1,20.5,24.24,48,6.0032,False,False,False,True,True,False,False,False,12,1,11,0,176
0,1,19.68,23.485,55,12.998,False,False,False,True,True,False,False,False,13,1,11,0,167
0,1,20.5,24.24,48,16.9979,False,False,False,True,True,False,False,False,14,1,11,0,150
0,1,20.5,24.24,45,8.9981,False,False,False,True,True,False,False,False,15,1,11,0,186
0,1,19.68,23.485,44,11.0014,False,False,False,True,True,False,False,False,16,1,11,0,298
0,1,18.04,21.97,54,11.0014,False,False,False,True,True,False,False,False,17,1,11,0,506
0,1,17.22,21.21,58,7.0015,False,False,False,True,True,False,False,False,18,1,11,0,460
0,1,17.22,21.21,58,6.0032,False,False,False,True,True,False,False,False,19,1,11,0,313
0,1,16.4,20.455,71,0.0,False,False,False,True,True,False,False,False,20,1,11,0,209
0,1,14.76,18.94,81,0.0,False,False,False,True,True,False,False,False,21,1,11,0,127
0,1,14.76,18.94,81,0.0,False,False,False,True,True,False,False,False,22,1,11,0,96
0,1,13.94,18.18,87,0.0,False,False,False,True,True,False,False,False,23,1,11,0,72
0,1,13.12,17.425,87,0.0,False,False,False,True,True,False,False,False,0,2,11,0,19
0,1,12.3,16.665,87,0.0,False,False,False,True,True,False,False,False,1,2,11,0,10
0,1,12.3,16.665,87,0.0,False,False,False,True,True,False,False,False,2,2,11,0,2
0,1,12.3,16.665,75,0.0,False,False,False,True,True,False,False,False,3,2,11,0,2
0,1,12.3,16.665,87,0.0,False,False,False,True,True,False,False,False,4,2,11,0,4
0,1,12.3,16.665,81,0.0,False,False,False,True,True,False,False,False,5,2,11,0,27
0,1,12.3,16.665,81,0.0,False,False,False,True,True,False,False,False,6,2,11,0,92
0,1,12.3,16.665,81,0.0,False,False,False,True,True,False,False,False,7,2,11,0,251
0,1,13.12,17.425,87,0.0,False,False,False,True,True,False,False,False,8,2,11,0,472
0,1,13.94,18.18,87,0.0,False,False,False,True,True,False,False,False,9,2,11,0,228
0,1,16.4,20.455,71,6.0032,False,False,False,True,True,False,False,False,10,2,11,0,133
0,1,17.22,21.21,71,8.9981,False,False,False,True,True,False,False,False,11,2,11,0,144
0,1,18.86,22.725,55,11.0014,False,False,False,True,True,False,False,False,12,2,11,0,189
0,1,19.68,23.485,48,11.0014,False,False,False,True,True,False,False,False,13,2,11,0,161
0,1,20.5,24.24,45,11.0014,False,False,False,True,True,False,False,False,14,2,11,0,172
0,1,19.68,23.485,51,11.0014,False,False,False,True,True,False,False,False,15,2,11,0,187
0,1,19.68,23.485,51,7.0015,False,False,False,True,True,False,False,False,16,2,11,0,266
0,1,18.04,21.97,62,12.998,False,False,False,True,True,False,False,False,17,2,11,0,553
0,1,17.22,21.21,71,11.0014,False,False,False,True,True,False,False,False,18,2,11,0,479
0,1,16.4,20.455,76,8.9981,False,False,False,True,True,False,False,False,19,2,11,0,282
0,1,16.4,20.455,66,8.9981,False,False,False,True,True,False,False,False,20,2,11,0,182
0,1,15.58,19.695,71,8.9981,False,False,False,True,True,False,False,False,21,2,11,0,168
0,1,14.76,17.425,71,8.9981,False,False,False,True,True,False,False,False,22,2,11,0,106
0,1,14.76,18.18,76,6.0032,False,False,False,True,True,False,False,False,23,2,11,0,57
0,1,14.76,18.18,76,6.0032,False,False,False,True,True,False,False,False,0,3,11,0,31
0,1,13.94,16.665,81,8.9981,False,False,False,True,True,False,False,False,1,3,11,0,15
0,1,13.94,16.665,76,8.9981,False,False,False,True,True,False,False,False,2,3,11,0,7
0,1,13.94,16.665,81,8.9981,False,False,False,True,True,False,False,False,3,3,11,0,5
0,1,13.12,16.665,81,6.0032,False,False,False,True,True,False,False,False,4,3,11,0,4
0,1,13.12,16.665,81,8.9981,False,False,False,True,True,False,False,False,5,3,11,0,28
0,1,13.94,16.665,76,12.998,False,False,False,True,True,False,False,False,6,3,11,0,99
0,1,13.12,16.665,81,6.0032,False,False,False,True,False,True,False,False,7,3,11,0,292
0,1,13.94,17.425,81,6.0032,False,False,False,True,False,True,False,False,8,3,11,0,402
0,1,14.76,17.425,81,12.998,False,False,False,True,False,True,False,False,9,3,11,0,164
0,1,16.4,20.455,76,12.998,False,False,False,True,False,True,False,False,10,3,11,0,110
0,1,18.04,21.97,67,12.998,False,False,False,True,True,False,False,False,11,3,11,0,120
0,1,20.5,24.24,51,12.998,False,False,False,True,True,False,False,False,12,3,11,0,179
0,1,21.32,25.0,48,16.9979,False,False,False,True,False,True,False,False,13,3,11,0,169
0,1,21.32,25.0,52,11.0014,False,False,False,True,True,False,False,False,14,3,11,0,152
0,1,21.32,25.0,52,11.0014,False,False,False,True,True,False,False,False,15,3,11,0,162
0,1,21.32,25.0,48,12.998,False,False,False,True,True,False,False,False,16,3,11,0,267
0,1,19.68,23.485,55,6.0032,False,False,False,True,True,False,False,False,17,3,11,0,498
0,1,18.86,22.725,63,8.9981,False,False,False,True,True,False,False,False,18,3,11,0,433
0,1,18.04,21.97,67,6.0032,False,False,False,True,True,False,False,False,19,3,11,0,252
0,1,17.22,21.21,71,7.0015,False,False,False,True,True,False,False,False,20,3,11,0,209
0,1,16.4,20.455,76,8.9981,False,False,False,True,True,False,False,False,21,3,11,0,144
0,1,16.4,20.455,82,0.0,False,False,False,True,True,False,False,False,22,3,11,0,137
0,1,16.4,20.455,82,6.0032,False,False,False,True,True,False,False,False,23,3,11,0,95
0,1,16.4,20.455,82,0.0,False,False,False,True,False,True,False,False,0,4,11,0,43
0,1,16.4,20.455,82,0.0,False,False,False,True,False,True,False,False,1,4,11,0,17
0,1,16.4,20.455,76,0.0,False,False,False,True,False,True,False,False,2,4,11,0,10
0,1,15.58,19.695,87,11.0014,False,False,False,True,False,True,False,False,3,4,11,0,8
0,1,15.58,19.695,87,6.0032,False,False,False,True,False,True,False,False,4,4,11,0,7
0,1,15.58,19.695,87,0.0,False,False,False,True,False,True,False,False,5,4,11,0,23
0,1,15.58,19.695,87,6.0032,False,False,False,True,False,True,False,False,6,4,11,0,66
0,1,16.4,20.455,86,15.0013,False,False,False,True,False,True,False,False,7,4,11,0,245
0,1,16.4,20.455,87,23.9994,False,False,False,True,False,True,False,False,8,4,11,0,395
0,1,17.22,21.21,71,31.0009,False,False,False,True,False,True,False,False,9,4,11,0,254
0,1,17.22,21.21,71,22.0028,False,False,False,True,False,True,False,False,10,4,11,0,134
0,1,18.04,21.97,67,30.0026,False,False,False,True,False,True,False,False,11,4,11,0,162
0,1,19.68,23.485,55,32.9975,False,False,False,True,False,True,False,False,12,4,11,0,197
0,1,18.04,21.97,51,27.9993,False,False,False,True,True,False,False,False,13,4,11,0,194
0,1,18.04,21.97,47,19.9995,False,False,False,True,True,False,False,False,14,4,11,0,201
0,1,18.86,22.725,44,26.0027,False,False,False,True,True,False,False,False,15,4,11,0,237
0,1,18.86,22.725,36,26.0027,False,False,False,True,True,False,False,False,16,4,11,0,290
0,1,17.22,21.21,38,23.9994,False,False,False,True,True,False,False,False,17,4,11,0,480
0,1,17.22,21.21,32,31.0009,False,False,False,True,True,False,False,False,18,4,11,0,374
0,1,16.4,20.455,37,23.9994,False,False,False,True,True,False,False,False,19,4,11,0,196
0,1,14.76,16.665,43,19.0012,False,False,False,True,True,False,False,False,20,4,11,0,186
0,1,13.94,15.91,46,16.9979,False,False,False,True,True,False,False,False,21,4,11,0,123
0,1,13.94,15.15,46,22.0028,False,False,False,True,True,False,False,False,22,4,11,0,115
0,1,13.12,15.15,49,22.0028,False,False,False,True,True,False,False,False,23,4,11,0,89
0,0,13.12,14.395,45,23.9994,False,False,False,True,True,False,False,False,0,5,11,0,52
0,0,13.12,15.15,45,19.9995,False,False,False,True,True,False,False,False,1,5,11,0,62
0,0,12.3,13.635,52,22.0028,False,False,False,True,True,False,False,False,2,5,11,0,31
0,0,12.3,13.635,52,19.9995,False,False,False,True,True,False,False,False,3,5,11,0,8
0,0,11.48,12.88,56,22.0028,False,False,False,True,True,False,False,False,4,5,11,0,8
0,0,10.66,11.365,60,22.0028,False,False,False,True,True,False,False,False,5,5,11,0,2
0,0,10.66,12.12,60,16.9979,False,False,False,True,True,False,False,False,6,5,11,0,23
0,0,10.66,12.12,60,19.0012,False,False,False,True,True,False,False,False,7,5,11,0,34
0,0,11.48,12.88,56,22.0028,False,False,False,True,True,False,False,False,8,5,11,0,84
0,0,12.3,13.635,56,19.9995,False,False,False,True,True,False,False,False,9,5,11,0,141
0,0,13.12,15.15,53,16.9979,False,False,False,True,True,False,False,False,10,5,11,0,227
0,0,14.76,18.18,46,7.0015,False,False,False,True,True,False,False,False,11,5,11,0,238
0,0,14.76,17.425,46,11.0014,False,False,False,True,True,False,False,False,12,5,11,0,372
0,0,16.4,20.455,37,7.0015,False,False,False,True,True,False,False,False,13,5,11,0,355
0,0,17.22,21.21,35,8.9981,False,False,False,True,True,False,False,False,14,5,11,0,386
0,0,16.4,20.455,37,12.998,False,False,False,True,True,False,False,False,15,5,11,0,343
0,0,16.4,20.455,40,15.0013,False,False,False,True,True,False,False,False,16,5,11,0,335
0,0,15.58,19.695,40,11.0014,False,False,False,True,True,False,False,False,17,5,11,0,334
0,0,14.76,18.18,50,6.0032,False,False,False,True,True,False,False,False,18,5,11,0,237
0,0,13.94,18.18,53,0.0,False,False,False,True,True,False,False,False,19,5,11,0,204
0,0,13.12,17.425,66,0.0,False,False,False,True,True,False,False,False,20,5,11,0,165
0,0,13.12,17.425,66,0.0,False,False,False,True,True,False,False,False,21,5,11,0,118
0,0,12.3,16.665,65,0.0,False,False,False,True,True,False,False,False,22,5,11,0,82
0,0,11.48,15.91,70,0.0,False,False,False,True,True,False,False,False,23,5,11,0,85
0,0,11.48,15.91,75,0.0,False,False,False,True,True,False,False,False,0,6,11,0,75
0,0,10.66,15.15,81,0.0,False,False,False,True,True,False,False,False,1,6,11,0,115
0,0,10.66,15.15,81,0.0,False,False,False,True,True,False,False,False,2,6,11,0,29
0,0,9.84,14.395,87,0.0,False,False,False,True,True,False,False,False,3,6,11,0,9
0,0,9.84,14.395,87,0.0,False,False,False,True,True,False,False,False,4,6,11,0,6
0,0,9.84,12.12,87,8.9981,False,False,False,True,True,False,False,False,5,6,11,0,5
0,0,10.66,14.395,81,6.0032,False,False,False,True,True,False,False,False,6,6,11,0,16
0,0,10.66,13.635,87,7.0015,False,False,False,True,True,False,False,False,7,6,11,0,28
0,0,11.48,15.15,87,6.0032,False,False,False,True,False,True,False,False,8,6,11,0,90
0,0,12.3,15.91,75,6.0032,False,False,False,True,False,True,False,False,9,6,11,0,170
0,0,14.76,18.18,66,6.0032,False,False,False,True,True,False,False,False,10,6,11,0,262
0,0,17.22,21.21,58,6.0032,False,False,False,True,True,False,False,False,11,6,11,0,320
0,0,18.04,21.97,54,0.0,False,False,False,True,True,False,False,False,12,6,11,0,346
0,0,18.86,22.725,51,11.0014,False,False,False,True,True,False,False,False,13,6,11,0,314
0,0,18.86,22.725,55,12.998,False,False,False,True,True,False,False,False,14,6,11,0,320
0,0,19.68,23.485,51,12.998,False,False,False,True,True,False,False,False,15,6,11,0,306
0,0,18.86,22.725,55,15.0013,False,False,False,True,True,False,False,False,16,6,11,0,347
0,0,18.04,21.97,62,11.0014,False,False,False,True,True,False,False,False,17,6,11,0,256
0,0,17.22,21.21,71,7.0015,False,False,False,True,True,False,False,False,18,6,11,0,185
0,0,15.58,19.695,76,12.998,False,False,False,True,True,False,False,False,19,6,11,0,151
0,0,14.76,18.18,81,7.0015,False,False,False,True,True,False,False,False,20,6,11,0,116
0,0,14.76,18.18,81,6.0032,False,False,False,True,True,False,False,False,21,6,11,0,88
0,0,14.76,18.94,87,0.0,False,False,False,True,True,False,False,False,22,6,11,0,45
0,0,13.94,17.425,87,6.0032,False,False,False,True,True,False,False,False,23,6,11,0,50
0,1,13.94,18.18,87,0.0,False,False,False,True,True,False,False,False,0,0,11,0,15
0,1,13.94,18.18,87,0.0,False,False,False,True,True,False,False,False,1,0,11,0,8
0,1,13.12,17.425,93,0.0,False,False,False,True,True,False,False,False,2,0,11,0,2
0,1,13.12,17.425,93,0.0,False,False,False,True,True,False,False,False,3,0,11,0,3
0,1,13.12,17.425,93,0.0,False,False,False,True,True,False,False,False,4,0,11,0,6
0,1,12.3,16.665,93,0.0,False,False,False,True,True,False,False,False,5,0,11,0,26
0,1,11.48,15.91,93,0.0,False,False,False,True,False,True,False,False,6,0,11,0,99
0,1,11.48,15.91,93,0.0,False,False,False,True,False,True,False,False,7,0,11,0,311
0,1,12.3,15.91,100,6.0032,False,False,False,True,False,True,False,False,8,0,11,0,410
0,1,13.94,16.665,100,8.9981,False,False,False,True,False,True,False,False,9,0,11,0,174
0,1,14.76,17.425,93,8.9981,False,False,False,True,True,False,False,False,10,0,11,0,123
0,1,17.22,21.21,77,7.0015,False,False,False,True,True,False,False,False,11,0,11,0,128
0,1,18.86,22.725,67,0.0,False,False,False,True,True,False,False,False,12,0,11,0,179
0,1,22.14,25.76,49,6.0032,False,False,False,True,True,False,False,False,13,0,11,0,189
0,1,22.96,26.515,37,11.0014,False,False,False,True,True,False,False,False,14,0,11,0,145
0,1,22.96,26.515,37,7.0015,False,False,False,True,True,False,False,False,15,0,11,0,170
0,1,21.32,25.0,45,0.0,False,False,False,True,True,False,False,False,16,0,11,0,295
0,1,20.5,24.24,45,11.0014,False,False,False,True,True,False,False,False,17,0,11,0,528
0,1,18.86,22.725,59,7.0015,False,False,False,True,True,False,False,False,18,0,11,0,425
0,1,18.86,22.725,59,0.0,False,False,False,True,True,False,False,False,19,0,11,0,300
0,1,16.4,20.455,71,0.0,False,False,False,True,True,False,False,False,20,0,11,0,204
0,1,15.58,19.695,82,7.0015,False,False,False,True,True,False,False,False,21,0,11,0,139
0,1,14.76,18.18,81,6.0032,False,False,False,True,True,False,False,False,22,0,11,0,108
0,1,14.76,18.18,87,6.0032,False,False,False,True,True,False,False,False,23,0,11,0,48
0,1,13.94,17.425,87,6.0032,False,False,False,True,True,False,False,False,0,1,11,0,18
0,1,13.12,16.665,93,7.0015,False,False,False,True,True,False,False,False,1,1,11,0,11
0,1,13.12,17.425,87,0.0,False,False,False,True,True,False,False,False,2,1,11,0,1
0,1,13.12,17.425,87,0.0,False,False,False,True,True,False,False,False,3,1,11,0,3
0,1,12.3,16.665,87,0.0,False,False,False,True,True,False,False,False,4,1,11,0,4
0,1,12.3,15.91,87,6.0032,False,False,False,True,True,False,False,False,5,1,11,0,18
0,1,12.3,16.665,87,0.0,False,False,False,True,True,False,False,False,6,1,11,0,99
0,1,12.3,15.91,87,7.0015,False,False,False,True,True,False,False,False,7,1,11,0,323
0,1,13.12,16.665,93,7.0015,False,False,False,True,True,False,False,False,8,1,11,0,466
0,1,14.76,18.94,87,0.0,False,False,False,True,True,False,False,False,9,1,11,0,191
0,1,17.22,21.21,71,6.0032,False,False,False,True,True,False,False,False,10,1,11,0,129
0,1,18.86,22.725,63,8.9981,False,False,False,True,True,False,False,False,11,1,11,0,147
0,1,21.32,25.0,52,8.9981,False,False,False,True,True,False,False,False,12,1,11,0,203
0,1,22.14,25.76,49,11.0014,False,False,False,True,True,False,False,False,13,1,11,0,196
0,1,22.96,26.515,46,7.0015,False,False,False,True,True,False,False,False,14,1,11,0,161
0,1,23.78,27.275,46,7.0015,False,False,False,True,True,False,False,False,15,1,11,0,188
0,1,22.96,26.515,46,8.9981,False,False,False,True,True,False,False,False,16,1,11,0,289
0,1,21.32,25.0,43,11.0014,False,False,False,True,True,False,False,False,17,1,11,0,499
0,1,19.68,23.485,55,8.9981,False,False,False,True,True,False,False,False,18,1,11,0,462
0,1,18.86,22.725,59,0.0,False,False,False,True,True,False,False,False,19,1,11,0,278
0,1,16.4,20.455,76,0.0,False,False,False,True,True,False,False,False,20,1,11,0,181
0,1,16.4,20.455,76,0.0,False,False,False,True,True,False,False,False,21,1,11,0,182
0,1,14.76,18.94,87,0.0,False,False,False,True,True,False,False,False,22,1,11,0,108
0,1,14.76,18.94,81,0.0,False,False,False,True,True,False,False,False,23,1,11,0,48
0,1,14.76,18.94,87,0.0,False,False,False,True,True,False,False,False,0,2,11,0,13
0,1,13.94,18.18,87,0.0,False,False,False,True,True,False,False,False,1,2,11,0,10
0,1,13.12,17.425,93,0.0,False,False,False,True,True,False,False,False,2,2,11,0,5
0,1,13.12,17.425,93,0.0,False,False,False,True,True,False,False,False,3,2,11,0,4
0,1,13.12,17.425,87,0.0,False,False,False,True,True,False,False,False,4,2,11,0,4
0,1,12.3,16.665,87,0.0,False,False,False,True,True,False,False,False,5,2,11,0,28
0,1,12.3,16.665,87,0.0,False,False,False,True,True,False,False,False,6,2,11,0,98
0,1,12.3,16.665,87,0.0,False,False,False,True,True,False,False,False,7,2,11,0,300
0,1,13.12,17.425,93,0.0,False,False,False,True,True,False,False,False,8,2,11,0,456
0,1,13.94,18.18,93,0.0,False,False,False,True,True,False,False,False,9,2,11,0,219
0,1,16.4,20.455,76,7.0015,False,False,False,True,True,False,False,False,10,2,11,0,105
0,1,18.86,22.725,67,11.0014,False,False,False,True,True,False,False,False,11,2,11,0,152
0,1,20.5,24.24,51,11.0014,False,False,False,True,True,False,False,False,12,2,11,0,180
0,1,20.5,24.24,51,11.0014,False,False,False,True,True,False,False,False,13,2,11,0,167
0,1,21.32,25.0,48,11.0014,False,False,False,True,True,False,False,False,14,2,11,0,179
0,1,21.32,25.0,45,15.0013,False,False,False,True,True,False,False,False,15,2,11,0,151
0,1,21.32,25.0,48,12.998,False,False,False,True,True,False,False,False,16,2,11,0,281
0,1,18.86,22.725,63,7.0015,False,False,False,True,True,False,False,False,17,2,11,0,485
0,1,18.04,21.97,67,7.0015,False,False,False,True,True,False,False,False,18,2,11,0,408
0,1,18.04,21.97,72,7.0015,False,False,False,True,True,False,False,False,19,2,11,0,304
0,1,18.04,21.97,77,0.0,False,False,False,True,True,False,False,False,20,2,11,0,219
0,1,16.4,20.455,87,0.0,False,False,False,True,True,False,False,False,21,2,11,0,161
0,1,16.4,20.455,87,0.0,False,False,False,True,True,False,False,False,22,2,11,0,114
0,1,15.58,19.695,87,0.0,False,False,False,True,True,False,False,False,23,2,11,0,66
0,1,16.4,20.455,87,0.0,False,False,False,True,True,False,False,False,0,3,11,0,24
0,1,16.4,20.455,87,0.0,False,False,False,True,False,True,False,False,1,3,11,0,11
0,1,15.58,19.695,94,0.0,False,False,False,True,False,True,False,False,2,3,11,0,5
0,1,15.58,19.695,94,6.0032,False,False,False,True,True,False,False,False,3,3,11,0,11
0,1,15.58,19.695,94,6.0032,False,False,False,True,True,False,False,False,4,3,11,0,3
0,1,14.76,17.425,100,8.9981,False,False,False,True,False,True,False,False,5,3,11,0,23
0,1,14.76,17.425,100,8.9981,False,False,False,True,False,True,False,False,6,3,11,0,114
0,1,15.58,19.695,94,11.0014,False,False,False,True,False,True,False,False,7,3,11,0,272
0,1,16.4,20.455,94,6.0032,False,False,False,True,False,True,False,False,8,3,11,0,436
0,1,17.22,21.21,94,7.0015,False,False,False,True,False,True,False,False,9,3,11,0,211
0,1,18.04,21.97,88,15.0013,False,False,False,True,False,True,False,False,10,3,11,0,117
0,1,18.86,22.725,67,26.0027,False,False,False,True,False,True,False,False,11,3,11,0,108
0,1,17.22,21.21,67,23.9994,False,False,False,True,False,True,False,False,12,3,11,0,167
0,1,14.76,16.665,81,23.9994,False,False,False,True,False,False,True,False,13,3,11,0,96
0,1,14.76,16.665,87,19.0012,False,False,False,True,False,False,True,False,14,3,11,0,64
0,1,14.76,16.665,81,19.9995,False,False,False,True,False,False,True,False,15,3,11,0,62
0,1,14.76,17.425,81,15.0013,False,False,False,True,False,False,True,False,16,3,11,0,73
0,1,14.76,17.425,81,15.0013,False,False,False,True,False,False,True,False,17,3,11,0,177
0,1,14.76,17.425,81,11.0014,False,False,False,True,False,True,False,False,18,3,11,0,273
0,1,14.76,17.425,71,15.0013,False,False,False,True,False,True,False,False,19,3,11,0,211
0,1,14.76,16.665,62,19.0012,False,False,False,True,False,True,False,False,20,3,11,0,168
0,1,14.76,16.665,57,16.9979,False,False,False,True,True,False,False,False,21,3,11,0,136
0,1,14.76,16.665,53,19.0012,False,False,False,True,True,False,False,False,22,3,11,0,89
0,1,13.94,16.665,57,11.0014,False,False,False,True,False,True,False,False,23,3,11,0,82
1,0,13.94,15.91,53,16.9979,False,False,False,True,True,False,False,False,0,4,11,0,66
1,0,13.12,15.15,57,22.0028,False,False,False,True,True,False,False,False,1,4,11,0,19
1,0,13.12,14.395,57,19.0012,False,False,False,True,True,False,False,False,2,4,11,0,11
1,0,12.3,14.395,61,12.998,False,False,False,True,True,False,False,False,3,4,11,0,6
1,0,12.3,14.395,61,12.998,False,False,False,True,True,False,False,False,4,4,11,0,8
1,0,12.3,14.395,49,16.9979,False,False,False,True,True,False,False,False,5,4,11,0,13
1,0,11.48,12.88,45,22.0028,False,False,False,True,True,False,False,False,6,4,11,0,46
1,0,11.48,13.635,45,16.9979,False,False,False,True,True,False,False,False,7,4,11,0,121
1,0,12.3,13.635,42,23.9994,False,False,False,True,True,False,False,False,8,4,11,0,258
1,0,13.12,14.395,45,30.0026,False,False,False,True,True,False,False,False,9,4,11,0,201
1,0,13.12,13.635,42,36.9974,False,False,False,True,True,False,False,False,10,4,11,0,200
1,0,13.94,14.395,42,32.9975,False,False,False,True,True,False,False,False,11,4,11,0,170
1,0,13.94,14.395,42,31.0009,False,False,False,True,True,False,False,False,12,4,11,0,239
1,0,15.58,19.695,37,36.9974,False,False,False,True,True,False,False,False,13,4,11,0,236
1,0,15.58,19.695,37,31.0009,False,False,False,True,True,False,False,False,14,4,11,0,247
1,0,14.76,16.665,37,27.9993,False,False,False,True,True,False,False,False,15,4,11,0,216
1,0,14.76,16.665,34,22.0028,False,False,False,True,True,False,False,False,16,4,11,0,238
1,0,13.94,15.15,39,22.0028,False,False,False,True,True,False,False,False,17,4,11,0,310
1,0,13.94,15.91,39,16.9979,False,False,False,True,True,False,False,False,18,4,11,0,208
1,0,13.12,15.91,39,11.0014,False,False,False,True,True,False,False,False,19,4,11,0,199
1,0,13.12,15.91,39,12.998,False,False,False,True,True,False,False,False,20,4,11,0,109
1,0,12.3,15.15,45,11.0014,False,False,False,True,True,False,False,False,21,4,11,0,83
1,0,13.12,15.91,39,12.998,False,False,False,True,True,False,False,False,22,4,11,0,91
1,0,12.3,15.91,45,6.0032,False,False,False,True,True,False,False,False,23,4,11,0,73
0,0,9.84,12.12,60,8.9981,False,False,False,True,True,False,False,False,0,5,11,0,64
0,0,9.84,12.12,60,8.9981,False,False,False,True,True,False,False,False,1,5,11,0,54
0,0,9.84,12.88,65,6.0032,False,False,False,True,True,False,False,False,2,5,11,0,46
0,0,9.84,12.12,70,8.9981,False,False,False,True,True,False,False,False,3,5,11,0,17
0,0,8.2,10.605,80,8.9981,False,False,False,True,True,False,False,False,4,5,11,0,7
0,0,9.02,12.88,75,6.0032,False,False,False,True,True,False,False,False,5,5,11,0,4
0,0,9.02,11.365,75,11.0014,False,False,False,True,True,False,False,False,6,5,11,0,7
0,0,9.02,11.365,75,12.998,False,False,False,True,True,False,False,False,7,5,11,0,27
0,0,10.66,12.88,70,12.998,False,False,False,True,True,False,False,False,8,5,11,0,101
0,0,12.3,15.15,61,11.0014,False,False,False,True,True,False,False,False,9,5,11,0,160
0,0,13.94,15.91,61,19.0012,False,False,False,True,True,False,False,False,10,5,11,0,232
0,0,15.58,19.695,54,19.0012,False,False,False,True,True,False,False,False,11,5,11,0,315
0,0,18.04,21.97,44,19.0012,False,False,False,True,True,False,False,False,12,5,11,0,366
0,0,19.68,23.485,36,19.0012,False,False,False,True,True,False,False,False,13,5,11,0,353
0,0,20.5,24.24,36,19.9995,False,False,False,True,True,False,False,False,14,5,11,0,435
0,0,21.32,25.0,29,19.0012,False,False,False,True,True,False,False,False,15,5,11,0,386
0,0,21.32,25.0,32,16.9979,False,False,False,True,True,False,False,False,16,5,11,0,361
0,0,20.5,24.24,34,16.9979,False,False,False,True,True,False,False,False,17,5,11,0,285
0,0,17.22,21.21,58,12.998,False,False,False,True,True,False,False,False,18,5,11,0,203
0,0,17.22,21.21,50,16.9979,False,False,False,True,True,False,False,False,19,5,11,0,171
0,0,17.22,21.21,50,19.0012,False,False,False,True,True,False,False,False,20,5,11,0,132
0,0,17.22,21.21,47,19.0012,False,False,False,True,True,False,False,False,21,5,11,0,122
0,0,17.22,21.21,47,16.9979,False,False,False,True,True,False,False,False,22,5,11,0,118
0,0,16.4,20.455,58,11.0014,False,False,False,True,True,False,False,False,23,5,11,0,101
0,0,16.4,20.455,58,12.998,False,False,False,True,False,True,False,False,0,6,11,0,73
0,0,14.76,17.425,66,12.998,False,False,False,True,False,True,False,False,1,6,11,0,71
0,0,14.76,18.18,57,7.0015,False,False,False,True,True,False,False,False,2,6,11,0,57
0,0,14.76,17.425,62,8.9981,False,False,False,True,False,True,False,False,3,6,11,0,28
0,0,14.76,17.425,62,8.9981,False,False,False,True,False,True,False,False,4,6,11,0,6
0,0,13.94,16.665,61,11.0014,False,False,False,True,True,False,False,False,5,6,11,0,5
0,0,13.94,16.665,66,8.9981,False,False,False,True,True,False,False,False,6,6,11,0,23
0,0,13.94,15.91,66,15.0013,False,False,False,True,True,False,False,False,7,6,11,0,43
0,0,13.94,17.425,66,6.0032,False,False,False,True,True,False,False,False,8,6,11,0,79
0,0,16.4,20.455,54,19.0012,False,False,False,True,True,False,False,False,9,6,11,0,135
0,0,18.04,21.97,44,22.0028,False,False,False,True,True,False,False,False,10,6,11,0,241
0,0,18.86,22.725,40,27.9993,False,False,False,True,True,False,False,False,11,6,11,0,295
0,0,21.32,25.0,29,27.9993,False,False,False,True,False,True,False,False,12,6,11,0,354
0,0,21.32,25.0,29,27.9993,False,False,False,True,False,True,False,False,13,6,11,0,339
0,0,22.14,25.76,28,32.9975,False,False,False,True,False,True,False,False,14,6,11,0,371
0,0,20.5,24.24,42,22.0028,False,False,False,True,False,True,False,False,15,6,11,0,310
0,0,22.14,25.76,28,26.0027,False,False,False,True,False,True,False,False,16,6,11,0,319
0,0,21.32,25.0,27,22.0028,False,False,False,True,True,False,False,False,17,6,11,0,231
0,0,21.32,25.0,27,22.0028,False,False,False,True,True,False,False,False,18,6,11,0,190
0,0,20.5,24.24,29,23.9994,False,False,False,True,True,False,False,False,19,6,11,0,157
0,0,20.5,24.24,31,23.9994,False,False,False,True,True,False,False,False,20,6,11,0,139
0,0,19.68,23.485,36,16.9979,False,False,False,True,True,False,False,False,21,6,11,0,95
0,0,19.68,23.485,41,26.0027,False,False,False,True,True,False,False,False,22,6,11,0,89
0,0,18.86,22.725,51,19.9995,False,False,False,True,True,False,False,False,23,6,11,0,67
0,1,18.86,22.725,59,19.0012,False,False,False,True,True,False,False,False,0,0,11,0,30
0,1,18.86,22.725,63,19.9995,False,False,False,True,True,False,False,False,1,0,11,0,11
0,1,18.86,22.725,63,23.9994,False,False,False,True,True,False,False,False,2,0,11,0,17
0,1,18.04,21.97,67,19.0012,False,False,False,True,True,False,False,False,3,0,11,0,7
0,1,18.04,21.97,67,15.0013,False,False,False,True,True,False,False,False,4,0,11,0,5
0,1,18.04,21.97,67,16.9979,False,False,False,True,False,True,False,False,5,0,11,0,19
0,1,18.04,21.97,72,15.0013,False,False,False,True,False,True,False,False,6,0,11,0,114
0,1,18.04,21.97,72,16.9979,False,False,False,True,True,False,False,False,7,0,11,0,322
0,1,18.86,22.725,67,12.998,False,False,False,True,False,True,False,False,8,0,11,0,452
0,1,19.68,23.485,67,22.0028,False,False,False,True,False,True,False,False,9,0,11,0,233
0,1,20.5,24.24,63,19.0012,False,False,False,True,False,True,False,False,10,0,11,0,111
0,1,22.14,25.76,60,19.0012,False,False,False,True,False,True,False,False,11,0,11,0,128
0,1,22.96,26.515,56,19.9995,False,False,False,True,True,False,False,False,12,0,11,0,202
0,1,24.6,31.06,49,26.0027,False,False,False,True,True,False,False,False,13,0,11,0,203
0,1,25.42,31.06,46,30.0026,False,False,False,True,True,False,False,False,14,0,11,0,185
0,1,26.24,31.06,44,22.0028,False,False,False,True,True,False,False,False,15,0,11,0,195
0,1,25.42,31.06,46,27.9993,False,False,False,True,True,False,False,False,16,0,11,0,315
0,1,25.42,31.06,46,16.9979,False,False,False,True,True,False,False,False,17,0,11,0,519
0,1,22.96,26.515,56,19.0012,False,False,False,True,True,False,False,False,18,0,11,0,489
0,1,24.6,31.06,53,19.9995,False,False,False,True,True,False,False,False,19,0,11,0,302
0,1,24.6,31.06,53,23.9994,False,False,False,True,True,False,False,False,20,0,11,0,240
0,1,24.6,31.06,53,23.9994,False,False,False,True,True,False,False,False,21,0,11,0,213
0,1,23.78,27.275,56,23.9994,False,False,False,True,True,False,False,False,22,0,11,0,113
0,1,22.96,26.515,64,19.9995,False,False,False,True,True,False,False,False,23,0,11,0,61
0,1,22.96,26.515,64,23.9994,False,False,False,True,True,False,False,False,0,1,11,0,22
0,1,22.96,26.515,60,19.9995,False,False,False,True,True,False,False,False,1,1,11,0,10
0,1,22.96,26.515,64,16.9979,False,False,False,True,True,False,False,False,2,1,11,0,15
0,1,22.14,25.76,68,22.0028,False,False,False,True,False,True,False,False,3,1,11,0,4
0,1,22.96,26.515,64,19.9995,False,False,False,True,True,False,False,False,4,1,11,0,7
0,1,22.14,25.76,68,19.0012,False,False,False,True,True,False,False,False,5,1,11,0,28
0,1,22.96,26.515,64,6.0032,False,False,False,True,False,True,False,False,6,1,11,0,108
0,1,22.14,25.76,68,11.0014,False,False,False,True,False,True,False,False,7,1,11,0,319
0,1,22.14,25.76,68,7.0015,False,False,False,True,False,True,False,False,8,1,11,0,480
0,1,22.96,26.515,64,6.0032,False,False,False,True,False,True,False,False,9,1,11,0,200
0,1,22.96,26.515,64,19.0012,False,False,False,True,False,True,False,False,10,1,11,0,138
0,1,22.96,26.515,64,12.998,False,False,False,True,False,True,False,False,11,1,11,0,134
0,1,22.14,25.76,68,0.0,False,False,False,True,False,True,False,False,12,1,11,0,176
0,1,22.14,25.76,60,15.0013,False,False,False,True,False,False,True,False,13,1,11,0,153
0,1,22.14,25.76,60,19.0012,False,False,False,True,False,True,False,False,14,1,11,0,147
0,1,22.14,25.76,60,8.9981,False,False,False,True,False,True,False,False,15,1,11,0,191
0,1,21.32,25.0,68,8.9981,False,False,False,True,False,True,False,False,16,1,11,0,271
0,1,20.5,24.24,72,12.998,False,False,False,True,False,True,False,False,17,1,11,0,451
0,1,20.5,24.24,72,19.0012,False,False,False,True,False,True,False,False,18,1,11,0,441
0,1,20.5,24.24,72,23.9994,False,False,False,True,False,True,False,False,19,1,11,0,286
0,1,19.68,23.485,82,8.9981,False,False,False,True,False,True,False,False,20,1,11,0,238
0,1,20.5,24.24,77,6.0032,False,False,False,True,False,True,False,False,21,1,11,0,168
0,1,18.86,22.725,88,7.0015,False,False,False,True,False,True,False,False,22,1,11,0,128
0,1,18.86,22.725,94,7.0015,False,False,False,True,False,True,False,False,23,1,11,0,80
0,1,18.86,22.725,94,0.0,False,False,False,True,False,True,False,False,0,2,11,0,31
0,1,18.86,22.725,94,6.0032,False,False,False,True,False,False,True,False,1,2,11,0,5
0,1,18.86,22.725,94,7.0015,False,False,False,True,False,True,False,False,2,2,11,0,10
0,1,18.86,22.725,94,7.0015,False,False,False,True,False,True,False,False,3,2,11,0,5
0,1,18.04,21.97,100,15.0013,False,False,False,True,False,True,False,False,4,2,11,0,4
0,1,18.86,22.725,94,7.0015,False,False,False,True,False,False,True,False,5,2,11,0,13
0,1,18.86,22.725,94,6.0032,False,False,False,True,False,True,False,False,6,2,11,0,56
0,1,18.86,22.725,94,0.0,False,False,False,True,False,False,True,False,7,2,11,0,137
0,1,18.86,22.725,94,0.0,False,False,False,True,False,False,True,False,8,2,11,0,232
0,1,18.86,22.725,94,0.0,False,False,False,True,False,False,True,False,9,2,11,0,82
0,1,18.86,22.725,94,0.0,False,False,False,True,False,False,True,False,10,2,11,0,36
0,1,18.86,22.725,94,6.0032,False,False,False,True,False,False,True,False,11,2,11,0,60
0,1,18.86,22.725,100,0.0,False,False,False,True,False,False,True,False,12,2,11,0,54
0,1,18.86,22.725,94,8.9981,False,False,False,True,False,False,True,False,13,2,11,0,58
0,1,18.86,22.725,100,8.9981,False,False,False,True,False,True,False,False,14,2,11,0,61
0,1,19.68,23.485,94,7.0015,False,False,False,True,False,False,True,False,15,2,11,0,66
0,1,19.68,23.485,94,7.0015,False,False,False,True,False,False,True,False,16,2,11,0,123
0,1,19.68,23.485,88,12.998,False,False,False,True,False,True,False,False,17,2,11,0,233
0,1,18.86,22.725,88,26.0027,False,False,False,True,False,False,True,False,18,2,11,0,189
0,1,18.86,22.725,88,26.0027,False,False,False,True,False,False,True,False,19,2,11,0,111
0,1,18.04,21.97,88,26.0027,False,False,False,True,False,False,True,False,20,2,11,0,99
0,1,18.04,21.97,88,19.0012,False,False,False,True,False,False,True,False,21,2,11,0,75
0,1,17.22,21.21,88,15.0013,False,False,False,True,False,False,True,False,22,2,11,0,46
0,1,17.22,21.21,88,8.9981,False,False,False,True,False,False,True,False,23,2,11,0,31
0,1,17.22,21.21,88,16.9979,False,False,False,True,False,True,False,False,0,3,11,0,24
0,1,17.22,21.21,82,11.0014,False,False,False,True,False,True,False,False,1,3,11,0,5
0,1,17.22,21.21,82,15.0013,False,False,False,True,False,True,False,False,2,3,11,0,5
0,1,17.22,21.21,77,22.0028,False,False,False,True,False,True,False,False,3,3,11,0,3
0,1,16.4,20.455,62,27.9993,False,False,False,True,False,True,False,False,4,3,11,0,4
0,1,13.94,15.15,71,22.0028,False,False,False,True,False,False,True,False,5,3,11,0,22
0,1,14.76,17.425,57,15.0013,False,False,False,True,False,False,True,False,6,3,11,0,75
0,1,13.94,15.91,61,19.0012,False,False,False,True,False,False,True,False,7,3,11,0,168
0,1,13.94,15.15,61,19.9995,False,False,False,True,False,False,True,False,8,3,11,0,355
0,1,13.94,15.15,61,22.0028,False,False,False,True,False,True,False,False,9,3,11,0,198
0,1,13.94,15.15,61,22.0028,False,False,False,True,False,True,False,False,10,3,11,0,81
0,1,13.12,15.15,66,22.0028,False,False,False,True,False,False,True,False,11,3,11,0,97
0,1,13.94,15.15,53,19.9995,False,False,False,True,False,True,False,False,12,3,11,0,121
0,1,13.94,15.15,49,30.0026,False,False,False,True,False,True,False,False,13,3,11,0,124
0,1,13.94,15.15,49,26.0027,False,False,False,True,False,True,False,False,14,3,11,0,110
0,1,13.94,15.15,49,30.0026,False,False,False,True,False,True,False,False,15,3,11,0,116
0,1,13.12,14.395,39,27.9993,False,False,False,True,True,False,False,False,16,3,11,0,195
0,1,13.12,14.395,42,26.0027,False,False,False,True,True,False,False,False,17,3,11,0,399
0,1,13.12,15.91,39,12.998,False,False,False,True,True,False,False,False,18,3,11,0,307
0,1,12.3,14.395,45,15.0013,False,False,False,True,True,False,False,False,19,3,11,0,217
0,1,12.3,14.395,42,19.0012,False,False,False,True,True,False,False,False,20,3,11,0,169
0,1,12.3,14.395,42,16.9979,False,False,False,True,True,False,False,False,21,3,11,0,116
0,1,10.66,12.12,52,16.9979,False,False,False,True,True,False,False,False,22,3,11,0,84
0,1,10.66,12.88,52,15.0013,False,False,False,True,True,False,False,False,23,3,11,0,58
0,1,10.66,12.88,48,11.0014,False,False,False,True,True,False,False,False,0,4,11,0,30
0,1,10.66,11.365,44,22.0028,False,False,False,True,True,False,False,False,1,4,11,0,10
0,1,9.84,11.365,44,15.0013,False,False,False,True,True,False,False,False,2,4,11,0,10
0,1,9.84,10.605,41,19.0012,False,False,False,True,True,False,False,False,3,4,11,0,2
0,1,9.02,11.365,44,11.0014,False,False,False,True,True,False,False,False,4,4,11,0,5
0,1,9.02,11.365,44,8.9981,False,False,False,True,True,False,False,False,5,4,11,0,22
0,1,9.02,12.88,44,6.0032,False,False,False,True,True,False,False,False,6,4,11,0,71
0,1,9.02,11.365,44,11.0014,False,False,False,True,True,False,False,False,7,4,11,0,216
0,1,9.02,11.365,44,12.998,False,False,False,True,True,False,False,False,8,4,11,0,375
0,1,10.66,12.88,41,12.998,False,False,False,True,True,False,False,False,9,4,11,0,213
0,1,10.66,12.12,41,19.0012,False,False,False,True,True,False,False,False,10,4,11,0,115
0,1,12.3,15.15,36,8.9981,False,False,False,True,True,False,False,False,11,4,11,0,140
0,1,13.12,16.665,33,0.0,False,False,False,True,True,False,False,False,12,4,11,0,165
0,1,13.94,15.91,31,15.0013,False,False,False,True,True,False,False,False,13,4,11,0,177
0,1,13.94,16.665,31,8.9981,False,False,False,True,True,False,False,False,14,4,11,0,154
0,1,13.94,16.665,29,8.9981,False,False,False,True,True,False,False,False,15,4,11,0,178
0,1,13.94,16.665,29,8.9981,False,False,False,True,True,False,False,False,16,4,11,0,209
0,1,13.12,16.665,31,8.9981,False,False,False,True,True,False,False,False,17,4,11,0,378
0,1,12.3,15.15,36,11.0014,False,False,False,True,True,False,False,False,18,4,11,0,328
0,1,11.48,13.635,41,11.0014,False,False,False,True,True,False,False,False,19,4,11,0,190
0,1,11.48,13.635,48,12.998,False,False,False,True,True,False,False,False,20,4,11,0,137
0,1,11.48,13.635,48,11.0014,False,False,False,True,True,False,False,False,21,4,11,0,111
0,1,10.66,13.635,52,7.0015,False,False,False,True,True,False,False,False,22,4,11,0,97
0,1,10.66,13.635,60,8.9981,False,False,False,True,True,False,False,False,23,4,11,0,59
0,0,10.66,12.88,56,12.998,False,False,False,True,True,False,False,False,0,5,11,0,53
0,0,10.66,11.365,52,19.9995,False,False,False,True,True,False,False,False,1,5,11,0,35
0,0,9.84,12.12,56,11.0014,False,False,False,True,True,False,False,False,2,5,11,0,46
0,0,10.66,12.12,48,16.9979,False,False,False,True,True,False,False,False,3,5,11,0,15
0,0,10.66,11.365,48,22.0028,False,False,False,True,True,False,False,False,4,5,11,0,8
0,0,9.84,11.365,56,16.9979,False,False,False,True,True,False,False,False,5,5,11,0,2
0,0,9.84,10.605,60,22.0028,False,False,False,True,True,False,False,False,6,5,11,0,12
0,0,9.84,11.365,60,16.9979,False,False,False,True,True,False,False,False,7,5,11,0,41
0,0,10.66,12.12,56,16.9979,False,False,False,True,True,False,False,False,8,5,11,0,92
0,0,11.48,12.88,52,19.9995,False,False,False,True,True,False,False,False,9,5,11,0,142
0,0,13.12,15.15,45,16.9979,False,False,False,True,True,False,False,False,10,5,11,0,200
0,0,14.76,18.94,40,0.0,False,False,False,True,True,False,False,False,11,5,11,0,233
0,0,16.4,20.455,35,19.0012,False,False,False,True,True,False,False,False,12,5,11,0,311
0,0,17.22,21.21,30,19.0012,False,False,False,True,True,False,False,False,13,5,11,0,363
0,0,17.22,21.21,32,19.9995,False,False,False,True,True,False,False,False,14,5,11,0,349
0,0,17.22,21.21,41,12.998,False,False,False,True,True,False,False,False,15,5,11,0,382
0,0,17.22,21.21,38,19.9995,False,False,False,True,True,False,False,False,16,5,11,0,287
0,0,16.4,20.455,40,12.998,False,False,False,True,True,False,False,False,17,5,11,0,232
0,0,15.58,19.695,46,8.9981,False,False,False,True,True,False,False,False,18,5,11,0,208
0,0,13.94,16.665,71,8.9981,False,False,False,True,False,True,False,False,19,5,11,0,182
0,0,14.76,18.18,57,7.0015,False,False,False,True,False,True,False,False,20,5,11,0,163
0,0,14.76,17.425,62,12.998,False,False,False,True,False,True,False,False,21,5,11,0,108
0,0,15.58,19.695,62,11.0014,False,False,False,True,False,True,False,False,22,5,11,0,106
0,0,15.58,19.695,62,15.0013,False,False,False,True,True,False,False,False,23,5,11,0,93
0,1,11.48,12.88,52,22.0028,False,False,False,True,True,False,False,False,0,3,12,0,20
0,1,10.66,12.12,60,19.0012,False,False,False,True,True,False,False,False,1,3,12,0,10
0,1,10.66,11.365,56,19.9995,False,False,False,True,True,False,False,False,2,3,12,0,9
0,1,10.66,12.12,56,16.9979,False,False,False,True,True,False,False,False,3,3,12,0,7
0,1,10.66,12.12,56,19.0012,False,False,False,True,True,False,False,False,4,3,12,0,1
0,1,10.66,12.12,56,16.9979,False,False,False,True,True,False,False,False,5,3,12,0,24
0,1,9.84,10.605,65,19.0012,False,False,False,True,True,False,False,False,6,3,12,0,97
0,1,9.84,10.605,65,23.9994,False,False,False,True,True,False,False,False,7,3,12,0,276
0,1,10.66,11.365,60,22.0028,False,False,False,True,True,False,False,False,8,3,12,0,477
0,1,12.3,13.635,52,22.0028,False,False,False,True,True,False,False,False,9,3,12,0,224
0,1,13.12,15.15,53,19.9995,False,False,False,True,True,False,False,False,10,3,12,0,93
0,1,13.94,15.91,49,16.9979,False,False,False,True,True,False,False,False,11,3,12,0,102
0,1,14.76,17.425,46,15.0013,False,False,False,True,True,False,False,False,12,3,12,0,148
0,1,16.4,20.455,40,15.0013,False,False,False,True,True,False,False,False,13,3,12,0,154
0,1,16.4,20.455,40,15.0013,False,False,False,True,True,False,False,False,14,3,12,0,150
0,1,16.4,20.455,40,15.0013,False,False,False,True,True,False,False,False,15,3,12,0,154
0,1,16.4,20.455,40,12.998,False,False,False,True,True,False,False,False,16,3,12,0,201
0,1,14.76,17.425,46,8.9981,False,False,False,True,True,False,False,False,17,3,12,0,418
0,1,14.76,18.18,43,7.0015,False,False,False,True,True,False,False,False,18,3,12,0,405
0,1,13.94,17.425,46,7.0015,False,False,False,True,True,False,False,False,19,3,12,0,228
0,1,13.94,17.425,46,7.0015,False,False,False,True,True,False,False,False,20,3,12,0,190
0,1,12.3,15.91,61,7.0015,False,False,False,True,True,False,False,False,21,3,12,0,162
0,1,12.3,16.665,61,0.0,False,False,False,True,True,False,False,False,22,3,12,0,104
0,1,10.66,14.395,70,6.0032,False,False,False,True,True,False,False,False,23,3,12,0,73
0,1,10.66,14.395,70,6.0032,False,False,False,True,True,False,False,False,0,4,12,0,38
0,1,9.84,14.395,75,0.0,False,False,False,True,True,False,False,False,1,4,12,0,15
0,1,9.84,14.395,75,0.0,False,False,False,True,True,False,False,False,2,4,12,0,10
0,1,9.02,13.635,80,0.0,False,False,False,True,True,False,False,False,3,4,12,0,1
0,1,9.02,13.635,80,0.0,False,False,False,True,True,False,False,False,4,4,12,0,3
0,1,9.02,12.88,80,6.0032,False,False,False,True,True,False,False,False,5,4,12,0,23
0,1,9.02,13.635,80,0.0,False,False,False,True,True,False,False,False,6,4,12,0,87
0,1,9.02,12.88,87,6.0032,False,False,False,True,True,False,False,False,7,4,12,0,205
0,1,9.84,14.395,87,0.0,False,False,False,True,True,False,False,False,8,4,12,0,445
0,1,11.48,15.91,81,0.0,False,False,False,True,True,False,False,False,9,4,12,0,246
0,1,12.3,14.395,75,15.0013,False,False,False,True,True,False,False,False,10,4,12,0,105
0,1,13.94,16.665,66,11.0014,False,False,False,True,True,False,False,False,11,4,12,0,160
0,1,14.76,17.425,57,8.9981,False,False,False,True,True,False,False,False,12,4,12,0,204
0,1,16.4,20.455,47,8.9981,False,False,False,True,True,False,False,False,13,4,12,0,207
0,1,17.22,21.21,44,7.0015,False,False,False,True,True,False,False,False,14,4,12,0,170
0,1,17.22,21.21,41,6.0032,False,False,False,True,True,False,False,False,15,4,12,0,199
0,1,17.22,21.21,41,6.0032,False,False,False,True,True,False,False,False,16,4,12,0,276
0,1,17.22,21.21,38,0.0,False,False,False,True,True,False,False,False,17,4,12,0,411
0,1,16.4,20.455,50,0.0,False,False,False,True,True,False,False,False,18,4,12,0,372
0,1,13.94,15.91,53,16.9979,False,False,False,True,True,False,False,False,19,4,12,0,265
0,1,15.58,19.695,40,19.0012,False,False,False,True,True,False,False,False,20,4,12,0,190
0,1,13.94,16.665,49,12.998,False,False,False,True,True,False,False,False,21,4,12,0,111
0,1,13.12,15.91,53,12.998,False,False,False,True,True,False,False,False,22,4,12,0,102
0,1,13.12,15.15,53,19.0012,False,False,False,True,True,False,False,False,23,4,12,0,95
0,0,12.3,14.395,56,16.9979,False,False,False,True,True,False,False,False,0,5,12,0,75
0,0,10.66,12.88,65,12.998,False,False,False,True,True,False,False,False,1,5,12,0,71
0,0,10.66,12.88,65,11.0014,False,False,False,True,True,False,False,False,2,5,12,0,50
0,0,9.84,12.12,70,8.9981,False,False,False,True,True,False,False,False,3,5,12,0,9
0,0,9.02,11.365,75,8.9981,False,False,False,True,True,False,False,False,4,5,12,0,8
0,0,9.84,12.88,70,6.0032,False,False,False,True,True,False,False,False,5,5,12,0,6
0,0,9.84,12.88,65,7.0015,False,False,False,True,True,False,False,False,6,5,12,0,11
0,0,9.02,12.88,75,6.0032,False,False,False,True,True,False,False,False,7,5,12,0,26
0,0,9.84,12.88,75,6.0032,False,False,False,True,True,False,False,False,8,5,12,0,63
0,0,10.66,13.635,70,7.0015,False,False,False,True,True,False,False,False,9,5,12,0,124
0,0,13.12,16.665,61,8.9981,False,False,False,True,True,False,False,False,10,5,12,0,195
0,0,13.12,16.665,57,6.0032,False,False,False,True,True,False,False,False,11,5,12,0,275
0,0,14.76,18.94,50,0.0,False,False,False,True,True,False,False,False,12,5,12,0,358
0,0,14.76,18.18,50,6.0032,False,False,False,True,True,False,False,False,13,5,12,0,292
0,0,14.76,18.94,46,0.0,False,False,False,True,True,False,False,False,14,5,12,0,343
0,0,15.58,19.695,46,0.0,False,False,False,True,True,False,False,False,15,5,12,0,337
0,0,15.58,19.695,46,0.0,False,False,False,True,True,False,False,False,16,5,12,0,305
0,0,14.76,18.94,62,0.0,False,False,False,True,True,False,False,False,17,5,12,0,232
0,0,13.94,16.665,53,8.9981,False,False,False,True,True,False,False,False,18,5,12,0,224
0,0,12.3,15.91,61,6.0032,False,False,False,True,True,False,False,False,19,5,12,0,175
0,0,12.3,15.91,61,6.0032,False,False,False,True,True,False,False,False,20,5,12,0,127
0,0,12.3,15.91,61,6.0032,False,False,False,True,False,True,False,False,21,5,12,0,109
0,0,13.12,16.665,61,6.0032,False,False,False,True,False,True,False,False,22,5,12,0,114
0,0,12.3,15.15,70,8.9981,False,False,False,True,True,False,False,False,23,5,12,0,85
0,0,12.3,15.91,70,7.0015,False,False,False,True,True,False,False,False,0,6,12,0,83
0,0,12.3,15.91,75,6.0032,False,False,False,True,True,False,False,False,1,6,12,0,74
0,0,10.66,15.15,81,0.0,False,False,False,True,True,False,False,False,2,6,12,0,62
0,0,11.48,15.91,75,0.0,False,False,False,True,True,False,False,False,3,6,12,0,41
0,0,10.66,15.15,87,0.0,False,False,False,True,True,False,False,False,4,6,12,0,11
0,0,10.66,15.15,81,0.0,False,False,False,True,True,False,False,False,5,6,12,0,4
0,0,9.84,14.395,93,0.0,False,False,False,True,True,False,False,False,6,6,12,0,4
0,0,10.66,15.15,87,0.0,False,False,False,True,True,False,False,False,7,6,12,0,26
0,0,10.66,15.15,87,0.0,False,False,False,True,True,False,False,False,8,6,12,0,55
0,0,12.3,16.665,81,0.0,False,False,False,True,True,False,False,False,9,6,12,0,126
0,0,13.12,16.665,81,8.9981,False,False,False,True,True,False,False,False,10,6,12,0,216
0,0,13.94,16.665,81,11.0014,False,False,False,True,True,False,False,False,11,6,12,0,254
0,0,14.76,17.425,81,11.0014,False,False,False,True,True,False,False,False,12,6,12,0,329
0,0,16.4,20.455,66,15.0013,False,False,False,True,True,False,False,False,13,6,12,0,357
0,0,17.22,21.21,62,8.9981,False,False,False,True,True,False,False,False,14,6,12,0,323
0,0,17.22,21.21,62,12.998,False,False,False,True,True,False,False,False,15,6,12,0,296
0,0,17.22,21.21,58,15.0013,False,False,False,True,True,False,False,False,16,6,12,0,330
0,0,15.58,19.695,76,8.9981,False,False,False,True,True,False,False,False,17,6,12,0,245
0,0,15.58,19.695,71,0.0,False,False,False,True,True,False,False,False,18,6,12,0,171
0,0,15.58,19.695,76,0.0,False,False,False,True,True,False,False,False,19,6,12,0,173
0,0,14.76,17.425,76,8.9981,False,False,False,True,True,False,False,False,20,6,12,0,124
0,0,14.76,18.18,81,7.0015,False,False,False,True,True,False,False,False,21,6,12,0,72
0,0,13.94,17.425,87,7.0015,False,False,False,True,True,False,False,False,22,6,12,0,64
0,0,13.94,17.425,87,7.0015,False,False,False,True,True,False,False,False,23,6,12,0,45
0,1,13.12,16.665,87,6.0032,False,False,False,True,True,False,False,False,0,0,12,0,24
0,1,13.12,17.425,87,0.0,False,False,False,True,True,False,False,False,1,0,12,0,12
0,1,13.12,17.425,87,0.0,False,False,False,True,True,False,False,False,2,0,12,0,8
0,1,13.12,17.425,87,0.0,False,False,False,True,True,False,False,False,3,0,12,0,2
0,1,12.3,15.91,87,7.0015,False,False,False,True,True,False,False,False,4,0,12,0,7
0,1,12.3,15.91,87,7.0015,False,False,False,True,True,False,False,False,5,0,12,0,25
0,1,12.3,15.91,93,6.0032,False,False,False,True,True,False,False,False,6,0,12,0,90
0,1,13.12,17.425,90,0.0,False,False,False,True,True,False,False,False,7,0,12,0,283
0,1,13.12,17.425,93,0.0,False,False,False,True,True,False,False,False,8,0,12,0,404
0,1,14.76,18.18,87,6.0032,False,False,False,True,False,True,False,False,9,0,12,0,190
0,1,14.76,18.18,87,6.0032,False,False,False,True,False,True,False,False,10,0,12,0,87
0,1,14.76,18.18,87,6.0032,False,False,False,True,False,True,False,False,11,0,12,0,123
0,1,16.4,20.455,76,7.0015,False,False,False,True,False,True,False,False,12,0,12,0,154
0,1,17.22,21.21,71,6.0032,False,False,False,True,False,True,False,False,13,0,12,0,171
0,1,18.86,22.725,67,0.0,False,False,False,True,False,True,False,False,14,0,12,0,133
0,1,18.86,22.725,72,6.0032,False,False,False,True,False,True,False,False,15,0,12,0,148
0,1,20.5,24.24,63,6.0032,False,False,False,True,True,False,False,False,16,0,12,0,248
0,1,17.22,21.21,77,0.0,False,False,False,True,True,False,False,False,17,0,12,0,446
0,1,18.04,21.97,77,0.0,False,False,False,True,True,False,False,False,18,0,12,0,399
0,1,18.86,22.725,77,0.0,False,False,False,True,False,True,False,False,19,0,12,0,308
0,1,18.86,22.725,82,7.0015,False,False,False,True,False,True,False,False,20,0,12,0,205
0,1,18.04,21.97,88,6.0032,False,False,False,True,False,True,False,False,21,0,12,0,176
0,1,18.04,21.97,88,8.9981,False,False,False,True,False,True,False,False,22,0,12,0,106
0,1,18.86,22.725,88,8.9981,False,False,False,True,False,True,False,False,23,0,12,0,62
0,1,20.5,24.24,77,19.9995,False,False,False,True,False,True,False,False,0,1,12,0,28
0,1,18.86,22.725,88,19.9995,False,False,False,True,False,True,False,False,1,1,12,0,16
0,1,18.86,22.725,87,12.998,False,False,False,True,False,True,False,False,2,1,12,0,3
0,1,18.86,22.725,87,12.998,False,False,False,True,False,True,False,False,3,1,12,0,3
0,1,18.86,22.725,88,15.0013,False,False,False,True,False,False,True,False,4,1,12,0,7
0,1,18.86,22.725,88,15.0013,False,False,False,True,False,False,True,False,5,1,12,0,20
0,1,18.04,21.97,94,19.0012,False,False,False,True,False,True,False,False,6,1,12,0,86
0,1,18.86,22.725,94,12.998,False,False,False,True,False,True,False,False,7,1,12,0,234
0,1,18.86,22.725,94,12.998,False,False,False,True,False,True,False,False,8,1,12,0,414
0,1,18.86,22.725,94,15.0013,False,False,False,True,False,True,False,False,9,1,12,0,204
0,1,18.86,22.725,94,19.0012,False,False,False,True,False,False,True,False,10,1,12,0,50
0,1,18.86,22.725,94,16.9979,False,False,False,True,False,False,True,False,11,1,12,0,32
0,1,18.86,22.725,100,15.0013,False,False,False,True,False,False,True,False,12,1,12,0,55
0,1,18.86,22.725,100,12.998,False,False,False,True,False,False,True,False,13,1,12,0,71
0,1,19.68,23.485,100,15.0013,False,False,False,True,False,False,True,False,14,1,12,0,75
0,1,20.5,24.24,100,12.998,False,False,False,True,False,False,True,False,15,1,12,0,45
0,1,18.86,22.725,100,16.9979,False,False,False,True,False,False,True,False,16,1,12,0,88
0,1,18.86,22.725,100,15.0013,False,False,False,True,False,True,False,False,17,1,12,0,262
0,1,18.86,22.725,100,19.0012,False,False,False,True,False,True,False,False,18,1,12,0,304
0,1,18.86,22.725,100,19.9995,False,False,False,True,False,False,True,False,19,1,12,0,233
0,1,18.86,22.725,100,19.9995,False,False,False,True,False,False,True,False,20,1,12,0,110
0,1,18.04,21.97,100,12.998,False,False,False,True,False,True,False,False,21,1,12,0,114
0,1,18.86,22.725,100,11.0014,False,False,False,True,False,False,True,False,22,1,12,0,87
0,1,18.86,22.725,100,11.0014,False,False,False,True,False,False,True,False,23,1,12,0,53
0,1,18.04,21.97,100,12.998,False,False,False,True,True,False,False,False,0,2,12,0,33
0,1,18.86,22.725,100,16.9979,False,False,False,True,False,True,False,False,1,2,12,0,13
0,1,18.86,22.725,100,15.0013,False,False,False,True,False,False,True,False,2,2,12,0,6
0,1,18.86,22.725,100,15.0013,False,False,False,True,False,False,True,False,3,2,12,0,3
0,1,18.86,22.725,100,11.0014,False,False,False,True,False,False,True,False,4,2,12,0,1
0,1,18.86,22.725,100,11.0014,False,False,False,True,False,False,True,False,5,2,12,0,3
0,1,19.68,23.485,100,27.9993,False,False,False,True,False,False,True,False,6,2,12,0,18
0,1,18.04,21.97,100,7.0015,False,False,False,True,False,False,True,False,7,2,12,0,46
0,1,18.04,21.97,100,0.0,False,False,False,True,False,False,True,False,8,2,12,0,86
0,1,18.04,21.97,100,16.9979,False,False,False,True,False,False,True,False,9,2,12,0,64
0,1,18.04,21.97,100,6.0032,False,False,False,True,False,False,True,False,10,2,12,0,33
0,1,18.04,21.97,100,6.0032,False,False,False,True,False,False,True,False,11,2,12,0,50
0,1,18.04,21.97,100,8.9981,False,False,False,True,False,False,True,False,12,2,12,0,33
0,1,18.04,21.97,100,12.998,False,False,False,True,False,False,True,False,13,2,12,0,33
0,1,18.04,21.97,100,12.998,False,False,False,True,False,False,True,False,14,2,12,0,25
0,1,17.22,21.21,94,15.0013,False,False,False,True,False,False,True,False,15,2,12,0,30
0,1,17.22,21.21,94,12.998,False,False,False,True,False,False,True,False,16,2,12,0,31
0,1,16.4,20.455,100,22.0028,False,False,False,True,False,False,True,False,17,2,12,0,52
0,1,16.4,20.455,94,19.9995,False,False,False,True,False,False,True,False,18,2,12,0,51
0,1,13.94,14.395,87,43.0006,False,False,False,True,False,False,True,False,19,2,12,0,33
0,1,13.94,14.395,87,43.0006,False,False,False,True,False,False,True,False,20,2,12,0,26
0,1,12.3,12.88,87,35.0008,False,False,False,True,False,False,True,False,21,2,12,0,6
0,1,9.84,9.85,93,30.0026,False,False,False,True,False,False,True,False,22,2,12,0,13
0,1,9.84,10.605,93,26.0027,False,False,False,True,True,False,False,False,23,2,12,0,16
0,1,10.66,11.365,87,19.9995,False,False,False,True,False,True,False,False,0,3,12,0,21
0,1,10.66,11.365,81,23.9994,False,False,False,True,True,False,False,False,1,3,12,0,7
0,1,11.48,13.635,65,15.0013,False,False,False,True,True,False,False,False,2,3,12,0,4
0,1,10.66,11.365,60,19.9995,False,False,False,True,True,False,False,False,3,3,12,0,1
0,1,9.84,9.85,60,31.0009,False,False,False,True,False,True,False,False,4,3,12,0,2
0,1,9.02,10.605,64,15.0013,False,False,False,True,True,False,False,False,5,3,12,0,12
0,1,9.02,10.605,55,19.0012,False,False,False,True,True,False,False,False,6,3,12,0,71
0,1,9.02,10.605,60,15.0013,False,False,False,True,True,False,False,False,7,3,12,0,244
0,1,9.02,10.605,55,19.0012,False,False,False,True,True,False,False,False,8,3,12,0,429
0,1,9.84,10.605,52,26.0027,False,False,False,True,True,False,False,False,9,3,12,0,225
0,1,10.66,11.365,52,22.0028,False,False,False,True,True,False,False,False,10,3,12,0,110
0,1,11.48,13.635,52,16.9979,False,False,False,True,True,False,False,False,11,3,12,0,106
0,1,11.48,12.88,52,22.0028,False,False,False,True,True,False,False,False,12,3,12,0,156
0,1,12.3,13.635,49,23.9994,False,False,False,True,True,False,False,False,13,3,12,0,124
0,1,13.12,15.15,45,16.9979,False,False,False,True,True,False,False,False,14,3,12,0,137
0,1,13.12,16.665,45,8.9981,False,False,False,True,True,False,False,False,15,3,12,0,117
0,1,13.12,15.91,45,12.998,False,False,False,True,True,False,False,False,16,3,12,0,208
0,1,12.3,15.91,49,7.0015,False,False,False,True,True,False,False,False,17,3,12,0,331
0,1,11.48,13.635,52,15.0013,False,False,False,True,True,False,False,False,18,3,12,0,318
0,1,10.66,13.635,56,7.0015,False,False,False,True,True,False,False,False,19,3,12,0,232
0,1,10.66,13.635,60,7.0015,False,False,False,True,True,False,False,False,20,3,12,0,175
0,1,11.48,15.15,61,6.0032,False,False,False,True,True,False,False,False,21,3,12,0,139
0,1,10.66,13.635,65,8.9981,False,False,False,True,True,False,False,False,22,3,12,0,92
0,1,9.84,12.88,70,7.0015,False,False,False,True,True,False,False,False,23,3,12,0,61
0,1,9.84,14.395,65,0.0,False,False,False,True,True,False,False,False,0,4,12,0,34
0,1,9.84,14.395,65,0.0,False,False,False,True,True,False,False,False,1,4,12,0,14
0,1,9.84,14.395,70,0.0,False,False,False,True,True,False,False,False,2,4,12,0,12
0,1,9.02,13.635,80,0.0,False,False,False,True,True,False,False,False,3,4,12,0,6
0,1,9.02,13.635,80,0.0,False,False,False,True,True,False,False,False,4,4,12,0,2
0,1,9.02,13.635,80,0.0,False,False,False,True,True,False,False,False,5,4,12,0,20
0,1,9.02,12.88,80,6.0032,False,False,False,True,True,False,False,False,6,4,12,0,63
0,1,9.02,12.88,75,6.0032,False,False,False,True,True,False,False,False,7,4,12,0,199
0,1,9.84,14.395,81,0.0,False,False,False,True,True,False,False,False,8,4,12,0,385
0,1,10.66,14.395,81,6.0032,False,False,False,True,True,False,False,False,9,4,12,0,264
0,1,12.3,15.15,70,11.0014,False,False,False,True,False,True,False,False,10,4,12,0,126
0,1,13.12,15.15,70,16.9979,False,False,False,True,True,False,False,False,11,4,12,0,136
0,1,14.76,16.665,57,19.9995,False,False,False,True,True,False,False,False,12,4,12,0,173
0,1,15.58,19.695,50,12.998,False,False,False,True,True,False,False,False,13,4,12,0,168
0,1,15.58,19.695,46,19.0012,False,False,False,True,True,False,False,False,14,4,12,0,187
0,1,15.58,19.695,46,19.0012,False,False,False,True,True,False,False,False,15,4,12,0,189
0,1,14.76,17.425,62,8.9981,False,False,False,True,True,False,False,False,16,4,12,0,250
0,1,13.94,17.425,66,7.0015,False,False,False,True,True,False,False,False,17,4,12,0,362
0,1,13.94,18.18,61,0.0,False,False,False,True,True,False,False,False,18,4,12,0,318
0,1,13.94,18.18,61,0.0,False,False,False,True,True,False,False,False,19,4,12,0,199
0,1,12.3,16.665,81,0.0,False,False,False,True,True,False,False,False,20,4,12,0,150
0,1,12.3,16.665,75,0.0,False,False,False,True,True,False,False,False,21,4,12,0,140
0,1,11.48,15.91,87,0.0,False,False,False,True,True,False,False,False,22,4,12,0,129
0,1,11.48,15.91,81,0.0,False,False,False,True,True,False,False,False,23,4,12,0,94
0,0,10.66,13.635,81,7.0015,False,False,False,True,False,True,False,False,0,5,12,0,77
0,0,10.66,12.88,70,11.0014,False,False,False,True,False,True,False,False,1,5,12,0,66
0,0,11.48,15.15,61,6.0032,False,False,False,True,False,True,False,False,2,5,12,0,60
0,0,11.48,15.15,61,6.0032,False,False,False,True,False,True,False,False,3,5,12,0,25
0,0,10.66,13.635,65,7.0015,False,False,False,True,False,True,False,False,4,5,12,0,3
0,0,10.66,12.88,60,11.0014,False,False,False,True,True,False,False,False,5,5,12,0,6
0,0,9.84,12.88,65,7.0015,False,False,False,True,True,False,False,False,6,5,12,0,11
0,0,9.84,11.365,65,12.998,False,False,False,True,True,False,False,False,7,5,12,0,11
0,0,10.66,13.635,65,8.9981,False,False,False,True,True,False,False,False,8,5,12,0,73
0,0,11.48,12.88,61,19.0012,False,False,False,True,True,False,False,False,9,5,12,0,149
0,0,13.12,15.15,57,16.9979,False,False,False,True,True,False,False,False,10,5,12,0,192
0,0,13.12,14.395,53,27.9993,False,False,False,True,True,False,False,False,11,5,12,0,236
0,0,13.12,14.395,45,27.9993,False,False,False,True,True,False,False,False,12,5,12,0,283
0,0,13.94,15.15,34,27.9993,False,False,False,True,True,False,False,False,13,5,12,0,286
0,0,13.94,15.15,31,22.0028,False,False,False,True,True,False,False,False,14,5,12,0,293
0,0,13.94,15.15,34,23.9994,False,False,False,True,True,False,False,False,15,5,12,0,299
0,0,13.12,14.395,31,26.0027,False,False,False,True,True,False,False,False,16,5,12,0,241
0,0,11.48,12.88,36,22.0028,False,False,False,True,True,False,False,False,17,5,12,0,185
0,0,10.66,12.88,38,15.0013,False,False,False,True,True,False,False,False,18,5,12,0,172
0,0,10.66,12.12,38,19.0012,False,False,False,True,True,False,False,False,19,5,12,0,154
0,0,9.84,11.365,35,15.0013,False,False,False,True,True,False,False,False,20,5,12,0,124
0,0,9.02,10.605,44,15.0013,False,False,False,True,True,False,False,False,21,5,12,0,83
0,0,9.02,11.365,41,8.9981,False,False,False,True,True,False,False,False,22,5,12,0,95
0,0,8.2,10.605,47,11.0014,False,False,False,True,True,False,False,False,23,5,12,0,66
0,0,8.2,9.85,51,15.0013,False,False,False,True,True,False,False,False,0,6,12,0,74
0,0,6.56,7.575,59,15.0013,False,False,False,True,True,False,False,False,1,6,12,0,62
0,0,7.38,8.335,55,16.9979,False,False,False,True,True,False,False,False,2,6,12,0,52
0,0,6.56,9.09,59,8.9981,False,False,False,True,True,False,False,False,3,6,12,0,19
0,0,6.56,8.335,59,11.0014,False,False,False,True,True,False,False,False,4,6,12,0,5
0,0,7.38,10.605,59,7.0015,False,False,False,True,True,False,False,False,5,6,12,0,6
0,0,6.56,11.365,59,0.0,False,False,False,True,True,False,False,False,6,6,12,0,10
0,0,7.38,12.12,55,0.0,False,False,False,True,True,False,False,False,7,6,12,0,31
0,0,6.56,11.365,69,0.0,False,False,False,True,True,False,False,False,8,6,12,0,72
0,0,8.2,12.88,59,0.0,False,False,False,True,True,False,False,False,9,6,12,0,107
0,0,9.84,14.395,44,0.0,False,False,False,True,True,False,False,False,10,6,12,0,194
0,0,10.66,15.15,35,0.0,False,False,False,True,True,False,False,False,11,6,12,0,197
0,0,10.66,15.15,35,0.0,False,False,False,True,True,False,False,False,12,6,12,0,288
0,0,12.3,16.665,31,0.0,False,False,False,True,True,False,False,False,13,6,12,0,268
0,0,12.3,16.665,28,0.0,False,False,False,True,True,False,False,False,14,6,12,0,242
0,0,12.3,16.665,26,0.0,False,False,False,True,True,False,False,False,15,6,12,0,266
0,0,12.3,16.665,26,0.0,False,False,False,True,True,False,False,False,16,6,12,0,206
0,0,11.48,15.91,30,0.0,False,False,False,True,True,False,False,False,17,6,12,0,163
0,0,9.84,11.365,48,12.998,False,False,False,True,True,False,False,False,18,6,12,0,163
0,0,9.02,11.365,55,12.998,False,False,False,True,True,False,False,False,19,6,12,0,105
0,0,9.02,12.12,55,7.0015,False,False,False,True,True,False,False,False,20,6,12,0,72
0,0,9.02,13.635,55,0.0,False,False,False,True,True,False,False,False,21,6,12,0,63
0,0,9.02,13.635,55,0.0,False,False,False,True,True,False,False,False,22,6,12,0,43
0,0,8.2,12.88,69,0.0,False,False,False,True,True,False,False,False,23,6,12,0,35
0,1,8.2,11.365,69,6.0032,False,False,False,True,True,False,False,False,0,0,12,0,20
0,1,8.2,12.88,69,0.0,False,False,False,True,True,False,False,False,1,0,12,0,9
0,1,8.2,12.88,69,0.0,False,False,False,True,True,False,False,False,2,0,12,0,4
0,1,7.38,12.12,74,0.0,False,False,False,True,True,False,False,False,3,0,12,0,2
0,1,7.38,12.12,74,0.0,False,False,False,True,True,False,False,False,4,0,12,0,3
0,1,6.56,11.365,80,0.0,False,False,False,True,True,False,False,False,5,0,12,0,21
0,1,6.56,9.09,80,7.0015,False,False,False,True,True,False,False,False,6,0,12,0,64
0,1,5.74,7.575,86,8.9981,False,False,False,True,True,False,False,False,7,0,12,0,235
0,1,6.56,9.09,80,7.0015,False,False,False,True,False,True,False,False,8,0,12,0,385
0,1,7.38,10.605,74,6.0032,False,False,False,True,False,True,False,False,9,0,12,0,220
0,1,9.02,12.12,69,7.0015,False,False,False,True,False,True,False,False,10,0,12,0,105
0,1,10.66,14.395,60,6.0032,False,False,False,True,False,True,False,False,11,0,12,0,115
0,1,11.48,14.395,52,7.0015,False,False,False,True,True,False,False,False,12,0,12,0,145
0,1,12.3,15.91,52,7.0015,False,False,False,True,False,True,False,False,13,0,12,0,166
0,1,13.12,16.665,53,8.9981,False,False,False,True,False,True,False,False,14,0,12,0,111
0,1,13.12,16.665,57,7.0015,False,False,False,True,False,True,False,False,15,0,12,0,132
0,1,13.12,16.665,57,6.0032,False,False,False,True,False,True,False,False,16,0,12,0,214
0,1,12.3,16.665,56,0.0,False,False,False,True,False,True,False,False,17,0,12,0,359
0,1,12.3,15.91,56,6.0032,False,False,False,True,True,False,False,False,18,0,12,0,357
0,1,11.48,15.15,61,6.0032,False,False,False,True,True,False,False,False,19,0,12,0,241
0,1,12.3,15.91,56,6.0032,False,False,False,True,True,False,False,False,20,0,12,0,165
0,1,10.66,15.15,81,0.0,False,False,False,True,True,False,False,False,21,0,12,0,121
0,1,10.66,15.15,70,0.0,False,False,False,True,True,False,False,False,22,0,12,0,71
0,1,9.84,14.395,75,0.0,False,False,False,True,True,False,False,False,23,0,12,0,45
0,1,9.02,13.635,80,0.0,False,False,False,True,True,False,False,False,0,1,12,0,17
0,1,8.2,12.88,80,0.0,False,False,False,True,True,False,False,False,1,1,12,0,4
0,1,8.2,12.88,80,0.0,False,False,False,True,True,False,False,False,2,1,12,0,2
0,1,7.38,12.12,80,0.0,False,False,False,True,True,False,False,False,3,1,12,0,3
0,1,8.2,12.88,80,0.0,False,False,False,True,True,False,False,False,4,1,12,0,4
0,1,7.38,12.12,86,0.0,False,False,False,True,True,False,False,False,5,1,12,0,20
0,1,8.2,12.88,80,0.0,False,False,False,True,True,False,False,False,6,1,12,0,92
0,1,6.56,8.335,80,11.0014,False,False,False,True,True,False,False,False,7,1,12,0,223
0,1,8.2,11.365,69,7.0015,False,False,False,True,True,False,False,False,8,1,12,0,400
0,1,10.66,12.88,60,11.0014,False,False,False,True,True,False,False,False,9,1,12,0,233
0,1,12.3,15.15,52,11.0014,False,False,False,True,True,False,False,False,10,1,12,0,102
0,1,13.94,15.91,46,16.9979,False,False,False,True,True,False,False,False,11,1,12,0,124
0,1,14.76,16.665,43,23.9994,False,False,False,True,True,False,False,False,12,1,12,0,167
0,1,16.4,20.455,37,22.0028,False,False,False,True,True,False,False,False,13,1,12,0,127
0,1,16.4,20.455,37,16.9979,False,False,False,True,True,False,False,False,14,1,12,0,134
0,1,16.4,20.455,35,16.9979,False,False,False,True,True,False,False,False,15,1,12,0,151
0,1,15.58,19.695,37,16.9979,False,False,False,True,True,False,False,False,16,1,12,0,207
0,1,14.76,17.425,40,12.998,False,False,False,True,True,False,False,False,17,1,12,0,398
0,1,13.94,15.91,42,15.0013,False,False,False,True,True,False,False,False,18,1,12,0,382
0,1,13.12,15.91,49,11.0014,False,False,False,True,True,False,False,False,19,1,12,0,267
0,1,13.12,15.91,49,11.0014,False,False,False,True,True,False,False,False,20,1,12,0,161
0,1,12.3,15.15,52,11.0014,False,False,False,True,True,False,False,False,21,1,12,0,139
0,1,12.3,15.15,52,11.0014,False,False,False,True,True,False,False,False,22,1,12,0,107
0,1,10.66,15.15,70,0.0,False,False,False,True,True,False,False,False,23,1,12,0,59
0,1,10.66,15.15,75,0.0,False,False,False,True,True,False,False,False,0,2,12,0,22
0,1,10.66,15.15,75,0.0,False,False,False,True,True,False,False,False,1,2,12,0,8
0,1,10.66,15.15,75,0.0,False,False,False,True,True,False,False,False,2,2,12,0,2
0,1,11.48,15.91,65,0.0,False,False,False,True,True,False,False,False,3,2,12,0,3
0,1,10.66,15.15,75,0.0,False,False,False,True,True,False,False,False,4,2,12,0,4
0,1,10.66,15.15,81,0.0,False,False,False,True,False,True,False,False,5,2,12,0,26
0,1,10.66,15.15,87,0.0,False,False,False,True,False,True,False,False,6,2,12,0,87
0,1,11.48,15.91,75,0.0,False,False,False,True,True,False,False,False,7,2,12,0,247
0,1,10.66,15.15,87,0.0,False,False,False,True,False,True,False,False,8,2,12,0,467
0,1,12.3,16.665,61,0.0,False,False,False,True,False,True,False,False,9,2,12,0,239
0,1,13.12,17.425,57,0.0,False,False,False,True,False,True,False,False,10,2,12,0,142
0,1,13.94,18.18,55,0.0,False,False,False,True,False,True,False,False,11,2,12,0,115
0,1,14.76,18.18,57,6.0032,False,False,False,True,False,True,False,False,12,2,12,0,144
0,1,14.76,18.18,57,7.0015,False,False,False,True,False,True,False,False,13,2,12,0,133
0,1,15.58,19.695,54,6.0032,False,False,False,True,False,True,False,False,14,2,12,0,151
0,1,15.58,19.695,54,7.0015,False,False,False,True,False,True,False,False,15,2,12,0,167
0,1,15.58,19.695,54,7.0015,False,False,False,True,False,True,False,False,16,2,12,0,245
0,1,14.76,18.18,57,7.0015,False,False,False,True,False,True,False,False,17,2,12,0,396
0,1,14.76,17.425,62,11.0014,False,False,False,True,False,True,False,False,18,2,12,0,390
0,1,14.76,18.18,62,7.0015,False,False,False,True,False,True,False,False,19,2,12,0,268
0,1,13.94,17.425,66,7.0015,False,False,False,True,False,True,False,False,20,2,12,0,175
0,1,13.94,16.665,66,11.0014,False,False,False,True,False,True,False,False,21,2,12,0,154
0,1,13.94,16.665,66,11.0014,False,False,False,True,True,False,False,False,22,2,12,0,104
0,1,13.12,15.91,70,11.0014,False,False,False,True,True,False,False,False,23,2,12,0,51
0,1,13.12,15.91,70,11.0014,False,False,False,True,True,False,False,False,0,3,12,0,50
0,1,13.12,15.91,70,11.0014,False,False,False,True,False,True,False,False,1,3,12,0,20
0,1,13.12,16.665,70,8.9981,False,False,False,True,False,True,False,False,2,3,12,0,7
0,1,13.12,16.665,70,8.9981,False,False,False,True,False,True,False,False,3,3,12,0,3
0,1,13.12,15.15,70,15.0013,False,False,False,True,False,True,False,False,4,3,12,0,6
0,1,13.12,15.15,70,19.0012,False,False,False,True,False,True,False,False,5,3,12,0,24
0,1,13.12,15.91,66,12.998,False,False,False,True,True,False,False,False,6,3,12,0,92
0,1,13.12,15.91,70,12.998,False,False,False,True,True,False,False,False,7,3,12,0,258
0,1,13.94,15.91,66,15.0013,False,False,False,True,False,True,False,False,8,3,12,0,457
0,1,14.76,16.665,62,19.0012,False,False,False,True,False,True,False,False,9,3,12,0,280
0,1,16.4,20.455,58,19.9995,False,False,False,True,False,True,False,False,10,3,12,0,109
0,1,16.4,20.455,62,27.9993,False,False,False,True,False,True,False,False,11,3,12,0,135
0,1,18.86,22.725,59,32.9975,False,False,False,True,False,True,False,False,12,3,12,0,157
0,1,20.5,24.24,55,23.9994,False,False,False,True,False,True,False,False,13,3,12,0,164
0,1,21.32,25.0,52,22.0028,False,False,False,True,False,True,False,False,14,3,12,0,132
0,1,21.32,25.0,55,15.0013,False,False,False,True,False,False,True,False,15,3,12,0,82
0,1,18.86,22.725,72,11.0014,False,False,False,True,False,False,True,False,16,3,12,0,131
0,1,21.32,25.0,59,19.0012,False,False,False,True,False,True,False,False,17,3,12,0,324
0,1,21.32,25.0,59,19.9995,False,False,False,True,False,True,False,False,18,3,12,0,377
0,1,21.32,25.0,59,19.0012,False,False,False,True,False,True,False,False,19,3,12,0,287
0,1,21.32,25.0,59,22.0028,False,False,False,True,True,False,False,False,20,3,12,0,221
0,1,20.5,24.24,63,19.9995,False,False,False,True,True,False,False,False,21,3,12,0,155
0,1,21.32,25.0,63,22.0028,False,False,False,True,True,False,False,False,22,3,12,0,124
0,1,21.32,25.0,63,22.0028,False,False,False,True,True,False,False,False,23,3,12,0,114
0,1,20.5,24.24,72,22.0028,False,False,False,True,True,False,False,False,0,4,12,0,72
0,1,20.5,24.24,72,15.0013,False,False,False,True,True,False,False,False,1,4,12,0,31
0,1,19.68,23.485,77,7.0015,False,False,False,True,True,False,False,False,2,4,12,0,23
0,1,18.86,22.725,82,8.9981,False,False,False,True,True,False,False,False,3,4,12,0,5
0,1,20.5,24.24,59,12.998,False,False,False,True,False,True,False,False,4,4,12,0,5
0,1,19.68,23.485,44,26.0027,False,False,False,True,True,False,False,False,5,4,12,0,26
0,1,18.04,21.97,33,19.9995,False,False,False,True,False,True,False,False,6,4,12,0,82
0,1,15.58,19.695,46,19.9995,False,False,False,True,False,True,False,False,7,4,12,0,231
0,1,14.76,16.665,46,27.9993,False,False,False,True,True,False,False,False,8,4,12,0,459
0,1,14.76,16.665,46,26.0027,False,False,False,True,True,False,False,False,9,4,12,0,243
0,1,13.94,15.15,46,19.9995,False,False,False,True,True,False,False,False,10,4,12,0,132
0,1,13.94,15.15,42,19.9995,False,False,False,True,False,True,False,False,11,4,12,0,144
0,1,13.94,15.15,42,23.9994,False,False,False,True,False,True,False,False,12,4,12,0,173
0,1,13.94,15.15,39,23.9994,False,False,False,True,False,True,False,False,13,4,12,0,137
0,1,13.94,15.91,42,15.0013,False,False,False,True,False,True,False,False,14,4,12,0,128
0,1,13.12,15.15,45,19.9995,False,False,False,True,False,True,False,False,15,4,12,0,153
0,1,13.12,15.15,45,15.0013,False,False,False,True,False,True,False,False,16,4,12,0,224
0,1,13.12,15.15,45,19.0012,False,False,False,True,False,True,False,False,17,4,12,0,365
0,1,13.12,15.15,45,16.9979,False,False,False,True,False,True,False,False,18,4,12,0,295
0,1,13.12,15.15,45,15.0013,False,False,False,True,False,True,False,False,19,4,12,0,214
0,1,13.12,15.91,45,12.998,False,False,False,True,False,True,False,False,20,4,12,0,152
0,1,13.12,15.91,45,11.0014,False,False,False,True,False,True,False,False,21,4,12,0,102
0,1,12.3,15.15,49,11.0014,False,False,False,True,False,True,False,False,22,4,12,0,106
0,1,12.3,15.15,49,8.9981,False,False,False,True,False,True,False,False,23,4,12,0,75
0,0,12.3,14.395,49,19.0012,False,False,False,True,True,False,False,False,0,5,12,0,62
0,0,12.3,14.395,52,16.9979,False,False,False,True,False,True,False,False,1,5,12,0,43
0,0,11.48,13.635,56,15.0013,False,False,False,True,False,True,False,False,2,5,12,0,58
0,0,10.66,12.88,60,12.998,False,False,False,True,True,False,False,False,3,5,12,0,26
0,0,9.84,12.12,65,11.0014,False,False,False,True,True,False,False,False,4,5,12,0,9
0,0,10.66,12.88,60,12.998,False,False,False,True,False,True,False,False,5,5,12,0,9
0,0,10.66,12.12,56,19.0012,False,False,False,True,False,True,False,False,6,5,12,0,17
0,0,10.66,12.88,56,15.0013,False,False,False,True,False,True,False,False,7,5,12,0,20
0,0,10.66,12.88,56,15.0013,False,False,False,True,False,True,False,False,8,5,12,0,59
0,0,10.66,12.12,56,16.9979,False,False,False,True,False,True,False,False,9,5,12,0,100
0,0,10.66,12.12,52,19.0012,False,False,False,True,False,True,False,False,10,5,12,0,181
0,0,11.48,12.88,45,22.0028,False,False,False,True,False,True,False,False,11,5,12,0,209
0,0,11.48,12.88,45,19.0012,False,False,False,True,False,True,False,False,12,5,12,0,244
0,0,11.48,13.635,48,16.9979,False,False,False,True,False,True,False,False,13,5,12,0,236
0,0,11.48,12.88,45,23.9994,False,False,False,True,True,False,False,False,14,5,12,0,237
0,0,11.48,12.88,45,19.0012,False,False,False,True,True,False,False,False,15,5,12,0,228
0,0,11.48,13.635,45,15.0013,False,False,False,True,True,False,False,False,16,5,12,0,222
0,0,10.66,12.88,48,15.0013,False,False,False,True,True,False,False,False,17,5,12,0,165
0,0,10.66,11.365,48,26.0027,False,False,False,True,True,False,False,False,18,5,12,0,157
0,0,9.84,10.605,65,22.0028,False,False,False,True,False,False,True,False,19,5,12,0,106
0,0,9.02,10.605,69,16.9979,False,False,False,True,True,False,False,False,20,5,12,0,106
0,0,8.2,10.605,75,11.0014,False,False,False,True,True,False,False,False,21,5,12,0,96
0,0,8.2,10.605,75,11.0014,False,False,False,True,True,False,False,False,22,5,12,0,80
0,0,8.2,11.365,75,0.0,False,False,False,True,True,False,False,False,23,5,12,0,69
0,0,8.2,10.605,75,8.9981,False,False,False,True,True,False,False,False,0,6,12,0,71
0,0,8.2,11.365,69,7.0015,False,False,False,True,True,False,False,False,1,6,12,0,46
0,0,9.02,12.12,55,7.0015,False,False,False,True,True,False,False,False,2,6,12,0,41
0,0,9.02,10.605,55,15.0013,False,False,False,True,True,False,False,False,3,6,12,0,18
0,0,9.02,10.605,55,15.0013,False,False,False,True,True,False,False,False,4,6,12,0,1
0,0,8.2,11.365,59,7.0015,False,False,False,True,True,False,False,False,5,6,12,0,5
0,0,8.2,10.605,59,8.9981,False,False,False,True,True,False,False,False,6,6,12,0,3
0,0,8.2,10.605,59,11.0014,False,False,False,True,True,False,False,False,7,6,12,0,12
0,0,8.2,12.88,69,0.0,False,False,False,True,True,False,False,False,8,6,12,0,32
0,0,9.02,11.365,64,11.0014,False,False,False,True,True,False,False,False,9,6,12,0,81
0,0,9.84,11.365,60,16.9979,False,False,False,True,True,False,False,False,10,6,12,0,129
0,0,9.84,11.365,60,15.0013,False,False,False,True,False,True,False,False,11,6,12,0,188
0,0,10.66,12.88,60,15.0013,False,False,False,True,True,False,False,False,12,6,12,0,228
0,0,12.3,13.635,49,19.9995,False,False,False,True,True,False,False,False,13,6,12,0,228
0,0,12.3,14.395,49,19.0012,False,False,False,True,True,False,False,False,14,6,12,0,219
0,0,13.12,15.15,45,19.0012,False,False,False,True,True,False,False,False,15,6,12,0,207
0,0,11.48,13.635,48,16.9979,False,False,False,True,True,False,False,False,16,6,12,0,234
0,0,11.48,13.635,46,11.0014,False,False,False,True,True,False,False,False,17,6,12,0,136
0,0,11.48,13.635,45,12.998,False,False,False,True,True,False,False,False,18,6,12,0,138
0,0,10.66,13.635,52,8.9981,False,False,False,True,True,False,False,False,19,6,12,0,135
0,0,9.84,12.88,60,7.0015,False,False,False,True,True,False,False,False,20,6,12,0,104
0,0,9.02,13.635,64,0.0,False,False,False,True,True,False,False,False,21,6,12,0,89
0,0,9.02,11.365,75,12.998,False,False,False,True,True,False,False,False,22,6,12,0,49
0,0,8.2,11.365,75,7.0015,False,False,False,True,True,False,False,False,23,6,12,0,37
0,1,8.2,11.365,75,6.0032,False,False,False,True,True,False,False,False,0,0,12,0,17
0,1,7.38,10.605,80,6.0032,False,False,False,True,True,False,False,False,1,0,12,0,11
0,1,7.38,10.605,80,6.0032,False,False,False,True,True,False,False,False,2,0,12,0,3
0,1,6.56,9.85,86,6.0032,False,False,False,True,True,False,False,False,3,0,12,0,3
0,1,6.56,9.09,86,8.9981,False,False,False,True,True,False,False,False,4,0,12,0,4
0,1,5.74,8.335,93,7.0015,False,False,False,True,True,False,False,False,5,0,12,0,21
0,1,6.56,9.09,86,7.0015,False,False,False,True,True,False,False,False,6,0,12,0,68
0,1,7.38,10.605,74,7.0015,False,False,False,True,True,False,False,False,7,0,12,0,191
0,1,8.2,9.85,75,12.998,False,False,False,True,True,False,False,False,8,0,12,0,397
0,1,9.02,10.605,69,15.0013,False,False,False,True,True,False,False,False,9,0,12,0,183
0,1,9.84,11.365,67,12.998,False,False,False,True,True,False,False,False,10,0,12,0,108
0,1,10.66,12.12,65,16.9979,False,False,False,True,True,False,False,False,11,0,12,0,127
0,1,12.3,13.635,61,22.0028,False,False,False,True,True,False,False,False,12,0,12,0,141
0,1,13.94,15.15,49,22.0028,False,False,False,True,True,False,False,False,13,0,12,0,142
0,1,14.76,17.425,46,15.0013,False,False,False,True,True,False,False,False,14,0,12,0,137
0,1,15.58,19.695,46,11.0014,False,False,False,True,True,False,False,False,15,0,12,0,159
0,1,16.4,20.455,40,16.9979,False,False,False,True,True,False,False,False,16,0,12,0,208
0,1,15.58,19.695,46,12.998,False,False,False,True,True,False,False,False,17,0,12,0,378
0,1,14.76,17.425,50,12.998,False,False,False,True,True,False,False,False,18,0,12,0,354
0,1,14.76,17.425,53,11.0014,False,False,False,True,False,True,False,False,19,0,12,0,251
0,1,16.4,20.455,40,11.0014,False,False,False,True,True,False,False,False,20,0,12,0,206
0,1,14.76,17.425,53,8.9981,False,False,False,True,False,True,False,False,21,0,12,0,127
0,1,14.76,17.425,57,11.0014,False,False,False,True,False,True,False,False,22,0,12,0,107
0,1,14.76,17.425,53,11.0014,False,False,False,True,True,False,False,False,23,0,12,0,60
0,0,14.76,18.94,66,0.0,True,False,False,False,True,False,False,False,0,6,1,1,48
0,0,14.76,17.425,66,8.9981,True,False,False,False,True,False,False,False,1,6,1,1,93
0,0,13.12,17.425,76,0.0,True,False,False,False,True,False,False,False,2,6,1,1,75
0,0,12.3,16.665,81,0.0,True,False,False,False,True,False,False,False,3,6,1,1,52
0,0,11.48,15.15,81,6.0032,True,False,False,False,True,False,False,False,4,6,1,1,8
0,0,11.48,14.395,81,7.0015,True,False,False,False,True,False,False,False,5,6,1,1,5
0,0,10.66,13.635,93,8.9981,True,False,False,False,True,False,False,False,6,6,1,1,2
0,0,10.66,12.88,93,11.0014,True,False,False,False,True,False,False,False,7,6,1,1,7
0,0,10.66,13.635,87,7.0015,True,False,False,False,True,False,False,False,8,6,1,1,14
0,0,10.66,13.635,93,7.0015,True,False,False,False,True,False,False,False,9,6,1,1,40
0,0,12.3,15.91,81,7.0015,True,False,False,False,True,False,False,False,10,6,1,1,70
0,0,13.94,16.665,76,8.9981,True,False,False,False,True,False,False,False,11,6,1,1,138
0,0,16.4,20.455,62,19.0012,True,False,False,False,True,False,False,False,12,6,1,1,201
0,0,17.22,21.21,58,19.0012,True,False,False,False,True,False,False,False,13,6,1,1,223
0,0,18.04,21.97,54,19.9995,True,False,False,False,True,False,False,False,14,6,1,1,267
0,0,18.86,22.725,51,19.9995,True,False,False,False,True,False,False,False,15,6,1,1,265
0,0,18.04,21.97,54,19.9995,True,False,False,False,False,True,False,False,16,6,1,1,215
0,0,19.68,23.485,48,11.0014,True,False,False,False,False,True,False,False,17,6,1,1,111
0,0,18.86,22.725,59,16.9979,True,False,False,False,False,False,True,False,18,6,1,1,106
0,0,17.22,21.21,67,26.0027,True,False,False,False,False,False,True,False,19,6,1,1,105
0,0,18.04,21.97,62,19.9995,True,False,False,False,False,True,False,False,20,6,1,1,83
0,0,18.04,21.97,67,16.9979,True,False,False,False,False,True,False,False,21,6,1,1,71
0,0,18.86,22.725,55,27.9993,True,False,False,False,True,False,False,False,22,6,1,1,66
0,0,18.04,21.97,51,19.9995,True,False,False,False,True,False,False,False,23,6,1,1,29
1,0,16.4,20.455,40,31.0009,True,False,False,False,True,False,False,False,0,0,1,1,39
1,0,14.76,16.665,43,27.9993,True,False,False,False,True,False,False,False,1,0,1,1,12
1,0,14.76,15.91,34,30.0026,True,False,False,False,True,False,False,False,2,0,1,1,7
1,0,11.48,12.88,45,22.0028,True,False,False,False,True,False,False,False,4,0,1,1,4
1,0,11.48,12.88,45,22.0028,True,False,False,False,True,False,False,False,5,0,1,1,4
1,0,10.66,11.365,41,26.0027,True,False,False,False,True,False,False,False,6,0,1,1,14
1,0,9.84,10.605,32,26.0027,True,False,False,False,True,False,False,False,7,0,1,1,16
1,0,9.84,11.365,35,16.9979,True,False,False,False,True,False,False,False,8,0,1,1,53
1,0,9.84,12.88,35,0.0,True,False,False,False,True,False,False,False,9,0,1,1,68
1,0,10.66,12.12,35,19.0012,True,False,False,False,True,False,False,False,10,0,1,1,109
1,0,10.66,10.605,35,32.9975,True,False,False,False,True,False,False,False,11,0,1,1,175
1,0,11.48,13.635,36,16.9979,True,False,False,False,True,False,False,False,12,0,1,1,202
1,0,12.3,13.635,36,19.9995,True,False,False,False,True,False,False,False,13,0,1,1,176
1,0,12.3,13.635,36,27.9993,True,False,False,False,True,False,False,False,14,0,1,1,151
1,0,11.48,12.12,38,30.0026,True,False,False,False,True,False,False,False,15,0,1,1,168
1,0,10.66,11.365,35,27.9993,True,False,False,False,True,False,False,False,16,0,1,1,154
1,0,10.66,11.365,35,26.0027,True,False,False,False,True,False,False,False,17,0,1,1,153
1,0,10.66,12.12,33,16.9979,True,False,False,False,True,False,False,False,18,0,1,1,126
1,0,9.84,11.365,38,15.0013,True,False,False,False,True,False,False,False,19,0,1,1,93
1,0,9.84,11.365,41,15.0013,True,False,False,False,True,False,False,False,20,0,1,1,88
1,0,9.84,10.605,41,22.0028,True,False,False,False,False,True,False,False,21,0,1,1,66
1,0,9.02,10.605,44,19.0012,True,False,False,False,False,True,False,False,22,0,1,1,39
1,0,9.02,10.605,44,16.9979,True,False,False,False,True,False,False,False,23,0,1,1,34
0,1,8.2,9.85,51,16.9979,True,False,False,False,True,False,False,False,0,1,1,1,13
0,1,7.38,9.09,55,15.0013,True,False,False,False,True,False,False,False,1,1,1,1,6
0,1,7.38,8.335,51,16.9979,True,False,False,False,True,False,False,False,2,1,1,1,3
0,1,6.56,6.82,55,19.0012,True,False,False,False,True,False,False,False,3,1,1,1,2
0,1,6.56,7.575,55,16.9979,True,False,False,False,True,False,False,False,4,1,1,1,5
0,1,5.74,6.82,54,12.998,True,False,False,False,True,False,False,False,5,1,1,1,12
0,1,5.74,6.06,59,19.0012,True,False,False,False,True,False,False,False,6,1,1,1,85
0,1,5.74,6.06,59,16.9979,True,False,False,False,True,False,False,False,7,1,1,1,170
0,1,6.56,6.82,55,19.0012,True,False,False,False,True,False,False,False,8,1,1,1,354
0,1,6.56,6.82,50,19.0012,True,False,False,False,True,False,False,False,9,1,1,1,153
0,1,6.56,6.06,47,31.0009,True,False,False,False,True,False,False,False,10,1,1,1,60
0,1,7.38,6.82,37,35.0008,True,False,False,False,True,False,False,False,11,1,1,1,75
0,1,7.38,6.82,37,35.0008,True,False,False,False,True,False,False,False,12,1,1,1,74
0,1,7.38,6.06,34,43.9989,True,False,False,False,True,False,False,False,13,1,1,1,73
0,1,6.56,6.06,43,35.0008,True,False,False,False,True,False,False,False,14,1,1,1,79
0,1,6.56,6.06,37,27.9993,True,False,False,False,True,False,False,False,15,1,1,1,77
0,1,5.74,4.545,39,39.0007,True,False,False,False,True,False,False,False,16,1,1,1,136
0,1,5.74,5.305,26,31.0009,True,False,False,False,True,False,False,False,17,1,1,1,245
0,1,5.74,4.545,26,35.0008,True,False,False,False,True,False,False,False,18,1,1,1,224
0,1,4.92,4.545,28,27.9993,True,False,False,False,True,False,False,False,19,1,1,1,156
0,1,4.92,6.06,33,16.9979,True,False,False,False,True,False,False,False,20,1,1,1,115
0,1,4.1,5.305,36,15.0013,True,False,False,False,True,False,False,False,21,1,1,1,68
0,1,4.1,5.305,46,16.9979,True,False,False,False,True,False,False,False,22,1,1,1,33
0,1,4.1,3.79,46,26.0027,True,False,False,False,True,False,False,False,23,1,1,1,18
0,1,3.28,3.03,42,22.0028,True,False,False,False,True,False,False,False,0,2,1,1,9
0,1,1.64,1.515,38,19.9995,True,False,False,False,True,False,False,False,1,2,1,1,3
0,1,0.82,0.76,34,19.0012,True,False,False,False,True,False,False,False,2,2,1,1,1
0,1,0.82,0.76,34,19.0012,True,False,False,False,True,False,False,False,3,2,1,1,1
0,1,0.82,2.275,41,12.998,True,False,False,False,True,False,False,False,4,2,1,1,2
0,1,0.82,2.275,41,12.998,True,False,False,False,True,False,False,False,5,2,1,1,14
0,1,0.82,2.275,41,11.0014,True,False,False,False,True,False,False,False,6,2,1,1,59
0,1,0.82,2.275,44,12.998,True,False,False,False,True,False,False,False,7,2,1,1,152
0,1,0.82,3.03,44,8.9981,True,False,False,False,True,False,False,False,8,2,1,1,315
0,1,1.64,3.03,45,8.9981,True,False,False,False,True,False,False,False,9,2,1,1,180
0,1,2.46,5.305,45,0.0,True,False,False,False,True,False,False,False,10,2,1,1,64
0,1,3.28,6.06,42,6.0032,True,False,False,False,False,True,False,False,11,2,1,1,46
0,1,4.1,5.305,46,12.998,True,False,False,False,False,True,False,False,12,2,1,1,84
0,1,5.74,6.06,43,16.9979,True,False,False,False,False,True,False,False,13,2,1,1,91
0,1,5.74,6.06,46,16.9979,True,False,False,False,False,True,False,False,14,2,1,1,75
0,1,7.38,7.575,37,22.0028,True,False,False,False,False,True,False,False,15,2,1,1,90
0,1,7.38,8.335,40,19.0012,True,False,False,False,False,True,False,False,16,2,1,1,131
0,1,8.2,9.85,40,12.998,True,False,False,False,False,True,False,False,17,2,1,1,281
0,1,8.2,10.605,37,8.9981,True,False,False,False,False,True,False,False,18,2,1,1,289
0,1,8.2,11.365,40,7.0015,True,False,False,False,False,True,False,False,19,2,1,1,184
0,1,8.2,9.85,40,12.998,True,False,False,False,False,True,False,False,20,2,1,1,123
0,1,8.2,12.88,44,0.0,True,False,False,False,False,True,False,False,21,2,1,1,90
0,1,8.2,11.365,47,6.0032,True,False,False,False,False,True,False,False,22,2,1,1,52
0,1,8.2,11.365,44,7.0015,True,False,False,False,False,True,False,False,23,2,1,1,32
0,1,9.02,11.365,47,12.998,True,False,False,False,False,True,False,False,0,3,1,1,14
0,1,8.2,11.365,51,6.0032,True,False,False,False,True,False,False,False,1,3,1,1,5
0,1,8.2,11.365,51,6.0032,True,False,False,False,True,False,False,False,2,3,1,1,4
0,1,8.2,12.88,61,0.0,True,False,False,False,True,False,False,False,3,3,1,1,4
0,1,8.2,11.365,59,6.0032,True,False,False,False,False,True,False,False,4,3,1,1,5
0,1,8.2,11.365,59,6.0032,True,False,False,False,False,True,False,False,5,3,1,1,26
0,1,8.2,10.605,75,8.9981,True,False,False,False,False,True,False,False,6,3,1,1,78
0,1,8.2,11.365,69,6.0032,True,False,False,False,False,True,False,False,7,3,1,1,215
0,1,8.2,12.88,75,0.0,True,False,False,False,False,True,False,False,8,3,1,1,388
0,1,9.02,13.635,69,0.0,True,False,False,False,False,True,False,False,9,3,1,1,227
0,1,9.84,12.88,52,6.0032,True,False,False,False,False,True,False,False,10,3,1,1,86
0,1,12.3,16.665,49,0.0,True,False,False,False,True,False,False,False,11,3,1,1,84
0,1,12.3,14.395,49,16.9979,True,False,False,False,True,False,False,False,12,3,1,1,120
0,1,13.94,15.15,42,19.9995,True,False,False,False,True,False,False,False,13,3,1,1,118
0,1,13.94,15.91,39,19.0012,True,False,False,False,True,False,False,False,14,3,1,1,117
0,1,14.76,16.665,34,19.0012,True,False,False,False,True,False,False,False,15,3,1,1,119
0,1,14.76,16.665,34,19.0012,True,False,False,False,True,False,False,False,16,3,1,1,197
0,1,14.76,17.425,34,12.998,True,False,False,False,False,True,False,False,17,3,1,1,412
0,1,13.94,16.665,36,11.0014,True,False,False,False,True,False,False,False,18,3,1,1,383
0,1,13.94,17.425,34,6.0032,True,False,False,False,True,False,False,False,19,3,1,1,265
0,1,12.3,16.665,49,0.0,True,False,False,False,True,False,False,False,20,3,1,1,177
0,1,10.66,13.635,60,8.9981,True,False,False,False,True,False,False,False,21,3,1,1,97
0,1,10.66,12.88,60,11.0014,True,False,False,False,True,False,False,False,22,3,1,1,71
0,1,9.84,12.88,70,7.0015,True,False,False,False,True,False,False,False,23,3,1,1,60
0,1,9.02,12.88,75,6.0032,True,False,False,False,True,False,False,False,0,4,1,1,25
0,1,9.02,13.635,75,0.0,True,False,False,False,True,False,False,False,1,4,1,1,8
0,1,9.02,11.365,69,11.0014,True,False,False,False,True,False,False,False,2,4,1,1,5
0,1,9.02,12.12,69,7.0015,True,False,False,False,True,False,False,False,3,4,1,1,4
0,1,9.02,11.365,69,8.9981,True,False,False,False,True,False,False,False,4,4,1,1,3
0,1,8.2,10.605,80,8.9981,True,False,False,False,False,True,False,False,5,4,1,1,13
0,1,9.02,12.12,73,7.0015,True,False,False,False,False,True,False,False,6,4,1,1,70
0,1,9.84,14.395,65,0.0,True,False,False,False,False,True,False,False,7,4,1,1,205
0,1,9.84,12.12,70,8.9981,True,False,False,False,True,False,False,False,8,4,1,1,447
0,1,9.84,12.12,70,11.0014,True,False,False,False,True,False,False,False,9,4,1,1,241
0,1,10.66,12.88,65,12.998,True,False,False,False,True,False,False,False,10,4,1,1,116
0,1,12.3,15.15,56,11.0014,True,False,False,False,True,False,False,False,11,4,1,1,138
0,1,14.76,16.665,50,16.9979,True,False,False,False,True,False,False,False,12,4,1,1,191
0,1,16.4,20.455,43,19.0012,True,False,False,False,True,False,False,False,13,4,1,1,204
0,1,18.86,22.725,36,12.998,True,False,False,False,True,False,False,False,14,4,1,1,178
0,1,21.32,25.0,27,16.9979,True,False,False,False,True,False,False,False,15,4,1,1,222
0,1,21.32,25.0,27,19.0012,True,False,False,False,True,False,False,False,16,4,1,1,294
0,1,18.86,22.725,36,15.0013,True,False,False,False,True,False,False,False,17,4,1,1,476
0,1,20.5,24.24,29,16.9979,True,False,False,False,True,False,False,False,18,4,1,1,419
0,1,18.86,22.725,33,19.0012,True,False,False,False,True,False,False,False,19,4,1,1,272
0,1,17.22,21.21,41,12.998,True,False,False,False,True,False,False,False,20,4,1,1,177
0,1,16.4,20.455,43,15.0013,True,False,False,False,True,False,False,False,21,4,1,1,154
0,1,14.76,17.425,50,12.998,True,False,False,False,True,False,False,False,22,4,1,1,135
0,1,14.76,18.94,50,0.0,True,False,False,False,True,False,False,False,23,4,1,1,101
0,0,14.76,17.425,50,11.0014,True,False,False,False,True,False,False,False,0,5,1,1,79
0,0,15.58,19.695,46,11.0014,True,False,False,False,True,False,False,False,1,5,1,1,62
0,0,14.76,18.18,50,7.0015,True,False,False,False,True,False,False,False,2,5,1,1,38
0,0,13.12,16.665,57,7.0015,True,False,False,False,True,False,False,False,3,5,1,1,20
0,0,13.12,16.665,57,6.0032,True,False,False,False,True,False,False,False,4,5,1,1,10
0,0,10.66,13.635,75,7.0015,True,False,False,False,True,False,False,False,5,5,1,1,9
0,0,10.66,13.635,75,7.0015,True,False,False,False,True,False,False,False,6,5,1,1,7
0,0,9.02,11.365,87,12.998,True,False,False,False,True,False,False,False,7,5,1,1,20
0,0,9.84,12.88,75,7.0015,True,False,False,False,True,False,False,False,8,5,1,1,64
0,0,9.02,11.365,80,8.9981,True,False,False,False,True,False,False,False,9,5,1,1,130
0,0,11.48,15.15,75,6.0032,True,False,False,False,True,False,False,False,10,5,1,1,203
0,0,13.94,15.91,57,15.0013,True,False,False,False,True,False,False,False,11,5,1,1,324
0,0,16.4,20.455,43,15.0013,True,False,False,False,True,False,False,False,12,5,1,1,376
0,0,18.04,21.97,44,12.998,True,False,False,False,True,False,False,False,13,5,1,1,445
0,0,20.5,24.24,42,19.0012,True,False,False,False,True,False,False,False,14,5,1,1,512
0,0,23.78,27.275,37,19.9995,True,False,False,False,True,False,False,False,15,5,1,1,449
0,0,22.96,26.515,37,19.0012,True,False,False,False,False,True,False,False,16,5,1,1,401
0,0,22.14,25.76,43,8.9981,True,False,False,False,False,True,False,False,17,5,1,1,322
0,0,22.14,25.76,45,8.9981,True,False,False,False,True,False,False,False,18,5,1,1,297
0,0,21.32,25.0,42,7.0015,True,False,False,False,True,False,False,False,19,5,1,1,215
0,0,20.5,24.24,39,16.9979,True,False,False,False,True,False,False,False,20,5,1,1,170
0,0,18.04,21.97,44,15.0013,True,False,False,False,True,False,False,False,21,5,1,1,140
0,0,18.04,21.97,38,16.9979,True,False,False,False,True,False,False,False,22,5,1,1,109
0,0,17.22,21.21,38,15.0013,True,False,False,False,True,False,False,False,23,5,1,1,119
0,0,15.58,19.695,40,19.0012,True,False,False,False,True,False,False,False,0,6,1,1,91
0,0,13.94,16.665,42,12.998,True,False,False,False,True,False,False,False,1,6,1,1,72
0,0,14.76,16.665,37,19.0012,True,False,False,False,True,False,False,False,2,6,1,1,67
0,0,13.94,16.665,42,8.9981,True,False,False,False,True,False,False,False,3,6,1,1,32
0,0,13.12,15.15,49,16.9979,True,False,False,False,True,False,False,False,4,6,1,1,6
0,0,13.12,16.665,49,7.0015,True,False,False,False,False,True,False,False,5,6,1,1,2
0,0,12.3,16.665,52,0.0,True,False,False,False,False,True,False,False,6,6,1,1,2
0,0,12.3,16.665,52,0.0,True,False,False,False,False,True,False,False,7,6,1,1,24
0,0,12.3,15.15,52,8.9981,True,False,False,False,True,False,False,False,8,6,1,1,57
0,0,13.12,16.665,53,8.9981,True,False,False,False,True,False,False,False,9,6,1,1,125
0,0,13.94,16.665,49,11.0014,True,False,False,False,True,False,False,False,10,6,1,1,208
0,0,14.76,17.425,46,15.0013,True,False,False,False,True,False,False,False,11,6,1,1,256
0,0,15.58,19.695,43,15.0013,True,False,False,False,True,False,False,False,12,6,1,1,351
0,0,16.4,20.455,37,19.9995,True,False,False,False,True,False,False,False,13,6,1,1,343
0,0,16.4,20.455,40,12.998,True,False,False,False,True,False,False,False,14,6,1,1,328
0,0,16.4,20.455,37,19.0012,True,False,False,False,True,False,False,False,15,6,1,1,330
0,0,16.4,20.455,37,19.9995,True,False,False,False,True,False,False,False,16,6,1,1,314
0,0,15.58,19.695,40,15.0013,True,False,False,False,True,False,False,False,17,6,1,1,219
0,0,13.94,15.91,46,15.0013,True,False,False,False,True,False,False,False,18,6,1,1,181
0,0,13.12,15.91,49,12.998,True,False,False,False,True,False,False,False,19,6,1,1,112
0,0,12.3,15.15,52,11.0014,True,False,False,False,True,False,False,False,20,6,1,1,126
0,0,11.48,13.635,56,15.0013,True,False,False,False,True,False,False,False,21,6,1,1,91
0,0,10.66,13.635,60,7.0015,True,False,False,False,True,False,False,False,22,6,1,1,58
0,0,10.66,12.12,56,16.9979,True,False,False,False,True,False,False,False,23,6,1,1,30
0,1,9.84,11.365,60,15.0013,True,False,False,False,True,False,False,False,0,0,1,1,15
0,1,9.84,12.12,60,8.9981,True,False,False,False,True,False,False,False,1,0,1,1,5
0,1,9.84,12.12,56,8.9981,True,False,False,False,True,False,False,False,2,0,1,1,5
0,1,9.84,12.12,52,11.0014,True,False,False,False,True,False,False,False,3,0,1,1,3
0,1,9.02,12.12,64,7.0015,True,False,False,False,True,False,False,False,4,0,1,1,4
0,1,8.2,11.365,64,6.0032,True,False,False,False,False,True,False,False,5,0,1,1,21
0,1,9.02,11.365,60,8.9981,True,False,False,False,False,True,False,False,6,0,1,1,88
0,1,9.02,12.12,60,7.0015,True,False,False,False,False,True,False,False,7,0,1,1,240
0,1,9.02,12.88,55,6.0032,True,False,False,False,False,True,False,False,8,0,1,1,420
0,1,9.02,13.635,64,0.0,True,False,False,False,False,True,False,False,9,0,1,1,197
0,1,9.84,14.395,60,0.0,True,False,False,False,True,False,False,False,10,0,1,1,108
0,1,10.66,14.395,56,6.0032,True,False,False,False,False,True,False,False,11,0,1,1,88
0,1,10.66,13.635,56,7.0015,True,False,False,False,False,True,False,False,12,0,1,1,103
0,1,10.66,13.635,56,7.0015,True,False,False,False,False,True,False,False,13,0,1,1,80
0,1,9.02,11.365,75,11.0014,True,False,False,False,False,False,True,False,14,0,1,1,50
0,1,9.02,11.365,75,11.0014,True,False,False,False,False,False,True,False,15,0,1,1,69
0,1,9.02,12.88,87,6.0032,True,False,False,False,False,False,True,False,16,0,1,1,49
0,1,9.02,13.635,87,0.0,True,False,False,False,False,False,True,False,17,0,1,1,152
0,1,8.2,11.365,86,6.0032,True,False,False,False,False,False,False,True,18,0,1,1,164
0,1,8.2,11.365,93,6.0032,True,False,False,False,False,False,True,False,19,0,1,1,190
0,1,8.2,11.365,86,6.0032,True,False,False,False,False,True,False,False,20,0,1,1,132
0,1,8.2,12.88,93,0.0,True,False,False,False,False,True,False,False,21,0,1,1,79
0,1,8.2,11.365,92,7.0015,True,False,False,False,False,True,False,False,22,0,1,1,62
0,1,9.02,12.12,87,7.0015,True,False,False,False,False,True,False,False,23,0,1,1,52
0,1,9.02,12.12,87,7.0015,True,False,False,False,False,True,False,False,0,1,1,1,14
0,1,9.02,12.12,93,7.0015,True,False,False,False,False,True,False,False,1,1,1,1,5
0,1,9.02,11.365,87,11.0014,True,False,False,False,False,True,False,False,2,1,1,1,4
0,1,8.2,10.605,86,11.0014,True,False,False,False,False,True,False,False,4,1,1,1,4
0,1,16.4,20.455,47,15.0013,True,False,False,False,True,False,False,False,5,1,1,1,23
0,1,7.38,9.09,93,12.998,True,False,False,False,False,True,False,False,6,1,1,1,79
0,1,7.38,9.85,93,11.0014,True,False,False,False,False,True,False,False,7,1,1,1,222
0,1,7.38,9.85,93,11.0014,True,False,False,False,False,True,False,False,8,1,1,1,471
0,1,7.38,9.85,93,11.0014,True,False,False,False,False,True,False,False,9,1,1,1,195
0,1,7.38,9.85,93,11.0014,True,False,False,False,False,True,False,False,10,1,1,1,83
0,1,17.22,21.21,38,19.9995,True,False,False,False,True,False,False,False,11,1,1,1,101
0,1,17.22,21.21,38,19.9995,True,False,False,False,True,False,False,False,12,1,1,1,140
0,1,17.22,21.21,38,19.9995,True,False,False,False,True,False,False,False,13,1,1,1,178
0,1,17.22,21.21,38,19.9995,True,False,False,False,True,False,False,False,14,1,1,1,106
0,1,17.22,21.21,38,19.9995,True,False,False,False,True,False,False,False,15,1,1,1,136
0,1,17.22,21.21,38,23.9994,True,False,False,False,True,False,False,False,16,1,1,1,240
0,1,17.22,21.21,38,16.9979,True,False,False,False,True,False,False,False,17,1,1,1,460
0,1,16.4,20.455,40,7.0015,True,False,False,False,True,False,False,False,18,1,1,1,385
0,1,15.58,19.695,46,7.0015,True,False,False,False,True,False,False,False,19,1,1,1,281
0,1,13.94,17.425,53,7.0015,True,False,False,False,True,False,False,False,20,1,1,1,200
0,1,13.12,16.665,66,6.0032,True,False,False,False,True,False,False,False,21,1,1,1,116
0,1,12.3,15.15,70,6.0032,True,False,False,False,True,False,False,False,22,1,1,1,114
0,1,10.66,13.635,81,7.0015,True,False,False,False,True,False,False,False,23,1,1,1,41
0,1,10.66,15.15,81,0.0,True,False,False,False,True,False,False,False,0,2,1,1,28
0,1,9.84,12.88,87,6.0032,True,False,False,False,True,False,False,False,1,2,1,1,7
0,1,8.2,10.605,85,11.0014,True,False,False,False,True,False,False,False,2,2,1,1,5
0,1,9.02,13.635,80,0.0,True,False,False,False,True,False,False,False,3,2,1,1,4
0,1,8.2,10.605,80,8.9981,True,False,False,False,True,False,False,False,4,2,1,1,2
0,1,8.2,10.605,80,8.9981,True,False,False,False,True,False,False,False,5,2,1,1,22
0,1,8.2,10.605,86,8.9981,True,False,False,False,True,False,False,False,6,2,1,1,74
0,1,8.2,10.605,80,8.9981,True,False,False,False,True,False,False,False,7,2,1,1,256
0,1,8.2,11.365,82,7.0015,True,False,False,False,True,False,False,False,8,2,1,1,499
0,1,8.2,10.605,86,8.9981,True,False,False,False,False,True,False,False,9,2,1,1,225
0,1,9.84,12.12,87,8.9981,True,False,False,False,False,True,False,False,10,2,1,1,97
0,1,10.66,14.395,87,6.0032,True,False,False,False,False,True,False,False,11,2,1,1,99
0,1,12.3,16.665,81,0.0,True,False,False,False,False,False,True,False,12,2,1,1,55
0,1,13.12,17.425,76,0.0,True,False,False,False,False,False,True,False,13,2,1,1,65
0,1,13.12,16.665,81,7.0015,True,False,False,False,False,False,True,False,14,2,1,1,73
0,1,13.94,17.425,87,6.0032,True,False,False,False,False,True,False,False,15,2,1,1,79
0,1,13.94,15.91,87,16.9979,True,False,False,False,False,True,False,False,16,2,1,1,118
0,1,13.94,15.91,87,15.0013,True,False,False,False,False,False,True,False,17,2,1,1,134
0,1,13.94,16.665,87,12.998,True,False,False,False,False,False,True,False,18,2,1,1,98
0,1,13.12,15.15,93,15.0013,True,False,False,False,False,False,True,False,19,2,1,1,93
0,1,13.12,15.91,93,11.0014,True,False,False,False,False,False,True,False,20,2,1,1,57
0,1,13.94,15.91,87,15.0013,True,False,False,False,False,False,True,False,21,2,1,1,29
0,1,13.94,16.665,87,12.998,True,False,False,False,False,False,True,False,22,2,1,1,49
0,1,13.94,15.91,87,15.0013,True,False,False,False,False,False,True,False,23,2,1,1,9
0,1,13.94,16.665,93,12.998,True,False,False,False,False,False,True,False,0,3,1,1,3
0,1,14.76,17.425,93,12.998,True,False,False,False,False,False,True,False,1,3,1,1,3
0,1,14.76,17.425,93,16.9979,True,False,False,False,False,False,True,False,2,3,1,1,2
0,1,14.76,17.425,93,16.9979,True,False,False,False,False,False,True,False,3,3,1,1,3
0,1,14.76,17.425,93,12.998,True,False,False,False,False,False,True,False,4,3,1,1,2
0,1,13.94,17.425,93,6.0032,True,False,False,False,False,False,True,False,5,3,1,1,16
0,1,14.76,17.425,93,8.9981,True,False,False,False,False,False,True,False,6,3,1,1,89
0,1,13.94,15.91,87,19.0012,True,False,False,False,False,True,False,False,7,3,1,1,220
0,1,13.12,15.91,81,12.998,True,False,False,False,True,False,False,False,8,3,1,1,508
0,1,13.12,16.665,81,7.0015,True,False,False,False,True,False,False,False,9,3,1,1,230
0,1,13.94,17.425,81,7.0015,True,False,False,False,True,False,False,False,10,3,1,1,90
0,1,13.94,17.425,81,7.0015,True,False,False,False,False,True,False,False,11,3,1,1,119
0,1,13.94,17.425,81,7.0015,True,False,False,False,False,True,False,False,12,3,1,1,144
0,1,17.22,21.21,77,11.0014,True,False,False,False,True,False,False,False,13,3,1,1,183
0,1,17.22,21.21,77,11.0014,True,False,False,False,True,False,False,False,14,3,1,1,156
0,1,18.04,21.97,72,8.9981,True,False,False,False,True,False,False,False,15,3,1,1,188
0,1,18.86,22.725,67,12.998,True,False,False,False,True,False,False,False,16,3,1,1,281
0,1,18.86,22.725,63,11.0014,True,False,False,False,True,False,False,False,17,3,1,1,495
0,1,18.04,21.97,67,12.998,True,False,False,False,True,False,False,False,18,3,1,1,421
0,1,17.22,21.21,71,11.0014,True,False,False,False,False,True,False,False,19,3,1,1,330
0,1,17.22,21.21,71,12.998,True,False,False,False,False,True,False,False,20,3,1,1,240
0,1,18.04,21.97,67,8.9981,True,False,False,False,True,False,False,False,21,3,1,1,174
0,1,15.58,19.695,76,19.9995,True,False,False,False,True,False,False,False,22,3,1,1,133
0,1,16.4,20.455,76,22.0028,True,False,False,False,True,False,False,False,23,3,1,1,67
0,1,16.4,20.455,71,19.0012,True,False,False,False,False,True,False,False,0,4,1,1,42
0,1,15.58,19.695,76,19.9995,True,False,False,False,False,True,False,False,1,4,1,1,12
0,1,16.4,20.455,76,23.9994,True,False,False,False,True,False,False,False,2,4,1,1,14
0,1,14.76,16.665,87,16.9979,True,False,False,False,True,False,False,False,3,4,1,1,7
0,1,13.12,14.395,70,32.9975,True,False,False,False,False,False,True,False,4,4,1,1,3
0,1,12.3,12.12,70,36.9974,True,False,False,False,False,True,False,False,5,4,1,1,21
0,1,10.66,12.88,75,15.0013,True,False,False,False,False,True,False,False,6,4,1,1,73
0,1,10.66,12.88,60,15.0013,True,False,False,False,True,False,False,False,7,4,1,1,177
0,1,9.84,10.605,52,23.9994,True,False,False,False,True,False,False,False,8,4,1,1,419
0,1,9.02,9.85,47,26.0027,True,False,False,False,True,False,False,False,9,4,1,1,214
0,1,9.84,9.85,44,30.0026,True,False,False,False,True,False,False,False,10,4,1,1,103
0,1,9.84,9.09,38,40.9973,True,False,False,False,True,False,False,False,11,4,1,1,114
0,1,9.84,9.85,38,32.9975,True,False,False,False,True,False,False,False,12,4,1,1,154
0,1,10.66,10.605,33,35.0008,True,False,False,False,True,False,False,False,13,4,1,1,154
0,1,10.66,10.605,33,36.9974,True,False,False,False,True,False,False,False,14,4,1,1,129
0,1,10.66,10.605,33,39.0007,True,False,False,False,True,False,False,False,15,4,1,1,138
0,1,11.48,12.12,30,31.0009,True,False,False,False,True,False,False,False,16,4,1,1,233
0,1,11.48,12.12,33,27.9993,True,False,False,False,True,False,False,False,17,4,1,1,332
0,1,10.66,11.365,38,19.9995,True,False,False,False,True,False,False,False,18,4,1,1,301
0,1,10.66,12.12,38,19.0012,True,False,False,False,True,False,False,False,19,4,1,1,206
0,1,9.84,12.12,41,11.0014,True,False,False,False,True,False,False,False,20,4,1,1,136
0,1,9.84,10.605,41,19.0012,True,False,False,False,True,False,False,False,21,4,1,1,102
0,1,8.2,9.09,47,22.0028,True,False,False,False,True,False,False,False,22,4,1,1,65
0,1,7.38,9.09,47,12.998,True,False,False,False,True,False,False,False,23,4,1,1,65
0,0,6.56,9.09,47,7.0015,True,False,False,False,True,False,False,False,0,5,1,1,44
0,0,6.56,7.575,47,12.998,True,False,False,False,True,False,False,False,1,5,1,1,50
0,0,6.56,8.335,47,11.0014,True,False,False,False,True,False,False,False,2,5,1,1,38
0,0,5.74,8.335,54,7.0015,True,False,False,False,True,False,False,False,3,5,1,1,20
0,0,5.74,7.575,50,8.9981,True,False,False,False,True,False,False,False,4,5,1,1,3
0,0,5.74,7.575,50,8.9981,True,False,False,False,True,False,False,False,5,5,1,1,4
0,0,5.74,7.575,50,0.0,True,False,False,False,True,False,False,False,6,5,1,1,5
0,0,5.74,7.575,50,8.9981,True,False,False,False,True,False,False,False,7,5,1,1,24
0,0,4.92,7.575,54,7.0015,True,False,False,False,True,False,False,False,8,5,1,1,92
0,0,5.74,8.335,50,7.0015,True,False,False,False,True,False,False,False,9,5,1,1,81
0,0,6.56,11.365,47,0.0,True,False,False,False,True,False,False,False,10,5,1,1,149
0,0,8.2,9.85,40,12.998,True,False,False,False,True,False,False,False,11,5,1,1,178
0,0,9.02,10.605,41,16.9979,True,False,False,False,True,False,False,False,12,5,1,1,219
0,0,9.02,10.605,44,19.0012,True,False,False,False,True,False,False,False,13,5,1,1,220
0,0,9.84,10.605,41,19.9995,True,False,False,False,True,False,False,False,14,5,1,1,231
0,0,9.84,10.605,38,19.9995,True,False,False,False,True,False,False,False,15,5,1,1,226
0,0,9.84,11.365,38,15.0013,True,False,False,False,True,False,False,False,16,5,1,1,206
0,0,9.84,11.365,41,16.9979,True,False,False,False,True,False,False,False,17,5,1,1,144
0,0,9.02,11.365,41,12.998,True,False,False,False,True,False,False,False,18,5,1,1,143
0,0,8.2,9.85,47,15.0013,True,False,False,False,True,False,False,False,19,5,1,1,102
0,0,8.2,9.85,44,16.9979,True,False,False,False,True,False,False,False,20,5,1,1,103
0,0,7.38,8.335,43,16.9979,True,False,False,False,True,False,False,False,21,5,1,1,69
0,0,6.56,6.82,47,23.9994,True,False,False,False,True,False,False,False,22,5,1,1,66
0,0,6.56,7.575,47,15.0013,True,False,False,False,True,False,False,False,23,5,1,1,76
0,0,6.56,6.82,47,22.0028,True,False,False,False,True,False,False,False,0,6,1,1,59
0,0,6.56,6.82,47,19.9995,True,False,False,False,False,True,False,False,1,6,1,1,42
0,0,6.56,6.82,47,19.0012,True,False,False,False,False,True,False,False,2,6,1,1,43
0,0,6.56,6.82,48,26.0027,True,False,False,False,False,True,False,False,3,6,1,1,25
0,0,6.56,6.82,47,26.0027,True,False,False,False,False,True,False,False,4,6,1,1,6
0,0,6.56,6.82,47,22.0028,True,False,False,False,False,True,False,False,5,6,1,1,5
0,0,5.74,6.06,50,19.0012,True,False,False,False,False,True,False,False,6,6,1,1,8
0,0,4.92,6.06,54,19.0012,True,False,False,False,True,False,False,False,7,6,1,1,17
0,0,4.92,6.06,54,15.0013,True,False,False,False,True,False,False,False,8,6,1,1,36
0,0,4.92,6.82,54,12.998,True,False,False,False,True,False,False,False,9,6,1,1,90
0,0,5.74,6.06,54,19.0012,True,False,False,False,True,False,False,False,10,6,1,1,126
0,0,6.56,7.575,47,15.0013,True,False,False,False,True,False,False,False,11,6,1,1,165
0,0,7.38,8.335,40,19.9995,True,False,False,False,True,False,False,False,12,6,1,1,234
0,0,8.2,9.09,34,19.0012,True,False,False,False,True,False,False,False,13,6,1,1,224
0,0,8.2,9.09,32,23.9994,True,False,False,False,True,False,False,False,14,6,1,1,188
0,0,9.02,11.365,27,12.998,True,False,False,False,True,False,False,False,15,6,1,1,206
0,0,9.02,10.605,29,19.9995,True,False,False,False,True,False,False,False,16,6,1,1,205
0,0,9.02,10.605,25,16.9979,True,False,False,False,True,False,False,False,17,6,1,1,146
0,0,7.38,9.09,29,15.0013,True,False,False,False,True,False,False,False,18,6,1,1,120
0,0,6.56,8.335,37,11.0014,True,False,False,False,True,False,False,False,19,6,1,1,110
0,0,6.56,9.09,37,7.0015,True,False,False,False,True,False,False,False,20,6,1,1,95
0,0,6.56,8.335,40,11.0014,True,False,False,False,True,False,False,False,21,6,1,1,72
0,0,7.38,10.605,37,6.0032,True,False,False,False,True,False,False,False,22,6,1,1,60
0,0,6.56,9.85,43,6.0032,True,False,False,False,True,False,False,False,23,6,1,1,29
1,0,5.74,7.575,46,8.9981,True,False,False,False,True,False,False,False,0,0,1,1,25
1,0,5.74,8.335,43,7.0015,True,False,False,False,True,False,False,False,1,0,1,1,20
1,0,5.74,10.605,46,0.0,True,False,False,False,True,False,False,False,2,0,1,1,17
1,0,4.92,9.85,50,0.0,True,False,False,False,True,False,False,False,3,0,1,1,3
1,0,4.92,7.575,58,7.0015,True,False,False,False,True,False,False,False,4,0,1,1,8
1,0,4.92,8.335,54,6.0032,True,False,False,False,True,False,False,False,5,0,1,1,6
1,0,4.1,6.82,54,6.0032,True,False,False,False,True,False,False,False,6,0,1,1,13
1,0,4.1,6.82,54,7.0015,True,False,False,False,True,False,False,False,7,0,1,1,33
1,0,4.1,6.06,58,11.0014,True,False,False,False,True,False,False,False,8,0,1,1,78
1,0,4.1,6.06,58,11.0014,True,False,False,False,True,False,False,False,9,0,1,1,96
1,0,5.74,6.82,59,12.998,True,False,False,False,False,True,False,False,10,0,1,1,126
1,0,6.56,7.575,59,16.9979,True,False,False,False,True,False,False,False,11,0,1,1,179
1,0,8.2,9.09,55,22.0028,True,False,False,False,True,False,False,False,12,0,1,1,185
1,0,9.84,9.85,41,27.9993,True,False,False,False,False,True,False,False,13,0,1,1,228
1,0,9.84,10.605,44,26.0027,True,False,False,False,True,False,False,False,14,0,1,1,181
1,0,10.66,10.605,44,30.0026,True,False,False,False,True,False,False,False,15,0,1,1,192
1,0,10.66,11.365,44,23.9994,True,False,False,False,True,False,False,False,16,0,1,1,180
1,0,10.66,11.365,48,22.0028,True,False,False,False,True,False,False,False,17,0,1,1,193
1,0,10.66,11.365,52,22.0028,True,False,False,False,True,False,False,False,18,0,1,1,181
1,0,10.66,12.12,56,19.0012,True,False,False,False,True,False,False,False,19,0,1,1,144
1,0,10.66,12.12,60,19.0012,True,False,False,False,True,False,False,False,20,0,1,1,90
1,0,11.48,12.88,52,22.0028,True,False,False,False,True,False,False,False,21,0,1,1,49
1,0,12.3,13.635,49,23.9994,True,False,False,False,False,True,False,False,22,0,1,1,43
1,0,10.66,11.365,70,19.9995,True,False,False,False,False,False,True,False,23,0,1,1,28
0,1,10.66,11.365,70,22.0028,True,False,False,False,False,True,False,False,0,1,1,1,12
0,1,11.48,12.88,65,23.9994,True,False,False,False,False,True,False,False,1,1,1,1,2
0,1,11.48,13.635,75,16.9979,True,False,False,False,False,False,True,False,2,1,1,1,12
0,1,13.12,15.15,66,22.0028,True,False,False,False,False,False,True,False,4,1,1,1,2
0,1,13.12,15.15,66,22.0028,True,False,False,False,False,False,True,False,5,1,1,1,13
0,1,12.3,14.395,75,16.9979,True,False,False,False,False,False,True,False,6,1,1,1,57
0,1,12.3,14.395,81,15.0013,True,False,False,False,False,False,True,False,7,1,1,1,126
0,1,12.3,14.395,81,19.0012,True,False,False,False,False,False,True,False,8,1,1,1,93
0,1,13.12,15.15,81,16.9979,True,False,False,False,False,False,True,False,9,1,1,1,68
0,1,12.3,14.395,87,16.9979,True,False,False,False,False,False,True,False,10,1,1,1,62
0,1,13.94,17.425,87,7.0015,True,False,False,False,False,True,False,False,11,1,1,1,75
0,1,13.12,15.15,87,19.0012,True,False,False,False,False,True,False,False,12,1,1,1,86
0,1,15.58,19.695,76,22.0028,True,False,False,False,False,True,False,False,13,1,1,1,103
0,1,18.04,21.97,62,32.9975,True,False,False,False,True,False,False,False,14,1,1,1,132
0,1,18.04,21.97,62,32.9975,True,False,False,False,True,False,False,False,15,1,1,1,129
0,1,18.86,22.725,63,36.9974,True,False,False,False,True,False,False,False,16,1,1,1,219
0,1,18.86,22.725,63,30.0026,True,False,False,False,True,False,False,False,17,1,1,1,462
0,1,18.86,22.725,63,30.0026,True,False,False,False,True,False,False,False,18,1,1,1,463
0,1,18.86,22.725,63,27.9993,True,False,False,False,True,False,False,False,19,1,1,1,308
0,1,18.86,22.725,63,23.9994,True,False,False,False,True,False,False,False,20,1,1,1,180
0,1,18.86,22.725,67,31.0009,True,False,False,False,True,False,False,False,21,1,1,1,180
0,1,18.86,22.725,72,26.0027,True,False,False,False,True,False,False,False,22,1,1,1,90
0,1,18.86,22.725,72,26.0027,True,False,False,False,True,False,False,False,23,1,1,1,61
0,1,18.86,22.725,77,22.0028,True,False,False,False,False,True,False,False,0,2,1,1,17
0,1,18.86,22.725,77,22.0028,True,False,False,False,False,True,False,False,1,2,1,1,10
0,1,18.04,21.97,51,32.9975,True,False,False,False,False,True,False,False,2,2,1,1,2
0,1,18.04,21.97,51,32.9975,True,False,False,False,False,True,False,False,3,2,1,1,4
0,1,13.94,14.395,46,35.0008,True,False,False,False,True,False,False,False,4,2,1,1,1
0,1,13.94,14.395,46,35.0008,True,False,False,False,True,False,False,False,5,2,1,1,29
0,1,13.94,14.395,36,35.0008,True,False,False,False,True,False,False,False,6,2,1,1,88
0,1,13.12,14.395,42,23.9994,True,False,False,False,True,False,False,False,7,2,1,1,263
0,1,12.3,13.635,52,27.9993,True,False,False,False,True,False,False,False,8,2,1,1,489
0,1,11.48,12.88,52,22.0028,True,False,False,False,True,False,False,False,9,2,1,1,202
0,1,12.3,13.635,42,31.0009,True,False,False,False,True,False,False,False,10,2,1,1,93
0,1,12.3,13.635,42,26.0027,True,False,False,False,True,False,False,False,11,2,1,1,114
0,1,12.3,12.88,39,32.9975,True,False,False,False,True,False,False,False,12,2,1,1,161
0,1,12.3,13.635,42,31.0009,True,False,False,False,True,False,False,False,13,2,1,1,130
0,1,12.3,13.635,33,26.0027,True,False,False,False,True,False,False,False,14,2,1,1,105
0,1,12.3,12.88,33,35.0008,True,False,False,False,True,False,False,False,15,2,1,1,130
0,1,11.48,11.365,30,35.0008,True,False,False,False,True,False,False,False,16,2,1,1,176
0,1,10.66,10.605,33,30.0026,True,False,False,False,True,False,False,False,17,2,1,1,346
0,1,9.84,10.605,32,23.9994,True,False,False,False,True,False,False,False,18,2,1,1,355
0,1,9.02,9.85,37,26.0027,True,False,False,False,True,False,False,False,19,2,1,1,256
0,1,9.02,10.605,37,16.9979,True,False,False,False,True,False,False,False,20,2,1,1,165
0,1,8.2,8.335,40,27.9993,True,False,False,False,True,False,False,False,21,2,1,1,124
0,1,7.38,8.335,47,16.9979,True,False,False,False,True,False,False,False,22,2,1,1,78
0,1,6.56,6.82,47,19.9995,True,False,False,False,True,False,False,False,23,2,1,1,38
0,1,5.74,6.82,50,12.998,True,False,False,False,True,False,False,False,0,3,1,1,16
0,1,5.74,7.575,50,11.0014,True,False,False,False,True,False,False,False,1,3,1,1,5
0,1,5.74,7.575,50,8.9981,True,False,False,False,True,False,False,False,2,3,1,1,3
0,1,4.92,7.575,54,7.0015,True,False,False,False,True,False,False,False,3,3,1,1,4
0,1,4.92,7.575,54,7.0015,True,False,False,False,True,False,False,False,4,3,1,1,1
0,1,4.92,6.06,55,16.9979,True,False,False,False,True,False,False,False,5,3,1,1,19
0,1,4.92,6.82,54,11.0014,True,False,False,False,True,False,False,False,6,3,1,1,86
0,1,4.92,8.335,54,6.0032,True,False,False,False,True,False,False,False,7,3,1,1,206
0,1,4.92,7.575,54,7.0015,True,False,False,False,True,False,False,False,8,3,1,1,423
0,1,4.92,9.85,54,0.0,True,False,False,False,True,False,False,False,9,3,1,1,210
0,1,5.74,10.605,59,0.0,True,False,False,False,True,False,False,False,10,3,1,1,108
0,1,6.56,8.335,55,11.0014,True,False,False,False,True,False,False,False,11,3,1,1,99
0,1,8.2,9.85,51,12.998,True,False,False,False,True,False,False,False,12,3,1,1,111
0,1,9.02,10.605,47,19.0012,True,False,False,False,True,False,False,False,13,3,1,1,124
0,1,9.84,11.365,44,12.998,True,False,False,False,True,False,False,False,14,3,1,1,119
0,1,10.66,11.365,44,19.9995,True,False,False,False,True,False,False,False,15,3,1,1,127
0,1,10.66,11.365,41,22.0028,True,False,False,False,True,False,False,False,16,3,1,1,193
0,1,10.66,11.365,44,22.0028,True,False,False,False,False,True,False,False,17,3,1,1,385
0,1,10.66,11.365,44,22.0028,True,False,False,False,False,True,False,False,18,3,1,1,361
0,1,10.66,11.365,48,19.9995,True,False,False,False,False,True,False,False,19,3,1,1,234
0,1,10.66,10.605,52,30.0026,True,False,False,False,True,False,False,False,20,3,1,1,191
0,1,10.66,11.365,44,23.9994,True,False,False,False,True,False,False,False,21,3,1,1,121
0,1,10.66,11.365,44,27.9993,True,False,False,False,False,True,False,False,22,3,1,1,90
0,1,10.66,11.365,48,22.0028,True,False,False,False,True,False,False,False,23,3,1,1,56
0,1,18.04,21.97,38,19.0012,True,False,False,False,True,False,False,False,0,2,2,1,31
0,1,18.04,21.97,41,19.0012,True,False,False,False,True,False,False,False,1,2,2,1,4
0,1,18.04,21.97,44,19.0012,True,False,False,False,True,False,False,False,2,2,2,1,7
0,1,18.04,21.97,44,12.998,True,False,False,False,True,False,False,False,3,2,2,1,3
0,1,16.4,20.455,50,11.0014,True,False,False,False,True,False,False,False,4,2,2,1,1
0,1,16.4,20.455,50,11.0014,True,False,False,False,True,False,False,False,5,2,2,1,18
0,1,16.4,20.455,54,11.0014,True,False,False,False,False,False,True,False,6,2,2,1,67
0,1,15.58,19.695,62,6.0032,True,False,False,False,False,False,True,False,7,2,2,1,208
0,1,14.76,18.18,73,7.0015,True,False,False,False,False,False,True,False,8,2,2,1,520
0,1,14.76,17.425,71,12.998,True,False,False,False,False,True,False,False,9,2,2,1,276
0,1,16.4,20.455,62,8.9981,True,False,False,False,True,False,False,False,10,2,2,1,133
0,1,16.4,20.455,58,11.0014,True,False,False,False,True,False,False,False,11,2,2,1,143
0,1,18.04,21.97,54,7.0015,True,False,False,False,True,False,False,False,12,2,2,1,179
0,1,18.86,22.725,47,15.0013,True,False,False,False,True,False,False,False,13,2,2,1,186
0,1,25.42,31.06,33,15.0013,True,False,False,False,True,False,False,False,14,2,2,1,192
0,1,24.6,31.06,35,19.0012,True,False,False,False,True,False,False,False,15,2,2,1,194
0,1,24.6,31.06,40,15.0013,True,False,False,False,True,False,False,False,16,2,2,1,283
0,1,23.78,27.275,43,12.998,True,False,False,False,True,False,False,False,17,2,2,1,539
0,1,22.96,26.515,46,11.0014,True,False,False,False,True,False,False,False,18,2,2,1,526
0,1,22.14,25.76,52,19.0012,True,False,False,False,True,False,False,False,19,2,2,1,335
0,1,21.32,25.0,52,11.0014,True,False,False,False,True,False,False,False,20,2,2,1,264
0,1,21.32,25.0,52,11.0014,True,False,False,False,True,False,False,False,21,2,2,1,233
0,1,20.5,24.24,55,12.998,True,False,False,False,True,False,False,False,22,2,2,1,140
0,1,18.86,22.725,63,6.0032,True,False,False,False,True,False,False,False,23,2,2,1,97
0,1,18.86,22.725,59,8.9981,True,False,False,False,True,False,False,False,0,3,2,1,31
0,1,18.86,22.725,55,0.0,True,False,False,False,False,True,False,False,1,3,2,1,17
0,1,17.22,21.21,67,8.9981,True,False,False,False,False,True,False,False,2,3,2,1,9
0,1,17.22,21.21,67,8.9981,True,False,False,False,False,True,False,False,3,3,2,1,2
0,1,16.4,20.455,82,6.0032,True,False,False,False,False,False,True,False,4,3,2,1,1
0,1,16.4,20.455,82,0.0,True,False,False,False,False,False,True,False,5,3,2,1,19
0,1,14.76,18.94,90,0.0,True,False,False,False,False,False,True,False,6,3,2,1,74
0,1,14.76,18.94,93,0.0,True,False,False,False,False,False,True,False,7,3,2,1,205
0,1,16.4,20.455,87,0.0,True,False,False,False,False,False,True,False,8,3,2,1,445
0,1,15.58,19.695,87,0.0,True,False,False,False,False,False,True,False,9,3,2,1,228
0,1,17.22,21.21,77,7.0015,True,False,False,False,False,False,True,False,10,3,2,1,78
0,1,16.4,20.455,82,16.9979,True,False,False,False,False,False,True,False,11,3,2,1,105
0,1,17.22,21.21,82,0.0,True,False,False,False,True,False,False,False,12,3,2,1,148
0,1,17.22,21.21,77,0.0,True,False,False,False,False,True,False,False,13,3,2,1,137
0,1,16.4,20.455,76,7.0015,True,False,False,False,True,False,False,False,14,3,2,1,141
0,1,18.86,22.725,67,11.0014,True,False,False,False,True,False,False,False,15,3,2,1,174
0,1,18.86,22.725,55,19.0012,True,False,False,False,True,False,False,False,16,3,2,1,229
0,1,17.22,21.21,54,32.9975,True,False,False,False,True,False,False,False,17,3,2,1,450
0,1,16.4,20.455,43,31.0009,True,False,False,False,True,False,False,False,18,3,2,1,410
0,1,15.58,19.695,43,35.0008,True,False,False,False,True,False,False,False,19,3,2,1,327
0,1,14.76,15.91,46,35.0008,True,False,False,False,True,False,False,False,20,3,2,1,213
0,1,13.94,15.15,46,27.9993,True,False,False,False,True,False,False,False,21,3,2,1,148
0,1,13.12,14.395,49,27.9993,True,False,False,False,True,False,False,False,22,3,2,1,109
0,1,13.12,15.15,49,16.9979,True,False,False,False,True,False,False,False,23,3,2,1,61
0,1,13.12,14.395,53,26.0027,True,False,False,False,True,False,False,False,0,4,2,1,38
0,1,12.3,13.635,56,22.0028,True,False,False,False,True,False,False,False,1,4,2,1,22
0,1,12.3,14.395,52,15.0013,True,False,False,False,True,False,False,False,2,4,2,1,6
0,1,11.48,12.88,56,19.9995,True,False,False,False,True,False,False,False,3,4,2,1,4
0,1,10.66,12.88,60,15.0013,True,False,False,False,True,False,False,False,4,4,2,1,2
0,1,10.66,12.88,60,15.0013,True,False,False,False,True,False,False,False,5,4,2,1,17
0,1,9.84,12.12,65,11.0014,True,False,False,False,True,False,False,False,6,4,2,1,88
0,1,9.84,11.365,65,15.0013,True,False,False,False,True,False,False,False,7,4,2,1,226
0,1,9.84,11.365,65,15.0013,True,False,False,False,True,False,False,False,8,4,2,1,441
0,1,9.84,11.365,65,12.998,True,False,False,False,True,False,False,False,9,4,2,1,270
0,1,11.48,12.88,56,19.0012,True,False,False,False,True,False,False,False,10,4,2,1,129
0,1,13.12,15.15,53,19.9995,True,False,False,False,True,False,False,False,11,4,2,1,164
0,1,13.94,16.665,46,8.9981,True,False,False,False,True,False,False,False,12,4,2,1,216
0,1,14.76,18.18,46,0.0,True,False,False,False,True,False,False,False,13,4,2,1,198
0,1,14.76,17.425,46,15.0013,True,False,False,False,True,False,False,False,14,4,2,1,170
0,1,15.58,19.695,40,0.0,True,False,False,False,True,False,False,False,15,4,2,1,216
0,1,16.4,20.455,37,7.0015,True,False,False,False,True,False,False,False,16,4,2,1,311
0,1,16.4,20.455,37,6.0032,True,False,False,False,True,False,False,False,17,4,2,1,488
0,1,15.58,19.695,40,8.9981,True,False,False,False,True,False,False,False,18,4,2,1,385
0,1,13.94,17.425,49,7.0015,True,False,False,False,True,False,False,False,19,4,2,1,267
0,1,13.94,17.425,49,7.0015,True,False,False,False,True,False,False,False,20,4,2,1,163
0,1,13.94,17.425,49,7.0015,True,False,False,False,True,False,False,False,21,4,2,1,134
0,1,13.94,17.425,49,7.0015,True,False,False,False,True,False,False,False,22,4,2,1,119
0,1,10.66,13.635,70,7.0015,True,False,False,False,True,False,False,False,23,4,2,1,77
0,0,10.66,13.635,70,7.0015,True,False,False,False,True,False,False,False,0,5,2,1,86
0,0,10.66,13.635,70,7.0015,True,False,False,False,True,False,False,False,1,5,2,1,43
0,0,9.84,12.88,70,6.0032,True,False,False,False,True,False,False,False,2,5,2,1,44
0,0,9.84,14.395,75,0.0,True,False,False,False,True,False,False,False,3,5,2,1,18
0,0,9.84,12.88,81,6.0032,True,False,False,False,True,False,False,False,4,5,2,1,6
0,0,9.84,12.88,81,6.0032,True,False,False,False,True,False,False,False,5,5,2,1,4
0,0,9.02,11.365,87,8.9981,True,False,False,False,True,False,False,False,6,5,2,1,5
0,0,9.84,12.12,87,8.9981,True,False,False,False,False,True,False,False,7,5,2,1,28
0,0,9.84,14.395,87,0.0,True,False,False,False,True,False,False,False,8,5,2,1,90
0,0,9.84,12.12,81,8.9981,True,False,False,False,True,False,False,False,9,5,2,1,157
0,0,9.84,12.88,87,7.0015,True,False,False,False,True,False,False,False,10,5,2,1,224
0,0,12.3,16.665,70,0.0,True,False,False,False,True,False,False,False,11,5,2,1,270
0,0,12.3,15.91,70,6.0032,True,False,False,False,False,True,False,False,12,5,2,1,300
0,0,12.3,14.395,70,12.998,True,False,False,False,False,True,False,False,13,5,2,1,302
0,0,13.12,15.15,66,15.0013,True,False,False,False,False,True,False,False,14,5,2,1,276
0,0,13.12,15.15,66,15.0013,True,False,False,False,False,True,False,False,15,5,2,1,305
0,0,13.94,16.665,61,11.0014,True,False,False,False,False,True,False,False,16,5,2,1,143
0,0,12.3,14.395,70,12.998,True,False,False,False,False,False,True,False,17,5,2,1,67
0,0,11.48,13.635,75,11.0014,True,False,False,False,False,False,True,False,18,5,2,1,64
0,0,10.66,13.635,87,8.9981,True,False,False,False,False,False,True,False,19,5,2,1,80
0,0,9.84,11.365,93,12.998,True,False,False,False,False,False,True,False,20,5,2,1,77
0,0,9.84,12.12,93,8.9981,True,False,False,False,False,False,True,False,21,5,2,1,78
0,0,9.84,12.88,87,6.0032,True,False,False,False,False,True,False,False,22,5,2,1,95
0,0,9.84,12.12,87,8.9981,True,False,False,False,False,True,False,False,23,5,2,1,70
0,0,9.84,12.12,87,8.9981,True,False,False,False,False,True,False,False,0,6,2,1,61
0,0,9.84,12.88,93,7.0015,True,False,False,False,False,True,False,False,1,6,2,1,51
0,0,9.84,12.88,93,7.0015,True,False,False,False,False,True,False,False,2,6,2,1,63
0,0,9.84,12.88,87,6.0032,True,False,False,False,False,False,True,False,3,6,2,1,17
0,0,9.84,12.12,87,8.9981,True,False,False,False,False,True,False,False,4,6,2,1,9
0,0,10.66,12.88,81,12.998,True,False,False,False,False,False,True,False,5,6,2,1,4
0,0,10.66,12.12,70,16.9979,True,False,False,False,False,True,False,False,6,6,2,1,4
0,0,9.84,12.12,75,11.0014,True,False,False,False,False,True,False,False,7,6,2,1,16
0,0,9.84,12.12,75,11.0014,True,False,False,False,False,True,False,False,8,6,2,1,62
0,0,9.84,11.365,70,15.0013,True,False,False,False,False,True,False,False,9,6,2,1,92
0,0,10.66,12.12,65,19.0012,True,False,False,False,False,True,False,False,10,6,2,1,148
0,0,10.66,12.88,70,12.998,True,False,False,False,False,True,False,False,11,6,2,1,182
0,0,10.66,12.88,65,12.998,True,False,False,False,False,True,False,False,12,6,2,1,248
0,0,11.48,13.635,61,11.0014,True,False,False,False,False,True,False,False,13,6,2,1,274
0,0,12.3,15.15,61,11.0014,True,False,False,False,True,False,False,False,14,6,2,1,243
0,0,12.3,14.395,56,16.9979,True,False,False,False,False,True,False,False,15,6,2,1,272
0,0,12.3,14.395,56,15.0013,True,False,False,False,True,False,False,False,16,6,2,1,296
0,0,13.12,15.91,53,11.0014,True,False,False,False,True,False,False,False,17,6,2,1,306
0,0,12.3,14.395,52,16.9979,True,False,False,False,True,False,False,False,18,6,2,1,181
0,0,12.3,14.395,52,15.0013,True,False,False,False,True,False,False,False,19,6,2,1,69
0,0,11.48,13.635,56,12.998,True,False,False,False,True,False,False,False,20,6,2,1,50
0,0,11.48,14.395,56,7.0015,True,False,False,False,True,False,False,False,21,6,2,1,66
0,0,10.66,13.635,60,7.0015,True,False,False,False,True,False,False,False,22,6,2,1,191
0,0,9.84,12.12,70,8.9981,True,False,False,False,True,False,False,False,23,6,2,1,42
0,1,9.84,12.12,65,8.9981,True,False,False,False,True,False,False,False,0,0,2,1,21
0,1,9.02,12.88,75,6.0032,True,False,False,False,True,False,False,False,1,0,2,1,6
0,1,9.02,13.635,75,0.0,True,False,False,False,True,False,False,False,2,0,2,1,3
0,1,7.38,10.605,80,7.0015,True,False,False,False,True,False,False,False,4,0,2,1,2
0,1,7.38,10.605,80,7.0015,True,False,False,False,True,False,False,False,5,0,2,1,17
0,1,6.56,9.09,86,7.0015,True,False,False,False,True,False,False,False,6,0,2,1,72
0,1,6.56,9.09,86,7.0015,True,False,False,False,True,False,False,False,7,0,2,1,234
0,1,6.56,9.09,86,8.9981,True,False,False,False,True,False,False,False,8,0,2,1,444
0,1,7.38,10.605,80,7.0015,True,False,False,False,True,False,False,False,9,0,2,1,277
0,1,9.02,12.12,75,7.0015,True,False,False,False,True,False,False,False,10,0,2,1,116
0,1,10.66,13.635,70,8.9981,True,False,False,False,True,False,False,False,11,0,2,1,116
0,1,13.12,15.91,61,11.0014,True,False,False,False,True,False,False,False,12,0,2,1,150
0,1,15.58,19.695,40,15.0013,True,False,False,False,True,False,False,False,13,0,2,1,141
0,1,16.4,20.455,35,11.0014,True,False,False,False,True,False,False,False,14,0,2,1,140
0,1,17.22,21.21,32,19.0012,True,False,False,False,True,False,False,False,15,0,2,1,171
0,1,16.4,20.455,43,16.9979,True,False,False,False,True,False,False,False,16,0,2,1,228
0,1,16.4,20.455,43,16.9979,True,False,False,False,True,False,False,False,17,0,2,1,430
0,1,15.58,19.695,43,15.0013,True,False,False,False,True,False,False,False,18,0,2,1,437
0,1,14.76,16.665,43,16.9979,True,False,False,False,True,False,False,False,19,0,2,1,291
0,1,13.94,16.665,46,11.0014,True,False,False,False,True,False,False,False,20,0,2,1,201
0,1,13.12,15.91,57,11.0014,True,False,False,False,True,False,False,False,21,0,2,1,154
0,1,12.3,15.15,65,8.9981,True,False,False,False,True,False,False,False,22,0,2,1,87
0,1,12.3,15.15,65,8.9981,True,False,False,False,True,False,False,False,23,0,2,1,46
0,1,12.3,14.395,70,12.998,True,False,False,False,True,False,False,False,0,1,2,1,23
0,1,11.48,14.395,61,8.9981,True,False,False,False,True,False,False,False,1,1,2,1,14
0,1,12.3,16.665,61,0.0,True,False,False,False,True,False,False,False,2,1,2,1,4
0,1,12.3,16.665,70,0.0,True,False,False,False,False,True,False,False,3,1,2,1,2
0,1,12.3,16.665,70,0.0,True,False,False,False,False,True,False,False,4,1,2,1,3
0,1,13.12,16.665,49,6.0032,True,False,False,False,True,False,False,False,5,1,2,1,15
0,1,13.12,15.15,45,19.9995,True,False,False,False,True,False,False,False,6,1,2,1,100
0,1,13.12,17.425,45,0.0,True,False,False,False,True,False,False,False,7,1,2,1,299
0,1,12.3,15.91,49,0.0,True,False,False,False,True,False,False,False,8,1,2,1,529
0,1,13.12,16.665,49,0.0,True,False,False,False,True,False,False,False,9,1,2,1,289
0,1,13.94,16.665,46,11.0014,True,False,False,False,True,False,False,False,10,1,2,1,116
0,1,14.76,17.425,46,12.998,True,False,False,False,True,False,False,False,11,1,2,1,129
0,1,16.4,20.455,40,22.0028,True,False,False,False,True,False,False,False,12,1,2,1,172
0,1,18.04,21.97,38,16.9979,True,False,False,False,True,False,False,False,13,1,2,1,184
0,1,18.04,21.97,38,16.9979,True,False,False,False,True,False,False,False,14,1,2,1,138
0,1,18.04,21.97,38,12.998,True,False,False,False,True,False,False,False,15,1,2,1,146
0,1,18.04,21.97,35,16.9979,True,False,False,False,True,False,False,False,16,1,2,1,276
0,1,18.04,21.97,35,12.998,True,False,False,False,True,False,False,False,17,1,2,1,509
0,1,17.22,21.21,38,12.998,True,False,False,False,True,False,False,False,18,1,2,1,518
0,1,15.58,19.695,43,15.0013,True,False,False,False,True,False,False,False,19,1,2,1,338
0,1,14.76,17.425,50,8.9981,True,False,False,False,True,False,False,False,20,1,2,1,212
0,1,13.94,17.425,61,7.0015,True,False,False,False,True,False,False,False,21,1,2,1,190
0,1,13.12,15.91,57,12.998,True,False,False,False,True,False,False,False,22,1,2,1,118
0,1,13.12,16.665,57,8.9981,True,False,False,False,True,False,False,False,23,1,2,1,51
0,1,12.3,14.395,56,15.0013,True,False,False,False,True,False,False,False,0,2,2,1,23
0,1,11.48,13.635,61,11.0014,True,False,False,False,True,False,False,False,1,2,2,1,10
0,1,10.66,15.15,65,0.0,True,False,False,False,True,False,False,False,2,2,2,1,1
0,1,10.66,15.15,65,0.0,True,False,False,False,True,False,False,False,3,2,2,1,1
0,1,9.84,12.88,70,6.0032,True,False,False,False,True,False,False,False,4,2,2,1,1
0,1,9.84,12.88,70,6.0032,True,False,False,False,True,False,False,False,5,2,2,1,20
0,1,9.84,14.395,70,0.0,True,False,False,False,False,True,False,False,6,2,2,1,98
0,1,9.84,12.88,70,7.0015,True,False,False,False,False,True,False,False,7,2,2,1,281
0,1,9.84,11.365,70,15.0013,True,False,False,False,False,True,False,False,8,2,2,1,508
0,1,9.84,12.88,70,11.0014,True,False,False,False,False,True,False,False,9,2,2,1,253
0,1,10.66,12.88,70,15.0013,True,False,False,False,False,True,False,False,10,2,2,1,108
0,1,10.66,12.88,65,15.0013,True,False,False,False,False,True,False,False,11,2,2,1,102
0,1,11.48,12.88,65,19.0012,True,False,False,False,False,True,False,False,12,2,2,1,138
0,1,11.48,14.395,61,7.0015,True,False,False,False,False,True,False,False,13,2,2,1,126
0,1,12.3,15.15,56,11.0014,True,False,False,False,False,True,False,False,14,2,2,1,108
0,1,12.3,15.91,61,7.0015,True,False,False,False,False,False,True,False,15,2,2,1,54
0,1,10.66,13.635,81,7.0015,True,False,False,False,False,False,True,False,16,2,2,1,75
0,1,9.84,12.88,87,7.0015,True,False,False,False,False,False,True,False,17,2,2,1,155
0,1,9.84,12.88,87,7.0015,True,False,False,False,False,False,True,False,18,2,2,1,167
0,1,9.84,12.88,87,7.0015,True,False,False,False,False,False,True,False,19,2,2,1,161
0,1,9.84,12.12,87,8.9981,True,False,False,False,False,False,True,False,20,2,2,1,125
0,1,9.84,11.365,87,12.998,True,False,False,False,False,False,True,False,21,2,2,1,129
0,1,9.84,12.12,87,8.9981,True,False,False,False,False,True,False,False,22,2,2,1,98
0,1,9.84,12.12,87,11.0014,True,False,False,False,False,True,False,False,23,2,2,1,60
0,1,9.84,12.12,87,11.0014,True,False,False,False,False,True,False,False,0,3,2,1,26
0,1,9.84,12.12,87,8.9981,True,False,False,False,False,True,False,False,1,3,2,1,12
0,1,9.02,11.365,80,8.9981,True,False,False,False,True,False,False,False,2,3,2,1,2
0,1,9.02,10.605,80,19.0012,True,False,False,False,True,False,False,False,3,3,2,1,4
0,1,9.02,9.85,75,30.0026,True,False,False,False,False,True,False,False,4,3,2,1,1
0,1,8.2,9.09,75,19.0012,True,False,False,False,True,False,False,False,5,3,2,1,18
0,1,8.2,9.09,75,19.0012,True,False,False,False,True,False,False,False,6,3,2,1,76
0,1,8.2,9.85,69,16.9979,True,False,False,False,True,False,False,False,7,3,2,1,267
0,1,8.2,9.85,64,16.9979,True,False,False,False,True,False,False,False,8,3,2,1,484
0,1,8.2,9.85,59,15.0013,True,False,False,False,True,False,False,False,9,3,2,1,238
0,1,9.02,10.605,51,15.0013,True,False,False,False,True,False,False,False,10,3,2,1,97
0,1,9.84,11.365,52,15.0013,True,False,False,False,True,False,False,False,11,3,2,1,99
0,1,10.66,11.365,48,22.0028,True,False,False,False,True,False,False,False,12,3,2,1,158
0,1,12.3,13.635,42,22.0028,True,False,False,False,True,False,False,False,13,3,2,1,154
0,1,13.12,15.15,39,19.9995,True,False,False,False,True,False,False,False,14,3,2,1,144
0,1,13.12,15.15,36,19.9995,True,False,False,False,True,False,False,False,15,3,2,1,134
0,1,13.94,16.665,36,0.0,True,False,False,False,True,False,False,False,16,3,2,1,238
0,1,13.94,16.665,34,8.9981,True,False,False,False,True,False,False,False,17,3,2,1,399
0,1,13.94,16.665,31,11.0014,True,False,False,False,True,False,False,False,18,3,2,1,417
0,1,13.12,16.665,33,7.0015,True,False,False,False,True,False,False,False,19,3,2,1,295
0,1,13.12,17.425,36,0.0,True,False,False,False,True,False,False,False,20,3,2,1,199
0,1,12.3,15.91,52,6.0032,True,False,False,False,True,False,False,False,21,3,2,1,177
0,1,12.3,16.665,56,0.0,True,False,False,False,False,True,False,False,22,3,2,1,107
0,1,12.3,16.665,52,0.0,True,False,False,False,False,True,False,False,23,3,2,1,84
0,1,11.48,15.15,65,6.0032,True,False,False,False,False,True,False,False,0,4,2,1,43
0,1,11.48,15.15,61,6.0032,True,False,False,False,False,True,False,False,1,4,2,1,13
0,1,10.66,14.395,52,6.0032,True,False,False,False,True,False,False,False,2,4,2,1,16
0,1,10.66,14.395,56,6.0032,True,False,False,False,True,False,False,False,3,4,2,1,5
0,1,10.66,14.395,56,6.0032,True,False,False,False,True,False,False,False,4,4,2,1,2
0,1,9.84,11.365,52,15.0013,True,False,False,False,True,False,False,False,5,4,2,1,17
0,1,8.2,9.85,59,12.998,True,False,False,False,True,False,False,False,6,4,2,1,64
0,1,8.2,10.605,59,11.0014,True,False,False,False,True,False,False,False,7,4,2,1,230
0,1,8.2,10.605,59,11.0014,True,False,False,False,True,False,False,False,8,4,2,1,448
0,1,9.02,11.365,55,11.0014,True,False,False,False,True,False,False,False,9,4,2,1,275
0,1,10.66,13.635,48,8.9981,True,False,False,False,False,True,False,False,10,4,2,1,124
0,1,11.48,14.395,45,7.0015,True,False,False,False,False,True,False,False,11,4,2,1,153
0,1,12.3,15.15,42,8.9981,True,False,False,False,False,True,False,False,12,4,2,1,176
0,1,12.3,15.91,42,6.0032,True,False,False,False,False,True,False,False,13,4,2,1,192
0,1,13.12,16.665,39,6.0032,True,False,False,False,False,True,False,False,14,4,2,1,146
0,1,13.12,16.665,45,8.9981,True,False,False,False,False,True,False,False,15,4,2,1,191
0,1,13.94,15.91,42,16.9979,True,False,False,False,False,True,False,False,16,4,2,1,268
0,1,13.94,16.665,42,12.998,True,False,False,False,False,True,False,False,17,4,2,1,396
0,1,12.3,15.15,61,8.9981,True,False,False,False,False,False,True,False,18,4,2,1,359
0,1,13.12,17.425,57,0.0,True,False,False,False,False,True,False,False,19,4,2,1,262
0,1,13.12,17.425,57,0.0,True,False,False,False,False,True,False,False,20,4,2,1,151
0,1,13.12,16.665,66,6.0032,True,False,False,False,False,True,False,False,21,4,2,1,122
0,1,13.12,17.425,66,0.0,True,False,False,False,False,True,False,False,22,4,2,1,113
0,1,12.3,15.91,70,6.0032,True,False,False,False,False,True,False,False,23,4,2,1,65
0,0,12.3,15.15,70,8.9981,True,False,False,False,False,True,False,False,0,5,2,1,53
0,0,11.48,14.395,81,8.9981,True,False,False,False,False,False,True,False,1,5,2,1,45
0,0,10.66,12.88,81,12.998,True,False,False,False,False,False,True,False,2,5,2,1,26
0,0,9.84,11.365,87,15.0013,True,False,False,False,False,False,True,False,3,5,2,1,9
0,0,9.84,11.365,87,15.0013,True,False,False,False,False,False,True,False,4,5,2,1,4
0,0,9.02,11.365,93,11.0014,True,False,False,False,False,False,True,False,5,5,2,1,2
0,0,9.02,11.365,93,8.9981,True,False,False,False,False,False,True,False,6,5,2,1,9
0,0,9.02,11.365,93,8.9981,True,False,False,False,False,False,True,False,7,5,2,1,19
0,0,9.02,11.365,93,8.9981,True,False,False,False,False,False,True,False,8,5,2,1,78
0,0,9.02,12.12,93,7.0015,True,False,False,False,False,False,True,False,9,5,2,1,90
0,0,9.02,12.12,93,7.0015,True,False,False,False,False,False,True,False,10,5,2,1,166
0,0,9.84,12.88,81,7.0015,True,False,False,False,False,True,False,False,11,5,2,1,183
0,0,10.66,12.88,81,11.0014,True,False,False,False,False,True,False,False,12,5,2,1,221
0,0,10.66,12.12,81,19.0012,True,False,False,False,False,True,False,False,13,5,2,1,235
0,0,10.66,12.12,81,16.9979,True,False,False,False,False,True,False,False,14,5,2,1,243
0,0,12.3,13.635,61,19.9995,True,False,False,False,False,True,False,False,15,5,2,1,124
0,0,9.02,9.85,75,27.9993,True,False,False,False,False,False,True,False,16,5,2,1,146
0,0,9.02,9.09,69,31.0009,True,False,False,False,False,False,True,False,17,5,2,1,144
0,0,9.02,9.09,47,43.9989,True,False,False,False,False,True,False,False,18,5,2,1,108
0,0,8.2,7.575,40,36.9974,True,False,False,False,False,True,False,False,19,5,2,1,87
0,0,6.56,6.06,43,36.9974,True,False,False,False,False,True,False,False,20,5,2,1,63
0,0,5.74,3.79,43,43.0006,True,False,False,False,True,False,False,False,21,5,2,1,48
0,0,5.74,5.305,39,26.0027,True,False,False,False,False,True,False,False,22,5,2,1,46
0,0,4.92,3.79,50,32.9975,True,False,False,False,False,False,True,False,23,5,2,1,20
0,0,4.1,3.79,68,26.0027,True,False,False,False,False,False,True,False,0,6,2,1,21
0,0,3.28,2.275,79,31.0009,True,False,False,False,False,False,True,False,1,6,2,1,24
0,0,4.1,3.03,58,39.0007,True,False,False,False,False,True,False,False,2,6,2,1,27
0,0,4.1,2.275,46,46.0022,True,False,False,False,False,True,False,False,3,6,2,1,14
0,0,4.1,2.275,46,47.9988,True,False,False,False,False,True,False,False,4,6,2,1,1
0,0,4.1,3.79,49,26.0027,True,False,False,False,True,False,False,False,5,6,2,1,3
0,0,4.1,3.79,49,26.0027,True,False,False,False,True,False,False,False,6,6,2,1,2
0,0,3.28,4.545,53,12.998,True,False,False,False,True,False,False,False,7,6,2,1,18
0,0,3.28,3.79,53,16.9979,True,False,False,False,True,False,False,False,8,6,2,1,26
0,0,4.1,4.545,49,19.9995,True,False,False,False,True,False,False,False,9,6,2,1,63
0,0,4.92,5.305,42,23.9994,True,False,False,False,True,False,False,False,10,6,2,1,91
0,0,4.92,5.305,42,19.9995,True,False,False,False,True,False,False,False,11,6,2,1,124
0,0,5.74,3.79,39,43.0006,True,False,False,False,True,False,False,False,12,6,2,1,140
0,0,6.56,6.06,40,30.0026,True,False,False,False,True,False,False,False,13,6,2,1,138
0,0,6.56,6.06,40,35.0008,True,False,False,False,True,False,False,False,14,6,2,1,111
0,0,6.56,6.06,40,36.9974,True,False,False,False,True,False,False,False,15,6,2,1,155
0,0,8.2,8.335,34,31.0009,True,False,False,False,True,False,False,False,16,6,2,1,164
0,0,7.38,7.575,37,27.9993,True,False,False,False,True,False,False,False,17,6,2,1,87
0,0,6.56,6.06,40,31.0009,True,False,False,False,True,False,False,False,18,6,2,1,96
0,0,6.56,6.82,40,19.0012,True,False,False,False,True,False,False,False,19,6,2,1,80
0,0,5.74,6.06,42,22.0028,True,False,False,False,True,False,False,False,20,6,2,1,57
0,0,5.74,6.06,43,19.9995,True,False,False,False,True,False,False,False,21,6,2,1,36
0,0,5.74,7.575,43,11.0014,True,False,False,False,True,False,False,False,22,6,2,1,28
0,0,5.74,6.82,43,15.0013,True,False,False,False,True,False,False,False,23,6,2,1,23
0,1,5.74,6.82,46,15.0013,True,False,False,False,True,False,False,False,0,0,2,1,9
0,1,4.92,6.06,50,15.0013,True,False,False,False,True,False,False,False,1,0,2,1,6
0,1,5.74,6.82,46,12.998,True,False,False,False,True,False,False,False,2,0,2,1,4
0,1,4.92,7.575,54,7.0015,True,False,False,False,True,False,False,False,3,0,2,1,1
0,1,4.92,8.335,54,6.0032,True,False,False,False,True,False,False,False,4,0,2,1,2
0,1,4.1,6.06,58,8.9981,True,False,False,False,True,False,False,False,5,0,2,1,17
0,1,4.1,5.305,54,15.0013,True,False,False,False,True,False,False,False,6,0,2,1,72
0,1,4.1,5.305,54,12.998,True,False,False,False,True,False,False,False,7,0,2,1,195
0,1,4.1,6.06,54,8.9981,True,False,False,False,True,False,False,False,8,0,2,1,417
0,1,4.92,6.82,50,12.998,True,False,False,False,True,False,False,False,9,0,2,1,205
0,1,5.74,7.575,50,8.9981,True,False,False,False,True,False,False,False,10,0,2,1,71
0,1,9.02,11.365,37,12.998,True,False,False,False,True,False,False,False,11,0,2,1,90
0,1,11.48,12.88,28,22.0028,True,False,False,False,True,False,False,False,12,0,2,1,118
0,1,13.12,15.15,22,15.0013,True,False,False,False,True,False,False,False,13,0,2,1,140
0,1,13.94,17.425,23,7.0015,True,False,False,False,True,False,False,False,14,0,2,1,135
0,1,14.76,17.425,27,8.9981,True,False,False,False,True,False,False,False,15,0,2,1,155
0,1,14.76,17.425,23,12.998,True,False,False,False,True,False,False,False,16,0,2,1,211
0,1,14.76,17.425,23,12.998,True,False,False,False,True,False,False,False,17,0,2,1,407
0,1,13.94,15.91,25,16.9979,True,False,False,False,True,False,False,False,18,0,2,1,405
0,1,13.94,16.665,25,8.9981,True,False,False,False,True,False,False,False,19,0,2,1,263
0,1,12.3,15.15,42,11.0014,True,False,False,False,True,False,False,False,20,0,2,1,214
0,1,11.48,14.395,45,8.9981,True,False,False,False,True,False,False,False,21,0,2,1,147
0,1,10.66,13.635,56,7.0015,True,False,False,False,True,False,False,False,22,0,2,1,102
0,1,11.48,15.91,41,0.0,True,False,False,False,True,False,False,False,23,0,2,1,36
0,1,10.66,15.15,60,0.0,True,False,False,False,False,True,False,False,0,1,2,1,14
0,1,10.66,15.15,56,0.0,True,False,False,False,False,True,False,False,1,1,2,1,6
0,1,11.48,15.91,41,0.0,True,False,False,False,False,True,False,False,2,1,2,1,3
0,1,10.66,15.15,52,0.0,True,False,False,False,False,True,False,False,3,1,2,1,3
0,1,10.66,13.635,65,7.0015,True,False,False,False,False,True,False,False,4,1,2,1,2
0,1,10.66,13.635,65,7.0015,True,False,False,False,False,True,False,False,5,1,2,1,22
0,1,10.66,15.15,56,0.0,True,False,False,False,False,True,False,False,6,1,2,1,90
0,1,9.84,12.88,60,6.0032,True,False,False,False,False,True,False,False,7,1,2,1,280
0,1,9.84,14.395,70,0.0,True,False,False,False,False,True,False,False,8,1,2,1,513
0,1,10.66,14.395,56,6.0032,True,False,False,False,False,True,False,False,9,1,2,1,262
0,1,10.66,13.635,60,8.9981,True,False,False,False,False,True,False,False,10,1,2,1,98
0,1,12.3,15.15,45,11.0014,True,False,False,False,False,True,False,False,11,1,2,1,112
0,1,12.3,14.395,52,15.0013,True,False,False,False,False,True,False,False,12,1,2,1,172
0,1,14.76,16.665,40,16.9979,True,False,False,False,False,True,False,False,13,1,2,1,173
0,1,16.4,20.455,40,15.0013,True,False,False,False,True,False,False,False,14,1,2,1,124
0,1,17.22,21.21,38,30.0026,True,False,False,False,False,True,False,False,15,1,2,1,145
0,1,17.22,21.21,35,19.9995,True,False,False,False,True,False,False,False,16,1,2,1,266
0,1,17.22,21.21,38,23.9994,True,False,False,False,True,False,False,False,17,1,2,1,523
0,1,15.58,19.695,46,19.9995,True,False,False,False,False,True,False,False,18,1,2,1,406
0,1,14.76,17.425,50,11.0014,True,False,False,False,False,True,False,False,19,1,2,1,281
0,1,15.58,19.695,46,8.9981,True,False,False,False,False,True,False,False,20,1,2,1,184
0,1,14.76,18.18,50,7.0015,True,False,False,False,False,True,False,False,21,1,2,1,109
0,1,14.76,18.18,50,7.0015,True,False,False,False,False,True,False,False,22,1,2,1,77
0,1,14.76,18.18,50,6.0032,True,False,False,False,False,True,False,False,23,1,2,1,57
0,1,13.12,17.425,57,0.0,True,False,False,False,True,False,False,False,0,2,2,1,22
0,1,13.94,18.18,53,0.0,True,False,False,False,True,False,False,False,1,2,2,1,5
0,1,12.3,16.665,61,0.0,True,False,False,False,True,False,False,False,2,2,2,1,4
0,1,11.48,15.91,75,0.0,True,False,False,False,True,False,False,False,3,2,2,1,3
0,1,11.48,14.395,70,7.0015,True,False,False,False,True,False,False,False,4,2,2,1,1
0,1,11.48,14.395,70,7.0015,True,False,False,False,True,False,False,False,5,2,2,1,25
0,1,12.3,15.15,61,8.9981,True,False,False,False,True,False,False,False,6,2,2,1,95
0,1,12.3,14.395,65,12.998,True,False,False,False,False,True,False,False,7,2,2,1,321
0,1,13.12,14.395,61,23.9994,True,False,False,False,True,False,False,False,8,2,2,1,515
0,1,13.12,15.15,61,22.0028,True,False,False,False,True,False,False,False,9,2,2,1,231
0,1,13.94,15.15,57,19.9995,True,False,False,False,True,False,False,False,10,2,2,1,120
0,1,14.76,16.665,53,19.0012,True,False,False,False,True,False,False,False,11,2,2,1,138
0,1,15.58,19.695,46,26.0027,True,False,False,False,True,False,False,False,12,2,2,1,163
0,1,16.4,20.455,43,19.0012,True,False,False,False,True,False,False,False,13,2,2,1,170
0,1,17.22,21.21,41,23.9994,True,False,False,False,True,False,False,False,14,2,2,1,134
0,1,17.22,21.21,41,15.0013,True,False,False,False,True,False,False,False,15,2,2,1,171
0,1,17.22,21.21,38,12.998,True,False,False,False,True,False,False,False,16,2,2,1,231
0,1,17.22,21.21,38,12.998,True,False,False,False,True,False,False,False,17,2,2,1,487
0,1,16.4,20.455,40,15.0013,True,False,False,False,True,False,False,False,18,2,2,1,468
0,1,15.58,19.695,43,11.0014,True,False,False,False,True,False,False,False,19,2,2,1,311
0,1,14.76,17.425,46,11.0014,True,False,False,False,True,False,False,False,20,2,2,1,211
0,1,13.94,16.665,53,11.0014,True,False,False,False,True,False,False,False,21,2,2,1,178
0,1,13.94,17.425,49,7.0015,True,False,False,False,True,False,False,False,22,2,2,1,107
0,1,13.94,17.425,53,6.0032,True,False,False,False,True,False,False,False,23,2,2,1,58
0,1,12.3,15.15,70,8.9981,True,False,False,False,False,True,False,False,0,3,2,1,23
0,1,12.3,16.665,70,0.0,True,False,False,False,False,True,False,False,1,3,2,1,5
0,1,12.3,15.91,70,6.0032,True,False,False,False,False,True,False,False,2,3,2,1,7
0,1,12.3,16.665,61,0.0,True,False,False,False,False,True,False,False,3,3,2,1,1
0,1,12.3,15.91,70,6.0032,True,False,False,False,False,False,True,False,4,3,2,1,3
0,1,12.3,16.665,70,0.0,True,False,False,False,False,True,False,False,5,3,2,1,20
0,1,12.3,15.91,70,6.0032,True,False,False,False,False,True,False,False,6,3,2,1,87
0,1,12.3,15.15,70,8.9981,True,False,False,False,False,True,False,False,7,3,2,1,288
0,1,12.3,15.91,70,6.0032,True,False,False,False,False,True,False,False,8,3,2,1,498
0,1,12.3,15.15,70,11.0014,True,False,False,False,False,True,False,False,9,3,2,1,202
0,1,13.12,16.665,70,8.9981,True,False,False,False,False,False,True,False,10,3,2,1,44
0,1,13.12,16.665,70,7.0015,True,False,False,False,False,False,True,False,11,3,2,1,71
0,1,13.12,16.665,76,6.0032,True,False,False,False,False,False,True,False,12,3,2,1,45
0,1,13.94,15.91,71,16.9979,True,False,False,False,False,False,True,False,13,3,2,1,64
0,1,13.12,15.91,81,12.998,True,False,False,False,False,False,True,False,14,3,2,1,31
0,1,13.94,18.18,76,0.0,True,False,False,False,False,False,True,False,15,3,2,1,53
0,1,13.94,18.18,81,0.0,True,False,False,False,False,False,True,False,16,3,2,1,118
0,1,13.94,18.18,87,0.0,True,False,False,False,False,False,True,False,17,3,2,1,289
0,1,13.94,16.665,87,8.9981,True,False,False,False,False,False,True,False,18,3,2,1,353
0,1,13.12,15.91,87,11.0014,True,False,False,False,False,True,False,False,19,3,2,1,258
0,1,13.12,16.665,87,8.9981,True,False,False,False,False,True,False,False,20,3,2,1,216
0,1,13.94,17.425,81,7.0015,True,False,False,False,False,True,False,False,21,3,2,1,145
0,1,13.12,17.425,81,0.0,True,False,False,False,False,True,False,False,22,3,2,1,111
0,1,13.12,16.665,81,6.0032,True,False,False,False,True,False,False,False,23,3,2,1,73
0,1,12.3,16.665,87,0.0,True,False,False,False,False,True,False,False,0,4,2,1,34
0,1,12.3,16.665,93,0.0,True,False,False,False,False,True,False,False,1,4,2,1,18
0,1,12.3,15.91,93,7.0015,True,False,False,False,False,True,False,False,2,4,2,1,12
0,1,11.48,14.395,93,7.0015,True,False,False,False,False,True,False,False,3,4,2,1,1
0,1,11.48,13.635,93,12.998,True,False,False,False,False,True,False,False,4,4,2,1,1
0,1,11.48,13.635,93,11.0014,True,False,False,False,False,True,False,False,5,4,2,1,16
0,1,11.48,14.395,96,8.9981,True,False,False,False,False,True,False,False,6,4,2,1,71
0,1,11.48,14.395,93,7.0015,True,False,False,False,False,True,False,False,7,4,2,1,226
0,1,10.66,15.15,100,0.0,True,False,False,False,False,True,False,False,8,4,2,1,520
0,1,10.66,15.15,100,0.0,True,False,False,False,False,True,False,False,9,4,2,1,283
0,1,13.94,15.91,71,19.0012,True,False,False,False,True,False,False,False,10,4,2,1,116
0,1,14.76,16.665,62,27.9993,True,False,False,False,True,False,False,False,11,4,2,1,142
0,1,15.58,19.695,46,26.0027,True,False,False,False,True,False,False,False,12,4,2,1,198
0,1,16.4,20.455,43,23.9994,True,False,False,False,True,False,False,False,13,4,2,1,205
0,1,16.4,20.455,37,23.9994,True,False,False,False,True,False,False,False,14,4,2,1,170
0,1,17.22,21.21,35,27.9993,True,False,False,False,True,False,False,False,15,4,2,1,221
0,1,17.22,21.21,32,19.9995,True,False,False,False,True,False,False,False,16,4,2,1,307
0,1,17.22,21.21,32,22.0028,True,False,False,False,True,False,False,False,17,4,2,1,465
0,1,16.4,20.455,35,16.9979,True,False,False,False,True,False,False,False,18,4,2,1,377
0,1,15.58,19.695,37,15.0013,True,False,False,False,True,False,False,False,19,4,2,1,282
0,1,16.4,20.455,35,12.998,True,False,False,False,True,False,False,False,20,4,2,1,171
0,1,15.58,19.695,37,12.998,True,False,False,False,True,False,False,False,21,4,2,1,129
0,1,14.76,17.425,40,15.0013,True,False,False,False,True,False,False,False,22,4,2,1,107
0,1,14.76,17.425,40,12.998,True,False,False,False,True,False,False,False,23,4,2,1,82
0,0,13.94,16.665,42,11.0014,True,False,False,False,True,False,False,False,0,5,2,1,86
0,0,13.12,15.91,49,11.0014,True,False,False,False,True,False,False,False,1,5,2,1,45
0,0,12.3,14.395,61,16.9979,True,False,False,False,True,False,False,False,2,5,2,1,45
0,0,11.48,14.395,65,7.0015,True,False,False,False,True,False,False,False,3,5,2,1,18
0,0,10.66,15.15,70,0.0,True,False,False,False,True,False,False,False,4,5,2,1,7
0,0,9.84,12.88,70,6.0032,True,False,False,False,True,False,False,False,5,5,2,1,1
0,0,9.84,14.395,70,0.0,True,False,False,False,True,False,False,False,6,5,2,1,9
0,0,9.84,14.395,70,0.0,True,False,False,False,True,False,False,False,7,5,2,1,41
0,0,9.02,13.635,87,0.0,True,False,False,False,True,False,False,False,8,5,2,1,102
0,0,9.02,12.12,80,7.0015,True,False,False,False,True,False,False,False,9,5,2,1,138
0,0,10.66,13.635,81,7.0015,True,False,False,False,True,False,False,False,10,5,2,1,205
0,0,13.12,16.665,57,8.9981,True,False,False,False,True,False,False,False,11,5,2,1,286
0,0,14.76,17.425,43,12.998,True,False,False,False,True,False,False,False,12,5,2,1,369
0,0,16.4,20.455,43,19.0012,True,False,False,False,True,False,False,False,13,5,2,1,384
0,0,18.04,21.97,35,23.9994,True,False,False,False,True,False,False,False,14,5,2,1,427
0,0,17.22,21.21,41,16.9979,True,False,False,False,True,False,False,False,15,5,2,1,499
0,0,18.04,21.97,44,22.0028,True,False,False,False,True,False,False,False,16,5,2,1,404
0,0,19.68,23.485,36,19.0012,True,False,False,False,True,False,False,False,17,5,2,1,364
0,0,18.86,22.725,38,19.9995,True,False,False,False,True,False,False,False,18,5,2,1,246
0,0,18.04,21.97,44,11.0014,True,False,False,False,True,False,False,False,19,5,2,1,188
0,0,18.04,21.97,44,11.0014,True,False,False,False,True,False,False,False,20,5,2,1,148
0,0,18.04,21.97,33,19.9995,True,False,False,False,True,False,False,False,21,5,2,1,114
0,0,16.4,20.455,40,30.0026,True,False,False,False,True,False,False,False,22,5,2,1,118
0,0,14.76,16.665,40,26.0027,True,False,False,False,False,True,False,False,23,5,2,1,74
0,0,13.94,15.15,39,23.9994,True,False,False,False,False,True,False,False,0,6,2,1,74
0,0,13.12,15.15,39,16.9979,True,False,False,False,False,True,False,False,1,6,2,1,72
0,0,12.3,14.395,36,19.0012,True,False,False,False,False,True,False,False,2,6,2,1,48
0,0,12.3,14.395,36,15.0013,True,False,False,False,False,True,False,False,3,6,2,1,15
0,0,11.48,12.88,41,26.0027,True,False,False,False,False,True,False,False,4,6,2,1,3
0,0,10.66,11.365,48,19.9995,True,False,False,False,False,True,False,False,5,6,2,1,2
0,0,9.84,10.605,52,22.0028,True,False,False,False,True,False,False,False,6,6,2,1,5
0,0,9.84,10.605,52,19.0012,True,False,False,False,False,True,False,False,7,6,2,1,14
0,0,9.84,11.365,56,12.998,True,False,False,False,False,True,False,False,8,6,2,1,56
0,0,9.84,11.365,56,16.9979,True,False,False,False,False,True,False,False,9,6,2,1,93
0,0,10.66,12.12,52,16.9979,True,False,False,False,False,True,False,False,10,6,2,1,191
0,0,10.66,11.365,56,22.0028,True,False,False,False,False,True,False,False,11,6,2,1,226
0,0,11.48,13.635,52,16.9979,True,False,False,False,False,True,False,False,12,6,2,1,255
0,0,12.3,15.15,49,11.0014,True,False,False,False,True,False,False,False,13,6,2,1,261
0,0,13.12,15.91,45,12.998,True,False,False,False,False,True,False,False,14,6,2,1,237
0,0,12.3,14.395,49,12.998,True,False,False,False,False,True,False,False,15,6,2,1,253
0,0,13.12,15.15,45,19.0012,True,False,False,False,False,True,False,False,16,6,2,1,212
0,0,12.3,14.395,49,16.9979,True,False,False,False,False,True,False,False,17,6,2,1,157
0,0,12.3,13.635,49,22.0028,True,False,False,False,False,True,False,False,18,6,2,1,167
0,0,12.3,14.395,52,16.9979,True,False,False,False,False,True,False,False,19,6,2,1,119
0,0,12.3,14.395,52,19.0012,True,False,False,False,False,True,False,False,20,6,2,1,103
0,0,10.66,12.88,65,11.0014,True,False,False,False,False,False,True,False,21,6,2,1,36
0,0,9.84,12.88,75,6.0032,True,False,False,False,False,False,True,False,22,6,2,1,55
0,0,9.02,11.365,93,11.0014,True,False,False,False,False,True,False,False,23,6,2,1,35
0,1,17.22,21.21,94,0.0,True,False,False,False,False,True,False,False,0,3,3,1,11
0,1,18.86,22.725,94,7.0015,True,False,False,False,False,False,True,False,1,3,3,1,12
0,1,18.86,22.725,94,19.0012,True,False,False,False,False,True,False,False,2,3,3,1,6
0,1,18.86,22.725,94,15.0013,True,False,False,False,True,False,False,False,3,3,3,1,3
0,1,19.68,23.485,88,12.998,True,False,False,False,True,False,False,False,4,3,3,1,5
0,1,19.68,23.485,88,11.0014,True,False,False,False,True,False,False,False,5,3,3,1,18
0,1,17.22,21.21,94,0.0,True,False,False,False,False,True,False,False,6,3,3,1,109
0,1,18.04,21.97,94,8.9981,True,False,False,False,False,True,False,False,7,3,3,1,304
0,1,17.22,21.21,94,8.9981,True,False,False,False,True,False,False,False,8,3,3,1,594
0,1,18.86,22.725,77,16.9979,True,False,False,False,True,False,False,False,9,3,3,1,286
0,1,21.32,25.0,55,11.0014,True,False,False,False,True,False,False,False,10,3,3,1,133
0,1,22.96,26.515,43,12.998,True,False,False,False,True,False,False,False,11,3,3,1,168
0,1,22.96,26.515,37,15.0013,True,False,False,False,True,False,False,False,12,3,3,1,220
0,1,23.78,27.275,32,16.9979,True,False,False,False,True,False,False,False,13,3,3,1,211
0,1,23.78,27.275,35,15.0013,True,False,False,False,True,False,False,False,14,3,3,1,211
0,1,24.6,31.06,31,16.9979,True,False,False,False,True,False,False,False,15,3,3,1,223
0,1,23.78,27.275,32,19.9995,True,False,False,False,True,False,False,False,16,3,3,1,361
0,1,22.96,26.515,35,19.9995,True,False,False,False,True,False,False,False,17,3,3,1,600
0,1,22.14,25.76,34,23.9994,True,False,False,False,True,False,False,False,18,3,3,1,525
0,1,19.68,23.485,41,22.0028,True,False,False,False,True,False,False,False,19,3,3,1,328
0,1,18.04,21.97,44,27.9993,True,False,False,False,True,False,False,False,20,3,3,1,254
0,1,17.22,21.21,47,31.0009,True,False,False,False,True,False,False,False,21,3,3,1,197
0,1,15.58,19.695,50,16.9979,True,False,False,False,True,False,False,False,22,3,3,1,126
0,1,14.76,17.425,50,15.0013,True,False,False,False,True,False,False,False,23,3,3,1,85
0,1,13.94,16.665,53,11.0014,True,False,False,False,True,False,False,False,0,4,3,1,46
0,1,13.94,15.91,49,15.0013,True,False,False,False,True,False,False,False,1,4,3,1,20
0,1,13.94,15.91,53,19.0012,True,False,False,False,True,False,False,False,2,4,3,1,6
0,1,13.12,15.91,57,12.998,True,False,False,False,True,False,False,False,3,4,3,1,3
0,1,13.12,17.425,61,0.0,True,False,False,False,True,False,False,False,4,4,3,1,2
0,1,12.3,16.665,70,0.0,True,False,False,False,True,False,False,False,5,4,3,1,24
0,1,12.3,16.665,70,0.0,True,False,False,False,True,False,False,False,6,4,3,1,92
0,1,12.3,16.665,70,0.0,True,False,False,False,True,False,False,False,7,4,3,1,262
0,1,11.48,15.15,75,6.0032,True,False,False,False,True,False,False,False,8,4,3,1,549
0,1,12.3,16.665,81,0.0,True,False,False,False,True,False,False,False,9,4,3,1,314
0,1,14.76,17.425,50,11.0014,True,False,False,False,True,False,False,False,10,4,3,1,132
0,1,15.58,19.695,46,12.998,True,False,False,False,True,False,False,False,11,4,3,1,194
0,1,16.4,20.455,43,11.0014,True,False,False,False,True,False,False,False,12,4,3,1,234
0,1,17.22,21.21,44,15.0013,True,False,False,False,True,False,False,False,13,4,3,1,222
0,1,18.04,21.97,44,19.0012,True,False,False,False,False,True,False,False,14,4,3,1,205
0,1,17.22,21.21,50,19.9995,True,False,False,False,False,True,False,False,15,4,3,1,78
0,1,16.4,20.455,58,19.9995,True,False,False,False,False,False,True,False,16,4,3,1,50
0,1,14.76,17.425,81,15.0013,True,False,False,False,False,False,True,False,17,4,3,1,128
0,1,14.76,17.425,87,12.998,True,False,False,False,False,False,True,False,18,4,3,1,160
0,1,14.76,17.425,87,12.998,True,False,False,False,False,False,True,False,19,4,3,1,174
0,1,14.76,17.425,87,12.998,True,False,False,False,False,True,False,False,20,4,3,1,100
0,1,14.76,18.18,87,6.0032,True,False,False,False,False,False,True,False,21,4,3,1,101
0,1,14.76,18.94,87,0.0,True,False,False,False,False,True,False,False,22,4,3,1,75
0,1,14.76,18.94,87,0.0,True,False,False,False,False,True,False,False,23,4,3,1,23
0,0,14.76,18.18,93,6.0032,True,False,False,False,False,False,True,False,0,5,3,1,22
0,0,14.76,18.94,93,0.0,True,False,False,False,False,False,True,False,1,5,3,1,44
0,0,14.76,18.18,93,6.0032,True,False,False,False,False,False,True,False,2,5,3,1,38
0,0,14.76,17.425,93,11.0014,True,False,False,False,False,True,False,False,3,5,3,1,21
0,0,14.76,17.425,93,12.998,True,False,False,False,False,True,False,False,4,5,3,1,2
0,0,14.76,18.18,93,6.0032,True,False,False,False,False,True,False,False,5,5,3,1,2
0,0,14.76,18.18,93,6.0032,True,False,False,False,False,True,False,False,6,5,3,1,7
0,0,14.76,17.425,93,8.9981,True,False,False,False,False,True,False,False,7,5,3,1,16
0,0,14.76,18.94,93,0.0,True,False,False,False,False,False,True,False,8,5,3,1,48
0,0,15.58,19.695,87,6.0032,True,False,False,False,False,False,True,False,9,5,3,1,94
0,0,16.4,20.455,87,0.0,True,False,False,False,False,True,False,False,10,5,3,1,168
0,0,16.4,20.455,87,6.0032,True,False,False,False,False,True,False,False,11,5,3,1,214
0,0,17.22,21.21,67,16.9979,True,False,False,False,False,True,False,False,12,5,3,1,299
0,0,18.04,21.97,51,19.0012,True,False,False,False,True,False,False,False,13,5,3,1,339
0,0,18.86,22.725,44,23.9994,True,False,False,False,False,True,False,False,14,5,3,1,430
0,0,19.68,23.485,29,19.9995,True,False,False,False,True,False,False,False,15,5,3,1,399
0,0,20.5,24.24,27,19.9995,True,False,False,False,True,False,False,False,16,5,3,1,467
0,0,20.5,24.24,23,22.0028,True,False,False,False,True,False,False,False,17,5,3,1,385
0,0,20.5,24.24,25,16.9979,True,False,False,False,True,False,False,False,18,5,3,1,303
0,0,18.86,22.725,33,11.0014,True,False,False,False,True,False,False,False,19,5,3,1,225
0,0,18.04,21.97,30,8.9981,True,False,False,False,True,False,False,False,20,5,3,1,149
0,0,18.86,22.725,19,22.0028,True,False,False,False,True,False,False,False,21,5,3,1,154
0,0,18.04,21.97,21,8.9981,True,False,False,False,True,False,False,False,22,5,3,1,134
0,0,17.22,21.21,24,0.0,True,False,False,False,True,False,False,False,23,5,3,1,106
0,0,16.4,20.455,30,23.9994,True,False,False,False,False,True,False,False,0,6,3,1,72
0,0,15.58,19.695,34,12.998,True,False,False,False,False,True,False,False,1,6,3,1,76
0,0,14.76,17.425,40,11.0014,True,False,False,False,False,True,False,False,2,6,3,1,80
0,0,14.76,17.425,43,8.9981,True,False,False,False,False,True,False,False,3,6,3,1,26
0,0,13.94,16.665,46,12.998,True,False,False,False,False,True,False,False,4,6,3,1,14
0,0,13.94,15.91,46,15.0013,True,False,False,False,False,True,False,False,5,6,3,1,5
0,0,12.3,13.635,52,19.9995,True,False,False,False,False,True,False,False,6,6,3,1,5
0,0,12.3,13.635,52,19.9995,True,False,False,False,False,True,False,False,7,6,3,1,23
0,0,12.3,13.635,52,22.0028,True,False,False,False,True,False,False,False,8,6,3,1,66
0,0,12.3,13.635,49,30.0026,True,False,False,False,True,False,False,False,9,6,3,1,118
0,0,12.3,13.635,49,22.0028,True,False,False,False,True,False,False,False,10,6,3,1,192
0,0,13.12,14.395,45,26.0027,True,False,False,False,True,False,False,False,11,6,3,1,256
0,0,13.94,15.15,42,23.9994,True,False,False,False,True,False,False,False,12,6,3,1,327
0,0,14.76,16.665,37,23.9994,True,False,False,False,True,False,False,False,13,6,3,1,364
0,0,14.76,16.665,34,23.9994,True,False,False,False,True,False,False,False,14,6,3,1,332
0,0,14.76,15.91,32,35.0008,True,False,False,False,True,False,False,False,15,6,3,1,334
0,0,14.76,15.91,29,32.9975,True,False,False,False,True,False,False,False,16,6,3,1,299
0,0,13.94,14.395,31,36.9974,True,False,False,False,True,False,False,False,17,6,3,1,263
0,0,13.12,13.635,33,40.9973,True,False,False,False,True,False,False,False,18,6,3,1,184
0,0,12.3,12.88,36,32.9975,True,False,False,False,True,False,False,False,19,6,3,1,132
0,0,11.48,13.635,38,16.9979,True,False,False,False,True,False,False,False,20,6,3,1,88
0,0,11.48,13.635,36,15.0013,True,False,False,False,True,False,False,False,21,6,3,1,79
0,0,10.66,12.12,41,16.9979,True,False,False,False,True,False,False,False,22,6,3,1,62
0,0,10.66,12.88,41,12.998,True,False,False,False,True,False,False,False,23,6,3,1,26
0,1,9.84,11.365,44,12.998,True,False,False,False,True,False,False,False,0,0,3,1,17
0,1,9.84,12.12,48,8.9981,True,False,False,False,True,False,False,False,1,0,3,1,6
0,1,9.84,12.12,48,8.9981,True,False,False,False,True,False,False,False,2,0,3,1,4
0,1,9.02,11.365,51,11.0014,True,False,False,False,True,False,False,False,3,0,3,1,1
0,1,8.2,11.365,55,6.0032,True,False,False,False,True,False,False,False,4,0,3,1,1
0,1,8.2,11.365,55,6.0032,True,False,False,False,True,False,False,False,5,0,3,1,18
0,1,7.38,9.85,59,8.9981,True,False,False,False,True,False,False,False,6,0,3,1,91
0,1,7.38,9.85,59,8.9981,True,False,False,False,True,False,False,False,7,0,3,1,260
0,1,8.2,11.365,59,7.0015,True,False,False,False,True,False,False,False,8,0,3,1,428
0,1,9.02,12.88,60,6.0032,True,False,False,False,False,True,False,False,9,0,3,1,197
0,1,9.84,12.88,60,0.0,True,False,False,False,False,True,False,False,10,0,3,1,86
0,1,10.66,13.635,56,8.9981,True,False,False,False,False,True,False,False,11,0,3,1,103
0,1,10.66,15.15,52,0.0,True,False,False,False,False,True,False,False,12,0,3,1,137
0,1,10.66,12.88,55,19.9995,True,False,False,False,False,True,False,False,13,0,3,1,120
0,1,11.48,12.88,57,23.9994,True,False,False,False,False,True,False,False,14,0,3,1,128
0,1,12.3,14.395,53,12.998,True,False,False,False,False,True,False,False,15,0,3,1,130
0,1,12.3,13.635,45,19.9995,True,False,False,False,True,False,False,False,16,0,3,1,210
0,1,12.3,13.635,45,19.9995,True,False,False,False,False,False,True,False,17,0,3,1,387
0,1,11.48,11.365,55,43.9989,True,False,False,False,False,False,True,False,18,0,3,1,375
0,1,10.66,12.88,53,15.0013,True,False,False,False,True,False,False,False,19,0,3,1,226
0,1,10.66,11.365,37,31.0009,True,False,False,False,True,False,False,False,20,0,3,1,179
0,1,10.66,11.365,37,26.0027,True,False,False,False,True,False,False,False,21,0,3,1,120
0,1,9.84,10.605,35,22.0028,True,False,False,False,True,False,False,False,22,0,3,1,78
0,1,9.02,9.09,37,39.0007,True,False,False,False,True,False,False,False,23,0,3,1,31
0,1,9.02,10.605,37,19.9995,True,False,False,False,True,False,False,False,0,1,3,1,8
0,1,8.2,9.85,44,16.9979,True,False,False,False,True,False,False,False,1,1,3,1,6
0,1,8.2,9.85,44,15.0013,True,False,False,False,True,False,False,False,2,1,3,1,4
0,1,7.38,8.335,51,19.0012,True,False,False,False,True,False,False,False,3,1,3,1,1
0,1,7.38,8.335,51,19.9995,True,False,False,False,True,False,False,False,4,1,3,1,3
0,1,7.38,9.09,51,15.0013,True,False,False,False,True,False,False,False,5,1,3,1,25
0,1,7.38,10.605,51,7.0015,True,False,False,False,True,False,False,False,6,1,3,1,102
0,1,6.56,9.09,55,8.9981,True,False,False,False,True,False,False,False,7,1,3,1,275
0,1,6.56,9.09,59,7.0015,True,False,False,False,True,False,False,False,8,1,3,1,501
0,1,9.02,13.635,47,0.0,True,False,False,False,True,False,False,False,9,1,3,1,233
0,1,9.84,12.88,44,0.0,True,False,False,False,True,False,False,False,10,1,3,1,129
0,1,10.66,12.88,41,11.0014,True,False,False,False,True,False,False,False,11,1,3,1,130
0,1,10.66,13.635,41,7.0015,True,False,False,False,True,False,False,False,12,1,3,1,138
0,1,12.3,15.15,39,8.9981,True,False,False,False,True,False,False,False,13,1,3,1,164
0,1,13.12,15.15,36,15.0013,True,False,False,False,True,False,False,False,14,1,3,1,136
0,1,13.94,15.15,36,19.9995,True,False,False,False,True,False,False,False,15,1,3,1,166
0,1,14.76,16.665,32,19.0012,True,False,False,False,True,False,False,False,16,1,3,1,250
0,1,14.76,16.665,34,19.0012,True,False,False,False,True,False,False,False,17,1,3,1,446
0,1,13.94,15.15,42,22.0028,True,False,False,False,True,False,False,False,18,1,3,1,457
0,1,13.94,15.15,46,19.9995,True,False,False,False,True,False,False,False,19,1,3,1,287
0,1,13.12,15.91,49,12.998,True,False,False,False,True,False,False,False,20,1,3,1,187
0,1,13.12,15.91,49,12.998,True,False,False,False,True,False,False,False,21,1,3,1,148
0,1,11.48,13.635,56,11.0014,True,False,False,False,True,False,False,False,22,1,3,1,106
0,1,11.48,13.635,61,15.0013,True,False,False,False,True,False,False,False,23,1,3,1,54
0,1,11.48,12.88,65,19.0012,True,False,False,False,True,False,False,False,0,2,3,1,15
0,1,12.3,13.635,61,19.9995,True,False,False,False,True,False,False,False,1,2,3,1,5
0,1,12.3,14.395,56,19.0012,True,False,False,False,True,False,False,False,2,2,3,1,4
0,1,12.3,13.635,56,23.9994,True,False,False,False,True,False,False,False,3,2,3,1,3
0,1,11.48,12.88,61,22.0028,True,False,False,False,True,False,False,False,4,2,3,1,3
0,1,11.48,12.88,56,19.9995,True,False,False,False,True,False,False,False,5,2,3,1,18
0,1,11.48,12.88,61,26.0027,True,False,False,False,True,False,False,False,6,2,3,1,108
0,1,10.66,11.365,65,26.0027,True,False,False,False,True,False,False,False,7,2,3,1,344
0,1,11.48,12.88,61,19.9995,True,False,False,False,True,False,False,False,8,2,3,1,566
0,1,12.3,13.635,61,22.0028,True,False,False,False,True,False,False,False,9,2,3,1,264
0,1,14.76,16.665,50,19.9995,True,False,False,False,True,False,False,False,10,2,3,1,147
0,1,17.22,21.21,38,19.9995,True,False,False,False,True,False,False,False,11,2,3,1,161
0,1,18.04,21.97,38,26.0027,True,False,False,False,True,False,False,False,12,2,3,1,215
0,1,20.5,24.24,34,27.9993,True,False,False,False,True,False,False,False,13,2,3,1,205
0,1,21.32,25.0,36,22.0028,True,False,False,False,True,False,False,False,14,2,3,1,175
0,1,22.14,25.76,37,30.0026,True,False,False,False,True,False,False,False,15,2,3,1,209
0,1,22.96,26.515,37,27.9993,True,False,False,False,True,False,False,False,16,2,3,1,288
0,1,22.96,26.515,43,32.9975,True,False,False,False,True,False,False,False,17,2,3,1,612
0,1,22.96,26.515,40,31.0009,True,False,False,False,True,False,False,False,18,2,3,1,544
0,1,22.14,25.76,42,23.9994,True,False,False,False,True,False,False,False,19,2,3,1,361
0,1,20.5,24.24,51,16.9979,True,False,False,False,True,False,False,False,20,2,3,1,260
0,1,18.04,21.97,62,16.9979,True,False,False,False,True,False,False,False,21,2,3,1,188
0,1,18.86,22.725,59,19.9995,True,False,False,False,True,False,False,False,22,2,3,1,159
0,1,18.04,21.97,62,22.0028,True,False,False,False,True,False,False,False,23,2,3,1,62
0,1,18.04,21.97,62,22.0028,True,False,False,False,True,False,False,False,0,3,3,1,46
0,1,18.86,22.725,63,22.0028,True,False,False,False,True,False,False,False,1,3,3,1,21
0,1,18.86,22.725,63,26.0027,True,False,False,False,True,False,False,False,2,3,3,1,11
0,1,18.86,22.725,63,26.0027,True,False,False,False,True,False,False,False,3,3,3,1,3
0,1,18.04,21.97,72,19.0012,True,False,False,False,True,False,False,False,4,3,3,1,2
0,1,17.22,21.21,77,15.0013,True,False,False,False,True,False,False,False,5,3,3,1,29
0,1,17.22,21.21,77,16.9979,True,False,False,False,True,False,False,False,6,3,3,1,109
0,1,17.22,21.21,77,23.9994,True,False,False,False,True,False,False,False,7,3,3,1,334
0,1,18.04,21.97,77,26.0027,True,False,False,False,True,False,False,False,8,3,3,1,585
0,1,18.86,22.725,72,31.0009,True,False,False,False,True,False,False,False,9,3,3,1,301
0,1,20.5,24.24,68,31.0009,True,False,False,False,True,False,False,False,10,3,3,1,138
0,1,22.14,25.76,60,31.0009,True,False,False,False,False,True,False,False,11,3,3,1,204
0,1,22.96,26.515,60,30.0026,True,False,False,False,False,True,False,False,12,3,3,1,251
0,1,24.6,31.06,49,43.0006,True,False,False,False,False,True,False,False,13,3,3,1,233
0,1,25.42,31.06,43,43.0006,True,False,False,False,False,True,False,False,14,3,3,1,203
0,1,26.24,31.06,38,46.0022,True,False,False,False,True,False,False,False,15,3,3,1,185
0,1,25.42,31.06,41,43.0006,True,False,False,False,False,True,False,False,16,3,3,1,342
0,1,25.42,31.06,38,43.9989,True,False,False,False,True,False,False,False,17,3,3,1,597
0,1,25.42,31.06,38,36.9974,True,False,False,False,False,True,False,False,18,3,3,1,590
0,1,24.6,31.06,40,30.0026,True,False,False,False,False,True,False,False,19,3,3,1,416
0,1,24.6,31.06,43,26.0027,True,False,False,False,False,True,False,False,20,3,3,1,302
0,1,24.6,31.06,43,26.0027,True,False,False,False,True,False,False,False,21,3,3,1,233
0,1,22.96,26.515,49,22.0028,True,False,False,False,True,False,False,False,22,3,3,1,153
0,1,22.96,26.515,49,30.0026,True,False,False,False,False,True,False,False,23,3,3,1,94
0,1,23.78,27.275,49,31.0009,True,False,False,False,False,True,False,False,0,4,3,1,54
0,1,22.96,26.515,52,32.9975,True,False,False,False,False,False,True,False,1,4,3,1,26
0,1,19.68,23.485,77,27.9993,True,False,False,False,False,False,True,False,2,4,3,1,11
0,1,18.86,22.725,77,35.0008,True,False,False,False,True,False,False,False,3,4,3,1,7
0,1,16.4,20.455,66,19.0012,True,False,False,False,False,False,True,False,4,4,3,1,1
0,1,16.4,20.455,66,19.0012,True,False,False,False,False,False,True,False,5,4,3,1,29
0,1,16.4,20.455,50,23.9994,True,False,False,False,False,True,False,False,6,4,3,1,85
0,1,15.58,19.695,40,19.9995,True,False,False,False,False,True,False,False,7,4,3,1,268
0,1,13.94,14.395,42,35.0008,True,False,False,False,False,True,False,False,8,4,3,1,501
0,1,13.94,14.395,42,35.0008,True,False,False,False,False,True,False,False,9,4,3,1,284
0,1,13.94,14.395,36,32.9975,True,False,False,False,False,True,False,False,10,4,3,1,159
0,1,14.76,16.665,34,23.9994,True,False,False,False,False,True,False,False,11,4,3,1,187
0,1,14.76,16.665,34,27.9993,True,False,False,False,True,False,False,False,12,4,3,1,201
0,1,15.58,19.695,29,26.0027,True,False,False,False,False,True,False,False,13,4,3,1,224
0,1,17.22,21.21,28,31.0009,True,False,False,False,True,False,False,False,14,4,3,1,178
0,1,18.86,22.725,24,16.9979,True,False,False,False,True,False,False,False,15,4,3,1,238
0,1,19.68,23.485,23,27.9993,True,False,False,False,True,False,False,False,16,4,3,1,343
0,1,18.86,22.725,24,26.0027,True,False,False,False,True,False,False,False,17,4,3,1,566
0,1,18.04,21.97,26,35.0008,True,False,False,False,True,False,False,False,18,4,3,1,470
0,1,17.22,21.21,28,40.9973,True,False,False,False,True,False,False,False,19,4,3,1,244
0,1,15.58,19.695,32,23.9994,True,False,False,False,True,False,False,False,20,4,3,1,159
0,1,14.76,16.665,34,22.0028,True,False,False,False,True,False,False,False,21,4,3,1,141
0,1,13.94,14.395,31,32.9975,True,False,False,False,True,False,False,False,22,4,3,1,107
0,1,13.12,15.15,33,19.9995,True,False,False,False,True,False,False,False,23,4,3,1,86
0,0,12.3,13.635,36,23.9994,True,False,False,False,True,False,False,False,0,5,3,1,77
0,0,12.3,14.395,36,16.9979,True,False,False,False,True,False,False,False,1,5,3,1,51
0,0,10.66,12.12,41,16.9979,True,False,False,False,True,False,False,False,2,5,3,1,42
0,0,10.66,11.365,41,19.9995,True,False,False,False,True,False,False,False,3,5,3,1,16
0,0,9.84,10.605,41,23.9994,True,False,False,False,True,False,False,False,4,5,3,1,4
0,0,9.02,10.605,42,19.0012,True,False,False,False,True,False,False,False,5,5,3,1,10
0,0,9.02,10.605,44,19.0012,True,False,False,False,True,False,False,False,6,5,3,1,12
0,0,9.02,10.605,44,16.9979,True,False,False,False,True,False,False,False,7,5,3,1,40
0,0,9.02,10.605,44,19.9995,True,False,False,False,True,False,False,False,8,5,3,1,111
0,0,9.84,10.605,41,22.0028,True,False,False,False,True,False,False,False,9,5,3,1,148
0,0,10.66,11.365,35,27.9993,True,False,False,False,True,False,False,False,10,5,3,1,223
0,0,12.3,13.635,33,22.0028,True,False,False,False,True,False,False,False,11,5,3,1,274
0,0,12.3,13.635,33,22.0028,True,False,False,False,True,False,False,False,12,5,3,1,329
0,0,13.12,15.15,29,19.0012,True,False,False,False,True,False,False,False,13,5,3,1,357
0,0,13.94,15.91,27,19.0012,True,False,False,False,True,False,False,False,14,5,3,1,379
0,0,13.94,18.18,25,0.0,True,False,False,False,True,False,False,False,15,5,3,1,406
0,0,14.76,18.18,23,0.0,True,False,False,False,True,False,False,False,16,5,3,1,390
0,0,14.76,18.94,23,0.0,True,False,False,False,True,False,False,False,17,5,3,1,354
0,0,14.76,18.18,21,6.0032,True,False,False,False,True,False,False,False,18,5,3,1,297
0,0,13.94,18.18,25,0.0,True,False,False,False,True,False,False,False,19,5,3,1,184
0,0,13.12,16.665,33,8.9981,True,False,False,False,True,False,False,False,20,5,3,1,121
0,0,12.3,14.395,39,15.0013,True,False,False,False,True,False,False,False,21,5,3,1,110
0,0,10.66,12.88,44,11.0014,True,False,False,False,True,False,False,False,22,5,3,1,100
0,0,10.66,12.88,41,12.998,True,False,False,False,True,False,False,False,23,5,3,1,83
0,0,10.66,14.395,44,6.0032,True,False,False,False,True,False,False,False,0,6,3,1,69
0,0,9.84,12.12,52,11.0014,True,False,False,False,True,False,False,False,1,6,3,1,61
0,0,9.84,12.12,60,8.9981,True,False,False,False,True,False,False,False,3,6,3,1,66
0,0,9.84,12.12,60,8.9981,True,False,False,False,True,False,False,False,4,6,3,1,22
0,0,9.84,12.12,60,11.0014,True,False,False,False,True,False,False,False,5,6,3,1,7
0,0,9.84,12.12,70,11.0014,True,False,False,False,True,False,False,False,6,6,3,1,10
0,0,9.02,11.365,69,8.9981,True,False,False,False,True,False,False,False,7,6,3,1,17
0,0,9.02,11.365,69,8.9981,True,False,False,False,True,False,False,False,8,6,3,1,72
0,0,10.66,12.88,60,15.0013,True,False,False,False,True,False,False,False,9,6,3,1,90
0,0,13.12,15.15,49,19.0012,True,False,False,False,True,False,False,False,10,6,3,1,218
0,0,14.76,16.665,43,19.0012,True,False,False,False,True,False,False,False,11,6,3,1,299
0,0,16.4,20.455,37,19.9995,True,False,False,False,True,False,False,False,12,6,3,1,410
0,0,17.22,21.21,41,19.9995,True,False,False,False,True,False,False,False,13,6,3,1,464
0,0,18.86,22.725,31,19.0012,True,False,False,False,True,False,False,False,14,6,3,1,501
0,0,20.5,24.24,29,19.9995,True,False,False,False,True,False,False,False,15,6,3,1,487
0,0,20.5,24.24,31,23.9994,True,False,False,False,True,False,False,False,16,6,3,1,509
0,0,21.32,25.0,27,19.9995,True,False,False,False,True,False,False,False,17,6,3,1,498
0,0,21.32,25.0,29,19.0012,True,False,False,False,True,False,False,False,18,6,3,1,389
0,0,20.5,24.24,31,19.0012,True,False,False,False,True,False,False,False,19,6,3,1,258
0,0,18.04,21.97,47,15.0013,True,False,False,False,True,False,False,False,20,6,3,1,171
0,0,17.22,21.21,54,15.0013,True,False,False,False,True,False,False,False,21,6,3,1,147
0,0,16.4,20.455,54,12.998,True,False,False,False,True,False,False,False,22,6,3,1,94
0,0,16.4,20.455,50,11.0014,True,False,False,False,True,False,False,False,23,6,3,1,52
0,1,15.58,19.695,54,12.998,True,False,False,False,True,False,False,False,0,0,3,1,24
0,1,15.58,19.695,50,8.9981,True,False,False,False,True,False,False,False,1,0,3,1,10
0,1,15.58,19.695,54,7.0015,True,False,False,False,True,False,False,False,2,0,3,1,9
0,1,14.76,17.425,50,8.9981,True,False,False,False,True,False,False,False,3,0,3,1,2
0,1,13.94,16.665,61,12.998,True,False,False,False,True,False,False,False,4,0,3,1,3
0,1,13.94,16.665,61,12.998,True,False,False,False,True,False,False,False,5,0,3,1,16
0,1,13.94,17.425,57,7.0015,True,False,False,False,True,False,False,False,6,0,3,1,88
0,1,13.94,17.425,53,7.0015,True,False,False,False,True,False,False,False,7,0,3,1,268
0,1,13.94,16.665,61,8.9981,True,False,False,False,True,False,False,False,8,0,3,1,564
0,1,15.58,19.695,54,11.0014,True,False,False,False,True,False,False,False,9,0,3,1,281
0,1,16.4,20.455,50,15.0013,True,False,False,False,True,False,False,False,10,0,3,1,137
0,1,18.04,21.97,44,15.0013,True,False,False,False,True,False,False,False,11,0,3,1,150
0,1,19.68,23.485,39,15.0013,True,False,False,False,True,False,False,False,12,0,3,1,221
0,1,22.14,25.76,32,16.9979,True,False,False,False,False,True,False,False,13,0,3,1,250
0,1,23.78,27.275,32,19.0012,True,False,False,False,False,True,False,False,14,0,3,1,221
0,1,22.96,26.515,40,8.9981,True,False,False,False,True,False,False,False,15,0,3,1,233
0,1,25.42,31.06,35,30.0026,True,False,False,False,True,False,False,False,16,0,3,1,332
0,1,25.42,31.06,38,27.9993,True,False,False,False,False,True,False,False,17,0,3,1,644
0,1,24.6,31.06,43,12.998,True,False,False,False,False,True,False,False,18,0,3,1,712
0,1,22.96,26.515,49,15.0013,True,False,False,False,False,True,False,False,19,0,3,1,446
0,1,22.96,26.515,49,15.0013,True,False,False,False,False,True,False,False,20,0,3,1,286
0,1,22.14,25.76,56,15.0013,True,False,False,False,False,True,False,False,21,0,3,1,205
0,1,22.96,26.515,56,15.0013,True,False,False,False,False,True,False,False,22,0,3,1,133
0,1,22.96,26.515,56,15.0013,True,False,False,False,True,False,False,False,23,0,3,1,63
0,1,22.96,26.515,52,12.998,True,False,False,False,False,True,False,False,0,1,3,1,26
0,1,21.32,25.0,59,15.0013,True,False,False,False,False,True,False,False,1,1,3,1,16
0,1,21.32,25.0,72,19.9995,True,False,False,False,False,False,True,False,2,1,3,1,1
0,1,21.32,25.0,72,19.9995,True,False,False,False,False,False,True,False,3,1,3,1,2
0,1,18.86,22.725,82,12.998,True,False,False,False,False,True,False,False,4,1,3,1,1
0,1,18.86,22.725,82,12.998,True,False,False,False,False,True,False,False,5,1,3,1,24
0,1,18.86,22.725,82,12.998,True,False,False,False,False,False,True,False,6,1,3,1,113
0,1,18.86,22.725,82,19.0012,True,False,False,False,False,True,False,False,7,1,3,1,308
0,1,18.86,22.725,82,19.0012,True,False,False,False,True,False,False,False,8,1,3,1,593
0,1,19.68,23.485,82,19.0012,True,False,False,False,True,False,False,False,9,1,3,1,342
0,1,21.32,25.0,77,15.0013,True,False,False,False,True,False,False,False,10,1,3,1,143
0,1,22.14,25.76,73,19.0012,True,False,False,False,True,False,False,False,11,1,3,1,219
0,1,24.6,30.305,60,19.0012,True,False,False,False,True,False,False,False,12,1,3,1,244
0,1,24.6,30.305,60,26.0027,True,False,False,False,True,False,False,False,13,1,3,1,233
0,1,26.24,31.06,53,22.0028,True,False,False,False,True,False,False,False,14,1,3,1,212
0,1,28.7,31.82,39,15.0013,True,False,False,False,True,False,False,False,15,1,3,1,264
0,1,29.52,32.575,34,26.0027,True,False,False,False,True,False,False,False,16,1,3,1,365
0,1,28.7,31.82,37,7.0015,True,False,False,False,True,False,False,False,17,1,3,1,676
0,1,28.7,31.82,34,19.9995,True,False,False,False,True,False,False,False,18,1,3,1,734
0,1,26.24,31.06,47,15.0013,True,False,False,False,True,False,False,False,19,1,3,1,479
0,1,24.6,31.06,49,11.0014,True,False,False,False,True,False,False,False,20,1,3,1,351
0,1,23.78,27.275,56,7.0015,True,False,False,False,True,False,False,False,21,1,3,1,244
0,1,22.96,26.515,60,6.0032,True,False,False,False,True,False,False,False,22,1,3,1,170
0,1,22.96,26.515,56,8.9981,True,False,False,False,True,False,False,False,23,1,3,1,87
0,1,22.14,25.76,60,7.0015,True,False,False,False,True,False,False,False,0,2,3,1,39
0,1,21.32,25.0,63,6.0032,True,False,False,False,True,False,False,False,1,2,3,1,27
0,1,20.5,24.24,68,12.998,True,False,False,False,True,False,False,False,2,2,3,1,2
0,1,19.68,23.485,72,12.998,True,False,False,False,True,False,False,False,3,2,3,1,4
0,1,19.68,23.485,67,6.0032,True,False,False,False,True,False,False,False,4,2,3,1,5
0,1,18.04,21.97,82,8.9981,True,False,False,False,True,False,False,False,5,2,3,1,27
0,1,18.04,21.97,82,6.0032,True,False,False,False,True,False,False,False,6,2,3,1,121
0,1,18.04,21.97,82,7.0015,True,False,False,False,True,False,False,False,7,2,3,1,368
0,1,18.04,21.97,82,0.0,True,False,False,False,True,False,False,False,8,2,3,1,662
0,1,21.32,25.0,68,0.0,True,False,False,False,True,False,False,False,9,2,3,1,351
0,1,22.96,26.515,56,7.0015,True,False,False,False,True,False,False,False,10,2,3,1,188
0,1,25.42,31.06,41,11.0014,True,False,False,False,False,True,False,False,11,2,3,1,220
0,1,26.24,31.06,29,0.0,True,False,False,False,False,True,False,False,12,2,3,1,267
0,1,27.06,31.06,27,15.0013,True,False,False,False,True,False,False,False,13,2,3,1,254
0,1,28.7,31.82,23,22.0028,True,False,False,False,True,False,False,False,14,2,3,1,224
0,1,28.7,31.82,24,0.0,True,False,False,False,True,False,False,False,15,2,3,1,283
0,1,29.52,31.82,25,12.998,True,False,False,False,True,False,False,False,16,2,3,1,356
0,1,28.7,31.82,28,6.0032,True,False,False,False,True,False,False,False,17,2,3,1,782
0,1,28.7,31.82,32,0.0,True,False,False,False,True,False,False,False,18,2,3,1,749
0,1,26.24,31.06,33,11.0014,True,False,False,False,True,False,False,False,19,2,3,1,472
0,1,25.42,31.06,35,7.0015,True,False,False,False,True,False,False,False,20,2,3,1,330
0,1,24.6,31.06,40,6.0032,True,False,False,False,True,False,False,False,21,2,3,1,288
0,1,21.32,25.0,55,8.9981,True,False,False,False,True,False,False,False,22,2,3,1,202
0,1,22.96,26.515,43,11.0014,True,False,False,False,True,False,False,False,23,2,3,1,91
0,1,22.14,25.76,49,8.9981,True,False,False,False,True,False,False,False,0,3,3,1,60
0,1,20.5,24.24,59,7.0015,True,False,False,False,True,False,False,False,1,3,3,1,23
0,1,20.5,24.24,59,0.0,True,False,False,False,True,False,False,False,2,3,3,1,19
0,1,20.5,24.24,63,0.0,True,False,False,False,True,False,False,False,3,3,3,1,7
0,1,18.04,21.97,77,7.0015,True,False,False,False,True,False,False,False,4,3,3,1,14
0,1,18.86,22.725,67,0.0,True,False,False,False,True,False,False,False,5,3,3,1,26
0,1,18.04,21.97,72,6.0032,True,False,False,False,True,False,False,False,6,3,3,1,117
0,1,18.04,21.97,72,6.0032,True,False,False,False,True,False,False,False,7,3,3,1,381
0,1,18.04,21.97,77,7.0015,True,False,False,False,True,False,False,False,8,3,3,1,623
0,1,19.68,23.485,77,6.0032,True,False,False,False,True,False,False,False,9,3,3,1,315
0,1,21.32,25.0,68,7.0015,True,False,False,False,True,False,False,False,10,3,3,1,164
0,1,22.96,26.515,60,8.9981,True,False,False,False,True,False,False,False,11,3,3,1,211
0,1,25.42,31.06,50,8.9981,True,False,False,False,False,True,False,False,12,3,3,1,265
0,1,27.06,31.06,41,6.0032,True,False,False,False,False,True,False,False,13,3,3,1,273
0,1,29.52,32.575,30,7.0015,True,False,False,False,False,True,False,False,14,3,3,1,258
0,1,29.52,32.575,32,15.0013,True,False,False,False,True,False,False,False,15,3,3,1,287
0,1,29.52,32.575,37,26.0027,True,False,False,False,True,False,False,False,16,3,3,1,426
0,1,28.7,31.82,39,16.9979,True,False,False,False,True,False,False,False,17,3,3,1,713
0,1,27.06,31.06,44,19.0012,True,False,False,False,True,False,False,False,18,3,3,1,746
0,1,26.24,31.06,50,12.998,True,False,False,False,False,True,False,False,19,3,3,1,425
0,1,23.78,27.275,60,23.9994,True,False,False,False,False,True,False,False,20,3,3,1,330
0,1,22.14,25.76,68,19.0012,True,False,False,False,True,False,False,False,21,3,3,1,243
0,1,21.32,25.0,68,8.9981,True,False,False,False,True,False,False,False,22,3,3,1,169
0,1,19.68,23.485,72,12.998,True,False,False,False,True,False,False,False,23,3,3,1,97
0,1,18.04,21.97,77,16.9979,True,False,False,False,True,False,False,False,0,4,3,1,57
0,1,17.22,21.21,82,22.0028,True,False,False,False,False,True,False,False,1,4,3,1,26
0,1,17.22,21.21,82,12.998,True,False,False,False,False,True,False,False,2,4,3,1,4
0,1,16.4,20.455,87,19.0012,True,False,False,False,False,True,False,False,3,4,3,1,3
0,1,16.4,20.455,87,16.9979,True,False,False,False,False,True,False,False,4,4,3,1,3
0,1,16.4,20.455,87,15.0013,True,False,False,False,False,True,False,False,5,4,3,1,32
0,1,16.4,20.455,87,11.0014,True,False,False,False,False,True,False,False,6,4,3,1,99
0,1,16.4,20.455,87,12.998,True,False,False,False,False,True,False,False,7,4,3,1,278
0,1,16.4,20.455,87,15.0013,True,False,False,False,False,True,False,False,8,4,3,1,562
0,1,17.22,21.21,82,0.0,True,False,False,False,False,True,False,False,9,4,3,1,312
0,1,16.4,20.455,87,6.0032,True,False,False,False,False,True,False,False,10,4,3,1,180
0,1,18.04,21.97,77,0.0,True,False,False,False,False,True,False,False,11,4,3,1,207
0,1,18.04,21.97,82,8.9981,True,False,False,False,False,True,False,False,12,4,3,1,294
0,1,18.86,22.725,77,6.0032,True,False,False,False,False,True,False,False,13,4,3,1,260
0,1,19.68,23.485,72,0.0,True,False,False,False,False,True,False,False,14,4,3,1,202
0,1,18.86,22.725,82,7.0015,True,False,False,False,False,False,True,False,15,4,3,1,107
0,1,19.68,23.485,77,0.0,True,False,False,False,False,False,True,False,16,4,3,1,129
0,1,19.68,23.485,82,6.0032,True,False,False,False,False,False,True,False,17,4,3,1,258
0,1,19.68,23.485,82,6.0032,True,False,False,False,False,False,True,False,18,4,3,1,408
0,1,18.86,22.725,88,0.0,True,False,False,False,False,True,False,False,19,4,3,1,296
0,1,18.86,22.725,88,0.0,True,False,False,False,True,False,False,False,20,4,3,1,235
0,1,18.04,21.97,94,0.0,True,False,False,False,False,True,False,False,21,4,3,1,152
0,1,18.04,21.97,94,0.0,True,False,False,False,False,True,False,False,22,4,3,1,148
0,1,18.04,21.97,94,0.0,True,False,False,False,False,True,False,False,23,4,3,1,126
0,0,18.04,21.97,94,6.0032,True,False,False,False,False,True,False,False,0,5,3,1,100
0,0,18.04,21.97,94,0.0,True,False,False,False,False,True,False,False,1,5,3,1,69
0,0,18.04,21.97,88,0.0,True,False,False,False,False,True,False,False,2,5,3,1,42
0,0,18.04,21.97,88,0.0,True,False,False,False,False,True,False,False,3,5,3,1,26
0,0,17.22,21.21,94,0.0,True,False,False,False,False,True,False,False,4,5,3,1,2
0,0,17.22,21.21,94,6.0032,True,False,False,False,False,True,False,False,5,5,3,1,8
0,0,17.22,21.21,94,12.998,True,False,False,False,False,True,False,False,6,5,3,1,30
0,0,16.4,20.455,100,8.9981,True,False,False,False,False,True,False,False,7,5,3,1,86
0,0,17.22,21.21,94,7.0015,True,False,False,False,False,True,False,False,8,5,3,1,218
0,0,18.04,21.97,88,6.0032,True,False,False,False,False,True,False,False,9,5,3,1,321
0,0,20.5,24.24,77,6.0032,True,False,False,False,False,True,False,False,10,5,3,1,443
0,0,21.32,25.0,77,8.9981,True,False,False,False,False,True,False,False,11,5,3,1,585
0,0,22.96,26.515,68,11.0014,True,False,False,False,True,False,False,False,12,5,3,1,651
0,0,24.6,30.305,60,7.0015,True,False,False,False,True,False,False,False,13,5,3,1,686
0,0,25.42,31.06,53,6.0032,True,False,False,False,True,False,False,False,14,5,3,1,690
0,0,26.24,31.06,53,8.9981,True,False,False,False,True,False,False,False,15,5,3,1,679
0,0,26.24,31.06,50,0.0,True,False,False,False,True,False,False,False,16,5,3,1,685
0,0,26.24,31.06,50,8.9981,True,False,False,False,True,False,False,False,17,5,3,1,648
0,0,25.42,31.06,57,19.9995,True,False,False,False,True,False,False,False,18,5,3,1,560
0,0,23.78,27.275,64,19.0012,True,False,False,False,True,False,False,False,19,5,3,1,417
0,0,22.96,26.515,64,12.998,True,False,False,False,True,False,False,False,20,5,3,1,271
0,0,22.14,25.76,68,11.0014,True,False,False,False,True,False,False,False,21,5,3,1,223
0,0,22.14,25.76,68,0.0,True,False,False,False,True,False,False,False,22,5,3,1,211
0,0,20.5,24.24,77,11.0014,True,False,False,False,True,False,False,False,23,5,3,1,185
0,0,18.86,22.725,88,12.998,True,False,False,False,True,False,False,False,0,6,3,1,107
0,0,18.86,22.725,82,8.9981,True,False,False,False,True,False,False,False,1,6,3,1,113
0,0,18.86,22.725,82,7.0015,True,False,False,False,False,True,False,False,2,6,3,1,56
0,0,18.04,21.97,88,8.9981,True,False,False,False,False,True,False,False,3,6,3,1,18
0,0,17.22,21.21,94,11.0014,True,False,False,False,False,True,False,False,4,6,3,1,14
0,0,16.4,20.455,94,7.0015,True,False,False,False,False,True,False,False,5,6,3,1,6
0,0,16.4,20.455,94,7.0015,True,False,False,False,False,True,False,False,6,6,3,1,11
0,0,17.22,21.21,88,11.0014,True,False,False,False,False,False,True,False,7,6,3,1,42
0,0,17.22,21.21,88,7.0015,True,False,False,False,False,True,False,False,8,6,3,1,96
0,0,17.22,21.21,88,6.0032,True,False,False,False,False,True,False,False,9,6,3,1,178
0,0,17.22,21.21,88,7.0015,True,False,False,False,False,True,False,False,10,6,3,1,351
0,0,18.04,21.97,82,11.0014,True,False,False,False,False,True,False,False,11,6,3,1,368
0,0,18.04,21.97,88,8.9981,True,False,False,False,False,True,False,False,12,6,3,1,503
0,0,18.86,22.725,82,11.0014,True,False,False,False,False,True,False,False,13,6,3,1,544
0,0,20.5,24.24,77,6.0032,True,False,False,False,False,True,False,False,14,6,3,1,521
0,0,22.14,25.76,68,6.0032,True,False,False,False,True,False,False,False,15,6,3,1,554
0,0,22.14,25.76,73,6.0032,True,False,False,False,True,False,False,False,16,6,3,1,541
0,0,22.96,26.515,64,6.0032,True,False,False,False,True,False,False,False,17,6,3,1,541
0,0,22.96,26.515,64,11.0014,True,False,False,False,True,False,False,False,18,6,3,1,459
0,0,22.96,26.515,64,11.0014,True,False,False,False,True,False,False,False,19,6,3,1,352
0,0,21.32,25.0,77,8.9981,True,False,False,False,True,False,False,False,20,6,3,1,198
0,0,21.32,25.0,72,6.0032,True,False,False,False,True,False,False,False,21,6,3,1,173
0,0,20.5,24.24,77,7.0015,True,False,False,False,True,False,False,False,22,6,3,1,100
0,0,19.68,23.485,82,11.0014,True,False,False,False,True,False,False,False,23,6,3,1,46
0,1,19.68,23.485,82,7.0015,True,False,False,False,True,False,False,False,0,0,3,1,23
0,1,18.86,22.725,88,7.0015,True,False,False,False,True,False,False,False,1,0,3,1,15
0,1,18.86,22.725,88,11.0014,True,False,False,False,True,False,False,False,2,0,3,1,8
0,1,18.86,22.725,88,6.0032,True,False,False,False,True,False,False,False,3,0,3,1,2
0,1,18.04,21.97,94,0.0,True,False,False,False,True,False,False,False,4,0,3,1,3
0,1,18.04,21.97,94,0.0,True,False,False,False,True,False,False,False,5,0,3,1,31
0,1,18.86,22.725,88,8.9981,True,False,False,False,True,False,False,False,6,0,3,1,120
0,1,18.86,22.725,88,12.998,True,False,False,False,True,False,False,False,7,0,3,1,354
0,1,18.86,22.725,88,7.0015,True,False,False,False,True,False,False,False,8,0,3,1,579
0,1,20.5,24.24,72,11.0014,True,False,False,False,True,False,False,False,9,0,3,1,331
0,1,21.32,25.0,72,8.9981,True,False,False,False,True,False,False,False,10,0,3,1,184
0,1,22.96,26.515,68,11.0014,True,False,False,False,True,False,False,False,11,0,3,1,201
0,1,24.6,30.305,64,16.9979,True,False,False,False,True,False,False,False,12,0,3,1,282
0,1,25.42,30.305,61,16.9979,True,False,False,False,True,False,False,False,13,0,3,1,263
0,1,26.24,31.06,57,12.998,True,False,False,False,False,True,False,False,14,0,3,1,260
0,1,26.24,31.06,57,15.0013,True,False,False,False,True,False,False,False,15,0,3,1,286
0,1,27.06,31.06,50,15.0013,True,False,False,False,True,False,False,False,16,0,3,1,385
0,1,26.24,31.06,53,15.0013,True,False,False,False,True,False,False,False,17,0,3,1,721
0,1,26.24,31.06,57,16.9979,True,False,False,False,True,False,False,False,18,0,3,1,801
0,1,25.42,30.305,61,15.0013,True,False,False,False,True,False,False,False,19,0,3,1,549
0,1,24.6,30.305,64,15.0013,True,False,False,False,True,False,False,False,20,0,3,1,330
0,1,24.6,30.305,64,11.0014,True,False,False,False,True,False,False,False,21,0,3,1,223
0,1,22.96,26.515,73,11.0014,True,False,False,False,False,True,False,False,22,0,3,1,148
0,1,22.96,26.515,78,8.9981,True,False,False,False,False,True,False,False,23,0,3,1,54
0,0,14.76,16.665,76,16.9979,False,True,False,False,False,True,False,False,0,6,4,1,67
0,0,14.76,17.425,76,11.0014,False,True,False,False,False,True,False,False,1,6,4,1,62
0,0,14.76,17.425,76,11.0014,False,True,False,False,False,True,False,False,2,6,4,1,81
0,0,13.94,16.665,81,8.9981,False,True,False,False,False,True,False,False,3,6,4,1,25
0,0,13.94,17.425,81,6.0032,False,True,False,False,False,True,False,False,4,6,4,1,12
0,0,13.94,17.425,81,6.0032,False,True,False,False,False,True,False,False,5,6,4,1,18
0,0,14.76,17.425,76,8.9981,False,True,False,False,False,True,False,False,6,6,4,1,97
0,0,14.76,17.425,71,8.9981,False,True,False,False,False,True,False,False,7,6,4,1,84
0,0,14.76,18.18,76,6.0032,False,True,False,False,False,True,False,False,8,6,4,1,125
0,0,14.76,17.425,81,8.9981,False,True,False,False,False,True,False,False,9,6,4,1,275
0,0,16.4,20.455,71,7.0015,False,True,False,False,False,True,False,False,10,6,4,1,360
0,0,16.4,20.455,71,12.998,False,True,False,False,False,True,False,False,11,6,4,1,451
0,0,17.22,21.21,67,15.0013,False,True,False,False,False,True,False,False,12,6,4,1,445
0,0,18.04,21.97,62,12.998,False,True,False,False,False,True,False,False,13,6,4,1,464
0,0,19.68,23.485,55,15.0013,False,True,False,False,False,True,False,False,14,6,4,1,561
0,0,20.5,24.24,55,16.9979,False,True,False,False,True,False,False,False,15,6,4,1,573
0,0,21.32,25.0,52,16.9979,False,True,False,False,True,False,False,False,16,6,4,1,511
0,0,21.32,25.0,55,19.0012,False,True,False,False,True,False,False,False,17,6,4,1,555
0,0,21.32,25.0,52,19.9995,False,True,False,False,True,False,False,False,18,6,4,1,432
0,0,21.32,25.0,55,15.0013,False,True,False,False,True,False,False,False,19,6,4,1,346
0,0,20.5,24.24,59,15.0013,False,True,False,False,False,True,False,False,20,6,4,1,232
0,0,20.5,24.24,59,11.0014,False,True,False,False,False,True,False,False,21,6,4,1,134
0,0,20.5,24.24,63,7.0015,False,True,False,False,False,False,True,False,22,6,4,1,68
0,0,18.86,22.725,72,0.0,False,True,False,False,False,False,True,False,23,6,4,1,63
0,1,18.04,21.97,82,7.0015,False,True,False,False,False,False,True,False,0,0,4,1,17
0,1,17.22,21.21,88,6.0032,False,True,False,False,False,False,True,False,1,0,4,1,5
0,1,18.04,21.97,94,8.9981,False,True,False,False,False,False,True,False,2,0,4,1,5
0,1,16.4,20.455,76,32.9975,False,True,False,False,True,False,False,False,4,0,4,1,4
0,1,16.4,20.455,76,32.9975,False,True,False,False,True,False,False,False,5,0,4,1,24
0,1,14.76,15.91,71,31.0009,False,True,False,False,True,False,False,False,6,0,4,1,110
0,1,13.94,15.15,66,26.0027,False,True,False,False,True,False,False,False,7,0,4,1,306
0,1,14.76,16.665,57,22.0028,False,True,False,False,True,False,False,False,8,0,4,1,589
0,1,15.58,19.695,54,23.9994,False,True,False,False,True,False,False,False,9,0,4,1,317
0,1,16.4,20.455,50,35.0008,False,True,False,False,True,False,False,False,10,0,4,1,204
0,1,17.22,21.21,47,30.0026,False,True,False,False,True,False,False,False,11,0,4,1,209
0,1,18.04,21.97,44,30.0026,False,True,False,False,True,False,False,False,12,0,4,1,281
0,1,18.86,22.725,36,19.9995,False,True,False,False,True,False,False,False,13,0,4,1,281
0,1,18.86,22.725,31,27.9993,False,True,False,False,True,False,False,False,14,0,4,1,268
0,1,19.68,23.485,33,27.9993,False,True,False,False,True,False,False,False,15,0,4,1,324
0,1,20.5,24.24,34,22.0028,False,True,False,False,True,False,False,False,16,0,4,1,395
0,1,20.5,24.24,29,19.0012,False,True,False,False,True,False,False,False,17,0,4,1,729
0,1,20.5,24.24,27,16.9979,False,True,False,False,True,False,False,False,18,0,4,1,618
0,1,20.5,24.24,27,16.9979,False,True,False,False,True,False,False,False,19,0,4,1,494
0,1,18.86,22.725,31,11.0014,False,True,False,False,True,False,False,False,20,0,4,1,329
0,1,18.86,22.725,28,8.9981,False,True,False,False,True,False,False,False,21,0,4,1,238
0,1,17.22,21.21,44,12.998,False,True,False,False,True,False,False,False,22,0,4,1,123
0,1,18.04,21.97,35,11.0014,False,True,False,False,True,False,False,False,23,0,4,1,66
0,1,16.4,20.455,43,8.9981,False,True,False,False,True,False,False,False,0,1,4,1,33
0,1,15.58,19.695,46,15.0013,False,True,False,False,True,False,False,False,1,1,4,1,11
0,1,14.76,17.425,53,11.0014,False,True,False,False,True,False,False,False,2,1,4,1,5
0,1,15.58,19.695,46,0.0,False,True,False,False,True,False,False,False,3,1,4,1,3
0,1,13.12,16.665,66,6.0032,False,True,False,False,True,False,False,False,4,1,4,1,1
0,1,13.12,16.665,66,6.0032,False,True,False,False,True,False,False,False,5,1,4,1,27
0,1,12.3,15.91,61,6.0032,False,True,False,False,True,False,False,False,6,1,4,1,100
0,1,13.12,16.665,66,6.0032,False,True,False,False,True,False,False,False,7,1,4,1,341
0,1,13.94,18.18,57,0.0,False,True,False,False,True,False,False,False,8,1,4,1,604
0,1,17.22,21.21,38,6.0032,False,True,False,False,True,False,False,False,9,1,4,1,408
0,1,18.04,21.97,33,0.0,False,True,False,False,True,False,False,False,10,1,4,1,219
0,1,19.68,23.485,23,0.0,False,True,False,False,True,False,False,False,11,1,4,1,258
0,1,21.32,25.0,25,0.0,False,True,False,False,True,False,False,False,12,1,4,1,331
0,1,22.96,26.515,19,16.9979,False,True,False,False,True,False,False,False,13,1,4,1,345
0,1,22.96,26.515,21,15.0013,False,True,False,False,True,False,False,False,14,1,4,1,311
0,1,24.6,29.545,20,12.998,False,True,False,False,True,False,False,False,15,1,4,1,316
0,1,25.42,30.305,21,11.0014,False,True,False,False,True,False,False,False,16,1,4,1,485
0,1,25.42,30.305,17,12.998,False,True,False,False,True,False,False,False,17,1,4,1,757
0,1,24.6,30.305,26,11.0014,False,True,False,False,True,False,False,False,18,1,4,1,800
0,1,22.96,26.515,26,7.0015,False,True,False,False,True,False,False,False,19,1,4,1,558
0,1,22.96,26.515,24,8.9981,False,True,False,False,True,False,False,False,20,1,4,1,379
0,1,22.14,25.76,45,0.0,False,True,False,False,True,False,False,False,21,1,4,1,243
0,1,20.5,24.24,51,0.0,False,True,False,False,True,False,False,False,22,1,4,1,158
0,1,20.5,24.24,59,0.0,False,True,False,False,True,False,False,False,23,1,4,1,79
0,1,19.68,23.485,48,0.0,False,True,False,False,True,False,False,False,0,2,4,1,41
0,1,18.86,22.725,59,0.0,False,True,False,False,True,False,False,False,1,2,4,1,11
0,1,18.86,22.725,51,0.0,False,True,False,False,True,False,False,False,2,2,4,1,5
0,1,18.04,21.97,58,6.0032,False,True,False,False,True,False,False,False,3,2,4,1,3
0,1,17.22,21.21,67,6.0032,False,True,False,False,True,False,False,False,4,2,4,1,1
0,1,17.22,21.21,67,6.0032,False,True,False,False,True,False,False,False,5,2,4,1,27
0,1,17.22,21.21,58,0.0,False,True,False,False,False,True,False,False,6,2,4,1,126
0,1,18.04,21.97,62,0.0,False,True,False,False,False,True,False,False,7,2,4,1,366
0,1,18.04,21.97,72,7.0015,False,True,False,False,False,True,False,False,8,2,4,1,684
0,1,19.68,23.485,55,8.9981,False,True,False,False,False,True,False,False,9,2,4,1,363
0,1,22.14,25.76,45,8.9981,False,True,False,False,False,True,False,False,10,2,4,1,167
0,1,24.6,31.06,43,23.9994,False,True,False,False,False,True,False,False,11,2,4,1,213
0,1,24.6,31.06,46,27.9993,False,True,False,False,False,True,False,False,12,2,4,1,283
0,1,24.6,31.06,46,16.9979,False,True,False,False,False,True,False,False,13,2,4,1,251
0,1,25.42,31.06,46,12.998,False,True,False,False,False,True,False,False,14,2,4,1,258
0,1,26.24,31.06,44,19.0012,False,True,False,False,False,True,False,False,15,2,4,1,268
0,1,26.24,31.06,44,19.0012,False,True,False,False,False,True,False,False,16,2,4,1,390
0,1,27.06,31.06,41,19.9995,False,True,False,False,True,False,False,False,17,2,4,1,744
0,1,27.06,31.06,41,16.9979,False,True,False,False,True,False,False,False,18,2,4,1,759
0,1,27.06,31.06,39,15.0013,False,True,False,False,True,False,False,False,19,2,4,1,494
0,1,26.24,31.06,27,15.0013,False,True,False,False,True,False,False,False,20,2,4,1,372
0,1,24.6,30.305,23,22.0028,False,True,False,False,True,False,False,False,21,2,4,1,298
0,1,22.96,26.515,22,11.0014,False,True,False,False,True,False,False,False,22,2,4,1,181
0,1,21.32,25.0,23,27.9993,False,True,False,False,True,False,False,False,23,2,4,1,131
0,1,21.32,25.0,23,27.9993,False,True,False,False,True,False,False,False,0,3,4,1,45
0,1,19.68,23.485,27,22.0028,False,True,False,False,True,False,False,False,1,3,4,1,13
0,1,18.86,22.725,33,30.0026,False,True,False,False,True,False,False,False,2,3,4,1,18
0,1,17.22,21.21,41,19.9995,False,True,False,False,True,False,False,False,3,3,4,1,5
0,1,15.58,19.695,43,19.0012,False,True,False,False,True,False,False,False,4,3,4,1,1
0,1,15.58,19.695,43,19.0012,False,True,False,False,True,False,False,False,5,3,4,1,29
0,1,14.76,16.665,46,22.0028,False,True,False,False,True,False,False,False,6,3,4,1,126
0,1,13.94,16.665,49,12.998,False,True,False,False,True,False,False,False,7,3,4,1,354
0,1,14.76,17.425,46,15.0013,False,True,False,False,True,False,False,False,8,3,4,1,638
0,1,16.4,20.455,37,16.9979,False,True,False,False,True,False,False,False,9,3,4,1,351
0,1,17.22,21.21,35,19.0012,False,True,False,False,True,False,False,False,10,3,4,1,246
0,1,17.22,21.21,38,15.0013,False,True,False,False,False,True,False,False,11,3,4,1,268
0,1,18.04,21.97,33,0.0,False,True,False,False,True,False,False,False,12,3,4,1,276
0,1,18.86,22.725,31,0.0,False,True,False,False,True,False,False,False,13,3,4,1,291
0,1,18.86,22.725,33,11.0014,False,True,False,False,True,False,False,False,14,3,4,1,287
0,1,20.5,24.24,31,7.0015,False,True,False,False,True,False,False,False,15,3,4,1,269
0,1,20.5,24.24,31,12.998,False,True,False,False,True,False,False,False,16,3,4,1,402
0,1,20.5,24.24,31,11.0014,False,True,False,False,True,False,False,False,17,3,4,1,822
0,1,20.5,24.24,31,7.0015,False,True,False,False,True,False,False,False,18,3,4,1,698
0,1,19.68,23.485,31,16.9979,False,True,False,False,True,False,False,False,19,3,4,1,487
0,1,18.04,21.97,41,12.998,False,True,False,False,True,False,False,False,20,3,4,1,312
0,1,17.22,21.21,47,12.998,False,True,False,False,True,False,False,False,21,3,4,1,234
0,1,16.4,20.455,47,12.998,False,True,False,False,True,False,False,False,22,3,4,1,149
0,1,16.4,20.455,50,8.9981,False,True,False,False,True,False,False,False,23,3,4,1,136
0,1,16.4,20.455,43,0.0,False,True,False,False,True,False,False,False,0,4,4,1,61
0,1,14.76,17.425,62,8.9981,False,True,False,False,True,False,False,False,1,4,4,1,38
0,1,14.76,16.665,50,26.0027,False,True,False,False,True,False,False,False,2,4,4,1,11
0,1,13.94,15.15,53,22.0028,False,True,False,False,True,False,False,False,3,4,4,1,8
0,1,13.94,15.91,49,16.9979,False,True,False,False,True,False,False,False,4,4,4,1,5
0,1,13.12,15.15,53,22.0028,False,True,False,False,True,False,False,False,5,4,4,1,23
0,1,12.3,13.635,49,26.0027,False,True,False,False,True,False,False,False,6,4,4,1,80
0,1,12.3,14.395,49,19.0012,False,True,False,False,True,False,False,False,7,4,4,1,246
0,1,12.3,13.635,49,22.0028,False,True,False,False,True,False,False,False,8,4,4,1,508
0,1,13.94,15.15,42,22.0028,False,True,False,False,True,False,False,False,9,4,4,1,376
0,1,14.76,16.665,40,22.0028,False,True,False,False,True,False,False,False,10,4,4,1,238
0,1,16.4,20.455,37,19.9995,False,True,False,False,True,False,False,False,11,4,4,1,291
0,1,17.22,21.21,35,19.9995,False,True,False,False,True,False,False,False,12,4,4,1,337
0,1,18.04,21.97,33,22.0028,False,True,False,False,True,False,False,False,13,4,4,1,411
0,1,19.68,23.485,29,26.0027,False,True,False,False,True,False,False,False,14,4,4,1,490
0,1,20.5,24.24,27,19.0012,False,True,False,False,True,False,False,False,15,4,4,1,537
0,1,20.5,24.24,22,27.9993,False,True,False,False,True,False,False,False,16,4,4,1,536
0,1,21.32,25.0,23,27.9993,False,True,False,False,True,False,False,False,17,4,4,1,655
0,1,20.5,24.24,22,31.0009,False,True,False,False,True,False,False,False,18,4,4,1,484
0,1,19.68,23.485,23,19.9995,False,True,False,False,True,False,False,False,19,4,4,1,412
0,1,18.86,22.725,24,19.0012,False,True,False,False,True,False,False,False,20,4,4,1,252
0,1,18.04,21.97,26,8.9981,False,True,False,False,True,False,False,False,21,4,4,1,190
0,1,16.4,20.455,35,15.0013,False,True,False,False,True,False,False,False,22,4,4,1,158
0,1,17.22,21.21,30,19.0012,False,True,False,False,True,False,False,False,23,4,4,1,113
0,0,17.22,21.21,26,19.9995,False,True,False,False,True,False,False,False,0,5,4,1,94
0,0,16.4,20.455,28,16.9979,False,True,False,False,True,False,False,False,1,5,4,1,69
0,0,14.76,16.665,29,23.9994,False,True,False,False,True,False,False,False,2,5,4,1,36
0,0,14.76,16.665,32,16.9979,False,True,False,False,True,False,False,False,3,5,4,1,28
0,0,13.12,15.91,36,11.0014,False,True,False,False,True,False,False,False,4,5,4,1,7
0,0,13.12,15.91,33,11.0014,False,True,False,False,True,False,False,False,5,5,4,1,2
0,0,13.12,15.91,36,12.998,False,True,False,False,True,False,False,False,6,5,4,1,19
0,0,13.12,15.15,33,19.0012,False,True,False,False,True,False,False,False,7,5,4,1,54
0,0,13.94,15.91,34,16.9979,False,True,False,False,True,False,False,False,8,5,4,1,123
0,0,16.4,20.455,30,16.9979,False,True,False,False,True,False,False,False,9,5,4,1,276
0,0,17.22,21.21,28,16.9979,False,True,False,False,True,False,False,False,10,5,4,1,363
0,0,18.04,21.97,24,19.9995,False,True,False,False,True,False,False,False,11,5,4,1,495
0,0,18.86,22.725,23,26.0027,False,True,False,False,True,False,False,False,12,5,4,1,590
0,0,20.5,24.24,22,12.998,False,True,False,False,True,False,False,False,13,5,4,1,643
0,0,20.5,24.24,22,19.9995,False,True,False,False,True,False,False,False,14,5,4,1,578
0,0,21.32,25.0,19,27.9993,False,True,False,False,True,False,False,False,15,5,4,1,626
0,0,22.14,25.76,19,26.0027,False,True,False,False,True,False,False,False,16,5,4,1,615
0,0,22.14,25.76,19,27.9993,False,True,False,False,True,False,False,False,17,5,4,1,567
0,0,22.14,25.76,18,19.9995,False,True,False,False,True,False,False,False,18,5,4,1,517
0,0,22.14,25.76,16,22.0028,False,True,False,False,True,False,False,False,19,5,4,1,413
0,0,20.5,24.24,20,15.0013,False,True,False,False,True,False,False,False,20,5,4,1,208
0,0,20.5,24.24,20,12.998,False,True,False,False,True,False,False,False,21,5,4,1,234
0,0,19.68,23.485,20,12.998,False,True,False,False,True,False,False,False,22,5,4,1,182
0,0,18.86,22.725,23,15.0013,False,True,False,False,True,False,False,False,23,5,4,1,118
0,0,18.04,21.97,24,15.0013,False,True,False,False,True,False,False,False,0,6,4,1,85
0,0,18.04,21.97,24,15.0013,False,True,False,False,True,False,False,False,1,6,4,1,64
0,0,18.04,21.97,24,15.0013,False,True,False,False,True,False,False,False,2,6,4,1,32
0,0,17.22,21.21,26,8.9981,False,True,False,False,True,False,False,False,3,6,4,1,26
0,0,16.4,20.455,40,0.0,False,True,False,False,True,False,False,False,4,6,4,1,7
0,0,15.58,19.695,46,0.0,False,True,False,False,True,False,False,False,5,6,4,1,12
0,0,14.76,18.94,37,0.0,False,True,False,False,True,False,False,False,6,6,4,1,28
0,0,15.58,19.695,27,11.0014,False,True,False,False,True,False,False,False,7,6,4,1,37
0,0,16.4,20.455,30,12.998,False,True,False,False,True,False,False,False,8,6,4,1,84
0,0,18.04,21.97,26,15.0013,False,True,False,False,True,False,False,False,9,6,4,1,179
0,0,20.5,24.24,25,15.0013,False,True,False,False,True,False,False,False,10,6,4,1,299
0,0,20.5,24.24,25,19.0012,False,True,False,False,True,False,False,False,11,6,4,1,404
0,0,22.14,25.76,24,16.9979,False,True,False,False,True,False,False,False,12,6,4,1,457
0,0,23.78,27.275,23,11.0014,False,True,False,False,True,False,False,False,13,6,4,1,483
0,0,24.6,29.545,18,30.0026,False,True,False,False,True,False,False,False,14,6,4,1,503
0,0,25.42,30.305,17,23.9994,False,True,False,False,True,False,False,False,15,6,4,1,486
0,0,26.24,30.305,19,22.0028,False,True,False,False,True,False,False,False,16,6,4,1,476
0,0,25.42,30.305,22,19.9995,False,True,False,False,True,False,False,False,17,6,4,1,411
0,0,25.42,30.305,25,22.0028,False,True,False,False,True,False,False,False,18,6,4,1,310
0,0,24.6,30.305,23,26.0027,False,True,False,False,True,False,False,False,19,6,4,1,276
0,0,22.96,26.515,28,27.9993,False,True,False,False,True,False,False,False,20,6,4,1,211
0,0,21.32,25.0,34,15.0013,False,True,False,False,True,False,False,False,21,6,4,1,130
0,0,20.5,24.24,36,15.0013,False,True,False,False,True,False,False,False,22,6,4,1,118
0,0,20.5,24.24,39,16.9979,False,True,False,False,True,False,False,False,23,6,4,1,51
0,1,19.68,23.485,39,19.0012,False,True,False,False,True,False,False,False,0,0,4,1,37
0,1,18.86,22.725,41,8.9981,False,True,False,False,True,False,False,False,1,0,4,1,16
0,1,18.86,22.725,31,12.998,False,True,False,False,True,False,False,False,2,0,4,1,6
0,1,18.04,21.97,30,11.0014,False,True,False,False,True,False,False,False,3,0,4,1,3
0,1,18.04,21.97,24,12.998,False,True,False,False,True,False,False,False,4,0,4,1,5
0,1,18.04,21.97,24,12.998,False,True,False,False,True,False,False,False,5,0,4,1,32
0,1,17.22,21.21,26,15.0013,False,True,False,False,True,False,False,False,6,0,4,1,111
0,1,17.22,21.21,28,12.998,False,True,False,False,True,False,False,False,7,0,4,1,331
0,1,18.04,21.97,30,12.998,False,True,False,False,True,False,False,False,8,0,4,1,617
0,1,18.86,22.725,31,23.9994,False,True,False,False,True,False,False,False,9,0,4,1,286
0,1,20.5,24.24,27,32.9975,False,True,False,False,True,False,False,False,10,0,4,1,178
0,1,21.32,25.0,27,27.9993,False,True,False,False,True,False,False,False,11,0,4,1,223
0,1,22.14,25.76,28,47.9988,False,True,False,False,True,False,False,False,12,0,4,1,280
0,1,22.14,25.76,28,39.0007,False,True,False,False,True,False,False,False,13,0,4,1,281
0,1,22.96,26.515,28,36.9974,False,True,False,False,True,False,False,False,14,0,4,1,218
0,1,23.78,27.275,28,36.9974,False,True,False,False,True,False,False,False,15,0,4,1,255
0,1,22.96,26.515,30,27.9993,False,True,False,False,True,False,False,False,16,0,4,1,391
0,1,22.14,25.76,32,27.9993,False,True,False,False,True,False,False,False,17,0,4,1,632
0,1,22.14,25.76,34,19.9995,False,True,False,False,True,False,False,False,18,0,4,1,646
0,1,21.32,25.0,34,23.9994,False,True,False,False,True,False,False,False,19,0,4,1,421
0,1,20.5,24.24,36,30.0026,False,True,False,False,True,False,False,False,20,0,4,1,276
0,1,19.68,23.485,41,27.9993,False,True,False,False,False,False,True,False,21,0,4,1,165
0,1,18.86,22.725,41,32.9975,False,True,False,False,False,True,False,False,22,0,4,1,108
0,1,18.04,21.97,44,19.9995,False,True,False,False,True,False,False,False,23,0,4,1,67
0,1,18.04,21.97,47,19.0012,False,True,False,False,False,True,False,False,0,1,4,1,26
0,1,17.22,21.21,50,15.0013,False,True,False,False,True,False,False,False,1,1,4,1,9
0,1,14.76,17.425,71,8.9981,False,True,False,False,True,False,False,False,2,1,4,1,2
0,1,14.76,17.425,71,8.9981,False,True,False,False,True,False,False,False,3,1,4,1,2
0,1,13.94,16.665,71,8.9981,False,True,False,False,True,False,False,False,4,1,4,1,2
0,1,13.94,16.665,71,8.9981,False,True,False,False,True,False,False,False,5,1,4,1,24
0,1,13.94,17.425,71,7.0015,False,True,False,False,True,False,False,False,6,1,4,1,103
0,1,13.94,17.425,71,7.0015,False,True,False,False,True,False,False,False,7,1,4,1,384
0,1,15.58,19.695,62,8.9981,False,True,False,False,True,False,False,False,8,1,4,1,692
0,1,17.22,21.21,67,12.998,False,True,False,False,True,False,False,False,9,1,4,1,319
0,1,18.86,22.725,47,11.0014,False,True,False,False,True,False,False,False,10,1,4,1,181
0,1,20.5,24.24,36,0.0,False,True,False,False,True,False,False,False,11,1,4,1,239
0,1,22.14,25.76,22,19.0012,False,True,False,False,True,False,False,False,12,1,4,1,259
0,1,21.32,25.0,23,11.0014,False,True,False,False,True,False,False,False,13,1,4,1,283
0,1,22.14,25.76,24,12.998,False,True,False,False,True,False,False,False,14,1,4,1,224
0,1,22.96,26.515,21,19.9995,False,True,False,False,True,False,False,False,15,1,4,1,203
0,1,23.78,27.275,21,16.9979,False,True,False,False,True,False,False,False,16,1,4,1,362
0,1,22.96,26.515,21,35.0008,False,True,False,False,True,False,False,False,17,1,4,1,744
0,1,22.14,25.76,22,27.9993,False,True,False,False,True,False,False,False,18,1,4,1,704
0,1,21.32,25.0,20,23.9994,False,True,False,False,True,False,False,False,19,1,4,1,479
0,1,18.86,22.725,28,26.0027,False,True,False,False,True,False,False,False,20,1,4,1,282
0,1,18.04,21.97,30,30.0026,False,True,False,False,True,False,False,False,21,1,4,1,206
0,1,16.4,20.455,37,32.9975,False,True,False,False,True,False,False,False,22,1,4,1,127
0,1,14.76,16.665,40,27.9993,False,True,False,False,True,False,False,False,23,1,4,1,62
0,1,13.94,15.15,36,27.9993,False,True,False,False,True,False,False,False,0,2,4,1,30
0,1,13.94,15.91,39,19.0012,False,True,False,False,True,False,False,False,1,2,4,1,12
0,1,13.12,15.15,45,19.0012,False,True,False,False,True,False,False,False,2,2,4,1,2
0,1,12.3,14.395,49,15.0013,False,True,False,False,True,False,False,False,3,2,4,1,2
0,1,11.48,13.635,56,12.998,False,True,False,False,True,False,False,False,5,2,4,1,27
0,1,11.48,14.395,56,7.0015,False,True,False,False,True,False,False,False,6,2,4,1,106
0,1,11.48,14.395,52,8.9981,False,True,False,False,True,False,False,False,7,2,4,1,321
0,1,12.3,14.395,49,15.0013,False,True,False,False,True,False,False,False,8,2,4,1,595
0,1,13.12,15.15,49,19.9995,False,True,False,False,False,True,False,False,9,2,4,1,302
0,1,13.94,15.15,49,22.0028,False,True,False,False,False,True,False,False,10,2,4,1,153
0,1,15.58,19.695,43,22.0028,False,True,False,False,False,True,False,False,11,2,4,1,180
0,1,14.76,16.665,46,26.0027,False,True,False,False,False,True,False,False,12,2,4,1,182
0,1,16.4,20.455,40,23.9994,False,True,False,False,False,True,False,False,13,2,4,1,163
0,1,14.76,17.425,57,12.998,False,True,False,False,True,False,False,False,14,2,4,1,135
0,1,15.58,19.695,46,15.0013,False,True,False,False,False,False,True,False,15,2,4,1,202
0,1,18.04,21.97,33,19.9995,False,True,False,False,True,False,False,False,16,2,4,1,307
0,1,17.22,21.21,35,26.0027,False,True,False,False,True,False,False,False,17,2,4,1,579
0,1,16.4,20.455,43,27.9993,False,True,False,False,False,False,True,False,18,2,4,1,585
0,1,16.4,20.455,40,23.9994,False,True,False,False,True,False,False,False,19,2,4,1,384
0,1,14.76,16.665,46,22.0028,False,True,False,False,True,False,False,False,20,2,4,1,235
0,1,13.94,15.15,57,26.0027,False,True,False,False,True,False,False,False,21,2,4,1,165
0,1,13.94,15.15,57,22.0028,False,True,False,False,True,False,False,False,22,2,4,1,134
0,1,13.94,15.15,57,19.9995,False,True,False,False,True,False,False,False,23,2,4,1,61
0,1,13.12,15.15,66,19.0012,False,True,False,False,True,False,False,False,0,3,4,1,23
0,1,13.12,15.15,66,15.0013,False,True,False,False,True,False,False,False,1,3,4,1,9
0,1,13.12,15.15,61,19.0012,False,True,False,False,True,False,False,False,2,3,4,1,4
0,1,13.12,15.15,61,16.9979,False,True,False,False,True,False,False,False,3,3,4,1,5
0,1,12.3,14.395,61,15.0013,False,True,False,False,True,False,False,False,4,3,4,1,1
0,1,12.3,14.395,61,15.0013,False,True,False,False,True,False,False,False,5,3,4,1,21
0,1,12.3,14.395,65,16.9979,False,True,False,False,True,False,False,False,6,3,4,1,96
0,1,12.3,13.635,65,22.0028,False,True,False,False,True,False,False,False,7,3,4,1,306
0,1,13.12,15.15,66,22.0028,False,True,False,False,True,False,False,False,8,3,4,1,624
0,1,14.76,16.665,57,23.9994,False,True,False,False,True,False,False,False,9,3,4,1,287
0,1,16.4,20.455,50,19.9995,False,True,False,False,True,False,False,False,10,3,4,1,141
0,1,17.22,21.21,47,19.9995,False,True,False,False,True,False,False,False,11,3,4,1,224
0,1,18.86,22.725,41,30.0026,False,True,False,False,True,False,False,False,12,3,4,1,259
0,1,19.68,23.485,36,30.0026,False,True,False,False,True,False,False,False,13,3,4,1,203
0,1,20.5,24.24,31,22.0028,False,True,False,False,True,False,False,False,14,3,4,1,224
0,1,19.68,23.485,31,16.9979,False,True,False,False,True,False,False,False,15,3,4,1,211
0,1,19.68,23.485,31,19.0012,False,True,False,False,True,False,False,False,16,3,4,1,353
0,1,20.5,24.24,27,26.0027,False,True,False,False,True,False,False,False,17,3,4,1,656
0,1,20.5,24.24,27,26.0027,False,True,False,False,True,False,False,False,18,3,4,1,610
0,1,18.86,22.725,31,19.9995,False,True,False,False,True,False,False,False,19,3,4,1,433
0,1,18.04,21.97,33,16.9979,False,True,False,False,True,False,False,False,20,3,4,1,280
0,1,17.22,21.21,35,8.9981,False,True,False,False,True,False,False,False,21,3,4,1,187
0,1,17.22,21.21,35,12.998,False,True,False,False,True,False,False,False,22,3,4,1,158
0,1,17.22,21.21,35,12.998,False,True,False,False,True,False,False,False,23,3,4,1,94
0,1,16.4,20.455,37,16.9979,False,True,False,False,True,False,False,False,0,4,4,1,55
0,1,14.76,17.425,46,12.998,False,True,False,False,True,False,False,False,1,4,4,1,30
0,1,13.94,16.665,49,12.998,False,True,False,False,True,False,False,False,2,4,4,1,11
0,1,13.94,16.665,61,11.0014,False,True,False,False,True,False,False,False,3,4,4,1,11
0,1,13.94,16.665,53,8.9981,False,True,False,False,False,True,False,False,4,4,4,1,5
0,1,13.94,16.665,53,11.0014,False,True,False,False,False,True,False,False,5,4,4,1,21
0,1,13.12,15.91,57,11.0014,False,True,False,False,True,False,False,False,6,4,4,1,84
0,1,13.94,15.91,61,15.0013,False,True,False,False,True,False,False,False,7,4,4,1,296
0,1,15.58,19.695,46,11.0014,False,True,False,False,True,False,False,False,8,4,4,1,563
0,1,17.22,21.21,41,11.0014,False,True,False,False,True,False,False,False,9,4,4,1,330
0,1,18.04,21.97,38,12.998,False,True,False,False,True,False,False,False,10,4,4,1,192
0,1,18.86,22.725,36,8.9981,False,True,False,False,True,False,False,False,11,4,4,1,233
0,1,20.5,24.24,31,0.0,False,True,False,False,True,False,False,False,12,4,4,1,322
0,1,21.32,25.0,27,19.0012,False,True,False,False,True,False,False,False,13,4,4,1,358
0,1,21.32,25.0,27,0.0,False,True,False,False,True,False,False,False,14,4,4,1,348
0,1,22.14,25.76,28,16.9979,False,True,False,False,True,False,False,False,15,4,4,1,352
0,1,22.96,26.515,26,16.9979,False,True,False,False,True,False,False,False,16,4,4,1,463
0,1,22.96,26.515,24,11.0014,False,True,False,False,True,False,False,False,17,4,4,1,738
0,1,22.14,25.76,26,8.9981,False,True,False,False,True,False,False,False,18,4,4,1,671
0,1,22.14,25.76,24,11.0014,False,True,False,False,True,False,False,False,19,4,4,1,427
0,1,20.5,24.24,29,8.9981,False,True,False,False,True,False,False,False,20,4,4,1,286
0,1,20.5,24.24,36,0.0,False,True,False,False,True,False,False,False,21,4,4,1,189
0,1,18.04,21.97,62,7.0015,False,True,False,False,True,False,False,False,22,4,4,1,215
0,1,17.22,21.21,62,6.0032,False,True,False,False,True,False,False,False,23,4,4,1,198
0,0,16.4,20.455,58,8.9981,False,True,False,False,True,False,False,False,0,5,4,1,96
0,0,16.4,20.455,58,8.9981,False,True,False,False,True,False,False,False,1,5,4,1,70
0,0,15.58,19.695,66,8.9981,False,True,False,False,True,False,False,False,2,5,4,1,56
0,0,14.76,18.18,66,6.0032,False,True,False,False,True,False,False,False,3,5,4,1,32
0,0,14.76,18.18,71,7.0015,False,True,False,False,True,False,False,False,4,5,4,1,14
0,0,14.76,18.18,66,7.0015,False,True,False,False,True,False,False,False,5,5,4,1,7
0,0,13.94,16.665,76,11.0014,False,True,False,False,True,False,False,False,6,5,4,1,21
0,0,14.76,18.18,71,7.0015,False,True,False,False,True,False,False,False,7,5,4,1,64
0,0,14.76,17.425,71,8.9981,False,True,False,False,True,False,False,False,8,5,4,1,160
0,0,17.22,21.21,54,8.9981,False,True,False,False,True,False,False,False,9,5,4,1,265
0,0,18.86,22.725,51,11.0014,False,True,False,False,True,False,False,False,10,5,4,1,406
0,0,21.32,25.0,45,12.998,False,True,False,False,True,False,False,False,11,5,4,1,564
0,0,23.78,27.275,35,16.9979,False,True,False,False,True,False,False,False,12,5,4,1,678
0,0,25.42,31.06,33,19.9995,False,True,False,False,True,False,False,False,13,5,4,1,678
0,0,26.24,31.06,27,30.0026,False,True,False,False,False,True,False,False,14,5,4,1,660
0,0,26.24,31.06,27,23.9994,False,True,False,False,False,True,False,False,15,5,4,1,658
0,0,26.24,31.06,27,23.9994,False,True,False,False,False,True,False,False,16,5,4,1,582
0,0,25.42,31.06,33,16.9979,False,True,False,False,False,True,False,False,17,5,4,1,560
0,0,25.42,31.06,35,15.0013,False,True,False,False,False,True,False,False,18,5,4,1,481
0,0,24.6,31.06,40,11.0014,False,True,False,False,False,True,False,False,19,5,4,1,459
0,0,22.96,26.515,46,8.9981,False,True,False,False,False,True,False,False,20,5,4,1,321
0,0,22.96,26.515,43,8.9981,False,True,False,False,False,True,False,False,21,5,4,1,220
0,0,22.14,25.76,52,11.0014,False,True,False,False,False,True,False,False,22,5,4,1,212
0,0,22.14,25.76,56,12.998,False,True,False,False,False,True,False,False,23,5,4,1,196
0,0,22.14,25.76,56,12.998,False,True,False,False,False,True,False,False,0,6,4,1,124
0,0,22.14,25.76,56,11.0014,False,True,False,False,False,True,False,False,1,6,4,1,106
0,0,22.14,25.76,56,7.0015,False,True,False,False,False,True,False,False,2,6,4,1,74
0,0,21.32,25.0,59,8.9981,False,True,False,False,False,True,False,False,3,6,4,1,45
0,0,22.14,25.76,52,0.0,False,True,False,False,False,True,False,False,4,6,4,1,12
0,0,20.5,24.24,68,11.0014,False,True,False,False,True,False,False,False,5,6,4,1,10
0,0,20.5,24.24,63,8.9981,False,True,False,False,True,False,False,False,6,6,4,1,16
0,0,20.5,24.24,63,7.0015,False,True,False,False,True,False,False,False,7,6,4,1,46
0,0,21.32,25.0,59,0.0,False,True,False,False,True,False,False,False,8,6,4,1,97
0,0,22.14,25.76,56,15.0013,False,True,False,False,True,False,False,False,9,6,4,1,251
0,0,23.78,27.275,53,15.0013,False,True,False,False,True,False,False,False,10,6,4,1,421
0,0,25.42,31.06,46,19.9995,False,True,False,False,True,False,False,False,11,6,4,1,528
0,0,26.24,31.06,44,19.0012,False,True,False,False,True,False,False,False,12,6,4,1,635
0,0,27.06,31.06,44,19.0012,False,True,False,False,True,False,False,False,13,6,4,1,681
0,0,28.7,31.82,39,19.0012,False,True,False,False,True,False,False,False,14,6,4,1,628
0,0,28.7,31.82,39,26.0027,False,True,False,False,True,False,False,False,15,6,4,1,617
0,0,29.52,32.575,39,23.9994,False,True,False,False,True,False,False,False,16,6,4,1,616
0,0,28.7,31.82,42,22.0028,False,True,False,False,True,False,False,False,17,6,4,1,623
0,0,28.7,31.82,42,16.9979,False,True,False,False,True,False,False,False,18,6,4,1,479
0,0,28.7,31.82,42,16.9979,False,True,False,False,True,False,False,False,19,6,4,1,379
0,0,26.24,31.06,50,15.0013,False,True,False,False,True,False,False,False,20,6,4,1,291
0,0,25.42,31.06,57,16.9979,False,True,False,False,True,False,False,False,21,6,4,1,229
0,0,27.88,31.82,44,23.9994,False,True,False,False,True,False,False,False,22,6,4,1,134
0,0,27.06,31.06,50,26.0027,False,True,False,False,True,False,False,False,23,6,4,1,90
1,0,26.24,31.06,53,22.0028,False,True,False,False,True,False,False,False,0,0,4,1,41
1,0,25.42,30.305,61,23.9994,False,True,False,False,True,False,False,False,1,0,4,1,28
1,0,24.6,30.305,64,16.9979,False,True,False,False,True,False,False,False,2,0,4,1,14
1,0,23.78,27.275,68,12.998,False,True,False,False,True,False,False,False,3,0,4,1,8
1,0,22.14,25.76,77,15.0013,False,True,False,False,True,False,False,False,4,0,4,1,6
1,0,22.14,25.76,77,15.0013,False,True,False,False,True,False,False,False,5,0,4,1,38
1,0,21.32,25.0,83,11.0014,False,True,False,False,True,False,False,False,6,0,4,1,133
1,0,21.32,25.0,83,8.9981,False,True,False,False,True,False,False,False,7,0,4,1,387
1,0,22.96,26.515,83,11.0014,False,True,False,False,False,True,False,False,8,0,4,1,597
1,0,25.42,30.305,69,15.0013,False,True,False,False,True,False,False,False,9,0,4,1,297
1,0,25.42,30.305,69,16.9979,False,True,False,False,True,False,False,False,10,0,4,1,224
1,0,26.24,30.305,65,16.9979,False,True,False,False,True,False,False,False,11,0,4,1,251
1,0,27.88,31.82,57,16.9979,False,True,False,False,True,False,False,False,12,0,4,1,271
1,0,30.34,33.335,45,19.9995,False,True,False,False,True,False,False,False,13,0,4,1,263
1,0,31.16,34.09,45,22.0028,False,True,False,False,True,False,False,False,14,0,4,1,288
1,0,32.8,34.85,33,30.0026,False,True,False,False,True,False,False,False,15,0,4,1,275
1,0,32.8,34.85,33,31.0009,False,True,False,False,True,False,False,False,16,0,4,1,358
1,0,32.8,34.85,33,26.0027,False,True,False,False,True,False,False,False,17,0,4,1,712
1,0,32.8,34.85,31,26.0027,False,True,False,False,True,False,False,False,18,0,4,1,676
1,0,31.16,33.335,35,26.0027,False,True,False,False,True,False,False,False,19,0,4,1,522
1,0,30.34,32.575,37,19.9995,False,True,False,False,True,False,False,False,20,0,4,1,375
1,0,27.88,31.82,51,16.9979,False,True,False,False,True,False,False,False,21,0,4,1,271
1,0,27.88,31.82,51,16.9979,False,True,False,False,True,False,False,False,22,0,4,1,214
1,0,28.7,31.82,45,19.9995,False,True,False,False,True,False,False,False,23,0,4,1,121
0,1,27.06,31.06,54,12.998,False,True,False,False,True,False,False,False,0,1,4,1,43
0,1,26.24,31.06,57,11.0014,False,True,False,False,True,False,False,False,1,1,4,1,11
0,1,22.96,26.515,83,7.0015,False,True,False,False,True,False,False,False,2,1,4,1,4
0,1,22.96,26.515,83,6.0032,False,True,False,False,True,False,False,False,3,1,4,1,6
0,1,27.06,31.06,44,15.0013,False,True,False,False,True,False,False,False,4,1,4,1,9
0,1,24.6,31.06,53,16.9979,False,True,False,False,True,False,False,False,5,1,4,1,30
0,1,24.6,31.06,46,16.9979,False,True,False,False,True,False,False,False,6,1,4,1,144
0,1,24.6,31.06,43,16.9979,False,True,False,False,True,False,False,False,7,1,4,1,461
0,1,24.6,31.06,43,15.0013,False,True,False,False,True,False,False,False,8,1,4,1,673
0,1,24.6,31.06,38,32.9975,False,True,False,False,True,False,False,False,9,1,4,1,400
0,1,24.6,31.06,38,27.9993,False,True,False,False,True,False,False,False,10,1,4,1,217
0,1,24.6,31.06,33,27.9993,False,True,False,False,True,False,False,False,11,1,4,1,239
0,1,24.6,31.06,33,23.9994,False,True,False,False,True,False,False,False,12,1,4,1,244
0,1,25.42,31.06,29,16.9979,False,True,False,False,True,False,False,False,13,1,4,1,239
0,1,26.24,31.06,27,19.0012,False,True,False,False,True,False,False,False,14,1,4,1,257
0,1,27.06,31.06,24,22.0028,False,True,False,False,True,False,False,False,15,1,4,1,308
0,1,27.88,31.06,22,23.9994,False,True,False,False,True,False,False,False,16,1,4,1,370
0,1,26.24,30.305,25,19.9995,False,True,False,False,True,False,False,False,17,1,4,1,781
0,1,26.24,30.305,25,19.0012,False,True,False,False,True,False,False,False,18,1,4,1,775
0,1,24.6,30.305,26,16.9979,False,True,False,False,True,False,False,False,19,1,4,1,537
0,1,24.6,30.305,23,19.0012,False,True,False,False,True,False,False,False,20,1,4,1,402
0,1,22.96,26.515,26,19.9995,False,True,False,False,True,False,False,False,21,1,4,1,297
0,1,22.14,25.76,30,16.9979,False,True,False,False,True,False,False,False,22,1,4,1,162
0,1,22.14,25.76,32,15.0013,False,True,False,False,True,False,False,False,23,1,4,1,82
0,1,22.14,25.76,32,11.0014,False,True,False,False,True,False,False,False,0,2,4,1,38
0,1,21.32,25.0,34,12.998,False,True,False,False,True,False,False,False,1,2,4,1,14
0,1,20.5,24.24,42,12.998,False,True,False,False,False,True,False,False,2,2,4,1,9
0,1,20.5,24.24,42,15.0013,False,True,False,False,False,True,False,False,3,2,4,1,6
0,1,20.5,24.24,42,19.0012,False,True,False,False,False,True,False,False,4,2,4,1,7
0,1,20.5,24.24,39,19.0012,False,True,False,False,False,True,False,False,5,2,4,1,34
0,1,20.5,24.24,39,19.0012,False,True,False,False,False,True,False,False,6,2,4,1,134
0,1,20.5,24.24,39,12.998,False,True,False,False,False,True,False,False,7,2,4,1,418
0,1,20.5,24.24,39,12.998,False,True,False,False,False,False,True,False,8,2,4,1,576
0,1,19.68,23.485,44,19.9995,False,True,False,False,False,False,True,False,9,2,4,1,265
0,1,19.68,23.485,47,15.0013,False,True,False,False,False,False,True,False,10,2,4,1,147
0,1,18.86,22.725,47,16.9979,False,True,False,False,False,False,True,False,11,2,4,1,119
0,1,18.86,22.725,51,7.0015,False,True,False,False,False,False,True,False,12,2,4,1,110
0,1,18.86,22.725,59,0.0,False,True,False,False,False,False,True,False,13,2,4,1,64
0,1,18.04,21.97,72,7.0015,False,True,False,False,False,False,True,False,14,2,4,1,51
0,1,17.22,21.21,77,12.998,False,True,False,False,False,False,True,False,15,2,4,1,98
0,1,17.22,21.21,77,15.0013,False,True,False,False,False,True,False,False,16,2,4,1,235
0,1,17.22,21.21,77,12.998,False,True,False,False,False,True,False,False,17,2,4,1,488
0,1,17.22,21.21,77,0.0,False,True,False,False,False,True,False,False,18,2,4,1,505
0,1,17.22,21.21,77,8.9981,False,True,False,False,False,True,False,False,19,2,4,1,368
0,1,17.22,21.21,77,7.0015,False,True,False,False,False,True,False,False,20,2,4,1,260
0,1,17.22,21.21,82,6.0032,False,True,False,False,False,True,False,False,21,2,4,1,189
0,1,17.22,21.21,77,6.0032,False,True,False,False,False,True,False,False,22,2,4,1,162
0,1,17.22,21.21,77,0.0,False,True,False,False,False,True,False,False,23,2,4,1,70
0,1,17.22,21.21,77,0.0,False,True,False,False,False,False,True,False,0,3,4,1,25
0,1,17.22,21.21,77,7.0015,False,True,False,False,False,False,True,False,1,3,4,1,13
0,1,17.22,21.21,77,0.0,False,True,False,False,False,True,False,False,2,3,4,1,6
0,1,17.22,21.21,77,0.0,False,True,False,False,False,True,False,False,3,3,4,1,4
0,1,17.22,21.21,71,0.0,False,True,False,False,False,True,False,False,4,3,4,1,4
0,1,16.4,20.455,82,0.0,False,True,False,False,True,False,False,False,5,3,4,1,30
0,1,16.4,20.455,82,7.0015,False,True,False,False,False,True,False,False,6,3,4,1,120
0,1,16.4,20.455,82,8.9981,False,True,False,False,False,True,False,False,7,3,4,1,406
0,1,17.22,21.21,82,7.0015,False,True,False,False,False,True,False,False,8,3,4,1,677
0,1,18.86,22.725,72,0.0,False,True,False,False,False,True,False,False,9,3,4,1,301
0,1,19.68,23.485,63,6.0032,False,True,False,False,True,False,False,False,10,3,4,1,189
0,1,21.32,25.0,48,0.0,False,True,False,False,True,False,False,False,11,3,4,1,229
0,1,22.14,25.76,49,0.0,False,True,False,False,True,False,False,False,12,3,4,1,264
0,1,22.96,26.515,46,0.0,False,True,False,False,True,False,False,False,13,3,4,1,238
0,1,23.78,27.275,43,0.0,False,True,False,False,True,False,False,False,14,3,4,1,237
0,1,24.6,31.06,43,0.0,False,True,False,False,True,False,False,False,15,3,4,1,262
0,1,25.42,31.06,41,7.0015,False,True,False,False,True,False,False,False,16,3,4,1,387
0,1,24.6,31.06,43,6.0032,False,True,False,False,True,False,False,False,17,3,4,1,748
0,1,24.6,31.06,43,6.0032,False,True,False,False,True,False,False,False,18,3,4,1,776
0,1,23.78,27.275,46,8.9981,False,True,False,False,True,False,False,False,19,3,4,1,586
0,1,22.96,26.515,49,15.0013,False,True,False,False,True,False,False,False,20,3,4,1,404
0,1,21.32,25.0,55,7.0015,False,True,False,False,True,False,False,False,21,3,4,1,267
0,1,21.32,25.0,59,12.998,False,True,False,False,True,False,False,False,22,3,4,1,248
0,1,20.5,24.24,63,7.0015,False,True,False,False,True,False,False,False,23,3,4,1,144
0,1,20.5,24.24,59,12.998,False,True,False,False,False,True,False,False,0,1,5,1,35
0,1,20.5,24.24,63,8.9981,False,True,False,False,False,True,False,False,1,1,5,1,21
0,1,20.5,24.24,72,6.0032,False,True,False,False,False,True,False,False,2,1,5,1,8
0,1,20.5,24.24,77,0.0,False,True,False,False,False,True,False,False,3,1,5,1,3
0,1,21.32,25.0,72,6.0032,False,True,False,False,False,True,False,False,4,1,5,1,8
0,1,21.32,25.0,72,6.0032,False,True,False,False,False,True,False,False,5,1,5,1,17
0,1,21.32,25.0,77,7.0015,False,True,False,False,False,False,True,False,6,1,5,1,26
0,1,20.5,24.24,94,16.9979,False,True,False,False,False,True,False,False,7,1,5,1,169
0,1,21.32,25.0,94,19.0012,False,True,False,False,False,True,False,False,8,1,5,1,557
0,1,22.14,25.76,88,12.998,False,True,False,False,False,True,False,False,9,1,5,1,349
0,1,25.42,29.545,78,16.9979,False,True,False,False,True,False,False,False,10,1,5,1,174
0,1,27.06,31.06,65,19.0012,False,True,False,False,False,True,False,False,11,1,5,1,229
0,1,28.7,32.575,58,15.0013,False,True,False,False,False,True,False,False,12,1,5,1,269
0,1,29.52,33.335,51,15.0013,False,True,False,False,False,True,False,False,13,1,5,1,249
0,1,30.34,33.335,48,16.9979,False,True,False,False,False,True,False,False,14,1,5,1,204
0,1,30.34,33.335,45,15.0013,False,True,False,False,False,True,False,False,15,1,5,1,234
0,1,30.34,33.335,45,12.998,False,True,False,False,True,False,False,False,16,1,5,1,354
0,1,30.34,33.335,48,6.0032,False,True,False,False,True,False,False,False,17,1,5,1,681
0,1,28.7,32.575,54,8.9981,False,True,False,False,True,False,False,False,18,1,5,1,743
0,1,28.7,32.575,54,8.9981,False,True,False,False,True,False,False,False,19,1,5,1,487
0,1,27.06,31.06,61,11.0014,False,True,False,False,True,False,False,False,20,1,5,1,335
0,1,26.24,30.305,65,8.9981,False,True,False,False,True,False,False,False,21,1,5,1,282
0,1,26.24,30.305,65,0.0,False,True,False,False,True,False,False,False,22,1,5,1,211
0,1,24.6,28.79,78,0.0,False,True,False,False,True,False,False,False,23,1,5,1,95
0,1,24.6,28.79,78,7.0015,False,True,False,False,True,False,False,False,0,2,5,1,47
0,1,22.96,26.515,83,0.0,False,True,False,False,True,False,False,False,1,2,5,1,15
0,1,22.96,26.515,83,0.0,False,True,False,False,True,False,False,False,2,2,5,1,16
0,1,22.96,26.515,83,6.0032,False,True,False,False,True,False,False,False,3,2,5,1,6
0,1,22.14,25.76,88,0.0,False,True,False,False,True,False,False,False,4,2,5,1,4
0,1,22.14,25.76,90,8.9981,False,True,False,False,True,False,False,False,5,2,5,1,33
0,1,22.96,26.515,84,0.0,False,True,False,False,False,False,True,False,6,2,5,1,120
0,1,22.14,25.76,88,12.998,False,True,False,False,False,True,False,False,7,2,5,1,358
0,1,22.96,26.515,88,0.0,False,True,False,False,False,True,False,False,8,2,5,1,666
0,1,22.96,26.515,88,0.0,False,True,False,False,False,True,False,False,9,2,5,1,315
0,1,23.78,27.275,83,7.0015,False,True,False,False,False,True,False,False,10,2,5,1,175
0,1,23.78,27.275,81,8.9981,False,True,False,False,False,True,False,False,11,2,5,1,184
0,1,23.78,27.275,83,15.0013,False,True,False,False,False,True,False,False,12,2,5,1,245
0,1,23.78,27.275,78,12.998,False,True,False,False,False,True,False,False,13,2,5,1,228
0,1,25.42,30.305,69,6.0032,False,True,False,False,True,False,False,False,14,2,5,1,240
0,1,26.24,30.305,65,12.998,False,True,False,False,True,False,False,False,15,2,5,1,256
0,1,26.24,30.305,65,11.0014,False,True,False,False,True,False,False,False,16,2,5,1,367
0,1,24.6,29.545,73,16.9979,False,True,False,False,True,False,False,False,17,2,5,1,729
0,1,22.96,26.515,73,15.0013,False,True,False,False,True,False,False,False,18,2,5,1,813
0,1,22.14,25.76,77,16.9979,False,True,False,False,True,False,False,False,19,2,5,1,504
0,1,21.32,25.0,77,16.9979,False,True,False,False,True,False,False,False,20,2,5,1,338
0,1,21.32,25.0,77,15.0013,False,True,False,False,True,False,False,False,21,2,5,1,239
0,1,20.5,24.24,82,15.0013,False,True,False,False,True,False,False,False,22,2,5,1,173
0,1,20.5,24.24,77,16.9979,False,True,False,False,False,True,False,False,23,2,5,1,98
0,1,19.68,23.485,82,15.0013,False,True,False,False,False,True,False,False,0,3,5,1,90
0,1,18.86,22.725,88,7.0015,False,True,False,False,False,True,False,False,1,3,5,1,24
0,1,18.86,22.725,88,8.9981,False,True,False,False,False,True,False,False,2,3,5,1,17
0,1,18.86,22.725,88,0.0,False,True,False,False,False,True,False,False,3,3,5,1,6
0,1,18.86,22.725,88,16.9979,False,True,False,False,False,True,False,False,4,3,5,1,2
0,1,18.86,22.725,88,16.9979,False,True,False,False,False,True,False,False,5,3,5,1,21
0,1,18.86,22.725,88,11.0014,False,True,False,False,False,True,False,False,6,3,5,1,136
0,1,18.04,21.97,94,7.0015,False,True,False,False,False,False,True,False,7,3,5,1,384
0,1,18.86,22.725,88,12.998,False,True,False,False,False,False,True,False,8,3,5,1,627
0,1,19.68,23.485,88,7.0015,False,True,False,False,False,True,False,False,9,3,5,1,304
0,1,21.32,25.0,77,0.0,False,True,False,False,False,True,False,False,10,3,5,1,168
0,1,22.14,25.76,77,0.0,False,True,False,False,True,False,False,False,11,3,5,1,201
0,1,22.96,26.515,73,8.9981,False,True,False,False,True,False,False,False,12,3,5,1,301
0,1,24.6,29.545,69,12.998,False,True,False,False,True,False,False,False,13,3,5,1,265
0,1,26.24,30.305,65,12.998,False,True,False,False,True,False,False,False,14,3,5,1,204
0,1,27.06,31.06,61,12.998,False,True,False,False,True,False,False,False,15,3,5,1,283
0,1,27.88,31.82,57,11.0014,False,True,False,False,True,False,False,False,16,3,5,1,370
0,1,29.52,33.335,54,8.9981,False,True,False,False,True,False,False,False,17,3,5,1,704
0,1,29.52,33.335,58,8.9981,False,True,False,False,True,False,False,False,18,3,5,1,706
0,1,28.7,32.575,61,12.998,False,True,False,False,True,False,False,False,19,3,5,1,522
0,1,26.24,30.305,73,12.998,False,True,False,False,True,False,False,False,20,3,5,1,420
0,1,25.42,29.545,78,8.9981,False,True,False,False,True,False,False,False,21,3,5,1,299
0,1,25.42,29.545,78,0.0,False,True,False,False,True,False,False,False,22,3,5,1,246
0,1,24.6,28.03,83,0.0,False,True,False,False,True,False,False,False,23,3,5,1,121
0,1,24.6,28.79,78,22.0028,False,True,False,False,True,False,False,False,0,4,5,1,89
0,1,24.6,28.79,78,7.0015,False,True,False,False,True,False,False,False,1,4,5,1,48
0,1,23.78,27.275,83,8.9981,False,True,False,False,True,False,False,False,2,4,5,1,11
0,1,22.96,26.515,88,15.0013,False,True,False,False,True,False,False,False,3,4,5,1,14
0,1,22.96,26.515,88,12.998,False,True,False,False,True,False,False,False,4,4,5,1,4
0,1,22.96,26.515,88,12.998,False,True,False,False,True,False,False,False,5,4,5,1,24
0,1,22.14,25.76,94,7.0015,False,True,False,False,True,False,False,False,6,4,5,1,135
0,1,22.96,26.515,88,0.0,False,True,False,False,True,False,False,False,7,4,5,1,356
0,1,22.96,26.515,88,0.0,False,True,False,False,True,False,False,False,8,4,5,1,618
0,1,24.6,28.79,78,0.0,False,True,False,False,True,False,False,False,9,4,5,1,294
0,1,25.42,29.545,73,8.9981,False,True,False,False,False,True,False,False,10,4,5,1,199
0,1,28.7,32.575,61,0.0,False,True,False,False,False,True,False,False,11,4,5,1,258
0,1,25.42,29.545,78,23.9994,False,True,False,False,False,False,True,False,12,4,5,1,171
0,1,26.24,30.305,73,0.0,False,True,False,False,False,True,False,False,13,4,5,1,278
0,1,27.06,31.06,74,19.0012,False,True,False,False,False,True,False,False,14,4,5,1,242
0,1,29.52,34.09,62,7.0015,False,True,False,False,False,True,False,False,15,4,5,1,343
0,1,31.16,34.09,48,11.0014,False,True,False,False,True,False,False,False,16,4,5,1,440
0,1,28.7,32.575,54,31.0009,False,True,False,False,True,False,False,False,17,4,5,1,643
0,1,28.7,32.575,54,31.0009,False,True,False,False,True,False,False,False,18,4,5,1,641
0,1,28.7,32.575,51,8.9981,False,True,False,False,True,False,False,False,19,4,5,1,452
0,1,27.88,31.82,51,7.0015,False,True,False,False,True,False,False,False,20,4,5,1,313
0,1,26.24,30.305,69,12.998,False,True,False,False,True,False,False,False,21,4,5,1,235
0,1,24.6,28.03,83,8.9981,False,True,False,False,True,False,False,False,22,4,5,1,232
0,1,24.6,28.03,83,6.0032,False,True,False,False,True,False,False,False,23,4,5,1,256
0,0,24.6,28.03,83,0.0,False,True,False,False,True,False,False,False,0,5,5,1,153
0,0,24.6,28.03,83,0.0,False,True,False,False,True,False,False,False,1,5,5,1,107
0,0,23.78,27.275,88,0.0,False,True,False,False,True,False,False,False,2,5,5,1,75
0,0,23.78,27.275,83,0.0,False,True,False,False,True,False,False,False,3,5,5,1,32
0,0,22.96,26.515,88,7.0015,False,True,False,False,True,False,False,False,4,5,5,1,9
0,0,22.96,26.515,88,6.0032,False,True,False,False,True,False,False,False,5,5,5,1,22
0,0,22.14,25.76,94,0.0,False,True,False,False,False,True,False,False,6,5,5,1,42
0,0,22.96,26.515,88,0.0,False,True,False,False,True,False,False,False,7,5,5,1,87
0,0,23.78,27.275,83,6.0032,False,True,False,False,True,False,False,False,8,5,5,1,197
0,0,25.42,29.545,78,7.0015,False,True,False,False,True,False,False,False,9,5,5,1,284
0,0,27.06,31.06,65,8.9981,False,True,False,False,True,False,False,False,10,5,5,1,432
0,0,28.7,32.575,58,6.0032,False,True,False,False,True,False,False,False,11,5,5,1,575
0,0,29.52,33.335,58,7.0015,False,True,False,False,True,False,False,False,12,5,5,1,550
0,0,30.34,34.09,55,8.9981,False,True,False,False,True,False,False,False,13,5,5,1,524
0,0,28.7,32.575,61,19.9995,False,True,False,False,False,False,True,False,14,5,5,1,428
0,0,27.06,31.06,74,12.998,False,True,False,False,False,False,True,False,15,5,5,1,541
0,0,27.88,31.82,65,26.0027,False,True,False,False,False,True,False,False,16,5,5,1,540
0,0,27.88,31.82,65,19.9995,False,True,False,False,False,True,False,False,17,5,5,1,502
0,0,27.06,31.06,69,23.9994,False,True,False,False,False,True,False,False,18,5,5,1,434
0,0,25.42,29.545,73,22.0028,False,True,False,False,False,True,False,False,19,5,5,1,405
0,0,24.6,28.79,78,16.9979,False,True,False,False,True,False,False,False,20,5,5,1,309
0,0,23.78,27.275,78,15.0013,False,True,False,False,False,True,False,False,21,5,5,1,269
0,0,23.78,27.275,78,12.998,False,True,False,False,False,True,False,False,22,5,5,1,217
0,0,22.96,26.515,83,19.0012,False,True,False,False,False,True,False,False,23,5,5,1,149
0,0,22.96,26.515,83,8.9981,False,True,False,False,False,True,False,False,0,6,5,1,134
0,0,22.14,25.76,83,15.0013,False,True,False,False,False,True,False,False,1,6,5,1,121
0,0,22.14,25.76,83,19.0012,False,True,False,False,False,True,False,False,2,6,5,1,93
0,0,22.14,25.76,83,12.998,False,True,False,False,False,True,False,False,3,6,5,1,28
0,0,21.32,25.0,83,11.0014,False,True,False,False,False,False,True,False,4,6,5,1,16
0,0,21.32,25.0,83,11.0014,False,True,False,False,False,False,True,False,5,6,5,1,11
0,0,21.32,25.0,83,15.0013,False,True,False,False,False,False,True,False,6,6,5,1,17
0,0,21.32,25.0,83,11.0014,False,True,False,False,False,False,True,False,7,6,5,1,36
0,0,20.5,24.24,88,8.9981,False,True,False,False,False,True,False,False,8,6,5,1,114
0,0,21.32,25.0,83,11.0014,False,True,False,False,False,True,False,False,9,6,5,1,191
0,0,22.14,25.76,77,7.0015,False,True,False,False,False,True,False,False,10,6,5,1,333
0,0,22.96,26.515,73,7.0015,False,True,False,False,True,False,False,False,11,6,5,1,414
0,0,24.6,30.305,64,6.0032,False,True,False,False,False,True,False,False,12,6,5,1,558
0,0,24.6,30.305,64,0.0,False,True,False,False,False,True,False,False,13,6,5,1,565
0,0,24.6,30.305,64,7.0015,False,True,False,False,False,True,False,False,14,6,5,1,518
0,0,25.42,30.305,61,7.0015,False,True,False,False,False,True,False,False,15,6,5,1,571
0,0,25.42,30.305,61,0.0,False,True,False,False,False,True,False,False,16,6,5,1,544
0,0,25.42,30.305,65,8.9981,False,True,False,False,False,True,False,False,17,6,5,1,511
0,0,25.42,30.305,61,12.998,False,True,False,False,False,True,False,False,18,6,5,1,463
0,0,24.6,30.305,64,11.0014,False,True,False,False,False,True,False,False,19,6,5,1,383
0,0,24.6,30.305,64,12.998,False,True,False,False,True,False,False,False,20,6,5,1,276
0,0,22.96,26.515,73,12.998,False,True,False,False,True,False,False,False,21,6,5,1,203
0,0,22.96,26.515,73,11.0014,False,True,False,False,True,False,False,False,22,6,5,1,157
0,0,21.32,25.0,77,12.998,False,True,False,False,True,False,False,False,23,6,5,1,102
0,1,21.32,25.0,77,8.9981,False,True,False,False,False,True,False,False,0,0,5,1,34
0,1,21.32,25.0,77,12.998,False,True,False,False,False,True,False,False,1,0,5,1,9
0,1,20.5,24.24,77,12.998,False,True,False,False,True,False,False,False,2,0,5,1,6
0,1,20.5,24.24,77,12.998,False,True,False,False,True,False,False,False,3,0,5,1,5
0,1,18.86,22.725,88,8.9981,False,True,False,False,False,True,False,False,4,0,5,1,2
0,1,18.86,22.725,88,7.0015,False,True,False,False,True,False,False,False,5,0,5,1,23
0,1,18.86,22.725,88,7.0015,False,True,False,False,True,False,False,False,6,0,5,1,142
0,1,19.68,23.485,82,7.0015,False,True,False,False,False,True,False,False,7,0,5,1,385
0,1,20.5,24.24,82,12.998,False,True,False,False,False,True,False,False,8,0,5,1,639
0,1,20.5,24.24,82,15.0013,False,True,False,False,False,True,False,False,9,0,5,1,350
0,1,21.32,25.0,77,12.998,False,True,False,False,False,True,False,False,10,0,5,1,190
0,1,22.14,25.76,73,12.998,False,True,False,False,False,True,False,False,11,0,5,1,213
0,1,22.96,26.515,68,15.0013,False,True,False,False,False,True,False,False,12,0,5,1,263
0,1,24.6,31.06,53,22.0028,False,True,False,False,False,True,False,False,13,0,5,1,272
0,1,25.42,31.06,50,23.9994,False,True,False,False,False,True,False,False,14,0,5,1,239
0,1,25.42,31.06,53,19.9995,False,True,False,False,False,True,False,False,15,0,5,1,262
0,1,24.6,31.06,53,26.0027,False,True,False,False,False,True,False,False,16,0,5,1,388
0,1,24.6,31.06,53,22.0028,False,True,False,False,False,True,False,False,17,0,5,1,769
0,1,24.6,31.06,53,23.9994,False,True,False,False,False,True,False,False,18,0,5,1,680
0,1,23.78,27.275,56,22.0028,False,True,False,False,True,False,False,False,19,0,5,1,546
0,1,22.14,25.76,52,19.0012,False,True,False,False,True,False,False,False,20,0,5,1,323
0,1,22.14,25.76,45,15.0013,False,True,False,False,False,True,False,False,21,0,5,1,247
0,1,22.14,25.76,45,16.9979,False,True,False,False,False,True,False,False,22,0,5,1,173
0,1,22.14,25.76,45,12.998,False,True,False,False,False,True,False,False,23,0,5,1,113
0,1,21.32,25.0,52,16.9979,False,True,False,False,False,True,False,False,0,1,5,1,38
0,1,21.32,25.0,59,15.0013,False,True,False,False,False,True,False,False,1,1,5,1,9
0,1,21.32,25.0,63,19.9995,False,True,False,False,False,True,False,False,2,1,5,1,16
0,1,21.32,25.0,68,19.0012,False,True,False,False,False,True,False,False,3,1,5,1,6
0,1,21.32,25.0,68,22.0028,False,True,False,False,False,True,False,False,4,1,5,1,5
0,1,21.32,25.0,72,19.0012,False,True,False,False,False,True,False,False,5,1,5,1,20
0,1,20.5,24.24,77,19.9995,False,True,False,False,True,False,False,False,6,1,5,1,165
0,1,21.32,25.0,72,19.0012,False,True,False,False,True,False,False,False,7,1,5,1,463
0,1,22.14,25.76,73,19.9995,False,True,False,False,False,True,False,False,8,1,5,1,641
0,1,22.96,26.515,68,23.9994,False,True,False,False,False,True,False,False,9,1,5,1,295
0,1,23.78,27.275,68,27.9993,False,True,False,False,False,True,False,False,10,1,5,1,157
0,1,24.6,30.305,64,26.0027,False,True,False,False,False,True,False,False,11,1,5,1,217
0,1,25.42,30.305,65,22.0028,False,True,False,False,False,True,False,False,12,1,5,1,263
0,1,26.24,30.305,65,16.9979,False,True,False,False,False,False,True,False,13,1,5,1,219
0,1,25.42,30.305,69,22.0028,False,True,False,False,False,False,True,False,14,1,5,1,71
0,1,25.42,29.545,73,16.9979,False,True,False,False,False,False,True,False,15,1,5,1,134
0,1,26.24,30.305,73,15.0013,False,True,False,False,False,False,True,False,16,1,5,1,389
0,1,26.24,30.305,69,19.0012,False,True,False,False,False,True,False,False,17,1,5,1,717
0,1,26.24,30.305,69,19.0012,False,True,False,False,False,True,False,False,18,1,5,1,710
0,1,26.24,30.305,69,19.0012,False,True,False,False,False,True,False,False,19,1,5,1,458
0,1,26.24,30.305,69,19.0012,False,True,False,False,False,True,False,False,20,1,5,1,302
0,1,26.24,30.305,65,19.0012,False,True,False,False,False,True,False,False,21,1,5,1,223
0,1,24.6,28.79,78,16.9979,False,True,False,False,False,False,True,False,22,1,5,1,147
0,1,24.6,28.79,78,22.0028,False,True,False,False,False,False,True,False,23,1,5,1,63
0,1,23.78,27.275,83,12.998,False,True,False,False,False,True,False,False,0,2,5,1,35
0,1,24.6,28.79,78,16.9979,False,True,False,False,False,True,False,False,1,2,5,1,14
0,1,22.96,26.515,88,30.0026,False,True,False,False,False,False,True,False,2,2,5,1,1
0,1,22.96,26.515,88,11.0014,False,True,False,False,False,False,True,False,3,2,5,1,2
0,1,22.96,26.515,88,15.0013,False,True,False,False,False,False,True,False,4,2,5,1,5
0,1,22.96,26.515,88,8.9981,False,True,False,False,False,True,False,False,5,2,5,1,28
0,1,22.96,26.515,88,7.0015,False,True,False,False,False,True,False,False,6,2,5,1,126
0,1,22.96,26.515,94,12.998,False,True,False,False,False,True,False,False,7,2,5,1,418
0,1,24.6,28.03,83,8.9981,False,True,False,False,False,True,False,False,8,2,5,1,622
0,1,24.6,28.03,83,0.0,False,True,False,False,False,True,False,False,9,2,5,1,325
0,1,25.42,30.305,65,16.9979,False,True,False,False,False,True,False,False,10,2,5,1,153
0,1,25.42,31.06,59,19.9995,False,True,False,False,False,True,False,False,11,2,5,1,201
0,1,25.42,31.06,57,15.0013,False,True,False,False,False,True,False,False,12,2,5,1,280
0,1,26.24,31.06,53,16.9979,False,True,False,False,False,True,False,False,13,2,5,1,266
0,1,26.24,31.06,53,16.9979,False,True,False,False,False,True,False,False,14,2,5,1,243
0,1,26.24,31.06,53,7.0015,False,True,False,False,False,True,False,False,15,2,5,1,259
0,1,27.06,31.06,50,12.998,False,True,False,False,False,True,False,False,16,2,5,1,357
0,1,26.24,31.06,53,8.9981,False,True,False,False,False,True,False,False,17,2,5,1,705
0,1,21.32,25.0,77,39.0007,False,True,False,False,False,False,True,False,18,2,5,1,372
0,1,20.5,24.24,77,23.9994,False,True,False,False,False,False,True,False,19,2,5,1,98
0,1,20.5,24.24,82,15.0013,False,True,False,False,False,False,True,False,20,2,5,1,51
0,1,20.5,24.24,82,11.0014,False,True,False,False,False,False,True,False,21,2,5,1,34
0,1,19.68,23.485,82,7.0015,False,True,False,False,False,False,True,False,22,2,5,1,67
0,1,19.68,23.485,82,12.998,False,True,False,False,False,False,True,False,23,2,5,1,55
0,1,20.5,24.24,77,11.0014,False,True,False,False,False,False,True,False,0,3,5,1,33
0,1,19.68,23.485,88,8.9981,False,True,False,False,False,True,False,False,1,3,5,1,11
0,1,19.68,23.485,88,7.0015,False,True,False,False,False,True,False,False,2,3,5,1,3
0,1,18.86,22.725,88,15.0013,False,True,False,False,True,False,False,False,3,3,5,1,3
0,1,18.86,22.725,77,12.998,False,True,False,False,True,False,False,False,4,3,5,1,2
0,1,18.86,22.725,72,19.9995,False,True,False,False,True,False,False,False,5,3,5,1,24
0,1,18.04,21.97,72,15.0013,False,True,False,False,True,False,False,False,6,3,5,1,139
0,1,18.04,21.97,72,19.9995,False,True,False,False,True,False,False,False,7,3,5,1,401
0,1,18.86,22.725,67,23.9994,False,True,False,False,True,False,False,False,8,3,5,1,630
0,1,20.5,24.24,59,31.0009,False,True,False,False,True,False,False,False,9,3,5,1,361
0,1,20.5,24.24,51,27.9993,False,True,False,False,True,False,False,False,10,3,5,1,154
0,1,21.32,25.0,48,35.0008,False,True,False,False,True,False,False,False,11,3,5,1,256
0,1,21.32,25.0,48,27.9993,False,True,False,False,True,False,False,False,12,3,5,1,272
0,1,22.14,25.76,39,30.0026,False,True,False,False,True,False,False,False,13,3,5,1,318
0,1,22.96,26.515,37,27.9993,False,True,False,False,True,False,False,False,14,3,5,1,247
0,1,22.14,25.76,37,26.0027,False,True,False,False,True,False,False,False,15,3,5,1,271
0,1,23.78,27.275,30,31.0009,False,True,False,False,True,False,False,False,16,3,5,1,421
0,1,24.6,31.06,31,26.0027,False,True,False,False,True,False,False,False,17,3,5,1,732
0,1,22.96,26.515,35,35.0008,False,True,False,False,True,False,False,False,18,3,5,1,770
0,1,22.14,25.76,37,23.9994,False,True,False,False,True,False,False,False,19,3,5,1,553
0,1,21.32,25.0,40,22.0028,False,True,False,False,True,False,False,False,20,3,5,1,374
0,1,20.5,24.24,42,12.998,False,True,False,False,True,False,False,False,21,3,5,1,230
0,1,20.5,24.24,42,7.0015,False,True,False,False,True,False,False,False,22,3,5,1,232
0,1,19.68,23.485,48,7.0015,False,True,False,False,True,False,False,False,23,3,5,1,135
0,1,18.86,22.725,55,7.0015,False,True,False,False,True,False,False,False,0,4,5,1,64
0,1,18.86,22.725,51,8.9981,False,True,False,False,True,False,False,False,1,4,5,1,46
0,1,18.86,22.725,44,11.0014,False,True,False,False,True,False,False,False,2,4,5,1,31
0,1,18.86,22.725,41,19.0012,False,True,False,False,True,False,False,False,3,4,5,1,13
0,1,17.22,21.21,50,12.998,False,True,False,False,True,False,False,False,4,4,5,1,9
0,1,17.22,21.21,47,11.0014,False,True,False,False,True,False,False,False,5,4,5,1,26
0,1,17.22,21.21,50,16.9979,False,True,False,False,True,False,False,False,6,4,5,1,135
0,1,17.22,21.21,50,16.9979,False,True,False,False,True,False,False,False,7,4,5,1,351
0,1,18.86,22.725,44,16.9979,False,True,False,False,True,False,False,False,8,4,5,1,620
0,1,19.68,23.485,41,19.9995,False,True,False,False,True,False,False,False,9,4,5,1,322
0,1,21.32,25.0,36,22.0028,False,True,False,False,True,False,False,False,10,4,5,1,210
0,1,22.96,26.515,35,16.9979,False,True,False,False,True,False,False,False,11,4,5,1,291
0,1,22.96,26.515,28,27.9993,False,True,False,False,True,False,False,False,12,4,5,1,348
0,1,24.6,30.305,26,26.0027,False,True,False,False,True,False,False,False,13,4,5,1,363
0,1,25.42,30.305,23,15.0013,False,True,False,False,True,False,False,False,14,4,5,1,334
0,1,25.42,30.305,25,12.998,False,True,False,False,True,False,False,False,15,4,5,1,439
0,1,25.42,30.305,25,22.0028,False,True,False,False,True,False,False,False,16,4,5,1,525
0,1,26.24,30.305,23,16.9979,False,True,False,False,True,False,False,False,17,4,5,1,779
0,1,26.24,30.305,23,19.0012,False,True,False,False,True,False,False,False,18,4,5,1,596
0,1,26.24,30.305,23,16.9979,False,True,False,False,True,False,False,False,19,4,5,1,503
0,1,25.42,30.305,25,8.9981,False,True,False,False,True,False,False,False,20,4,5,1,341
0,1,24.6,30.305,28,7.0015,False,True,False,False,True,False,False,False,21,4,5,1,270
0,1,22.96,26.515,35,15.0013,False,True,False,False,True,False,False,False,22,4,5,1,234
0,1,22.14,25.76,37,12.998,False,True,False,False,True,False,False,False,23,4,5,1,180
0,0,21.32,25.0,42,11.0014,False,True,False,False,True,False,False,False,0,5,5,1,136
0,0,20.5,24.24,48,0.0,False,True,False,False,True,False,False,False,1,5,5,1,93
0,0,18.86,22.725,59,8.9981,False,True,False,False,True,False,False,False,2,5,5,1,56
0,0,19.68,23.485,59,0.0,False,True,False,False,True,False,False,False,3,5,5,1,34
0,0,18.04,21.97,67,7.0015,False,True,False,False,True,False,False,False,4,5,5,1,9
0,0,17.22,21.21,67,8.9981,False,True,False,False,True,False,False,False,5,5,5,1,13
0,0,17.22,21.21,67,6.0032,False,True,False,False,True,False,False,False,6,5,5,1,33
0,0,17.22,21.21,71,8.9981,False,True,False,False,True,False,False,False,7,5,5,1,67
0,0,21.32,25.0,48,0.0,False,True,False,False,True,False,False,False,8,5,5,1,178
0,0,22.14,25.76,49,0.0,False,True,False,False,True,False,False,False,9,5,5,1,335
0,0,22.96,26.515,49,6.0032,False,True,False,False,True,False,False,False,10,5,5,1,411
0,0,25.42,31.06,41,6.0032,False,True,False,False,True,False,False,False,11,5,5,1,522
0,0,26.24,31.06,36,11.0014,False,True,False,False,True,False,False,False,12,5,5,1,559
0,0,26.24,31.06,36,12.998,False,True,False,False,True,False,False,False,13,5,5,1,659
0,0,27.06,31.06,36,12.998,False,True,False,False,True,False,False,False,14,5,5,1,615
0,0,27.88,31.06,24,12.998,False,True,False,False,True,False,False,False,15,5,5,1,590
0,0,28.7,31.82,21,12.998,False,True,False,False,False,True,False,False,16,5,5,1,591
0,0,27.06,31.06,36,12.998,False,True,False,False,False,True,False,False,17,5,5,1,576
0,0,27.06,31.06,31,12.998,False,True,False,False,False,True,False,False,18,5,5,1,546
0,0,26.24,31.06,36,11.0014,False,True,False,False,False,True,False,False,19,5,5,1,439
0,0,25.42,31.06,46,11.0014,False,True,False,False,True,False,False,False,20,5,5,1,287
0,0,24.6,30.305,60,8.9981,False,True,False,False,False,True,False,False,21,5,5,1,230
0,0,22.96,26.515,68,8.9981,False,True,False,False,True,False,False,False,22,5,5,1,274
0,0,23.78,27.275,56,6.0032,False,True,False,False,True,False,False,False,23,5,5,1,176
0,0,22.96,26.515,64,11.0014,False,True,False,False,True,False,False,False,0,6,5,1,98
0,0,22.14,25.76,68,8.9981,False,True,False,False,False,True,False,False,1,6,5,1,94
0,0,22.14,25.76,68,11.0014,False,True,False,False,False,True,False,False,2,6,5,1,82
0,0,22.14,25.76,64,8.9981,False,True,False,False,False,True,False,False,3,6,5,1,28
0,0,22.14,25.76,68,12.998,False,True,False,False,False,True,False,False,4,6,5,1,9
0,0,21.32,25.0,72,12.998,False,True,False,False,True,False,False,False,5,6,5,1,12
0,0,21.32,25.0,68,11.0014,False,True,False,False,True,False,False,False,6,6,5,1,21
0,0,21.32,25.0,68,11.0014,False,True,False,False,True,False,False,False,7,6,5,1,60
0,0,22.96,26.515,64,11.0014,False,True,False,False,True,False,False,False,8,6,5,1,156
0,0,24.6,31.06,56,8.9981,False,True,False,False,True,False,False,False,9,6,5,1,222
0,0,24.6,30.305,60,16.9979,False,True,False,False,True,False,False,False,10,6,5,1,350
0,0,25.42,31.06,57,16.9979,False,True,False,False,True,False,False,False,11,6,5,1,428
0,0,26.24,31.06,57,15.0013,False,True,False,False,True,False,False,False,12,6,5,1,531
0,0,27.88,31.82,54,16.9979,False,True,False,False,True,False,False,False,13,6,5,1,602
0,0,28.7,32.575,48,8.9981,False,True,False,False,True,False,False,False,14,6,5,1,552
0,0,29.52,32.575,45,23.9994,False,True,False,False,True,False,False,False,15,6,5,1,499
0,0,29.52,32.575,42,16.9979,False,True,False,False,True,False,False,False,16,6,5,1,564
0,0,28.7,31.82,45,27.9993,False,True,False,False,True,False,False,False,17,6,5,1,478
0,0,27.88,31.82,44,23.9994,False,True,False,False,False,True,False,False,18,6,5,1,389
0,0,27.06,31.06,50,27.9993,False,True,False,False,False,True,False,False,19,6,5,1,339
0,0,27.06,31.06,50,19.0012,False,True,False,False,False,True,False,False,20,6,5,1,230
0,0,26.24,31.06,53,12.998,False,True,False,False,False,True,False,False,21,6,5,1,169
0,0,25.42,30.305,61,11.0014,False,True,False,False,False,True,False,False,22,6,5,1,131
0,0,25.42,31.06,57,15.0013,False,True,False,False,False,True,False,False,23,6,5,1,74
0,1,24.6,31.06,56,16.9979,False,True,False,False,False,True,False,False,0,0,5,1,35
0,1,24.6,30.305,60,19.0012,False,True,False,False,False,True,False,False,1,0,5,1,11
0,1,24.6,30.305,60,19.9995,False,True,False,False,True,False,False,False,2,0,5,1,2
0,1,23.78,27.275,68,22.0028,False,True,False,False,False,True,False,False,3,0,5,1,2
0,1,22.14,25.76,77,15.0013,False,True,False,False,False,True,False,False,4,0,5,1,6
0,1,22.14,25.76,77,11.0014,False,True,False,False,False,True,False,False,5,0,5,1,26
0,1,21.32,25.0,94,19.9995,False,True,False,False,False,False,True,False,6,0,5,1,65
0,1,21.32,25.0,94,12.998,False,True,False,False,False,False,True,False,7,0,5,1,75
0,1,22.14,25.76,88,15.0013,False,True,False,False,False,False,True,False,8,0,5,1,156
0,1,22.14,25.76,88,19.0012,False,True,False,False,False,False,True,False,9,0,5,1,110
0,1,22.14,25.76,88,16.9979,False,True,False,False,False,False,True,False,10,0,5,1,59
0,1,22.96,26.515,83,15.0013,False,True,False,False,False,True,False,False,11,0,5,1,79
0,1,22.96,26.515,88,19.0012,False,True,False,False,False,True,False,False,12,0,5,1,185
0,1,25.42,29.545,73,15.0013,False,True,False,False,False,True,False,False,13,0,5,1,176
0,1,25.42,29.545,73,16.9979,False,True,False,False,False,True,False,False,14,0,5,1,171
0,1,25.42,29.545,73,11.0014,False,True,False,False,False,True,False,False,15,0,5,1,196
0,1,25.42,30.305,69,19.0012,False,True,False,False,False,False,True,False,16,0,5,1,111
0,1,22.96,26.515,88,16.9979,False,True,False,False,False,False,True,False,17,0,5,1,229
0,1,23.78,27.275,83,0.0,False,True,False,False,False,True,False,False,18,0,5,1,300
0,1,23.78,27.275,88,8.9981,False,True,False,False,False,False,True,False,19,0,5,1,304
0,1,23.78,27.275,88,12.998,False,True,False,False,False,True,False,False,20,0,5,1,189
0,1,23.78,27.275,83,6.0032,False,True,False,False,False,True,False,False,21,0,5,1,152
0,1,23.78,27.275,78,6.0032,False,True,False,False,False,True,False,False,22,0,5,1,129
0,1,23.78,27.275,78,7.0015,False,True,False,False,False,True,False,False,23,0,5,1,75
0,1,22.96,26.515,88,8.9981,False,True,False,False,False,True,False,False,0,1,5,1,32
0,1,22.96,26.515,88,8.9981,False,True,False,False,False,False,True,False,1,1,5,1,19
0,1,22.96,26.515,88,8.9981,False,True,False,False,False,True,False,False,2,1,5,1,4
0,1,23.78,27.275,83,8.9981,False,True,False,False,False,False,True,False,3,1,5,1,6
0,1,22.96,26.515,94,0.0,False,True,False,False,False,False,True,False,4,1,5,1,5
0,1,22.96,26.515,94,15.0013,False,True,False,False,False,False,True,False,5,1,5,1,8
0,1,22.96,26.515,94,15.0013,False,True,False,False,False,False,True,False,6,1,5,1,24
0,1,22.96,26.515,94,8.9981,False,True,False,False,False,False,True,False,7,1,5,1,92
0,1,23.78,27.275,88,6.0032,False,True,False,False,False,True,False,False,8,1,5,1,409
0,1,23.78,27.275,88,6.0032,False,True,False,False,False,True,False,False,9,1,5,1,355
0,1,25.42,29.545,78,7.0015,False,True,False,False,True,False,False,False,10,1,5,1,171
0,1,26.24,29.545,78,12.998,False,True,False,False,True,False,False,False,11,1,5,1,224
0,1,26.24,30.305,73,12.998,False,True,False,False,True,False,False,False,12,1,5,1,264
0,1,26.24,30.305,73,12.998,False,True,False,False,False,False,True,False,13,1,5,1,239
0,1,26.24,30.305,73,12.998,False,True,False,False,False,True,False,False,14,1,5,1,184
0,1,28.7,32.575,61,6.0032,False,True,False,False,False,True,False,False,15,1,5,1,256
0,1,27.88,31.82,65,11.0014,False,True,False,False,True,False,False,False,16,1,5,1,374
0,1,27.88,31.82,65,7.0015,False,True,False,False,True,False,False,False,17,1,5,1,678
0,1,28.7,32.575,61,6.0032,False,True,False,False,True,False,False,False,18,1,5,1,733
0,1,27.06,31.06,69,11.0014,False,True,False,False,True,False,False,False,19,1,5,1,512
0,1,26.24,30.305,73,8.9981,False,True,False,False,False,False,True,False,20,1,5,1,263
0,1,26.24,30.305,73,19.0012,False,True,False,False,False,False,True,False,21,1,5,1,109
0,1,23.78,27.275,78,15.0013,False,True,False,False,True,False,False,False,22,1,5,1,83
0,1,22.96,26.515,88,7.0015,False,True,False,False,False,False,True,False,23,1,5,1,71
0,1,23.78,27.275,88,0.0,False,True,False,False,False,True,False,False,0,2,5,1,39
0,1,23.78,27.275,88,8.9981,False,True,False,False,False,True,False,False,1,2,5,1,21
0,1,22.96,26.515,94,12.998,False,True,False,False,True,False,False,False,2,2,5,1,19
0,1,22.96,26.515,88,7.0015,False,True,False,False,True,False,False,False,3,2,5,1,6
0,1,22.14,25.76,94,8.9981,False,True,False,False,True,False,False,False,4,2,5,1,4
0,1,22.14,25.76,94,7.0015,False,True,False,False,True,False,False,False,5,2,5,1,38
0,1,22.14,25.76,94,6.0032,False,True,False,False,True,False,False,False,6,2,5,1,158
0,1,22.96,26.515,83,0.0,False,True,False,False,True,False,False,False,7,2,5,1,440
0,1,23.78,27.275,83,0.0,False,True,False,False,True,False,False,False,8,2,5,1,650
0,1,24.6,28.79,78,8.9981,False,True,False,False,False,True,False,False,9,2,5,1,347
0,1,27.06,31.06,61,0.0,False,True,False,False,True,False,False,False,10,2,5,1,192
0,1,28.7,32.575,54,8.9981,False,True,False,False,True,False,False,False,11,2,5,1,267
0,1,28.7,32.575,54,12.998,False,True,False,False,True,False,False,False,12,2,5,1,330
0,1,29.52,32.575,42,0.0,False,True,False,False,True,False,False,False,13,2,5,1,350
0,1,29.52,32.575,42,6.0032,False,True,False,False,True,False,False,False,14,2,5,1,263
0,1,29.52,33.335,48,7.0015,False,True,False,False,False,True,False,False,15,2,5,1,274
0,1,29.52,32.575,45,7.0015,False,True,False,False,True,False,False,False,16,2,5,1,446
0,1,29.52,33.335,51,12.998,False,True,False,False,True,False,False,False,17,2,5,1,873
0,1,29.52,33.335,51,15.0013,False,True,False,False,True,False,False,False,18,2,5,1,846
0,1,28.7,32.575,54,19.0012,False,True,False,False,True,False,False,False,19,2,5,1,590
0,1,27.06,31.06,65,16.9979,False,True,False,False,True,False,False,False,20,2,5,1,459
0,1,26.24,30.305,73,12.998,False,True,False,False,True,False,False,False,21,2,5,1,393
0,1,26.24,30.305,73,11.0014,False,True,False,False,True,False,False,False,22,2,5,1,286
0,1,25.42,29.545,78,7.0015,False,True,False,False,True,False,False,False,23,2,5,1,133
0,1,24.6,28.79,78,8.9981,False,True,False,False,True,False,False,False,0,3,5,1,79
0,1,24.6,28.03,83,11.0014,False,True,False,False,True,False,False,False,1,3,5,1,28
0,1,24.6,28.79,78,11.0014,False,True,False,False,True,False,False,False,2,3,5,1,16
0,1,24.6,29.545,73,16.9979,False,True,False,False,True,False,False,False,3,3,5,1,3
0,1,24.6,30.305,64,22.0028,False,True,False,False,True,False,False,False,4,3,5,1,16
0,1,22.96,26.515,68,22.0028,False,True,False,False,True,False,False,False,5,3,5,1,35
0,1,22.14,25.76,73,23.9994,False,True,False,False,True,False,False,False,6,3,5,1,159
0,1,22.14,25.76,73,26.0027,False,True,False,False,True,False,False,False,7,3,5,1,474
0,1,21.32,25.0,55,30.0026,False,True,False,False,True,False,False,False,8,3,5,1,634
0,1,22.14,25.76,52,27.9993,False,True,False,False,True,False,False,False,9,3,5,1,346
0,1,22.96,26.515,52,16.9979,False,True,False,False,True,False,False,False,10,3,5,1,205
0,1,23.78,27.275,49,15.0013,False,True,False,False,True,False,False,False,11,3,5,1,279
0,1,24.6,31.06,43,12.998,False,True,False,False,True,False,False,False,12,3,5,1,348
0,1,25.42,31.06,41,12.998,False,True,False,False,True,False,False,False,13,3,5,1,327
0,1,26.24,31.06,38,12.998,False,True,False,False,True,False,False,False,14,3,5,1,270
0,1,26.24,31.06,36,16.9979,False,True,False,False,True,False,False,False,15,3,5,1,316
0,1,27.06,31.06,31,12.998,False,True,False,False,True,False,False,False,16,3,5,1,430
0,1,27.06,31.06,31,8.9981,False,True,False,False,True,False,False,False,17,3,5,1,852
0,1,27.06,31.06,27,11.0014,False,True,False,False,True,False,False,False,18,3,5,1,868
0,1,26.24,31.06,31,12.998,False,True,False,False,True,False,False,False,19,3,5,1,537
0,1,24.6,31.06,40,12.998,False,True,False,False,True,False,False,False,20,3,5,1,446
0,1,23.78,27.275,40,7.0015,False,True,False,False,True,False,False,False,21,3,5,1,299
0,1,22.96,26.515,43,6.0032,False,True,False,False,True,False,False,False,22,3,5,1,251
0,1,22.14,25.76,49,8.9981,False,True,False,False,True,False,False,False,23,3,5,1,166
0,1,21.32,25.0,59,7.0015,False,True,False,False,True,False,False,False,0,4,5,1,70
0,1,20.5,24.24,59,6.0032,False,True,False,False,True,False,False,False,1,4,5,1,49
0,1,19.68,23.485,67,8.9981,False,True,False,False,True,False,False,False,2,4,5,1,21
0,1,18.86,22.725,72,6.0032,False,True,False,False,True,False,False,False,3,4,5,1,14
0,1,18.86,22.725,77,11.0014,False,True,False,False,True,False,False,False,4,4,5,1,11
0,1,18.86,22.725,77,7.0015,False,True,False,False,True,False,False,False,5,4,5,1,34
0,1,18.04,21.97,77,8.9981,False,True,False,False,True,False,False,False,6,4,5,1,182
0,1,18.86,22.725,82,7.0015,False,True,False,False,True,False,False,False,7,4,5,1,515
0,1,21.32,25.0,59,8.9981,False,True,False,False,True,False,False,False,8,4,5,1,745
0,1,22.96,26.515,56,7.0015,False,True,False,False,True,False,False,False,9,4,5,1,361
0,1,24.6,31.06,46,8.9981,False,True,False,False,True,False,False,False,10,4,5,1,255
0,1,25.42,31.06,43,0.0,False,True,False,False,True,False,False,False,11,4,5,1,334
0,1,25.42,31.06,41,12.998,False,True,False,False,True,False,False,False,12,4,5,1,360
0,1,26.24,31.06,36,11.0014,False,True,False,False,True,False,False,False,13,4,5,1,395
0,1,27.06,31.06,34,8.9981,False,True,False,False,True,False,False,False,14,4,5,1,350
0,1,27.06,31.06,36,12.998,False,True,False,False,True,False,False,False,15,4,5,1,391
0,1,27.06,31.06,34,16.9979,False,True,False,False,True,False,False,False,16,4,5,1,568
0,1,27.06,31.06,34,8.9981,False,True,False,False,True,False,False,False,17,4,5,1,812
0,1,26.24,31.06,38,15.0013,False,True,False,False,True,False,False,False,18,4,5,1,669
0,1,25.42,31.06,41,12.998,False,True,False,False,True,False,False,False,19,4,5,1,483
0,1,25.42,31.06,41,11.0014,False,True,False,False,True,False,False,False,20,4,5,1,337
0,1,24.6,31.06,40,0.0,False,True,False,False,True,False,False,False,21,4,5,1,258
0,1,22.96,26.515,52,22.0028,False,True,False,False,True,False,False,False,22,4,5,1,251
0,1,21.32,25.0,55,0.0,False,True,False,False,True,False,False,False,23,4,5,1,174
0,0,21.32,25.0,48,7.0015,False,True,False,False,True,False,False,False,0,5,5,1,148
0,0,20.5,24.24,48,0.0,False,True,False,False,True,False,False,False,1,5,5,1,104
0,0,20.5,24.24,51,7.0015,False,True,False,False,True,False,False,False,2,5,5,1,69
0,0,20.5,24.24,48,7.0015,False,True,False,False,True,False,False,False,3,5,5,1,33
0,0,19.68,23.485,59,6.0032,False,True,False,False,True,False,False,False,4,5,5,1,14
0,0,18.86,22.725,67,0.0,False,True,False,False,True,False,False,False,5,5,5,1,12
0,0,18.04,21.97,72,6.0032,False,True,False,False,True,False,False,False,6,5,5,1,50
0,0,18.86,22.725,67,7.0015,False,True,False,False,True,False,False,False,7,5,5,1,95
0,0,21.32,25.0,52,11.0014,False,True,False,False,True,False,False,False,8,5,5,1,195
0,0,22.96,26.515,43,11.0014,False,True,False,False,True,False,False,False,9,5,5,1,292
0,0,22.96,26.515,43,0.0,False,True,False,False,True,False,False,False,10,5,5,1,452
0,0,25.42,31.06,38,6.0032,False,True,False,False,True,False,False,False,11,5,5,1,586
0,0,27.06,31.06,36,0.0,False,True,False,False,True,False,False,False,12,5,5,1,642
0,0,28.7,31.82,37,8.9981,False,True,False,False,True,False,False,False,13,5,5,1,704
0,0,29.52,32.575,30,6.0032,False,True,False,False,True,False,False,False,14,5,5,1,730
0,0,29.52,32.575,30,7.0015,False,True,False,False,True,False,False,False,15,5,5,1,672
0,0,30.34,32.575,30,7.0015,False,True,False,False,True,False,False,False,16,5,5,1,642
0,0,30.34,32.575,30,6.0032,False,True,False,False,True,False,False,False,17,5,5,1,626
0,0,30.34,32.575,33,6.0032,False,True,False,False,True,False,False,False,18,5,5,1,645
0,0,28.7,31.82,39,8.9981,False,True,False,False,True,False,False,False,19,5,5,1,432
0,0,27.88,31.82,41,6.0032,False,True,False,False,True,False,False,False,20,5,5,1,315
0,0,26.24,31.06,50,0.0,False,True,False,False,True,False,False,False,21,5,5,1,259
0,0,26.24,31.06,47,0.0,False,True,False,False,True,False,False,False,22,5,5,1,338
0,0,24.6,31.06,56,11.0014,False,True,False,False,True,False,False,False,23,5,5,1,239
0,1,27.06,31.06,50,16.9979,False,True,False,False,True,False,False,False,0,4,6,1,86
0,1,26.24,31.06,53,15.0013,False,True,False,False,True,False,False,False,1,4,6,1,34
0,1,26.24,31.06,57,15.0013,False,True,False,False,True,False,False,False,2,4,6,1,16
0,1,25.42,29.545,73,6.0032,False,True,False,False,False,True,False,False,3,4,6,1,4
0,1,25.42,29.545,73,6.0032,False,True,False,False,False,True,False,False,4,4,6,1,6
0,1,25.42,29.545,78,6.0032,False,True,False,False,False,True,False,False,5,4,6,1,45
0,1,25.42,28.03,88,8.9981,False,True,False,False,False,False,True,False,6,4,6,1,141
0,1,26.24,28.79,89,12.998,False,True,False,False,False,True,False,False,7,4,6,1,402
0,1,26.24,28.79,89,12.998,False,True,False,False,False,True,False,False,8,4,6,1,694
0,1,26.24,28.79,83,15.0013,False,True,False,False,False,True,False,False,9,4,6,1,298
0,1,27.06,30.305,78,19.0012,False,True,False,False,False,True,False,False,10,4,6,1,204
0,1,28.7,33.335,74,19.0012,False,True,False,False,False,True,False,False,11,4,6,1,235
0,1,28.7,33.335,74,23.9994,False,True,False,False,False,True,False,False,12,4,6,1,310
0,1,29.52,34.09,70,19.9995,False,True,False,False,True,False,False,False,13,4,6,1,316
0,1,29.52,34.09,66,19.0012,False,True,False,False,False,False,True,False,14,4,6,1,254
0,1,29.52,34.09,66,19.0012,False,True,False,False,False,False,True,False,15,4,6,1,258
0,1,30.34,34.09,58,30.0026,False,True,False,False,False,False,True,False,16,4,6,1,222
0,1,28.7,32.575,70,16.9979,False,True,False,False,False,False,True,False,17,4,6,1,227
0,1,25.42,28.03,88,23.9994,False,True,False,False,False,False,True,False,18,4,6,1,110
0,1,25.42,28.03,88,23.9994,False,True,False,False,False,False,True,False,19,4,6,1,45
0,1,25.42,27.275,94,16.9979,False,True,False,False,False,False,True,False,20,4,6,1,39
0,1,26.24,29.545,78,16.9979,False,True,False,False,False,False,True,False,21,4,6,1,85
0,1,24.6,27.275,88,8.9981,False,True,False,False,False,False,True,False,22,4,6,1,23
0,1,24.6,27.275,88,8.9981,False,True,False,False,False,False,True,False,23,4,6,1,73
0,0,22.96,26.515,83,8.9981,False,True,False,False,False,True,False,False,0,5,6,1,86
0,0,22.96,26.515,83,7.0015,False,True,False,False,False,True,False,False,1,5,6,1,76
0,0,22.14,25.76,88,0.0,False,True,False,False,False,True,False,False,2,5,6,1,41
0,0,22.96,26.515,73,16.9979,False,True,False,False,True,False,False,False,3,5,6,1,26
0,0,22.14,25.76,68,19.0012,False,True,False,False,True,False,False,False,4,5,6,1,13
0,0,20.5,24.24,72,12.998,False,True,False,False,True,False,False,False,5,5,6,1,12
0,0,20.5,24.24,77,12.998,False,True,False,False,False,True,False,False,6,5,6,1,36
0,0,21.32,25.0,72,7.0015,False,True,False,False,True,False,False,False,7,5,6,1,86
0,0,22.14,25.76,64,11.0014,False,True,False,False,True,False,False,False,8,5,6,1,210
0,0,22.96,26.515,60,16.9979,False,True,False,False,True,False,False,False,9,5,6,1,332
0,0,24.6,31.06,53,19.9995,False,True,False,False,True,False,False,False,10,5,6,1,493
0,0,23.78,27.275,46,19.0012,False,True,False,False,True,False,False,False,11,5,6,1,536
0,0,25.42,31.06,43,23.9994,False,True,False,False,True,False,False,False,12,5,6,1,668
0,0,25.42,31.06,41,16.9979,False,True,False,False,True,False,False,False,13,5,6,1,679
0,0,26.24,31.06,38,19.9995,False,True,False,False,True,False,False,False,14,5,6,1,647
0,0,26.24,31.06,38,16.9979,False,True,False,False,True,False,False,False,15,5,6,1,702
0,0,26.24,31.06,38,16.9979,False,True,False,False,True,False,False,False,16,5,6,1,644
0,0,26.24,31.06,36,0.0,False,True,False,False,True,False,False,False,17,5,6,1,586
0,0,26.24,31.06,36,0.0,False,True,False,False,True,False,False,False,18,5,6,1,512
0,0,26.24,31.06,36,11.0014,False,True,False,False,True,False,False,False,19,5,6,1,554
0,0,25.42,31.06,35,19.0012,False,True,False,False,True,False,False,False,20,5,6,1,399
0,0,24.6,31.06,40,7.0015,False,True,False,False,True,False,False,False,21,5,6,1,316
0,0,23.78,27.275,46,8.9981,False,True,False,False,True,False,False,False,22,5,6,1,228
0,0,22.96,26.515,52,7.0015,False,True,False,False,True,False,False,False,23,5,6,1,238
0,0,22.14,25.76,60,11.0014,False,True,False,False,True,False,False,False,0,6,6,1,169
0,0,22.14,25.76,56,8.9981,False,True,False,False,True,False,False,False,1,6,6,1,121
0,0,21.32,25.0,59,7.0015,False,True,False,False,True,False,False,False,2,6,6,1,89
0,0,21.32,25.0,63,7.0015,False,True,False,False,True,False,False,False,3,6,6,1,50
0,0,20.5,24.24,72,6.0032,False,True,False,False,True,False,False,False,4,6,6,1,13
0,0,20.5,24.24,68,0.0,False,True,False,False,True,False,False,False,5,6,6,1,12
0,0,18.86,22.725,82,7.0015,False,True,False,False,True,False,False,False,6,6,6,1,22
0,0,20.5,24.24,68,7.0015,False,True,False,False,True,False,False,False,7,6,6,1,35
0,0,22.14,25.76,60,6.0032,False,True,False,False,True,False,False,False,8,6,6,1,140
0,0,24.6,31.06,46,12.998,False,True,False,False,True,False,False,False,9,6,6,1,300
0,0,25.42,31.06,43,15.0013,False,True,False,False,True,False,False,False,10,6,6,1,404
0,0,26.24,31.06,41,16.9979,False,True,False,False,True,False,False,False,11,6,6,1,511
0,0,27.06,31.06,39,19.9995,False,True,False,False,True,False,False,False,12,6,6,1,684
0,0,27.88,31.82,36,19.0012,False,True,False,False,True,False,False,False,13,6,6,1,686
0,0,27.88,31.82,36,22.0028,False,True,False,False,True,False,False,False,14,6,6,1,678
0,0,28.7,31.82,34,0.0,False,True,False,False,True,False,False,False,15,6,6,1,644
0,0,28.7,31.82,34,19.9995,False,True,False,False,True,False,False,False,16,6,6,1,662
0,0,28.7,31.82,34,16.9979,False,True,False,False,True,False,False,False,17,6,6,1,578
0,0,28.7,31.82,34,16.9979,False,True,False,False,True,False,False,False,18,6,6,1,496
0,0,27.88,31.82,34,19.0012,False,True,False,False,True,False,False,False,19,6,6,1,453
0,0,27.06,31.06,39,12.998,False,True,False,False,True,False,False,False,20,6,6,1,314
0,0,25.42,31.06,43,11.0014,False,True,False,False,True,False,False,False,21,6,6,1,246
0,0,25.42,31.06,50,26.0027,False,True,False,False,True,False,False,False,22,6,6,1,226
0,0,23.78,27.275,53,7.0015,False,True,False,False,True,False,False,False,23,6,6,1,108
0,1,23.78,27.275,53,0.0,False,True,False,False,True,False,False,False,0,0,6,1,49
0,1,22.96,26.515,60,11.0014,False,True,False,False,False,False,True,False,1,0,6,1,14
0,1,22.96,26.515,60,15.0013,False,True,False,False,True,False,False,False,2,0,6,1,11
0,1,22.96,26.515,60,11.0014,False,True,False,False,False,True,False,False,3,0,6,1,5
0,1,22.14,25.76,64,6.0032,False,True,False,False,True,False,False,False,4,0,6,1,8
0,1,21.32,25.0,68,0.0,False,True,False,False,True,False,False,False,5,0,6,1,35
0,1,21.32,25.0,68,0.0,False,True,False,False,True,False,False,False,6,0,6,1,139
0,1,22.96,26.515,60,15.0013,False,True,False,False,True,False,False,False,7,0,6,1,517
0,1,24.6,31.06,49,15.0013,False,True,False,False,True,False,False,False,8,0,6,1,665
0,1,25.42,31.06,43,19.0012,False,True,False,False,True,False,False,False,9,0,6,1,282
0,1,26.24,31.06,41,31.0009,False,True,False,False,True,False,False,False,10,0,6,1,187
0,1,26.24,31.06,38,32.9975,False,True,False,False,True,False,False,False,11,0,6,1,239
0,1,26.24,31.06,41,30.0026,False,True,False,False,True,False,False,False,12,0,6,1,282
0,1,26.24,31.06,41,23.9994,False,True,False,False,True,False,False,False,13,0,6,1,274
0,1,25.42,31.06,41,32.9975,False,True,False,False,True,False,False,False,14,0,6,1,270
0,1,27.06,31.06,39,19.9995,False,True,False,False,True,False,False,False,15,0,6,1,292
0,1,27.06,31.06,39,31.0009,False,True,False,False,True,False,False,False,16,0,6,1,448
0,1,26.24,31.06,38,30.0026,False,True,False,False,True,False,False,False,17,0,6,1,834
0,1,26.24,31.06,38,26.0027,False,True,False,False,True,False,False,False,18,0,6,1,822
0,1,25.42,31.06,38,27.9993,False,True,False,False,True,False,False,False,19,0,6,1,645
0,1,24.6,31.06,40,23.9994,False,True,False,False,True,False,False,False,20,0,6,1,461
0,1,23.78,27.275,49,16.9979,False,True,False,False,True,False,False,False,21,0,6,1,265
0,1,22.96,26.515,52,19.0012,False,True,False,False,True,False,False,False,22,0,6,1,168
0,1,23.78,27.275,49,19.9995,False,True,False,False,True,False,False,False,23,0,6,1,86
0,1,22.14,25.76,68,27.9993,False,True,False,False,True,False,False,False,0,1,6,1,34
0,1,21.32,25.0,77,22.0028,False,True,False,False,False,True,False,False,1,1,6,1,20
0,1,21.32,25.0,72,19.9995,False,True,False,False,False,False,True,False,2,1,6,1,8
0,1,20.5,24.24,82,12.998,False,True,False,False,False,False,True,False,3,1,6,1,5
0,1,20.5,24.24,82,12.998,False,True,False,False,False,False,True,False,4,1,6,1,5
0,1,19.68,23.485,82,11.0014,False,True,False,False,False,False,True,False,5,1,6,1,36
0,1,19.68,23.485,82,16.9979,False,True,False,False,True,False,False,False,6,1,6,1,184
0,1,19.68,23.485,77,19.9995,False,True,False,False,True,False,False,False,7,1,6,1,569
0,1,19.68,23.485,77,15.0013,False,True,False,False,False,True,False,False,8,1,6,1,710
0,1,21.32,25.0,72,16.9979,False,True,False,False,False,True,False,False,9,1,6,1,335
0,1,21.32,25.0,63,19.9995,False,True,False,False,False,True,False,False,10,1,6,1,176
0,1,22.96,26.515,56,12.998,False,True,False,False,False,True,False,False,11,1,6,1,227
0,1,22.14,25.76,56,15.0013,False,True,False,False,False,True,False,False,12,1,6,1,247
0,1,24.6,31.06,46,11.0014,False,True,False,False,False,True,False,False,13,1,6,1,267
0,1,23.78,27.275,46,11.0014,False,True,False,False,False,True,False,False,14,1,6,1,276
0,1,23.78,27.275,46,8.9981,False,True,False,False,False,True,False,False,15,1,6,1,272
0,1,24.6,31.06,43,12.998,False,True,False,False,True,False,False,False,16,1,6,1,473
0,1,24.6,31.06,43,0.0,False,True,False,False,True,False,False,False,17,1,6,1,850
0,1,24.6,31.06,43,12.998,False,True,False,False,True,False,False,False,18,1,6,1,790
0,1,23.78,27.275,46,16.9979,False,True,False,False,True,False,False,False,19,1,6,1,513
0,1,22.96,26.515,49,15.0013,False,True,False,False,True,False,False,False,20,1,6,1,415
0,1,22.14,25.76,56,11.0014,False,True,False,False,True,False,False,False,21,1,6,1,283
0,1,22.96,26.515,52,7.0015,False,True,False,False,True,False,False,False,22,1,6,1,193
0,1,22.14,25.76,56,6.0032,False,True,False,False,True,False,False,False,23,1,6,1,113
0,1,21.32,25.0,59,6.0032,False,True,False,False,True,False,False,False,0,2,6,1,49
0,1,21.32,25.0,68,0.0,False,True,False,False,True,False,False,False,1,2,6,1,27
0,1,20.5,24.24,68,0.0,False,True,False,False,True,False,False,False,2,2,6,1,11
0,1,18.86,22.725,82,0.0,False,True,False,False,True,False,False,False,3,2,6,1,8
0,1,18.86,22.725,82,7.0015,False,True,False,False,True,False,False,False,4,2,6,1,10
0,1,19.68,23.485,77,0.0,False,True,False,False,True,False,False,False,5,2,6,1,38
0,1,19.68,23.485,77,0.0,False,True,False,False,True,False,False,False,6,2,6,1,172
0,1,20.5,24.24,72,0.0,False,True,False,False,True,False,False,False,7,2,6,1,547
0,1,22.14,25.76,68,0.0,False,True,False,False,True,False,False,False,8,2,6,1,668
0,1,22.96,26.515,60,6.0032,False,True,False,False,True,False,False,False,9,2,6,1,303
0,1,24.6,31.06,46,6.0032,False,True,False,False,True,False,False,False,10,2,6,1,203
0,1,25.42,31.06,43,6.0032,False,True,False,False,True,False,False,False,11,2,6,1,226
0,1,25.42,31.06,38,0.0,False,True,False,False,True,False,False,False,12,2,6,1,315
0,1,25.42,31.06,41,6.0032,False,True,False,False,True,False,False,False,13,2,6,1,303
0,1,26.24,31.06,38,0.0,False,True,False,False,True,False,False,False,14,2,6,1,302
0,1,26.24,31.06,38,0.0,False,True,False,False,True,False,False,False,15,2,6,1,300
0,1,26.24,31.06,41,8.9981,False,True,False,False,True,False,False,False,16,2,6,1,452
0,1,25.42,31.06,43,8.9981,False,True,False,False,True,False,False,False,17,2,6,1,724
0,1,24.6,31.06,53,12.998,False,True,False,False,False,False,True,False,18,2,6,1,782
0,1,22.96,26.515,73,19.9995,False,True,False,False,True,False,False,False,19,2,6,1,538
0,1,22.14,25.76,73,19.0012,False,True,False,False,True,False,False,False,20,2,6,1,408
0,1,22.14,25.76,73,11.0014,False,True,False,False,True,False,False,False,21,2,6,1,298
0,1,21.32,25.0,77,6.0032,False,True,False,False,True,False,False,False,22,2,6,1,248
0,1,21.32,25.0,77,0.0,False,True,False,False,True,False,False,False,23,2,6,1,123
0,1,21.32,25.0,77,8.9981,False,True,False,False,True,False,False,False,0,3,6,1,59
0,1,21.32,25.0,77,11.0014,False,True,False,False,True,False,False,False,1,3,6,1,22
0,1,21.32,25.0,77,6.0032,False,True,False,False,True,False,False,False,2,3,6,1,12
0,1,20.5,24.24,77,7.0015,False,True,False,False,True,False,False,False,3,3,6,1,5
0,1,18.86,22.725,88,7.0015,False,True,False,False,True,False,False,False,4,3,6,1,6
0,1,19.68,23.485,82,6.0032,False,True,False,False,True,False,False,False,5,3,6,1,34
0,1,18.86,22.725,88,7.0015,False,True,False,False,True,False,False,False,6,3,6,1,170
0,1,20.5,24.24,82,11.0014,False,True,False,False,True,False,False,False,7,3,6,1,526
0,1,21.32,25.0,77,0.0,False,True,False,False,True,False,False,False,8,3,6,1,681
0,1,23.78,27.275,68,0.0,False,True,False,False,True,False,False,False,9,3,6,1,337
0,1,24.6,30.305,64,6.0032,False,True,False,False,True,False,False,False,10,3,6,1,210
0,1,27.06,31.06,47,15.0013,False,True,False,False,True,False,False,False,11,3,6,1,237
0,1,28.7,31.82,42,0.0,False,True,False,False,True,False,False,False,12,3,6,1,336
0,1,28.7,31.82,37,19.0012,False,True,False,False,True,False,False,False,13,3,6,1,315
0,1,29.52,32.575,37,16.9979,False,True,False,False,True,False,False,False,14,3,6,1,265
0,1,30.34,32.575,30,0.0,False,True,False,False,True,False,False,False,15,3,6,1,333
0,1,29.52,32.575,34,15.0013,False,True,False,False,True,False,False,False,16,3,6,1,466
0,1,29.52,32.575,34,16.9979,False,True,False,False,True,False,False,False,17,3,6,1,869
0,1,28.7,31.82,34,19.0012,False,True,False,False,True,False,False,False,18,3,6,1,813
0,1,28.7,31.82,34,19.0012,False,True,False,False,True,False,False,False,19,3,6,1,602
0,1,27.06,31.06,36,19.9995,False,True,False,False,True,False,False,False,20,3,6,1,478
0,1,25.42,31.06,41,22.0028,False,True,False,False,True,False,False,False,21,3,6,1,313
0,1,24.6,31.06,46,11.0014,False,True,False,False,True,False,False,False,22,3,6,1,228
0,1,22.96,26.515,52,8.9981,False,True,False,False,True,False,False,False,23,3,6,1,177
0,1,22.96,26.515,56,11.0014,False,True,False,False,True,False,False,False,0,4,6,1,77
0,1,22.96,26.515,56,11.0014,False,True,False,False,True,False,False,False,1,4,6,1,29
0,1,22.96,26.515,56,0.0,False,True,False,False,True,False,False,False,2,4,6,1,19
0,1,22.14,25.76,60,6.0032,False,True,False,False,True,False,False,False,3,4,6,1,8
0,1,21.32,25.0,63,0.0,False,True,False,False,True,False,False,False,4,4,6,1,10
0,1,20.5,24.24,72,7.0015,False,True,False,False,True,False,False,False,5,4,6,1,29
0,1,21.32,25.0,68,6.0032,False,True,False,False,True,False,False,False,6,4,6,1,139
0,1,21.32,25.0,72,7.0015,False,True,False,False,True,False,False,False,7,4,6,1,428
0,1,23.78,27.275,60,6.0032,False,True,False,False,True,False,False,False,8,4,6,1,700
0,1,25.42,31.06,53,11.0014,False,True,False,False,True,False,False,False,9,4,6,1,382
0,1,27.06,31.06,47,16.9979,False,True,False,False,True,False,False,False,10,4,6,1,249
0,1,28.7,31.82,42,16.9979,False,True,False,False,True,False,False,False,11,4,6,1,264
0,1,29.52,32.575,39,22.0028,False,True,False,False,True,False,False,False,12,4,6,1,369
0,1,30.34,32.575,37,16.9979,False,True,False,False,True,False,False,False,13,4,6,1,416
0,1,31.16,33.335,31,26.0027,False,True,False,False,True,False,False,False,14,4,6,1,373
0,1,31.16,33.335,29,19.0012,False,True,False,False,True,False,False,False,15,4,6,1,397
0,1,31.16,33.335,29,19.9995,False,True,False,False,True,False,False,False,16,4,6,1,523
0,1,31.16,33.335,29,12.998,False,True,False,False,True,False,False,False,17,4,6,1,793
0,1,31.16,33.335,27,15.0013,False,True,False,False,True,False,False,False,18,4,6,1,723
0,1,30.34,32.575,30,15.0013,False,True,False,False,True,False,False,False,19,4,6,1,555
0,1,29.52,32.575,32,8.9981,False,True,False,False,True,False,False,False,20,4,6,1,408
0,1,28.7,31.82,37,8.9981,False,True,False,False,True,False,False,False,21,4,6,1,339
0,1,27.88,31.82,41,7.0015,False,True,False,False,True,False,False,False,22,4,6,1,291
0,1,26.24,31.06,57,11.0014,False,True,False,False,True,False,False,False,23,4,6,1,215
0,0,26.24,31.06,53,7.0015,False,True,False,False,True,False,False,False,0,5,6,1,206
0,0,26.24,31.06,53,6.0032,False,True,False,False,True,False,False,False,1,5,6,1,123
0,0,26.24,31.06,50,15.0013,False,True,False,False,True,False,False,False,2,5,6,1,89
0,0,25.42,31.06,57,0.0,False,True,False,False,True,False,False,False,3,5,6,1,40
0,0,25.42,31.06,57,0.0,False,True,False,False,True,False,False,False,4,5,6,1,8
0,0,24.6,31.06,56,7.0015,False,True,False,False,True,False,False,False,5,5,6,1,19
0,0,22.96,26.515,64,7.0015,False,True,False,False,True,False,False,False,6,5,6,1,80
0,0,23.78,27.275,64,7.0015,False,True,False,False,True,False,False,False,7,5,6,1,87
0,0,25.42,30.305,61,7.0015,False,True,False,False,True,False,False,False,8,5,6,1,244
0,0,26.24,31.06,57,11.0014,False,True,False,False,True,False,False,False,9,5,6,1,340
0,0,28.7,32.575,51,7.0015,False,True,False,False,True,False,False,False,10,5,6,1,466
0,0,31.16,33.335,35,0.0,False,True,False,False,True,False,False,False,11,5,6,1,569
0,0,32.8,34.85,29,16.9979,False,True,False,False,True,False,False,False,12,5,6,1,531
0,0,33.62,34.85,24,19.0012,False,True,False,False,True,False,False,False,13,5,6,1,585
0,0,33.62,34.85,23,12.998,False,True,False,False,True,False,False,False,14,5,6,1,593
0,0,34.44,35.605,20,19.9995,False,True,False,False,True,False,False,False,15,5,6,1,555
0,0,33.62,34.85,24,12.998,False,True,False,False,True,False,False,False,16,5,6,1,534
0,0,34.44,35.605,24,0.0,False,True,False,False,True,False,False,False,17,5,6,1,495
0,0,33.62,34.85,24,15.0013,False,True,False,False,True,False,False,False,18,5,6,1,451
0,0,32.8,34.85,29,11.0014,False,True,False,False,True,False,False,False,19,5,6,1,360
0,0,31.16,33.335,35,15.0013,False,True,False,False,True,False,False,False,20,5,6,1,363
0,0,30.34,32.575,40,12.998,False,True,False,False,True,False,False,False,21,5,6,1,316
0,0,28.7,32.575,58,11.0014,False,True,False,False,True,False,False,False,22,5,6,1,214
0,0,27.88,31.82,61,11.0014,False,True,False,False,True,False,False,False,23,5,6,1,230
0,0,27.06,31.06,69,7.0015,False,True,False,False,True,False,False,False,0,6,6,1,158
0,0,26.24,30.305,73,8.9981,False,True,False,False,True,False,False,False,1,6,6,1,116
0,0,26.24,30.305,69,8.9981,False,True,False,False,True,False,False,False,2,6,6,1,73
0,0,26.24,30.305,73,7.0015,False,True,False,False,True,False,False,False,3,6,6,1,29
0,0,25.42,29.545,78,6.0032,False,True,False,False,True,False,False,False,4,6,6,1,10
0,0,25.42,30.305,69,6.0032,False,True,False,False,True,False,False,False,5,6,6,1,13
0,0,25.42,29.545,73,0.0,False,True,False,False,True,False,False,False,6,6,6,1,30
0,0,24.6,28.79,78,7.0015,False,True,False,False,True,False,False,False,7,6,6,1,62
0,0,26.24,30.305,73,6.0032,False,True,False,False,True,False,False,False,8,6,6,1,181
0,0,28.7,32.575,58,0.0,False,True,False,False,True,False,False,False,9,6,6,1,266
0,0,31.16,34.09,40,7.0015,False,True,False,False,True,False,False,False,10,6,6,1,413
0,0,31.16,34.09,45,6.0032,False,True,False,False,True,False,False,False,11,6,6,1,499
0,0,33.62,35.605,30,0.0,False,True,False,False,True,False,False,False,12,6,6,1,502
0,0,34.44,36.365,28,8.9981,False,True,False,False,True,False,False,False,13,6,6,1,492
0,0,34.44,36.365,30,8.9981,False,True,False,False,True,False,False,False,14,6,6,1,500
0,0,34.44,36.365,30,15.0013,False,True,False,False,True,False,False,False,15,6,6,1,475
0,0,34.44,37.12,36,19.0012,False,True,False,False,True,False,False,False,16,6,6,1,508
0,0,33.62,37.12,41,19.0012,False,True,False,False,True,False,False,False,17,6,6,1,521
0,0,33.62,36.365,38,15.0013,False,True,False,False,True,False,False,False,18,6,6,1,490
0,0,33.62,35.605,28,19.0012,False,True,False,False,True,False,False,False,19,6,6,1,375
0,0,31.16,34.09,48,11.0014,False,True,False,False,True,False,False,False,20,6,6,1,363
0,0,29.52,34.09,62,11.0014,False,True,False,False,True,False,False,False,21,6,6,1,253
0,0,28.7,32.575,65,11.0014,False,True,False,False,True,False,False,False,22,6,6,1,159
0,0,29.52,33.335,58,7.0015,False,True,False,False,True,False,False,False,23,6,6,1,110
0,1,28.7,32.575,65,7.0015,False,True,False,False,True,False,False,False,0,0,6,1,41
0,1,27.06,31.06,74,11.0014,False,True,False,False,True,False,False,False,1,0,6,1,24
0,1,27.06,31.06,74,7.0015,False,True,False,False,True,False,False,False,2,0,6,1,17
0,1,26.24,29.545,78,7.0015,False,True,False,False,True,False,False,False,3,0,6,1,6
0,1,26.24,29.545,78,8.9981,False,True,False,False,True,False,False,False,4,0,6,1,7
0,1,26.24,29.545,78,8.9981,False,True,False,False,True,False,False,False,5,0,6,1,37
0,1,25.42,28.79,83,7.0015,False,True,False,False,True,False,False,False,6,0,6,1,144
0,1,26.24,29.545,78,7.0015,False,True,False,False,True,False,False,False,7,0,6,1,503
0,1,27.06,31.06,74,8.9981,False,True,False,False,True,False,False,False,8,0,6,1,651
0,1,28.7,32.575,65,8.9981,False,True,False,False,True,False,False,False,9,0,6,1,316
0,1,29.52,34.09,62,11.0014,False,True,False,False,True,False,False,False,10,0,6,1,147
0,1,31.16,34.09,48,15.0013,False,True,False,False,False,True,False,False,11,0,6,1,202
0,1,32.8,36.365,43,12.998,False,True,False,False,False,True,False,False,12,0,6,1,261
0,1,32.8,35.605,41,19.9995,False,True,False,False,False,True,False,False,13,0,6,1,248
0,1,33.62,36.365,34,19.0012,False,True,False,False,False,True,False,False,14,0,6,1,259
0,1,32.8,35.605,41,23.9994,False,True,False,False,True,False,False,False,15,0,6,1,259
0,1,32.8,35.605,41,27.9993,False,True,False,False,False,True,False,False,16,0,6,1,427
0,1,32.8,35.605,41,23.9994,False,True,False,False,False,True,False,False,17,0,6,1,800
0,1,32.8,36.365,43,19.9995,False,True,False,False,False,True,False,False,18,0,6,1,831
0,1,31.16,34.09,48,22.0028,False,True,False,False,False,True,False,False,19,0,6,1,596
0,1,30.34,33.335,48,15.0013,False,True,False,False,False,True,False,False,20,0,6,1,394
0,1,29.52,33.335,58,12.998,False,True,False,False,False,True,False,False,21,0,6,1,250
0,1,29.52,33.335,58,12.998,False,True,False,False,False,True,False,False,22,0,6,1,164
0,1,28.7,32.575,58,15.0013,False,True,False,False,False,True,False,False,23,0,6,1,80
0,1,28.7,32.575,58,15.0013,False,True,False,False,False,True,False,False,0,1,6,1,28
0,1,27.88,31.82,65,11.0014,False,True,False,False,False,True,False,False,1,1,6,1,16
0,1,27.88,31.82,65,12.998,False,True,False,False,False,True,False,False,2,1,6,1,6
0,1,27.06,31.06,69,16.9979,False,True,False,False,False,True,False,False,3,1,6,1,12
0,1,24.6,27.275,88,11.0014,False,True,False,False,False,False,True,False,4,1,6,1,4
0,1,24.6,27.275,88,8.9981,False,True,False,False,False,False,True,False,5,1,6,1,29
0,1,24.6,27.275,88,8.9981,False,True,False,False,False,True,False,False,6,1,6,1,136
0,1,25.42,28.03,88,16.9979,False,True,False,False,False,False,True,False,7,1,6,1,303
0,1,25.42,28.03,88,15.0013,False,True,False,False,False,True,False,False,8,1,6,1,613
0,1,26.24,28.79,89,19.0012,False,True,False,False,False,True,False,False,9,1,6,1,285
0,1,26.24,28.79,89,19.0012,False,True,False,False,False,False,True,False,10,1,6,1,125
0,1,27.06,30.305,83,23.9994,False,True,False,False,False,False,True,False,11,1,6,1,65
0,1,27.06,30.305,83,16.9979,False,True,False,False,False,False,True,False,12,1,6,1,95
0,1,27.06,30.305,83,12.998,False,True,False,False,False,False,True,False,13,1,6,1,59
0,1,26.24,28.79,89,16.9979,False,True,False,False,False,False,True,False,14,1,6,1,60
0,1,27.06,29.545,89,12.998,False,True,False,False,False,False,True,False,15,1,6,1,116
0,1,27.06,29.545,89,19.0012,False,True,False,False,False,True,False,False,16,1,6,1,239
0,1,27.06,29.545,89,19.0012,False,True,False,False,False,True,False,False,17,1,6,1,681
0,1,27.88,31.82,83,12.998,False,True,False,False,True,False,False,False,18,1,6,1,653
0,1,27.88,31.82,83,12.998,False,True,False,False,True,False,False,False,19,1,6,1,491
0,1,27.88,31.82,83,12.998,False,True,False,False,True,False,False,False,20,1,6,1,386
0,1,27.88,31.82,83,7.0015,False,True,False,False,True,False,False,False,21,1,6,1,274
0,1,27.06,29.545,94,7.0015,False,True,False,False,True,False,False,False,22,1,6,1,207
0,1,27.06,29.545,94,15.0013,False,True,False,False,False,False,True,False,23,1,6,1,89
0,1,27.06,29.545,94,12.998,False,True,False,False,False,True,False,False,0,2,6,1,34
0,1,26.24,29.545,78,0.0,False,True,False,False,True,False,False,False,1,2,6,1,28
0,1,25.42,28.79,83,8.9981,False,True,False,False,True,False,False,False,2,2,6,1,4
0,1,25.42,28.79,83,12.998,False,True,False,False,True,False,False,False,3,2,6,1,8
0,1,24.6,28.03,83,8.9981,False,True,False,False,True,False,False,False,4,2,6,1,10
0,1,24.6,28.03,83,12.998,False,True,False,False,True,False,False,False,5,2,6,1,40
0,1,24.6,28.03,83,15.0013,False,True,False,False,True,False,False,False,6,2,6,1,194
0,1,24.6,28.03,83,19.9995,False,True,False,False,True,False,False,False,7,2,6,1,505
0,1,25.42,29.545,73,35.0008,False,True,False,False,False,True,False,False,8,2,6,1,713
0,1,26.24,30.305,69,39.0007,False,True,False,False,False,True,False,False,9,2,6,1,352
0,1,26.24,30.305,65,27.9993,False,True,False,False,False,True,False,False,10,2,6,1,198
0,1,27.06,31.06,54,30.0026,False,True,False,False,False,True,False,False,11,2,6,1,246
0,1,27.88,31.82,44,27.9993,False,True,False,False,False,True,False,False,12,2,6,1,334
0,1,28.7,31.82,45,26.0027,False,True,False,False,False,True,False,False,13,2,6,1,255
0,1,29.52,32.575,37,27.9993,False,True,False,False,False,True,False,False,14,2,6,1,320
0,1,29.52,32.575,32,32.9975,False,True,False,False,True,False,False,False,15,2,6,1,281
0,1,29.52,32.575,30,32.9975,False,True,False,False,True,False,False,False,16,2,6,1,392
0,1,29.52,32.575,32,32.9975,False,True,False,False,True,False,False,False,17,2,6,1,857
0,1,29.52,32.575,32,30.0026,False,True,False,False,True,False,False,False,18,2,6,1,744
0,1,28.7,31.82,34,26.0027,False,True,False,False,True,False,False,False,19,2,6,1,671
0,1,27.88,31.82,36,27.9993,False,True,False,False,True,False,False,False,20,2,6,1,448
0,1,26.24,31.06,44,23.9994,False,True,False,False,True,False,False,False,21,2,6,1,396
0,1,25.42,31.06,50,19.9995,False,True,False,False,True,False,False,False,22,2,6,1,238
0,1,25.42,31.06,50,19.0012,False,True,False,False,True,False,False,False,23,2,6,1,153
0,1,24.6,31.06,53,19.9995,False,True,False,False,True,False,False,False,0,3,6,1,48
0,1,24.6,31.06,56,15.0013,False,True,False,False,True,False,False,False,1,3,6,1,21
0,1,25.42,31.06,53,16.9979,False,True,False,False,False,True,False,False,2,3,6,1,9
0,1,25.42,31.06,53,19.0012,False,True,False,False,False,True,False,False,3,3,6,1,5
0,1,24.6,31.06,56,16.9979,False,True,False,False,False,True,False,False,4,3,6,1,6
0,1,24.6,31.06,56,16.9979,False,True,False,False,False,True,False,False,5,3,6,1,40
0,1,23.78,27.275,60,19.0012,False,True,False,False,True,False,False,False,6,3,6,1,181
0,1,24.6,30.305,60,19.0012,False,True,False,False,True,False,False,False,7,3,6,1,506
0,1,24.6,30.305,64,22.0028,False,True,False,False,True,False,False,False,8,3,6,1,719
0,1,25.42,30.305,61,15.0013,False,True,False,False,True,False,False,False,9,3,6,1,357
0,1,26.24,30.305,65,27.9993,False,True,False,False,True,False,False,False,10,3,6,1,179
0,1,27.06,31.06,57,16.9979,False,True,False,False,True,False,False,False,11,3,6,1,228
0,1,27.06,31.06,61,15.0013,False,True,False,False,False,True,False,False,12,3,6,1,265
0,1,27.88,31.82,57,11.0014,False,True,False,False,True,False,False,False,13,3,6,1,284
0,1,28.7,32.575,54,19.0012,False,True,False,False,True,False,False,False,14,3,6,1,298
0,1,30.34,33.335,48,19.9995,False,True,False,False,True,False,False,False,15,3,6,1,324
0,1,29.52,33.335,51,19.0012,False,True,False,False,True,False,False,False,16,3,6,1,438
0,1,29.52,33.335,48,15.0013,False,True,False,False,True,False,False,False,17,3,6,1,867
0,1,30.34,33.335,42,12.998,False,True,False,False,True,False,False,False,18,3,6,1,823
0,1,28.7,32.575,48,16.9979,False,True,False,False,True,False,False,False,19,3,6,1,579
0,1,27.06,31.06,65,16.9979,False,True,False,False,True,False,False,False,20,3,6,1,435
0,1,26.24,30.305,65,11.0014,False,True,False,False,True,False,False,False,21,3,6,1,337
0,1,26.24,30.305,65,15.0013,False,True,False,False,False,True,False,False,22,3,6,1,242
0,1,25.42,30.305,69,11.0014,False,True,False,False,False,True,False,False,23,3,6,1,172
0,1,24.6,29.545,73,11.0014,False,True,False,False,True,False,False,False,0,4,6,1,94
0,1,23.78,27.275,78,12.998,False,True,False,False,True,False,False,False,1,4,6,1,51
0,1,22.96,26.515,83,7.0015,False,True,False,False,True,False,False,False,2,4,6,1,15
0,1,22.96,26.515,83,11.0014,False,True,False,False,True,False,False,False,3,4,6,1,5
0,1,22.96,26.515,83,11.0014,False,True,False,False,True,False,False,False,4,4,6,1,14
0,1,22.14,25.76,88,7.0015,False,True,False,False,True,False,False,False,5,4,6,1,33
0,1,22.14,25.76,83,8.9981,False,True,False,False,True,False,False,False,6,4,6,1,151
0,1,22.96,26.515,83,11.0014,False,True,False,False,True,False,False,False,7,4,6,1,430
0,1,24.6,29.545,69,11.0014,False,True,False,False,True,False,False,False,8,4,6,1,653
0,1,25.42,30.305,65,11.0014,False,True,False,False,True,False,False,False,9,4,6,1,366
0,1,26.24,31.06,57,11.0014,False,True,False,False,True,False,False,False,10,4,6,1,216
0,1,27.06,31.06,50,12.998,False,True,False,False,True,False,False,False,11,4,6,1,286
0,1,28.7,31.82,45,11.0014,False,True,False,False,True,False,False,False,12,4,6,1,403
0,1,28.7,31.82,42,16.9979,False,True,False,False,True,False,False,False,13,4,6,1,393
0,1,29.52,32.575,39,12.998,False,True,False,False,True,False,False,False,14,4,6,1,376
0,1,29.52,32.575,39,12.998,False,True,False,False,True,False,False,False,15,4,6,1,377
0,1,29.52,32.575,37,12.998,False,True,False,False,True,False,False,False,16,4,6,1,558
0,1,30.34,32.575,37,19.0012,False,True,False,False,True,False,False,False,17,4,6,1,823
0,1,29.52,32.575,39,15.0013,False,True,False,False,True,False,False,False,18,4,6,1,693
0,1,28.7,31.82,42,11.0014,False,True,False,False,True,False,False,False,19,4,6,1,467
0,1,27.88,31.82,44,12.998,False,True,False,False,True,False,False,False,20,4,6,1,385
0,1,27.06,31.06,50,7.0015,False,True,False,False,True,False,False,False,21,4,6,1,333
0,1,26.24,31.06,53,8.9981,False,True,False,False,True,False,False,False,22,4,6,1,321
0,1,25.42,31.06,53,16.9979,False,True,False,False,True,False,False,False,23,4,6,1,222
0,0,23.78,27.275,56,8.9981,False,True,False,False,True,False,False,False,0,5,6,1,137
0,0,22.96,26.515,56,0.0,False,True,False,False,True,False,False,False,1,5,6,1,95
0,0,23.78,27.275,53,0.0,False,True,False,False,True,False,False,False,2,5,6,1,67
0,0,22.96,26.515,60,6.0032,False,True,False,False,True,False,False,False,3,5,6,1,27
0,0,22.14,25.76,68,8.9981,False,True,False,False,True,False,False,False,4,5,6,1,8
0,0,22.14,25.76,68,7.0015,False,True,False,False,True,False,False,False,5,5,6,1,23
0,0,22.14,25.76,68,12.998,False,True,False,False,True,False,False,False,6,5,6,1,47
0,0,22.14,25.76,68,12.998,False,True,False,False,True,False,False,False,7,5,6,1,78
0,0,23.78,27.275,64,11.0014,False,True,False,False,True,False,False,False,8,5,6,1,204
0,0,24.6,30.305,60,6.0032,False,True,False,False,True,False,False,False,9,5,6,1,367
0,0,26.24,31.06,47,12.998,False,True,False,False,True,False,False,False,10,5,6,1,435
0,0,27.06,31.06,39,11.0014,False,True,False,False,True,False,False,False,11,5,6,1,566
0,0,27.88,31.82,41,7.0015,False,True,False,False,True,False,False,False,12,5,6,1,603
0,0,29.52,32.575,34,11.0014,False,True,False,False,True,False,False,False,13,5,6,1,617
0,0,29.52,32.575,37,15.0013,False,True,False,False,True,False,False,False,14,5,6,1,573
0,0,30.34,32.575,35,16.9979,False,True,False,False,True,False,False,False,15,5,6,1,583
0,0,29.52,32.575,37,7.0015,False,True,False,False,False,True,False,False,16,5,6,1,542
0,0,29.52,32.575,37,16.9979,False,True,False,False,False,True,False,False,17,5,6,1,593
0,0,29.52,32.575,37,15.0013,False,True,False,False,False,True,False,False,18,5,6,1,571
0,0,28.7,31.82,42,12.998,False,True,False,False,False,True,False,False,19,5,6,1,461
0,0,27.06,31.06,47,12.998,False,True,False,False,False,True,False,False,20,5,6,1,352
0,0,26.24,31.06,50,15.0013,False,True,False,False,False,True,False,False,21,5,6,1,290
0,0,25.42,31.06,53,19.9995,False,True,False,False,True,False,False,False,22,5,6,1,280
0,0,24.6,31.06,53,19.9995,False,True,False,False,True,False,False,False,23,5,6,1,183
0,0,22.96,26.515,56,8.9981,False,True,False,False,True,False,False,False,0,6,6,1,148
0,0,22.96,26.515,60,11.0014,False,True,False,False,True,False,False,False,1,6,6,1,88
0,0,22.96,26.515,56,6.0032,False,True,False,False,True,False,False,False,2,6,6,1,74
0,0,22.14,25.76,64,7.0015,False,True,False,False,True,False,False,False,3,6,6,1,28
0,0,22.14,25.76,64,6.0032,False,True,False,False,True,False,False,False,4,6,6,1,18
0,0,22.14,25.76,68,8.9981,False,True,False,False,True,False,False,False,5,6,6,1,17
0,0,21.32,25.0,72,7.0015,False,True,False,False,True,False,False,False,6,6,6,1,23
0,0,21.32,25.0,72,6.0032,False,True,False,False,True,False,False,False,7,6,6,1,48
0,0,22.96,26.515,68,16.9979,False,True,False,False,True,False,False,False,8,6,6,1,119
0,0,22.96,26.515,68,11.0014,False,True,False,False,True,False,False,False,9,6,6,1,274
0,0,23.78,27.275,64,0.0,False,True,False,False,True,False,False,False,10,6,6,1,436
0,0,25.42,31.06,57,7.0015,False,True,False,False,True,False,False,False,11,6,6,1,546
0,0,25.42,31.06,57,0.0,False,True,False,False,True,False,False,False,12,6,6,1,615
0,0,26.24,31.06,53,11.0014,False,True,False,False,True,False,False,False,13,6,6,1,614
0,0,26.24,31.06,53,0.0,False,True,False,False,True,False,False,False,14,6,6,1,582
0,0,27.06,31.06,50,15.0013,False,True,False,False,True,False,False,False,15,6,6,1,463
0,0,27.06,31.06,54,19.9995,False,True,False,False,True,False,False,False,16,6,6,1,580
0,0,26.24,31.06,57,15.0013,False,True,False,False,True,False,False,False,17,6,6,1,593
0,0,26.24,31.06,53,12.998,False,True,False,False,True,False,False,False,18,6,6,1,513
0,0,26.24,31.06,53,11.0014,False,True,False,False,True,False,False,False,19,6,6,1,390
0,0,25.42,31.06,57,12.998,False,True,False,False,True,False,False,False,20,6,6,1,302
0,0,25.42,31.06,57,12.998,False,True,False,False,True,False,False,False,21,6,6,1,246
0,0,24.6,30.305,60,12.998,False,True,False,False,True,False,False,False,22,6,6,1,153
0,0,23.78,27.275,64,12.998,False,True,False,False,True,False,False,False,23,6,6,1,108
0,1,22.96,26.515,73,16.9979,False,True,False,False,True,False,False,False,0,0,6,1,40
0,1,22.14,25.76,77,15.0013,False,True,False,False,True,False,False,False,1,0,6,1,14
0,1,22.14,25.76,77,15.0013,False,True,False,False,True,False,False,False,2,0,6,1,9
0,1,21.32,25.0,83,15.0013,False,True,False,False,False,True,False,False,3,0,6,1,4
0,1,22.14,25.76,77,12.998,False,True,False,False,False,True,False,False,4,0,6,1,9
0,1,21.32,25.0,83,8.9981,False,True,False,False,False,False,True,False,5,0,6,1,23
0,1,21.32,25.0,88,8.9981,False,True,False,False,False,False,True,False,6,0,6,1,37
0,1,21.32,25.0,94,15.0013,False,True,False,False,False,False,True,False,7,0,6,1,145
0,1,22.14,25.76,83,12.998,False,True,False,False,False,True,False,False,8,0,6,1,474
0,1,22.14,25.76,83,15.0013,False,True,False,False,False,True,False,False,9,0,6,1,250
0,1,22.14,25.76,88,7.0015,False,True,False,False,False,False,True,False,10,0,6,1,91
0,1,22.14,25.76,88,11.0014,False,True,False,False,False,True,False,False,11,0,6,1,121
0,1,22.96,26.515,78,8.9981,False,True,False,False,False,False,True,False,12,0,6,1,168
0,1,23.78,27.275,73,8.9981,False,True,False,False,False,True,False,False,13,0,6,1,225
0,1,23.78,27.275,68,12.998,False,True,False,False,False,True,False,False,14,0,6,1,219
0,1,24.6,29.545,69,12.998,False,True,False,False,False,True,False,False,15,0,6,1,237
0,1,24.6,29.545,73,12.998,False,True,False,False,False,True,False,False,16,0,6,1,332
0,1,24.6,29.545,73,12.998,False,True,False,False,False,True,False,False,17,0,6,1,723
0,1,25.42,30.305,69,11.0014,False,True,False,False,False,True,False,False,18,0,6,1,642
0,1,25.42,29.545,73,6.0032,False,True,False,False,False,True,False,False,19,0,6,1,463
0,1,25.42,29.545,73,8.9981,False,True,False,False,False,True,False,False,20,0,6,1,362
0,1,25.42,29.545,73,7.0015,False,True,False,False,False,True,False,False,21,0,6,1,273
0,1,25.42,29.545,73,11.0014,False,True,False,False,False,True,False,False,22,0,6,1,164
0,1,24.6,28.79,78,12.998,False,True,False,False,False,False,True,False,23,0,6,1,74
0,1,24.6,28.79,78,11.0014,False,True,False,False,False,True,False,False,0,1,6,1,35
0,1,24.6,28.79,78,11.0014,False,True,False,False,False,True,False,False,1,1,6,1,14
0,1,24.6,28.79,78,8.9981,False,True,False,False,False,True,False,False,2,1,6,1,15
0,1,24.6,28.79,78,7.0015,False,True,False,False,False,True,False,False,3,1,6,1,8
0,1,24.6,28.79,78,8.9981,False,True,False,False,False,True,False,False,4,1,6,1,10
0,1,24.6,28.79,78,12.998,False,True,False,False,False,True,False,False,5,1,6,1,37
0,1,24.6,28.79,78,7.0015,False,True,False,False,False,True,False,False,6,1,6,1,161
0,1,24.6,28.79,78,8.9981,False,True,False,False,False,True,False,False,7,1,6,1,480
0,1,24.6,28.79,78,11.0014,False,True,False,False,False,True,False,False,8,1,6,1,673
0,1,26.24,30.305,73,6.0032,False,True,False,False,True,False,False,False,9,1,6,1,328
0,1,26.24,30.305,73,6.0032,False,True,False,False,True,False,False,False,10,1,6,1,180
0,1,27.06,31.06,69,8.9981,False,True,False,False,True,False,False,False,11,1,6,1,230
0,1,28.7,32.575,65,6.0032,False,True,False,False,True,False,False,False,12,1,6,1,292
0,1,30.34,34.09,58,8.9981,False,True,False,False,True,False,False,False,13,1,6,1,272
0,1,31.16,35.605,58,7.0015,False,True,False,False,True,False,False,False,14,1,6,1,227
0,1,31.98,37.12,59,11.0014,False,True,False,False,True,False,False,False,15,1,6,1,259
0,1,32.8,37.88,55,15.0013,False,True,False,False,True,False,False,False,16,1,6,1,334
0,1,32.8,37.88,55,12.998,False,True,False,False,True,False,False,False,17,1,6,1,811
0,1,32.8,37.88,55,11.0014,False,True,False,False,True,False,False,False,18,1,6,1,795
0,1,32.8,38.635,59,15.0013,False,True,False,False,True,False,False,False,19,1,6,1,514
0,1,32.8,37.88,55,16.9979,False,True,False,False,True,False,False,False,20,1,6,1,458
0,1,31.16,35.605,62,11.0014,False,True,False,False,True,False,False,False,21,1,6,1,276
0,1,29.52,34.85,79,6.0032,False,True,False,False,True,False,False,False,22,1,6,1,291
0,1,29.52,34.85,79,8.9981,False,True,False,False,True,False,False,False,23,1,6,1,125
0,0,31.16,36.365,66,0.0,False,False,True,False,True,False,False,False,0,6,7,1,149
0,0,30.34,34.85,70,8.9981,False,False,True,False,True,False,False,False,1,6,7,1,93
0,0,29.52,34.85,74,6.0032,False,False,True,False,True,False,False,False,2,6,7,1,90
0,0,29.52,35.605,84,8.9981,False,False,True,False,True,False,False,False,3,6,7,1,33
0,0,28.7,33.335,79,12.998,False,False,True,False,True,False,False,False,4,6,7,1,4
0,0,27.88,31.82,79,7.0015,False,False,True,False,True,False,False,False,5,6,7,1,10
0,0,28.7,33.335,79,6.0032,False,False,True,False,True,False,False,False,6,6,7,1,27
0,0,30.34,34.85,70,0.0,False,False,True,False,True,False,False,False,7,6,7,1,50
0,0,31.98,37.12,62,7.0015,False,False,True,False,True,False,False,False,8,6,7,1,142
0,0,33.62,39.395,56,0.0,False,False,True,False,True,False,False,False,9,6,7,1,219
0,0,35.26,39.395,44,19.9995,False,False,True,False,True,False,False,False,10,6,7,1,366
0,0,36.08,40.15,39,15.0013,False,False,True,False,True,False,False,False,11,6,7,1,377
0,0,36.9,40.91,37,15.0013,False,False,True,False,True,False,False,False,12,6,7,1,433
0,0,37.72,41.665,33,16.9979,False,False,True,False,True,False,False,False,13,6,7,1,420
0,0,37.72,41.665,33,16.9979,False,False,True,False,True,False,False,False,14,6,7,1,444
0,0,36.9,40.91,37,19.0012,False,False,True,False,True,False,False,False,15,6,7,1,345
0,0,37.72,41.665,33,19.9995,False,False,True,False,True,False,False,False,16,6,7,1,313
0,0,37.72,40.15,26,19.9995,False,False,True,False,True,False,False,False,17,6,7,1,413
0,0,36.08,38.635,32,23.9994,False,False,True,False,True,False,False,False,18,6,7,1,370
0,0,34.44,37.12,39,8.9981,False,False,True,False,True,False,False,False,19,6,7,1,382
0,0,34.44,37.12,39,8.9981,False,False,True,False,True,False,False,False,20,6,7,1,332
0,0,34.44,37.12,39,8.9981,False,False,True,False,True,False,False,False,21,6,7,1,258
0,0,33.62,37.12,43,8.9981,False,False,True,False,True,False,False,False,22,6,7,1,151
0,0,31.98,35.605,52,11.0014,False,False,True,False,False,False,True,False,23,6,7,1,110
0,1,31.16,35.605,58,15.0013,False,False,True,False,False,True,False,False,0,0,7,1,43
0,1,31.16,35.605,58,12.998,False,False,True,False,False,True,False,False,1,0,7,1,17
0,1,30.34,33.335,51,16.9979,False,False,True,False,False,True,False,False,2,0,7,1,15
0,1,29.52,33.335,54,27.9993,False,False,True,False,False,True,False,False,3,0,7,1,5
0,1,29.52,33.335,54,19.9995,False,False,True,False,False,True,False,False,4,0,7,1,12
0,1,29.52,33.335,51,0.0,False,False,True,False,False,True,False,False,5,0,7,1,40
0,1,28.7,32.575,58,7.0015,False,False,True,False,True,False,False,False,6,0,7,1,136
0,1,30.34,33.335,51,7.0015,False,False,True,False,True,False,False,False,7,0,7,1,398
0,1,31.16,34.85,52,12.998,False,False,True,False,True,False,False,False,8,0,7,1,568
0,1,31.98,34.85,46,16.9979,False,False,True,False,True,False,False,False,9,0,7,1,295
0,1,32.8,36.365,43,16.9979,False,False,True,False,True,False,False,False,10,0,7,1,174
0,1,34.44,36.365,28,19.9995,False,False,True,False,True,False,False,False,11,0,7,1,201
0,1,34.44,36.365,32,12.998,False,False,True,False,True,False,False,False,12,0,7,1,257
0,1,35.26,37.88,34,15.0013,False,False,True,False,True,False,False,False,13,0,7,1,236
0,1,35.26,37.88,34,15.0013,False,False,True,False,True,False,False,False,14,0,7,1,230
0,1,34.44,37.12,36,12.998,False,False,True,False,True,False,False,False,15,0,7,1,234
0,1,34.44,37.12,36,19.0012,False,False,True,False,True,False,False,False,16,0,7,1,365
0,1,34.44,36.365,32,8.9981,False,False,True,False,True,False,False,False,17,0,7,1,747
0,1,34.44,36.365,32,11.0014,False,False,True,False,True,False,False,False,18,0,7,1,730
0,1,31.98,34.85,43,8.9981,False,False,True,False,True,False,False,False,19,0,7,1,581
0,1,31.98,34.85,43,8.9981,False,False,True,False,True,False,False,False,20,0,7,1,395
0,1,31.16,34.09,45,8.9981,False,False,True,False,True,False,False,False,21,0,7,1,258
0,1,30.34,33.335,51,11.0014,False,False,True,False,True,False,False,False,22,0,7,1,188
0,1,30.34,33.335,51,7.0015,False,False,True,False,True,False,False,False,23,0,7,1,102
0,1,29.52,33.335,54,0.0,False,False,True,False,True,False,False,False,0,1,7,1,53
0,1,29.52,33.335,58,0.0,False,False,True,False,True,False,False,False,1,1,7,1,14
0,1,29.52,33.335,58,0.0,False,False,True,False,True,False,False,False,2,1,7,1,10
0,1,28.7,32.575,65,8.9981,False,False,True,False,True,False,False,False,3,1,7,1,2
0,1,27.88,31.82,65,7.0015,False,False,True,False,True,False,False,False,4,1,7,1,6
0,1,28.7,32.575,61,0.0,False,False,True,False,True,False,False,False,5,1,7,1,35
0,1,28.7,32.575,65,8.9981,False,False,True,False,True,False,False,False,6,1,7,1,154
0,1,30.34,34.09,58,0.0,False,False,True,False,True,False,False,False,7,1,7,1,483
0,1,30.34,34.09,62,6.0032,False,False,True,False,True,False,False,False,8,1,7,1,646
0,1,32.8,37.12,49,11.0014,False,False,True,False,True,False,False,False,9,1,7,1,272
0,1,33.62,37.12,43,15.0013,False,False,True,False,True,False,False,False,10,1,7,1,209
0,1,35.26,37.88,34,12.998,False,False,True,False,True,False,False,False,11,1,7,1,217
0,1,36.08,37.88,28,12.998,False,False,True,False,True,False,False,False,12,1,7,1,272
0,1,36.9,38.635,25,8.9981,False,False,True,False,True,False,False,False,13,1,7,1,283
0,1,36.9,38.635,25,12.998,False,False,True,False,True,False,False,False,14,1,7,1,310
0,1,36.9,38.635,24,0.0,False,False,True,False,False,True,False,False,15,1,7,1,401
0,1,36.9,38.635,24,12.998,False,False,True,False,False,True,False,False,16,1,7,1,527
0,1,35.26,37.12,30,11.0014,False,False,True,False,False,True,False,False,17,1,7,1,722
0,1,35.26,37.12,30,0.0,False,False,True,False,False,True,False,False,18,1,7,1,627
0,1,34.44,37.12,36,8.9981,False,False,True,False,False,True,False,False,19,1,7,1,497
0,1,31.16,34.85,55,32.9975,False,False,True,False,False,False,True,False,20,1,7,1,376
0,1,28.7,32.575,70,19.0012,False,False,True,False,False,True,False,False,21,1,7,1,196
0,1,27.88,31.82,79,12.998,False,False,True,False,True,False,False,False,22,1,7,1,177
0,1,27.06,30.305,83,0.0,False,False,True,False,True,False,False,False,23,1,7,1,171
1,0,27.88,31.82,79,6.0032,False,False,True,False,True,False,False,False,0,2,7,1,159
1,0,27.88,31.82,74,0.0,False,False,True,False,True,False,False,False,1,2,7,1,123
1,0,27.06,30.305,83,8.9981,False,False,True,False,True,False,False,False,2,2,7,1,93
1,0,27.88,31.82,74,12.998,False,False,True,False,True,False,False,False,3,2,7,1,32
1,0,27.88,31.82,69,16.9979,False,False,True,False,True,False,False,False,4,2,7,1,16
1,0,27.06,31.06,69,0.0,False,False,True,False,True,False,False,False,5,2,7,1,19
1,0,27.06,31.06,69,0.0,False,False,True,False,True,False,False,False,6,2,7,1,32
1,0,27.88,31.82,65,0.0,False,False,True,False,True,False,False,False,7,2,7,1,72
1,0,28.7,32.575,61,7.0015,False,False,True,False,True,False,False,False,8,2,7,1,153
1,0,31.16,34.85,52,0.0,False,False,True,False,True,False,False,False,9,2,7,1,293
1,0,32.8,36.365,46,0.0,False,False,True,False,True,False,False,False,10,2,7,1,447
1,0,33.62,37.88,46,8.9981,False,False,True,False,True,False,False,False,11,2,7,1,485
1,0,35.26,39.395,41,15.0013,False,False,True,False,True,False,False,False,12,2,7,1,494
1,0,36.9,40.91,35,0.0,False,False,True,False,True,False,False,False,13,2,7,1,499
1,0,36.9,40.91,37,11.0014,False,False,True,False,True,False,False,False,14,2,7,1,547
1,0,37.72,42.425,35,19.9995,False,False,True,False,True,False,False,False,15,2,7,1,454
1,0,37.72,42.425,35,16.9979,False,False,True,False,True,False,False,False,16,2,7,1,389
1,0,37.72,42.425,35,19.9995,False,False,True,False,True,False,False,False,17,2,7,1,414
1,0,36.9,42.425,42,12.998,False,False,True,False,True,False,False,False,18,2,7,1,430
1,0,35.26,40.15,47,15.0013,False,False,True,False,True,False,False,False,19,2,7,1,432
1,0,35.26,40.15,47,15.0013,False,False,True,False,True,False,False,False,20,2,7,1,551
1,0,34.44,40.15,53,8.9981,False,False,True,False,True,False,False,False,21,2,7,1,584
1,0,33.62,39.395,56,15.0013,False,False,True,False,True,False,False,False,22,2,7,1,502
1,0,31.98,34.85,43,6.0032,False,False,True,False,False,True,False,False,23,2,7,1,183
0,1,30.34,33.335,51,7.0015,False,False,True,False,True,False,False,False,0,3,7,1,88
0,1,30.34,33.335,51,19.0012,False,False,True,False,True,False,False,False,1,3,7,1,30
0,1,30.34,33.335,51,0.0,False,False,True,False,True,False,False,False,2,3,7,1,18
0,1,29.52,33.335,54,12.998,False,False,True,False,True,False,False,False,3,3,7,1,7
0,1,29.52,33.335,58,0.0,False,False,True,False,True,False,False,False,4,3,7,1,7
0,1,29.52,34.09,62,0.0,False,False,True,False,True,False,False,False,5,3,7,1,29
0,1,29.52,33.335,58,0.0,False,False,True,False,True,False,False,False,6,3,7,1,133
0,1,31.16,34.85,55,0.0,False,False,True,False,True,False,False,False,7,3,7,1,343
0,1,32.8,37.12,49,8.9981,False,False,True,False,True,False,False,False,8,3,7,1,550
0,1,34.44,39.395,49,19.9995,False,False,True,False,True,False,False,False,9,3,7,1,293
0,1,35.26,39.395,44,23.9994,False,False,True,False,True,False,False,False,10,3,7,1,186
0,1,36.9,40.91,35,19.9995,False,False,True,False,True,False,False,False,11,3,7,1,244
0,1,36.9,40.91,35,23.9994,False,False,True,False,True,False,False,False,12,3,7,1,276
0,1,37.72,41.665,33,15.0013,False,False,True,False,True,False,False,False,13,3,7,1,310
0,1,37.72,41.665,33,22.0028,False,False,True,False,True,False,False,False,14,3,7,1,241
0,1,37.72,41.665,33,23.9994,False,False,True,False,True,False,False,False,15,3,7,1,254
0,1,37.72,41.665,33,16.9979,False,False,True,False,True,False,False,False,16,3,7,1,433
0,1,37.72,42.425,35,11.0014,False,False,True,False,True,False,False,False,17,3,7,1,689
0,1,36.9,41.665,39,22.0028,False,False,True,False,False,True,False,False,18,3,7,1,607
0,1,36.08,40.15,39,16.9979,False,False,True,False,False,True,False,False,19,3,7,1,503
0,1,35.26,39.395,41,15.0013,False,False,True,False,False,True,False,False,20,3,7,1,321
0,1,34.44,38.635,47,12.998,False,False,True,False,True,False,False,False,21,3,7,1,323
0,1,33.62,40.15,59,8.9981,False,False,True,False,True,False,False,False,22,3,7,1,225
0,1,32.8,37.88,55,11.0014,False,False,True,False,True,False,False,False,23,3,7,1,131
0,1,31.98,37.12,62,8.9981,False,False,True,False,True,False,False,False,0,4,7,1,102
0,1,31.98,36.365,55,15.0013,False,False,True,False,True,False,False,False,1,4,7,1,29
0,1,31.16,35.605,62,8.9981,False,False,True,False,True,False,False,False,2,4,7,1,17
0,1,30.34,34.85,70,12.998,False,False,True,False,False,True,False,False,3,4,7,1,7
0,1,30.34,34.85,66,15.0013,False,False,True,False,True,False,False,False,4,4,7,1,6
0,1,30.34,34.85,66,12.998,False,False,True,False,True,False,False,False,5,4,7,1,35
0,1,30.34,34.85,66,12.998,False,False,True,False,True,False,False,False,6,4,7,1,131
0,1,31.98,34.85,46,8.9981,False,False,True,False,True,False,False,False,7,4,7,1,353
0,1,32.8,35.605,41,11.0014,False,False,True,False,True,False,False,False,8,4,7,1,585
0,1,33.62,36.365,36,8.9981,False,False,True,False,True,False,False,False,9,4,7,1,304
0,1,35.26,37.12,30,0.0,False,False,True,False,True,False,False,False,10,4,7,1,210
0,1,34.44,36.365,32,6.0032,False,False,True,False,True,False,False,False,11,4,7,1,233
0,1,36.08,37.88,28,7.0015,False,False,True,False,True,False,False,False,12,4,7,1,331
0,1,36.9,39.395,27,7.0015,False,False,True,False,True,False,False,False,13,4,7,1,293
0,1,36.9,40.15,31,11.0014,False,False,True,False,True,False,False,False,14,4,7,1,275
0,1,37.72,40.91,29,12.998,False,False,True,False,True,False,False,False,15,4,7,1,285
0,1,37.72,40.91,29,7.0015,False,False,True,False,True,False,False,False,16,4,7,1,369
0,1,37.72,40.91,29,0.0,False,False,True,False,True,False,False,False,17,4,7,1,576
0,1,36.9,40.15,33,16.9979,False,False,True,False,True,False,False,False,18,4,7,1,560
0,1,36.08,39.395,35,15.0013,False,False,True,False,True,False,False,False,19,4,7,1,418
0,1,35.26,38.635,39,7.0015,False,False,True,False,True,False,False,False,20,4,7,1,336
0,1,33.62,38.635,52,8.9981,False,False,True,False,True,False,False,False,21,4,7,1,300
0,1,32.8,37.88,55,12.998,False,False,True,False,True,False,False,False,22,4,7,1,288
0,1,32.8,39.395,63,7.0015,False,False,True,False,True,False,False,False,23,4,7,1,164
0,0,31.98,37.88,66,8.9981,False,False,True,False,True,False,False,False,0,5,7,1,150
0,0,31.16,36.365,70,11.0014,False,False,True,False,True,False,False,False,1,5,7,1,71
0,0,31.16,37.12,72,11.0014,False,False,True,False,True,False,False,False,2,5,7,1,58
0,0,30.34,35.605,74,8.9981,False,False,True,False,True,False,False,False,3,5,7,1,31
0,0,30.34,35.605,74,11.0014,False,False,True,False,True,False,False,False,4,5,7,1,16
0,0,30.34,35.605,74,12.998,False,False,True,False,True,False,False,False,5,5,7,1,14
0,0,30.34,35.605,74,7.0015,False,False,True,False,True,False,False,False,6,5,7,1,31
0,0,31.98,37.88,66,7.0015,False,False,True,False,True,False,False,False,7,5,7,1,71
0,0,33.62,41.665,63,12.998,False,False,True,False,True,False,False,False,8,5,7,1,152
0,0,34.44,41.665,59,11.0014,False,False,True,False,True,False,False,False,9,5,7,1,256
0,0,37.72,43.18,37,15.0013,False,False,True,False,True,False,False,False,10,5,7,1,325
0,0,38.54,43.94,38,12.998,False,False,True,False,True,False,False,False,11,5,7,1,367
0,0,39.36,43.18,31,23.9994,False,False,True,False,True,False,False,False,12,5,7,1,342
0,0,39.36,43.18,31,16.9979,False,False,True,False,False,True,False,False,13,5,7,1,360
0,0,39.36,43.18,30,8.9981,False,False,True,False,False,True,False,False,14,5,7,1,308
0,0,39.36,42.425,26,0.0,False,False,True,False,True,False,False,False,15,5,7,1,306
0,0,41.0,43.18,19,11.0014,False,False,True,False,True,False,False,False,16,5,7,1,294
0,0,39.36,42.425,26,8.9981,False,False,True,False,True,False,False,False,17,5,7,1,279
0,0,38.54,41.665,29,6.0032,False,False,True,False,True,False,False,False,18,5,7,1,277
0,0,37.72,41.665,33,8.9981,False,False,True,False,True,False,False,False,19,5,7,1,287
0,0,36.9,40.91,37,11.0014,False,False,True,False,True,False,False,False,20,5,7,1,276
0,0,36.08,39.395,37,12.998,False,False,True,False,True,False,False,False,21,5,7,1,201
0,0,34.44,41.665,59,12.998,False,False,True,False,True,False,False,False,22,5,7,1,220
0,0,34.44,40.91,56,11.0014,False,False,True,False,True,False,False,False,23,5,7,1,148
0,0,33.62,39.395,56,8.9981,False,False,True,False,True,False,False,False,0,6,7,1,147
0,0,33.62,39.395,56,7.0015,False,False,True,False,True,False,False,False,1,6,7,1,124
0,0,33.62,38.635,52,7.0015,False,False,True,False,True,False,False,False,2,6,7,1,70
0,0,32.8,38.635,59,7.0015,False,False,True,False,True,False,False,False,3,6,7,1,35
0,0,31.98,37.88,66,7.0015,False,False,True,False,True,False,False,False,4,6,7,1,13
0,0,31.98,37.12,62,0.0,False,False,True,False,True,False,False,False,5,6,7,1,6
0,0,31.98,38.635,70,8.9981,False,False,True,False,True,False,False,False,6,6,7,1,21
0,0,32.8,40.15,66,0.0,False,False,True,False,True,False,False,False,7,6,7,1,52
0,0,34.44,40.15,53,8.9981,False,False,True,False,True,False,False,False,8,6,7,1,130
0,0,35.26,40.91,50,7.0015,False,False,True,False,True,False,False,False,9,6,7,1,242
0,0,36.9,43.18,45,0.0,False,False,True,False,True,False,False,False,10,6,7,1,319
0,0,37.72,44.695,42,19.9995,False,False,True,False,True,False,False,False,11,6,7,1,389
0,0,37.72,44.695,42,12.998,False,False,True,False,True,False,False,False,12,6,7,1,376
0,0,38.54,43.94,38,16.9979,False,False,True,False,True,False,False,False,13,6,7,1,337
0,0,39.36,45.455,36,11.0014,False,False,True,False,True,False,False,False,14,6,7,1,312
0,0,37.72,44.695,42,19.0012,False,False,True,False,False,False,True,False,15,6,7,1,298
0,0,32.8,40.15,66,15.0013,False,False,True,False,False,True,False,False,16,6,7,1,291
0,0,31.98,37.12,59,0.0,False,False,True,False,True,False,False,False,17,6,7,1,270
0,0,31.98,37.12,62,7.0015,False,False,True,False,True,False,False,False,18,6,7,1,253
0,0,31.98,37.12,62,11.0014,False,False,True,False,True,False,False,False,19,6,7,1,250
0,0,31.16,36.365,70,6.0032,False,False,True,False,True,False,False,False,20,6,7,1,285
0,0,31.16,36.365,70,8.9981,False,False,True,False,True,False,False,False,21,6,7,1,207
0,0,30.34,34.85,70,6.0032,False,False,True,False,False,False,True,False,22,6,7,1,122
0,0,27.88,31.82,83,6.0032,False,False,True,False,False,False,True,False,23,6,7,1,123
0,1,27.88,31.82,89,6.0032,False,False,True,False,False,True,False,False,0,0,7,1,39
0,1,28.7,33.335,89,7.0015,False,False,True,False,False,False,True,False,1,0,7,1,18
0,1,28.7,33.335,89,12.998,False,False,True,False,False,False,True,False,2,0,7,1,5
0,1,28.7,33.335,89,12.998,False,False,True,False,False,False,True,False,3,0,7,1,5
0,1,27.06,29.545,89,26.0027,False,False,True,False,False,False,True,False,4,0,7,1,2
0,1,27.06,30.305,83,15.0013,False,False,True,False,False,True,False,False,5,0,7,1,28
0,1,26.24,28.79,89,16.9979,False,False,True,False,False,False,True,False,6,0,7,1,92
0,1,27.06,30.305,83,15.0013,False,False,True,False,False,False,True,False,7,0,7,1,230
0,1,27.06,30.305,83,11.0014,False,False,True,False,False,True,False,False,8,0,7,1,455
0,1,27.06,30.305,83,11.0014,False,False,True,False,False,True,False,False,9,0,7,1,363
0,1,27.06,30.305,83,12.998,False,False,True,False,False,True,False,False,10,0,7,1,175
0,1,29.52,34.09,62,8.9981,False,False,True,False,False,True,False,False,11,0,7,1,216
0,1,30.34,34.09,58,8.9981,False,False,True,False,False,True,False,False,12,0,7,1,266
0,1,31.16,34.85,55,16.9979,False,False,True,False,False,True,False,False,13,0,7,1,255
0,1,30.34,34.09,55,16.9979,False,False,True,False,False,True,False,False,14,0,7,1,242
0,1,31.16,34.09,45,15.0013,False,False,True,False,False,True,False,False,15,0,7,1,280
0,1,31.98,34.85,40,19.0012,False,False,True,False,True,False,False,False,16,0,7,1,413
0,1,31.98,34.85,40,11.0014,False,False,True,False,True,False,False,False,17,0,7,1,849
0,1,31.16,34.09,48,8.9981,False,False,True,False,True,False,False,False,18,0,7,1,872
0,1,30.34,34.09,55,11.0014,False,False,True,False,True,False,False,False,19,0,7,1,631
0,1,30.34,34.09,55,7.0015,False,False,True,False,False,True,False,False,20,0,7,1,447
0,1,30.34,34.09,55,6.0032,False,False,True,False,False,True,False,False,21,0,7,1,331
0,1,29.52,33.335,58,7.0015,False,False,True,False,False,True,False,False,22,0,7,1,224
0,1,28.7,32.575,65,7.0015,False,False,True,False,False,True,False,False,23,0,7,1,131
0,1,28.7,32.575,70,6.0032,False,False,True,False,True,False,False,False,0,1,7,1,69
0,1,28.7,33.335,74,8.9981,False,False,True,False,True,False,False,False,1,1,7,1,15
0,1,28.7,33.335,74,8.9981,False,False,True,False,True,False,False,False,2,1,7,1,16
0,1,27.88,31.82,79,0.0,False,False,True,False,True,False,False,False,3,1,7,1,3
0,1,27.88,31.82,79,8.9981,False,False,True,False,True,False,False,False,4,1,7,1,4
0,1,27.06,30.305,83,8.9981,False,False,True,False,True,False,False,False,5,1,7,1,42
0,1,27.88,31.82,79,7.0015,False,False,True,False,False,True,False,False,6,1,7,1,187
0,1,28.7,33.335,74,7.0015,False,False,True,False,False,True,False,False,7,1,7,1,520
0,1,29.52,34.85,74,8.9981,False,False,True,False,True,False,False,False,8,1,7,1,649
0,1,30.34,34.85,66,8.9981,False,False,True,False,True,False,False,False,9,1,7,1,331
0,1,31.16,35.605,62,12.998,False,False,True,False,True,False,False,False,10,1,7,1,190
0,1,32.8,36.365,46,12.998,False,False,True,False,True,False,False,False,11,1,7,1,249
0,1,32.8,35.605,41,8.9981,False,False,True,False,True,False,False,False,12,1,7,1,272
0,1,33.62,36.365,38,12.998,False,False,True,False,True,False,False,False,13,1,7,1,280
0,1,33.62,36.365,38,11.0014,False,False,True,False,True,False,False,False,14,1,7,1,242
0,1,32.8,35.605,41,15.0013,False,False,True,False,True,False,False,False,15,1,7,1,265
0,1,32.8,36.365,43,15.0013,False,False,True,False,True,False,False,False,16,1,7,1,435
0,1,31.98,35.605,49,12.998,False,False,True,False,True,False,False,False,17,1,7,1,872
0,1,28.7,33.335,74,15.0013,False,False,True,False,False,False,True,False,18,1,7,1,819
0,1,28.7,33.335,74,15.0013,False,False,True,False,False,False,True,False,19,1,7,1,414
0,1,26.24,28.79,83,15.0013,False,False,True,False,False,False,True,False,20,1,7,1,84
0,1,26.24,28.79,89,7.0015,False,False,True,False,False,False,True,False,21,1,7,1,90
0,1,26.24,28.79,83,8.9981,False,False,True,False,False,True,False,False,22,1,7,1,139
0,1,26.24,28.79,89,7.0015,False,False,True,False,False,True,False,False,23,1,7,1,103
0,1,27.06,30.305,83,8.9981,False,False,True,False,False,True,False,False,0,2,7,1,44
0,1,26.24,28.79,89,0.0,False,False,True,False,True,False,False,False,1,2,7,1,14
0,1,26.24,28.79,89,0.0,False,False,True,False,True,False,False,False,2,2,7,1,5
0,1,26.24,28.79,89,8.9981,False,False,True,False,True,False,False,False,3,2,7,1,5
0,1,26.24,28.79,89,8.9981,False,False,True,False,True,False,False,False,4,2,7,1,7
0,1,26.24,28.79,89,0.0,False,False,True,False,True,False,False,False,5,2,7,1,41
0,1,26.24,28.79,89,8.9981,False,False,True,False,True,False,False,False,6,2,7,1,185
0,1,27.06,30.305,83,7.0015,False,False,True,False,False,True,False,False,7,2,7,1,497
0,1,27.88,31.82,79,11.0014,False,False,True,False,False,True,False,False,8,2,7,1,674
0,1,28.7,33.335,74,8.9981,False,False,True,False,False,True,False,False,9,2,7,1,328
0,1,29.52,34.09,62,8.9981,False,False,True,False,False,True,False,False,10,2,7,1,195
0,1,31.16,35.605,58,8.9981,False,False,True,False,False,True,False,False,11,2,7,1,229
0,1,31.98,34.85,43,0.0,False,False,True,False,False,True,False,False,12,2,7,1,292
0,1,32.8,35.605,42,11.0014,False,False,True,False,False,True,False,False,13,2,7,1,273
0,1,32.8,35.605,41,15.0013,False,False,True,False,True,False,False,False,14,2,7,1,241
0,1,32.8,35.605,41,16.9979,False,False,True,False,True,False,False,False,15,2,7,1,276
0,1,32.8,35.605,38,12.998,False,False,True,False,True,False,False,False,16,2,7,1,411
0,1,32.8,34.85,31,15.0013,False,False,True,False,True,False,False,False,17,2,7,1,830
0,1,31.98,34.09,38,16.9979,False,False,True,False,True,False,False,False,18,2,7,1,814
0,1,30.34,33.335,48,15.0013,False,False,True,False,True,False,False,False,19,2,7,1,633
0,1,30.34,33.335,51,11.0014,False,False,True,False,True,False,False,False,20,2,7,1,483
0,1,29.52,33.335,58,15.0013,False,False,True,False,True,False,False,False,21,2,7,1,391
0,1,29.52,33.335,58,16.9979,False,False,True,False,True,False,False,False,22,2,7,1,244
0,1,28.7,32.575,58,16.9979,False,False,True,False,False,True,False,False,23,2,7,1,152
0,1,27.88,31.82,61,0.0,False,False,True,False,False,True,False,False,0,3,7,1,56
0,1,27.06,31.06,61,0.0,False,False,True,False,False,True,False,False,1,3,7,1,21
0,1,27.06,31.06,65,6.0032,False,False,True,False,False,True,False,False,2,3,7,1,9
0,1,26.24,30.305,69,7.0015,False,False,True,False,True,False,False,False,3,3,7,1,10
0,1,26.24,30.305,73,7.0015,False,False,True,False,True,False,False,False,4,3,7,1,5
0,1,25.42,29.545,73,7.0015,False,False,True,False,True,False,False,False,5,3,7,1,44
0,1,26.24,30.305,73,6.0032,False,False,True,False,True,False,False,False,6,3,7,1,178
0,1,26.24,30.305,73,8.9981,False,False,True,False,True,False,False,False,7,3,7,1,512
0,1,27.88,31.82,65,8.9981,False,False,True,False,True,False,False,False,8,3,7,1,702
0,1,29.52,33.335,58,7.0015,False,False,True,False,True,False,False,False,9,3,7,1,327
0,1,30.34,33.335,48,11.0014,False,False,True,False,True,False,False,False,10,3,7,1,214
0,1,31.16,34.09,45,7.0015,False,False,True,False,True,False,False,False,11,3,7,1,215
0,1,31.98,34.09,35,8.9981,False,False,True,False,True,False,False,False,12,3,7,1,292
0,1,32.8,34.85,33,15.0013,False,False,True,False,True,False,False,False,13,3,7,1,277
0,1,31.98,34.09,33,15.0013,False,False,True,False,True,False,False,False,14,3,7,1,209
0,1,32.8,35.605,36,12.998,False,False,True,False,True,False,False,False,15,3,7,1,271
0,1,32.8,35.605,36,12.998,False,False,True,False,True,False,False,False,16,3,7,1,439
0,1,31.16,34.09,43,15.0013,False,False,True,False,True,False,False,False,17,3,7,1,795
0,1,31.16,34.09,45,8.9981,False,False,True,False,True,False,False,False,18,3,7,1,825
0,1,30.34,33.335,48,15.0013,False,False,True,False,True,False,False,False,19,3,7,1,629
0,1,30.34,33.335,48,15.0013,False,False,True,False,True,False,False,False,20,3,7,1,514
0,1,29.52,33.335,48,15.0013,False,False,True,False,True,False,False,False,21,3,7,1,373
0,1,29.52,33.335,51,11.0014,False,False,True,False,True,False,False,False,22,3,7,1,318
0,1,28.7,32.575,51,15.0013,False,False,True,False,False,True,False,False,23,3,7,1,211
0,1,28.7,32.575,54,11.0014,False,False,True,False,False,True,False,False,0,4,7,1,95
0,1,27.88,31.82,54,7.0015,False,False,True,False,False,True,False,False,1,4,7,1,59
0,1,27.06,31.06,61,6.0032,False,False,True,False,False,True,False,False,2,4,7,1,17
0,1,27.88,31.82,61,0.0,False,False,True,False,False,True,False,False,3,4,7,1,9
0,1,27.06,31.06,61,0.0,False,False,True,False,False,True,False,False,4,4,7,1,11
0,1,27.06,31.82,56,6.0032,False,False,True,False,False,True,False,False,5,4,7,1,34
0,1,28.7,32.575,54,0.0,False,False,True,False,False,True,False,False,6,4,7,1,127
0,1,28.7,32.575,54,0.0,False,False,True,False,False,True,False,False,7,4,7,1,380
0,1,28.7,32.575,54,0.0,False,False,True,False,False,True,False,False,8,4,7,1,713
0,1,29.52,33.335,51,0.0,False,False,True,False,False,True,False,False,9,4,7,1,414
0,1,30.34,33.335,48,0.0,False,False,True,False,False,True,False,False,10,4,7,1,268
0,1,31.16,34.09,45,8.9981,False,False,True,False,False,True,False,False,11,4,7,1,288
0,1,31.16,34.09,40,7.0015,False,False,True,False,False,True,False,False,12,4,7,1,379
0,1,32.8,35.605,38,8.9981,False,False,True,False,False,True,False,False,13,4,7,1,374
0,1,32.8,35.605,38,0.0,False,False,True,False,False,True,False,False,14,4,7,1,369
0,1,32.8,35.605,36,7.0015,False,False,True,False,False,True,False,False,15,4,7,1,353
0,1,32.8,35.605,36,15.0013,False,False,True,False,False,True,False,False,16,4,7,1,492
0,1,32.8,35.605,36,11.0014,False,False,True,False,False,True,False,False,17,4,7,1,835
0,1,31.98,34.85,46,12.998,False,False,True,False,True,False,False,False,18,4,7,1,631
0,1,30.34,33.335,51,11.0014,False,False,True,False,True,False,False,False,19,4,7,1,488
0,1,30.34,33.335,48,8.9981,False,False,True,False,True,False,False,False,20,4,7,1,389
0,1,29.52,33.335,54,0.0,False,False,True,False,True,False,False,False,21,4,7,1,299
0,1,30.34,33.335,45,0.0,False,False,True,False,True,False,False,False,22,4,7,1,263
0,1,29.52,32.575,45,8.9981,False,False,True,False,False,True,False,False,23,4,7,1,212
0,0,29.52,33.335,48,6.0032,False,False,True,False,False,True,False,False,0,5,7,1,191
0,0,28.7,32.575,51,7.0015,False,False,True,False,False,True,False,False,1,5,7,1,118
0,0,28.7,32.575,54,7.0015,False,False,True,False,False,True,False,False,2,5,7,1,101
0,0,28.7,32.575,54,7.0015,False,False,True,False,False,True,False,False,3,5,7,1,40
0,0,27.06,31.06,61,7.0015,False,False,True,False,False,False,True,False,4,5,7,1,9
0,0,26.24,30.305,73,7.0015,False,False,True,False,False,True,False,False,5,5,7,1,5
0,0,26.24,29.545,78,6.0032,False,False,True,False,False,True,False,False,6,5,7,1,35
0,0,26.24,29.545,78,19.0012,False,False,True,False,True,False,False,False,7,5,7,1,48
0,0,25.42,29.545,78,19.0012,False,False,True,False,True,False,False,False,8,5,7,1,151
0,0,27.06,31.06,74,12.998,False,False,True,False,True,False,False,False,9,5,7,1,282
0,0,29.52,34.09,70,6.0032,False,False,True,False,False,True,False,False,10,5,7,1,401
0,0,29.52,34.09,70,7.0015,False,False,True,False,False,True,False,False,11,5,7,1,439
0,0,30.34,34.85,66,6.0032,False,False,True,False,False,True,False,False,12,5,7,1,499
0,0,31.16,35.605,62,6.0032,False,False,True,False,False,True,False,False,13,5,7,1,591
0,0,32.8,37.88,55,7.0015,False,False,True,False,True,False,False,False,14,5,7,1,632
0,0,32.8,37.88,55,11.0014,False,False,True,False,True,False,False,False,15,5,7,1,560
0,0,29.52,34.85,79,23.9994,False,False,True,False,False,True,False,False,16,5,7,1,566
0,0,28.7,33.335,79,11.0014,False,False,True,False,False,False,True,False,17,5,7,1,458
0,0,29.52,34.85,79,8.9981,False,False,True,False,True,False,False,False,18,5,7,1,351
0,0,29.52,35.605,84,6.0032,False,False,True,False,True,False,False,False,19,5,7,1,431
0,0,29.52,35.605,84,6.0032,False,False,True,False,True,False,False,False,20,5,7,1,356
0,0,28.7,33.335,84,15.0013,False,False,True,False,True,False,False,False,21,5,7,1,269
0,0,28.7,33.335,79,12.998,False,False,True,False,True,False,False,False,22,5,7,1,225
0,0,27.88,31.82,83,6.0032,False,False,True,False,False,True,False,False,23,5,7,1,211
0,0,27.88,31.82,89,11.0014,False,False,True,False,True,False,False,False,0,6,7,1,187
0,0,27.88,31.82,89,8.9981,False,False,True,False,False,True,False,False,1,6,7,1,168
0,0,27.88,31.82,89,11.0014,False,False,True,False,False,True,False,False,2,6,7,1,115
0,0,27.88,31.82,89,11.0014,False,False,True,False,False,True,False,False,3,6,7,1,57
0,0,27.88,31.82,89,7.0015,False,False,True,False,False,True,False,False,4,6,7,1,19
0,0,27.88,31.82,89,8.9981,False,False,True,False,True,False,False,False,5,6,7,1,9
0,0,27.88,31.82,83,8.9981,False,False,True,False,True,False,False,False,6,6,7,1,15
0,0,28.7,33.335,79,6.0032,False,False,True,False,True,False,False,False,7,6,7,1,47
0,0,28.7,33.335,84,8.9981,False,False,True,False,False,True,False,False,8,6,7,1,133
0,0,29.52,34.85,79,0.0,False,False,True,False,False,True,False,False,9,6,7,1,221
0,0,31.16,36.365,66,8.9981,False,False,True,False,True,False,False,False,10,6,7,1,382
0,0,33.62,38.635,52,11.0014,False,False,True,False,True,False,False,False,11,6,7,1,451
0,0,34.44,38.635,47,7.0015,False,False,True,False,True,False,False,False,12,6,7,1,489
0,0,35.26,39.395,41,7.0015,False,False,True,False,True,False,False,False,13,6,7,1,480
0,0,36.9,40.91,37,16.9979,False,False,True,False,True,False,False,False,14,6,7,1,476
0,0,35.26,40.15,47,8.9981,False,False,True,False,True,False,False,False,15,6,7,1,489
0,0,35.26,39.395,41,15.0013,False,False,True,False,True,False,False,False,16,6,7,1,495
0,0,32.8,38.635,59,32.9975,False,False,True,False,True,False,False,False,17,6,7,1,436
0,0,29.52,34.85,79,23.9994,False,False,True,False,False,False,True,False,18,6,7,1,312
0,0,29.52,35.605,84,15.0013,False,False,True,False,True,False,False,False,19,6,7,1,312
0,0,29.52,34.85,79,16.9979,False,False,True,False,True,False,False,False,20,6,7,1,294
0,0,29.52,34.85,79,6.0032,False,False,True,False,True,False,False,False,21,6,7,1,223
0,0,29.52,34.85,74,7.0015,False,False,True,False,True,False,False,False,22,6,7,1,130
0,0,29.52,34.85,79,8.9981,False,False,True,False,True,False,False,False,23,6,7,1,91
0,1,29.52,34.85,79,7.0015,False,False,True,False,False,False,True,False,0,0,7,1,43
0,1,28.7,33.335,74,12.998,False,False,True,False,False,True,False,False,1,0,7,1,11
0,1,28.7,33.335,74,7.0015,False,False,True,False,True,False,False,False,2,0,7,1,15
0,1,27.88,31.82,79,6.0032,False,False,True,False,True,False,False,False,3,0,7,1,6
0,1,27.88,31.82,79,7.0015,False,False,True,False,True,False,False,False,4,0,7,1,12
0,1,27.06,30.305,78,7.0015,False,False,True,False,True,False,False,False,5,0,7,1,50
0,1,27.88,31.82,79,8.9981,False,False,True,False,True,False,False,False,6,0,7,1,140
0,1,29.52,34.09,70,6.0032,False,False,True,False,True,False,False,False,7,0,7,1,483
0,1,30.34,34.85,66,7.0015,False,False,True,False,True,False,False,False,8,0,7,1,667
0,1,31.16,35.605,62,11.0014,False,False,True,False,True,False,False,False,9,0,7,1,348
0,1,32.8,38.635,59,0.0,False,False,True,False,True,False,False,False,10,0,7,1,186
0,1,34.44,40.15,53,15.0013,False,False,True,False,True,False,False,False,11,0,7,1,182
0,1,34.44,39.395,49,8.9981,False,False,True,False,True,False,False,False,12,0,7,1,237
0,1,34.44,39.395,49,19.0012,False,False,True,False,True,False,False,False,13,0,7,1,239
0,1,36.08,40.91,42,7.0015,False,False,True,False,True,False,False,False,14,0,7,1,212
0,1,35.26,40.15,47,16.9979,False,False,True,False,True,False,False,False,15,0,7,1,237
0,1,31.16,36.365,66,39.0007,False,False,True,False,False,False,True,False,16,0,7,1,386
0,1,31.16,36.365,66,39.0007,False,False,True,False,False,False,True,False,17,0,7,1,755
0,1,34.44,40.15,53,0.0,False,False,True,False,True,False,False,False,18,0,7,1,794
0,1,32.8,39.395,63,8.9981,False,False,True,False,True,False,False,False,19,0,7,1,595
0,1,32.8,38.635,59,8.9981,False,False,True,False,True,False,False,False,20,0,7,1,454
0,1,31.16,36.365,66,8.9981,False,False,True,False,True,False,False,False,21,0,7,1,328
0,1,31.16,35.605,62,6.0032,False,False,True,False,True,False,False,False,22,0,7,1,284
0,1,30.34,35.605,74,6.0032,False,False,True,False,True,False,False,False,23,0,7,1,166
0,1,29.52,35.605,84,7.0015,False,False,True,False,True,False,False,False,0,1,7,1,53
0,1,30.34,34.85,70,0.0,False,False,True,False,True,False,False,False,1,1,7,1,25
0,1,29.52,34.09,70,6.0032,False,False,True,False,True,False,False,False,2,1,7,1,7
0,1,29.52,34.09,66,0.0,False,False,True,False,True,False,False,False,3,1,7,1,3
0,1,29.52,34.09,62,0.0,False,False,True,False,True,False,False,False,4,1,7,1,7
0,1,27.88,31.82,74,6.0032,False,False,True,False,True,False,False,False,5,1,7,1,38
0,1,29.52,34.09,66,7.0015,False,False,True,False,True,False,False,False,6,1,7,1,213
0,1,30.34,34.85,70,0.0,False,False,True,False,False,True,False,False,7,1,7,1,526
0,1,32.8,37.88,55,0.0,False,False,True,False,False,True,False,False,8,1,7,1,661
0,1,33.62,38.635,49,15.0013,False,False,True,False,False,True,False,False,9,1,7,1,320
0,1,34.44,39.395,49,12.998,False,False,True,False,False,True,False,False,10,1,7,1,159
0,1,35.26,40.15,47,0.0,False,False,True,False,False,True,False,False,11,1,7,1,206
0,1,36.9,40.91,35,0.0,False,False,True,False,False,True,False,False,12,1,7,1,254
0,1,37.72,40.91,31,12.998,False,False,True,False,True,False,False,False,13,1,7,1,221
0,1,38.54,41.665,29,16.9979,False,False,True,False,True,False,False,False,14,1,7,1,214
0,1,37.72,40.91,31,11.0014,False,False,True,False,True,False,False,False,15,1,7,1,244
0,1,37.72,40.91,29,11.0014,False,False,True,False,True,False,False,False,16,1,7,1,381
0,1,37.72,40.91,29,0.0,False,False,True,False,True,False,False,False,17,1,7,1,770
0,1,36.9,40.15,33,12.998,False,False,True,False,True,False,False,False,18,1,7,1,772
0,1,36.08,39.395,35,16.9979,False,False,True,False,True,False,False,False,19,1,7,1,547
0,1,35.26,37.88,34,11.0014,False,False,True,False,True,False,False,False,20,1,7,1,427
0,1,33.62,38.635,52,8.9981,False,False,True,False,True,False,False,False,21,1,7,1,333
0,1,32.8,37.88,55,15.0013,False,False,True,False,True,False,False,False,22,1,7,1,244
0,1,31.98,37.12,59,12.998,False,False,True,False,True,False,False,False,23,1,7,1,161
0,1,31.16,36.365,66,11.0014,False,False,True,False,True,False,False,False,0,2,7,1,53
0,1,31.16,36.365,66,7.0015,False,False,True,False,True,False,False,False,1,2,7,1,16
0,1,30.34,34.85,66,8.9981,False,False,True,False,True,False,False,False,2,2,7,1,8
0,1,30.34,34.85,66,8.9981,False,False,True,False,True,False,False,False,3,2,7,1,4
0,1,29.52,34.09,70,8.9981,False,False,True,False,True,False,False,False,4,2,7,1,6
0,1,29.52,34.09,70,11.0014,False,False,True,False,True,False,False,False,5,2,7,1,46
0,1,29.52,34.09,70,11.0014,False,False,True,False,True,False,False,False,6,2,7,1,162
0,1,30.34,34.85,66,11.0014,False,False,True,False,True,False,False,False,7,2,7,1,495
0,1,31.98,37.12,62,7.0015,False,False,True,False,True,False,False,False,8,2,7,1,679
0,1,33.62,39.395,56,0.0,False,False,True,False,True,False,False,False,9,2,7,1,297
0,1,36.9,42.425,42,12.998,False,False,True,False,True,False,False,False,10,2,7,1,138
0,1,36.9,42.425,42,0.0,False,False,True,False,True,False,False,False,11,2,7,1,183
0,1,37.72,43.18,37,8.9981,False,False,True,False,True,False,False,False,12,2,7,1,202
0,1,38.54,42.425,33,0.0,False,False,True,False,True,False,False,False,13,2,7,1,203
0,1,38.54,43.94,38,22.0028,False,False,True,False,True,False,False,False,14,2,7,1,170
0,1,37.72,42.425,35,23.9994,False,False,True,False,False,False,True,False,15,2,7,1,194
0,1,30.34,34.85,66,16.9979,False,False,True,False,True,False,False,False,16,2,7,1,224
0,1,30.34,34.85,70,16.9979,False,False,True,False,True,False,False,False,17,2,7,1,370
0,1,31.16,35.605,62,8.9981,False,False,True,False,False,True,False,False,18,2,7,1,643
0,1,31.16,35.605,62,7.0015,False,False,True,False,False,True,False,False,19,2,7,1,516
0,1,30.34,34.09,62,6.0032,False,False,True,False,True,False,False,False,20,2,7,1,366
0,1,31.16,35.605,62,0.0,False,False,True,False,True,False,False,False,21,2,7,1,319
0,1,31.16,35.605,58,6.0032,False,False,True,False,True,False,False,False,22,2,7,1,288
0,1,31.16,35.605,58,6.0032,False,False,True,False,True,False,False,False,23,2,7,1,131
0,1,30.34,34.85,66,6.0032,False,False,True,False,True,False,False,False,0,3,7,1,66
0,1,30.34,34.85,66,6.0032,False,False,True,False,True,False,False,False,1,3,7,1,25
0,1,29.52,34.09,70,12.998,False,False,True,False,True,False,False,False,2,3,7,1,7
0,1,29.52,34.09,70,7.0015,False,False,True,False,True,False,False,False,3,3,7,1,5
0,1,29.52,34.09,70,7.0015,False,False,True,False,True,False,False,False,4,3,7,1,8
0,1,29.52,34.09,70,7.0015,False,False,True,False,False,True,False,False,5,3,7,1,40
0,1,29.52,34.09,66,8.9981,False,False,True,False,True,False,False,False,6,3,7,1,152
0,1,30.34,34.09,58,19.0012,False,False,True,False,True,False,False,False,7,3,7,1,473
0,1,31.16,35.605,58,16.9979,False,False,True,False,True,False,False,False,8,3,7,1,657
0,1,31.16,35.605,58,19.0012,False,False,True,False,False,True,False,False,9,3,7,1,318
0,1,31.16,35.605,58,12.998,False,False,True,False,True,False,False,False,10,3,7,1,198
0,1,32.8,37.88,55,7.0015,False,False,True,False,True,False,False,False,11,3,7,1,216
0,1,34.44,39.395,49,19.0012,False,False,True,False,True,False,False,False,12,3,7,1,274
0,1,34.44,38.635,47,8.9981,False,False,True,False,True,False,False,False,13,3,7,1,254
0,1,35.26,39.395,44,6.0032,False,False,True,False,True,False,False,False,14,3,7,1,197
0,1,34.44,38.635,47,6.0032,False,False,True,False,True,False,False,False,15,3,7,1,292
0,1,34.44,38.635,47,6.0032,False,False,True,False,True,False,False,False,16,3,7,1,358
0,1,35.26,39.395,41,0.0,False,False,True,False,True,False,False,False,17,3,7,1,771
0,1,35.26,39.395,41,12.998,False,False,True,False,True,False,False,False,18,3,7,1,777
0,1,34.44,37.88,44,16.9979,False,False,True,False,True,False,False,False,19,3,7,1,533
0,1,33.62,38.635,49,11.0014,False,False,True,False,True,False,False,False,20,3,7,1,505
0,1,27.06,29.545,89,16.9979,False,False,True,False,False,False,True,False,21,3,7,1,332
0,1,27.06,29.545,89,16.9979,False,False,True,False,False,False,True,False,22,3,7,1,68
0,1,27.06,29.545,89,15.0013,False,False,True,False,False,False,True,False,23,3,7,1,65
0,1,27.88,31.82,79,11.0014,False,False,True,False,True,False,False,False,0,2,8,1,47
0,1,27.06,30.305,83,6.0032,False,False,True,False,True,False,False,False,1,2,8,1,33
0,1,26.24,28.79,83,7.0015,False,False,True,False,True,False,False,False,2,2,8,1,13
0,1,26.24,28.79,83,7.0015,False,False,True,False,True,False,False,False,3,2,8,1,7
0,1,26.24,29.545,78,8.9981,False,False,True,False,False,True,False,False,4,2,8,1,4
0,1,26.24,29.545,78,8.9981,False,False,True,False,False,True,False,False,5,2,8,1,49
0,1,26.24,29.545,78,8.9981,False,False,True,False,True,False,False,False,6,2,8,1,185
0,1,26.24,28.79,83,8.9981,False,False,True,False,False,True,False,False,7,2,8,1,487
0,1,27.06,30.305,78,12.998,False,False,True,False,False,True,False,False,8,2,8,1,681
0,1,27.88,31.82,74,6.0032,False,False,True,False,False,True,False,False,9,2,8,1,350
0,1,29.52,34.09,66,6.0032,False,False,True,False,True,False,False,False,10,2,8,1,236
0,1,31.16,35.605,58,6.0032,False,False,True,False,True,False,False,False,11,2,8,1,234
0,1,32.8,37.12,49,7.0015,False,False,True,False,True,False,False,False,12,2,8,1,284
0,1,32.8,37.12,52,11.0014,False,False,True,False,True,False,False,False,13,2,8,1,280
0,1,33.62,37.88,46,11.0014,False,False,True,False,True,False,False,False,14,2,8,1,263
0,1,33.62,37.88,46,11.0014,False,False,True,False,True,False,False,False,15,2,8,1,295
0,1,32.8,37.88,55,19.0012,False,False,True,False,True,False,False,False,16,2,8,1,479
0,1,32.8,37.12,49,11.0014,False,False,True,False,True,False,False,False,17,2,8,1,837
0,1,31.16,35.605,62,15.0013,False,False,True,False,False,False,True,False,18,2,8,1,891
0,1,30.34,34.85,66,16.9979,False,False,True,False,True,False,False,False,19,2,8,1,652
0,1,30.34,34.85,66,11.0014,False,False,True,False,True,False,False,False,20,2,8,1,513
0,1,29.52,34.09,70,8.9981,False,False,True,False,True,False,False,False,21,2,8,1,320
0,1,29.52,34.09,70,7.0015,False,False,True,False,True,False,False,False,22,2,8,1,288
0,1,28.7,33.335,74,0.0,False,False,True,False,True,False,False,False,23,2,8,1,152
0,1,28.7,33.335,74,0.0,False,False,True,False,True,False,False,False,0,3,8,1,63
0,1,27.88,31.82,79,7.0015,False,False,True,False,True,False,False,False,1,3,8,1,42
0,1,27.06,30.305,83,6.0032,False,False,True,False,True,False,False,False,2,3,8,1,11
0,1,27.06,30.305,83,0.0,False,False,True,False,True,False,False,False,3,3,8,1,6
0,1,27.06,30.305,83,0.0,False,False,True,False,True,False,False,False,4,3,8,1,9
0,1,27.06,29.545,89,8.9981,False,False,True,False,True,False,False,False,5,3,8,1,41
0,1,27.06,30.305,83,0.0,False,False,True,False,True,False,False,False,6,3,8,1,183
0,1,28.7,33.335,79,0.0,False,False,True,False,True,False,False,False,7,3,8,1,473
0,1,29.52,34.85,74,7.0015,False,False,True,False,True,False,False,False,8,3,8,1,739
0,1,31.16,36.365,66,7.0015,False,False,True,False,True,False,False,False,9,3,8,1,343
0,1,32.8,37.88,55,0.0,False,False,True,False,True,False,False,False,10,3,8,1,181
0,1,33.62,38.635,52,7.0015,False,False,True,False,True,False,False,False,11,3,8,1,226
0,1,34.44,37.88,44,8.9981,False,False,True,False,True,False,False,False,12,3,8,1,286
0,1,35.26,39.395,44,15.0013,False,False,True,False,True,False,False,False,13,3,8,1,310
0,1,35.26,39.395,41,8.9981,False,False,True,False,True,False,False,False,14,3,8,1,225
0,1,31.98,37.12,62,31.0009,False,False,True,False,True,False,False,False,15,3,8,1,270
0,1,33.62,37.88,46,12.998,False,False,True,False,True,False,False,False,16,3,8,1,406
0,1,33.62,38.635,52,16.9979,False,False,True,False,True,False,False,False,17,3,8,1,865
0,1,32.8,38.635,59,15.0013,False,False,True,False,True,False,False,False,18,3,8,1,767
0,1,32.8,39.395,63,11.0014,False,False,True,False,True,False,False,False,19,3,8,1,607
0,1,31.98,37.88,66,0.0,False,False,True,False,True,False,False,False,20,3,8,1,427
0,1,31.16,36.365,66,15.0013,False,False,True,False,True,False,False,False,21,3,8,1,342
0,1,30.34,34.85,70,12.998,False,False,True,False,True,False,False,False,22,3,8,1,262
0,1,29.52,34.09,70,16.9979,False,False,True,False,True,False,False,False,23,3,8,1,177
0,1,29.52,34.09,70,12.998,False,False,True,False,True,False,False,False,0,4,8,1,71
0,1,28.7,33.335,74,12.998,False,False,True,False,True,False,False,False,1,4,8,1,43
0,1,27.88,31.82,79,15.0013,False,False,True,False,True,False,False,False,2,4,8,1,14
0,1,27.88,31.82,79,15.0013,False,False,True,False,True,False,False,False,3,4,8,1,6
0,1,27.06,30.305,83,16.9979,False,False,True,False,True,False,False,False,4,4,8,1,12
0,1,27.06,30.305,83,11.0014,False,False,True,False,True,False,False,False,5,4,8,1,37
0,1,27.06,30.305,83,15.0013,False,False,True,False,True,False,False,False,6,4,8,1,163
0,1,28.7,33.335,74,7.0015,False,False,True,False,True,False,False,False,7,4,8,1,421
0,1,29.52,34.09,70,8.9981,False,False,True,False,True,False,False,False,8,4,8,1,668
0,1,30.34,34.85,66,7.0015,False,False,True,False,False,True,False,False,9,4,8,1,396
0,1,32.8,37.12,52,12.998,False,False,True,False,False,True,False,False,10,4,8,1,249
0,1,34.44,39.395,49,19.0012,False,False,True,False,False,True,False,False,11,4,8,1,263
0,1,35.26,40.91,50,19.9995,False,False,True,False,False,True,False,False,12,4,8,1,338
0,1,35.26,40.15,47,19.0012,False,False,True,False,False,True,False,False,13,4,8,1,345
0,1,35.26,39.395,44,16.9979,False,False,True,False,False,True,False,False,14,4,8,1,331
0,1,36.08,40.91,42,16.9979,False,False,True,False,True,False,False,False,15,4,8,1,380
0,1,35.26,39.395,41,15.0013,False,False,True,False,False,True,False,False,16,4,8,1,492
0,1,34.44,40.15,53,19.0012,False,False,True,False,False,True,False,False,17,4,8,1,741
0,1,33.62,40.15,59,16.9979,False,False,True,False,False,True,False,False,18,4,8,1,671
0,1,32.8,39.395,63,15.0013,False,False,True,False,False,True,False,False,19,4,8,1,469
0,1,31.98,37.88,66,15.0013,False,False,True,False,False,True,False,False,20,4,8,1,389
0,1,31.16,36.365,66,12.998,False,False,True,False,False,True,False,False,21,4,8,1,278
0,1,31.16,36.365,70,16.9979,False,False,True,False,True,False,False,False,22,4,8,1,202
0,1,30.34,35.605,79,8.9981,False,False,True,False,True,False,False,False,23,4,8,1,196
0,0,30.34,35.605,79,11.0014,False,False,True,False,True,False,False,False,0,5,8,1,161
0,0,29.52,35.605,84,12.998,False,False,True,False,True,False,False,False,1,5,8,1,122
0,0,29.52,35.605,84,8.9981,False,False,True,False,True,False,False,False,2,5,8,1,84
0,0,29.52,35.605,84,8.9981,False,False,True,False,True,False,False,False,3,5,8,1,30
0,0,29.52,34.85,79,12.998,False,False,True,False,True,False,False,False,4,5,8,1,13
0,0,28.7,33.335,84,15.0013,False,False,True,False,True,False,False,False,5,5,8,1,17
0,0,28.7,33.335,84,15.0013,False,False,True,False,True,False,False,False,6,5,8,1,49
0,0,29.52,34.85,77,11.0014,False,False,True,False,True,False,False,False,7,5,8,1,67
0,0,30.34,36.365,72,12.998,False,False,True,False,True,False,False,False,8,5,8,1,181
0,0,31.98,37.88,65,15.0013,False,False,True,False,True,False,False,False,9,5,8,1,278
0,0,33.62,38.635,57,12.998,False,False,True,False,True,False,False,False,10,5,8,1,396
0,0,35.26,40.15,47,16.9979,False,False,True,False,True,False,False,False,11,5,8,1,470
0,0,35.26,39.395,40,23.9994,False,False,True,False,True,False,False,False,12,5,8,1,547
0,0,36.08,40.91,42,19.9995,False,False,True,False,True,False,False,False,13,5,8,1,527
0,0,36.08,40.15,40,26.0027,False,False,True,False,True,False,False,False,14,5,8,1,472
0,0,36.08,40.91,42,27.9993,False,False,True,False,True,False,False,False,15,5,8,1,489
0,0,36.9,40.91,39,19.9995,False,False,True,False,True,False,False,False,16,5,8,1,450
0,0,36.08,39.395,37,19.9995,False,False,True,False,True,False,False,False,17,5,8,1,492
0,0,35.26,39.395,41,22.0028,False,False,True,False,True,False,False,False,18,5,8,1,490
0,0,33.62,38.635,52,23.9994,False,False,True,False,True,False,False,False,19,5,8,1,397
0,0,33.62,38.635,52,19.9995,False,False,True,False,True,False,False,False,20,5,8,1,312
0,0,32.8,38.635,59,16.9979,False,False,True,False,True,False,False,False,21,5,8,1,289
0,0,31.16,36.365,66,19.0012,False,False,True,False,True,False,False,False,22,5,8,1,269
0,0,31.16,36.365,66,19.9995,False,False,True,False,True,False,False,False,23,5,8,1,222
0,0,30.34,34.85,70,19.0012,False,False,True,False,True,False,False,False,0,6,8,1,153
0,0,30.34,34.85,70,16.9979,False,False,True,False,True,False,False,False,1,6,8,1,87
0,0,30.34,34.85,70,19.9995,False,False,True,False,True,False,False,False,2,6,8,1,73
0,0,29.52,34.85,74,16.9979,False,False,True,False,True,False,False,False,3,6,8,1,41
0,0,29.52,34.85,74,16.9979,False,False,True,False,True,False,False,False,4,6,8,1,14
0,0,29.52,34.85,74,16.9979,False,False,True,False,True,False,False,False,5,6,8,1,19
0,0,29.52,34.85,79,16.9979,False,False,True,False,True,False,False,False,6,6,8,1,19
0,0,30.34,35.605,74,19.9995,False,False,True,False,True,False,False,False,7,6,8,1,68
0,0,31.16,36.365,66,22.0028,False,False,True,False,True,False,False,False,8,6,8,1,108
0,0,32.8,38.635,59,23.9994,False,False,True,False,True,False,False,False,9,6,8,1,229
0,0,32.8,38.635,59,27.9993,False,False,True,False,True,False,False,False,10,6,8,1,364
0,0,33.62,39.395,56,27.9993,False,False,True,False,True,False,False,False,11,6,8,1,437
0,0,35.26,40.15,47,35.0008,False,False,True,False,True,False,False,False,12,6,8,1,491
0,0,36.08,40.91,44,31.0009,False,False,True,False,True,False,False,False,13,6,8,1,523
0,0,36.9,42.425,42,31.0009,False,False,True,False,True,False,False,False,14,6,8,1,526
0,0,36.9,40.91,37,35.0008,False,False,True,False,True,False,False,False,15,6,8,1,450
0,0,33.62,37.88,46,16.9979,False,False,True,False,True,False,False,False,16,6,8,1,421
0,0,33.62,37.88,46,16.9979,False,False,True,False,True,False,False,False,17,6,8,1,382
0,0,28.7,33.335,74,8.9981,False,False,True,False,False,False,True,False,18,6,8,1,229
0,0,28.7,33.335,84,15.0013,False,False,True,False,True,False,False,False,19,6,8,1,185
0,0,28.7,33.335,84,7.0015,False,False,True,False,True,False,False,False,20,6,8,1,193
0,0,29.52,34.85,79,7.0015,False,False,True,False,True,False,False,False,21,6,8,1,208
0,0,29.52,34.85,79,6.0032,False,False,True,False,True,False,False,False,22,6,8,1,157
0,0,29.52,34.85,79,11.0014,False,False,True,False,False,True,False,False,23,6,8,1,87
0,1,29.52,34.85,79,0.0,False,False,True,False,False,True,False,False,0,0,8,1,33
0,1,29.52,34.85,79,6.0032,False,False,True,False,True,False,False,False,1,0,8,1,11
0,1,29.52,34.85,79,8.9981,False,False,True,False,False,True,False,False,2,0,8,1,5
0,1,29.52,34.85,79,6.0032,False,False,True,False,False,False,True,False,3,0,8,1,5
0,1,29.52,34.85,74,8.9981,False,False,True,False,False,True,False,False,4,0,8,1,11
0,1,28.7,33.335,79,12.998,False,False,True,False,True,False,False,False,5,0,8,1,25
0,1,28.7,33.335,79,15.0013,False,False,True,False,False,True,False,False,6,0,8,1,141
0,1,29.52,34.09,70,12.998,False,False,True,False,False,False,True,False,7,0,8,1,407
0,1,28.7,33.335,79,0.0,False,False,True,False,False,True,False,False,8,0,8,1,605
0,1,28.7,33.335,79,11.0014,False,False,True,False,False,False,True,False,9,0,8,1,276
0,1,30.34,34.85,70,15.0013,False,False,True,False,True,False,False,False,10,0,8,1,213
0,1,31.16,36.365,66,8.9981,False,False,True,False,True,False,False,False,11,0,8,1,260
0,1,31.98,36.365,55,6.0032,False,False,True,False,False,True,False,False,12,0,8,1,285
0,1,32.8,37.12,49,15.0013,False,False,True,False,True,False,False,False,13,0,8,1,289
0,1,33.62,37.88,46,0.0,False,False,True,False,True,False,False,False,14,0,8,1,287
0,1,33.62,37.88,46,8.9981,False,False,True,False,True,False,False,False,15,0,8,1,274
0,1,34.44,37.88,41,7.0015,False,False,True,False,True,False,False,False,16,0,8,1,451
0,1,33.62,37.12,41,0.0,False,False,True,False,True,False,False,False,17,0,8,1,858
0,1,33.62,37.12,41,8.9981,False,False,True,False,True,False,False,False,18,0,8,1,843
0,1,31.98,37.12,59,12.998,False,False,True,False,True,False,False,False,19,0,8,1,640
0,1,31.16,36.365,66,11.0014,False,False,True,False,True,False,False,False,20,0,8,1,457
0,1,30.34,34.85,70,12.998,False,False,True,False,True,False,False,False,21,0,8,1,317
0,1,30.34,34.85,70,6.0032,False,False,True,False,True,False,False,False,22,0,8,1,207
0,1,29.52,34.85,74,12.998,False,False,True,False,True,False,False,False,23,0,8,1,113
0,1,28.7,33.335,84,12.998,False,False,True,False,True,False,False,False,0,1,8,1,47
0,1,28.7,33.335,84,8.9981,False,False,True,False,True,False,False,False,1,1,8,1,18
0,1,28.7,33.335,84,8.9981,False,False,True,False,True,False,False,False,2,1,8,1,13
0,1,28.7,33.335,84,0.0,False,False,True,False,True,False,False,False,3,1,8,1,6
0,1,27.88,31.82,83,8.9981,False,False,True,False,True,False,False,False,4,1,8,1,9
0,1,28.7,33.335,79,7.0015,False,False,True,False,True,False,False,False,5,1,8,1,36
0,1,28.7,33.335,79,12.998,False,False,True,False,False,True,False,False,6,1,8,1,179
0,1,28.7,33.335,74,8.9981,False,False,True,False,False,True,False,False,7,1,8,1,502
0,1,28.7,32.575,70,11.0014,False,False,True,False,False,True,False,False,8,1,8,1,705
0,1,28.7,33.335,74,8.9981,False,False,True,False,False,True,False,False,9,1,8,1,327
0,1,30.34,34.85,70,8.9981,False,False,True,False,False,True,False,False,10,1,8,1,250
0,1,31.16,36.365,66,6.0032,False,False,True,False,False,True,False,False,11,1,8,1,214
0,1,32.8,37.88,55,8.9981,False,False,True,False,False,True,False,False,12,1,8,1,283
0,1,32.8,37.12,52,12.998,False,False,True,False,False,True,False,False,13,1,8,1,253
0,1,33.62,37.88,46,0.0,False,False,True,False,False,True,False,False,14,1,8,1,261
0,1,32.8,37.12,52,0.0,False,False,True,False,True,False,False,False,15,1,8,1,306
0,1,31.16,36.365,66,19.0012,False,False,True,False,False,False,True,False,16,1,8,1,445
0,1,31.98,37.12,62,8.9981,False,False,True,False,False,True,False,False,17,1,8,1,868
0,1,31.16,35.605,62,11.0014,False,False,True,False,False,True,False,False,18,1,8,1,814
0,1,31.16,36.365,66,7.0015,False,False,True,False,False,True,False,False,19,1,8,1,610
0,1,30.34,34.85,70,8.9981,False,False,True,False,False,True,False,False,20,1,8,1,448
0,1,29.52,34.85,74,0.0,False,False,True,False,False,True,False,False,21,1,8,1,317
0,1,29.52,34.85,74,7.0015,False,False,True,False,True,False,False,False,22,1,8,1,224
0,1,29.52,34.85,79,0.0,False,False,True,False,True,False,False,False,23,1,8,1,138
0,1,28.7,33.335,84,0.0,False,False,True,False,True,False,False,False,0,2,8,1,58
0,1,29.52,34.85,79,0.0,False,False,True,False,True,False,False,False,1,2,8,1,23
0,1,28.7,33.335,84,0.0,False,False,True,False,True,False,False,False,2,2,8,1,6
0,1,28.7,33.335,84,0.0,False,False,True,False,True,False,False,False,3,2,8,1,7
0,1,28.7,33.335,84,0.0,False,False,True,False,True,False,False,False,4,2,8,1,7
0,1,27.88,31.82,89,11.0014,False,False,True,False,False,True,False,False,5,2,8,1,43
0,1,28.7,33.335,84,11.0014,False,False,True,False,False,True,False,False,6,2,8,1,173
0,1,28.7,33.335,84,11.0014,False,False,True,False,False,True,False,False,7,2,8,1,482
0,1,30.34,36.365,72,6.0032,False,False,True,False,False,True,False,False,8,2,8,1,737
0,1,31.16,36.365,66,0.0,False,False,True,False,False,True,False,False,9,2,8,1,341
0,1,32.8,37.12,52,8.9981,False,False,True,False,False,True,False,False,10,2,8,1,214
0,1,32.8,37.12,52,0.0,False,False,True,False,False,True,False,False,11,2,8,1,239
0,1,32.8,37.12,52,0.0,False,False,True,False,False,True,False,False,12,2,8,1,280
0,1,32.8,37.12,52,0.0,False,False,True,False,False,True,False,False,13,2,8,1,313
0,1,32.8,37.12,52,16.9979,False,False,True,False,False,True,False,False,14,2,8,1,236
0,1,34.44,37.88,44,12.998,False,False,True,False,False,True,False,False,15,2,8,1,278
0,1,32.8,37.12,49,19.0012,False,False,True,False,False,True,False,False,16,2,8,1,441
0,1,32.8,37.88,55,19.0012,False,False,True,False,False,True,False,False,17,2,8,1,858
0,1,31.98,36.365,55,11.0014,False,False,True,False,False,True,False,False,18,2,8,1,862
0,1,31.16,36.365,66,15.0013,False,False,True,False,True,False,False,False,19,2,8,1,686
0,1,30.34,34.85,66,12.998,False,False,True,False,True,False,False,False,20,2,8,1,500
0,1,30.34,34.85,66,7.0015,False,False,True,False,True,False,False,False,21,2,8,1,381
0,1,29.52,34.85,74,7.0015,False,False,True,False,True,False,False,False,22,2,8,1,233
0,1,29.52,34.09,70,8.9981,False,False,True,False,True,False,False,False,23,2,8,1,136
0,1,29.52,34.85,74,12.998,False,False,True,False,True,False,False,False,0,3,8,1,67
0,1,28.7,33.335,79,8.9981,False,False,True,False,True,False,False,False,1,3,8,1,28
0,1,28.7,33.335,84,6.0032,False,False,True,False,True,False,False,False,2,3,8,1,14
0,1,27.88,31.82,83,6.0032,False,False,True,False,True,False,False,False,3,3,8,1,6
0,1,27.88,31.82,89,8.9981,False,False,True,False,False,True,False,False,4,3,8,1,10
0,1,27.06,29.545,94,0.0,False,False,True,False,False,True,False,False,5,3,8,1,41
0,1,27.06,30.305,83,11.0014,False,False,True,False,True,False,False,False,6,3,8,1,167
0,1,28.7,33.335,84,11.0014,False,False,True,False,False,True,False,False,7,3,8,1,475
0,1,29.52,34.85,74,7.0015,False,False,True,False,True,False,False,False,8,3,8,1,698
0,1,31.16,36.365,66,11.0014,False,False,True,False,True,False,False,False,9,3,8,1,353
0,1,32.8,37.88,55,15.0013,False,False,True,False,True,False,False,False,10,3,8,1,205
0,1,34.44,37.88,44,0.0,False,False,True,False,True,False,False,False,11,3,8,1,260
0,1,34.44,37.88,44,7.0015,False,False,True,False,True,False,False,False,12,3,8,1,277
0,1,35.26,39.395,41,7.0015,False,False,True,False,True,False,False,False,13,3,8,1,281
0,1,36.08,38.635,32,15.0013,False,False,True,False,True,False,False,False,14,3,8,1,247
0,1,36.08,38.635,32,15.0013,False,False,True,False,True,False,False,False,15,3,8,1,267
0,1,35.26,38.635,39,16.9979,False,False,True,False,True,False,False,False,16,3,8,1,417
0,1,35.26,37.88,36,16.9979,False,False,True,False,True,False,False,False,17,3,8,1,810
0,1,33.62,37.88,46,16.9979,False,False,True,False,False,True,False,False,18,3,8,1,811
0,1,32.8,37.88,55,12.998,False,False,True,False,True,False,False,False,19,3,8,1,623
0,1,28.7,32.575,54,19.0012,False,False,True,False,True,False,False,False,20,3,8,1,478
0,1,28.7,32.575,58,11.0014,False,False,True,False,False,True,False,False,21,3,8,1,336
0,1,27.06,31.06,69,15.0013,False,False,True,False,False,True,False,False,22,3,8,1,259
0,1,27.06,31.06,74,0.0,False,False,True,False,True,False,False,False,23,3,8,1,156
0,1,28.7,32.575,65,6.0032,False,False,True,False,True,False,False,False,0,4,8,1,85
0,1,28.7,32.575,65,7.0015,False,False,True,False,True,False,False,False,1,4,8,1,41
0,1,28.7,33.335,74,11.0014,False,False,True,False,True,False,False,False,2,4,8,1,20
0,1,29.52,34.85,79,12.998,False,False,True,False,False,True,False,False,3,4,8,1,9
0,1,28.7,33.335,84,19.0012,False,False,True,False,False,False,True,False,4,4,8,1,7
0,1,28.7,33.335,84,19.0012,False,False,True,False,False,False,True,False,5,4,8,1,33
0,1,26.24,28.79,89,19.9995,False,False,True,False,False,False,True,False,6,4,8,1,44
0,1,26.24,28.79,89,7.0015,False,False,True,False,False,False,True,False,7,4,8,1,133
0,1,25.42,27.275,91,11.0014,False,False,True,False,False,False,True,False,8,4,8,1,119
0,1,26.24,28.79,89,0.0,False,False,True,False,False,True,False,False,9,4,8,1,220
0,1,27.06,29.545,89,7.0015,False,False,True,False,True,False,False,False,10,4,8,1,193
0,1,27.88,31.82,79,8.9981,False,False,True,False,False,False,True,False,11,4,8,1,251
0,1,30.34,34.85,66,23.9994,False,False,True,False,False,True,False,False,12,4,8,1,315
0,1,31.16,35.605,58,23.9994,False,False,True,False,False,True,False,False,13,4,8,1,290
0,1,31.16,35.605,58,23.9994,False,False,True,False,True,False,False,False,14,4,8,1,307
0,1,32.8,37.12,52,30.0026,False,False,True,False,True,False,False,False,15,4,8,1,324
0,1,31.98,36.365,55,19.9995,False,False,True,False,True,False,False,False,16,4,8,1,467
0,1,32.8,37.12,52,19.0012,False,False,True,False,True,False,False,False,17,4,8,1,730
0,1,31.16,35.605,62,19.9995,False,False,True,False,True,False,False,False,18,4,8,1,640
0,1,31.16,35.605,62,19.0012,False,False,True,False,True,False,False,False,19,4,8,1,492
0,1,30.34,34.85,66,19.9995,False,False,True,False,True,False,False,False,20,4,8,1,370
0,1,30.34,34.85,66,16.9979,False,False,True,False,True,False,False,False,21,4,8,1,286
0,1,29.52,34.85,74,19.0012,False,False,True,False,True,False,False,False,22,4,8,1,218
0,1,29.52,34.09,70,19.0012,False,False,True,False,True,False,False,False,23,4,8,1,192
0,0,28.7,32.575,70,19.0012,False,False,True,False,True,False,False,False,0,5,8,1,180
0,0,27.06,31.06,74,15.0013,False,False,True,False,True,False,False,False,1,5,8,1,116
0,0,26.24,29.545,78,12.998,False,False,True,False,False,False,True,False,2,5,8,1,85
0,0,25.42,28.79,83,11.0014,False,False,True,False,False,False,True,False,3,5,8,1,21
0,0,25.42,28.79,83,7.0015,False,False,True,False,True,False,False,False,4,5,8,1,10
0,0,25.42,28.03,88,7.0015,False,False,True,False,True,False,False,False,5,5,8,1,11
0,0,25.42,28.03,88,7.0015,False,False,True,False,False,True,False,False,6,5,8,1,23
0,0,26.24,28.79,83,6.0032,False,False,True,False,True,False,False,False,7,5,8,1,62
0,0,27.06,30.305,83,7.0015,False,False,True,False,True,False,False,False,8,5,8,1,162
0,0,27.88,31.82,79,12.998,False,False,True,False,True,False,False,False,9,5,8,1,271
0,0,29.52,34.09,62,6.0032,False,False,True,False,True,False,False,False,10,5,8,1,407
0,0,30.34,34.85,66,11.0014,False,False,True,False,True,False,False,False,11,5,8,1,499
0,0,31.16,35.605,58,15.0013,False,False,True,False,True,False,False,False,12,5,8,1,546
0,0,32.8,37.12,49,23.9994,False,False,True,False,True,False,False,False,13,5,8,1,569
0,0,32.8,37.12,49,19.9995,False,False,True,False,True,False,False,False,14,5,8,1,538
0,0,32.8,36.365,46,19.0012,False,False,True,False,True,False,False,False,15,5,8,1,562
0,0,32.8,36.365,46,19.9995,False,False,True,False,True,False,False,False,16,5,8,1,531
0,0,30.34,34.85,66,23.9994,False,False,True,False,False,False,True,False,17,5,8,1,512
0,0,28.7,33.335,74,19.9995,False,False,True,False,False,True,False,False,18,5,8,1,300
0,0,27.06,29.545,89,7.0015,False,False,True,False,False,True,False,False,19,5,8,1,275
0,0,27.06,29.545,89,27.9993,False,False,True,False,False,False,True,False,20,5,8,1,160
0,0,27.06,29.545,89,11.0014,False,False,True,False,False,True,False,False,21,5,8,1,128
0,0,27.06,29.545,89,11.0014,False,False,True,False,False,True,False,False,22,5,8,1,168
0,0,27.06,30.305,78,11.0014,False,False,True,False,False,False,True,False,23,5,8,1,163
0,0,26.24,30.305,73,8.9981,False,False,True,False,False,True,False,False,0,6,8,1,120
0,0,25.42,29.545,78,8.9981,False,False,True,False,True,False,False,False,1,6,8,1,113
0,0,26.24,30.305,69,8.9981,False,False,True,False,True,False,False,False,2,6,8,1,86
0,0,25.42,29.545,73,6.0032,False,False,True,False,True,False,False,False,3,6,8,1,48
0,0,26.24,30.305,69,6.0032,False,False,True,False,True,False,False,False,4,6,8,1,10
0,0,26.24,31.06,61,12.998,False,False,True,False,True,False,False,False,5,6,8,1,10
0,0,26.24,30.305,65,11.0014,False,False,True,False,True,False,False,False,6,6,8,1,16
0,0,26.24,30.305,65,8.9981,False,False,True,False,True,False,False,False,7,6,8,1,39
0,0,27.06,31.06,54,15.0013,False,False,True,False,True,False,False,False,8,6,8,1,119
0,0,28.7,32.575,48,15.0013,False,False,True,False,True,False,False,False,9,6,8,1,217
0,0,28.7,32.575,51,11.0014,False,False,True,False,True,False,False,False,10,6,8,1,328
0,0,30.34,33.335,42,11.0014,False,False,True,False,True,False,False,False,11,6,8,1,449
0,0,30.34,33.335,42,12.998,False,False,True,False,True,False,False,False,12,6,8,1,505
0,0,31.98,34.85,40,0.0,False,False,True,False,True,False,False,False,13,6,8,1,543
0,0,31.16,34.09,40,12.998,False,False,True,False,True,False,False,False,14,6,8,1,579
0,0,31.16,34.09,40,8.9981,False,False,True,False,True,False,False,False,15,6,8,1,577
0,0,31.16,34.09,40,7.0015,False,False,True,False,True,False,False,False,16,6,8,1,513
0,0,32.8,34.85,33,0.0,False,False,True,False,True,False,False,False,17,6,8,1,505
0,0,31.98,34.09,35,7.0015,False,False,True,False,True,False,False,False,18,6,8,1,491
0,0,30.34,32.575,40,8.9981,False,False,True,False,True,False,False,False,19,6,8,1,465
0,0,29.52,32.575,45,0.0,False,False,True,False,True,False,False,False,20,6,8,1,300
0,0,29.52,33.335,51,6.0032,False,False,True,False,True,False,False,False,21,6,8,1,220
0,0,28.7,32.575,58,8.9981,False,False,True,False,True,False,False,False,22,6,8,1,181
0,0,27.88,31.82,61,0.0,False,False,True,False,True,False,False,False,23,6,8,1,110
0,1,27.06,31.06,65,7.0015,False,False,True,False,True,False,False,False,0,0,8,1,47
0,1,27.06,31.06,65,6.0032,False,False,True,False,True,False,False,False,1,0,8,1,14
0,1,26.24,30.305,69,7.0015,False,False,True,False,True,False,False,False,2,0,8,1,9
0,1,26.24,30.305,69,0.0,False,False,True,False,True,False,False,False,3,0,8,1,6
0,1,26.24,30.305,69,7.0015,False,False,True,False,True,False,False,False,4,0,8,1,11
0,1,26.24,30.305,69,7.0015,False,False,True,False,True,False,False,False,5,0,8,1,36
0,1,25.42,29.545,73,6.0032,False,False,True,False,True,False,False,False,6,0,8,1,159
0,1,27.06,31.06,65,8.9981,False,False,True,False,True,False,False,False,7,0,8,1,436
0,1,29.52,33.335,51,6.0032,False,False,True,False,False,True,False,False,8,0,8,1,673
0,1,30.34,33.335,45,0.0,False,False,True,False,False,True,False,False,9,0,8,1,305
0,1,31.16,34.09,40,0.0,False,False,True,False,False,True,False,False,10,0,8,1,199
0,1,31.16,34.09,40,6.0032,False,False,True,False,True,False,False,False,11,0,8,1,245
0,1,31.98,34.85,40,12.998,False,False,True,False,True,False,False,False,12,0,8,1,276
0,1,31.98,34.85,40,11.0014,False,False,True,False,True,False,False,False,13,0,8,1,254
0,1,32.8,34.85,33,7.0015,False,False,True,False,True,False,False,False,14,0,8,1,248
0,1,33.62,36.365,34,15.0013,False,False,True,False,True,False,False,False,15,0,8,1,274
0,1,32.8,35.605,36,6.0032,False,False,True,False,True,False,False,False,16,0,8,1,464
0,1,32.8,35.605,36,11.0014,False,False,True,False,True,False,False,False,17,0,8,1,818
0,1,31.16,34.85,52,19.0012,False,False,True,False,True,False,False,False,18,0,8,1,812
0,1,30.34,34.09,58,11.0014,False,False,True,False,True,False,False,False,19,0,8,1,555
0,1,30.34,34.09,62,15.0013,False,False,True,False,True,False,False,False,20,0,8,1,432
0,1,29.52,34.09,66,12.998,False,False,True,False,True,False,False,False,21,0,8,1,290
0,1,29.52,34.09,62,22.0028,False,False,True,False,True,False,False,False,22,0,8,1,192
0,1,28.7,32.575,70,15.0013,False,False,True,False,True,False,False,False,23,0,8,1,128
0,1,28.7,33.335,74,15.0013,False,False,True,False,True,False,False,False,0,1,8,1,60
0,1,27.88,31.82,79,16.9979,False,False,True,False,True,False,False,False,1,1,8,1,27
0,1,27.88,31.82,83,12.998,False,False,True,False,False,True,False,False,2,1,8,1,11
0,1,27.88,31.82,83,12.998,False,False,True,False,False,True,False,False,3,1,8,1,3
0,1,27.88,31.82,83,12.998,False,False,True,False,False,True,False,False,4,1,8,1,5
0,1,27.88,31.82,89,12.998,False,False,True,False,False,True,False,False,5,1,8,1,36
0,1,26.24,28.79,83,12.998,False,False,True,False,False,False,True,False,6,1,8,1,64
0,1,27.06,30.305,83,6.0032,False,False,True,False,False,True,False,False,7,1,8,1,179
0,1,27.06,29.545,89,6.0032,False,False,True,False,False,True,False,False,8,1,8,1,618
0,1,28.7,33.335,74,0.0,False,False,True,False,False,True,False,False,9,1,8,1,402
0,1,28.7,33.335,79,7.0015,False,False,True,False,True,False,False,False,10,1,8,1,208
0,1,30.34,34.09,62,0.0,False,False,True,False,True,False,False,False,11,1,8,1,196
0,1,31.98,35.605,49,8.9981,False,False,True,False,True,False,False,False,12,1,8,1,300
0,1,32.8,36.365,46,6.0032,False,False,True,False,True,False,False,False,13,1,8,1,286
0,1,33.62,37.12,41,15.0013,False,False,True,False,True,False,False,False,14,1,8,1,255
0,1,33.62,37.88,46,15.0013,False,False,True,False,True,False,False,False,15,1,8,1,283
0,1,33.62,37.12,43,15.0013,False,False,True,False,True,False,False,False,16,1,8,1,458
0,1,31.16,36.365,66,16.9979,False,False,True,False,False,False,True,False,17,1,8,1,812
0,1,31.16,35.605,62,19.0012,False,False,True,False,True,False,False,False,18,1,8,1,854
0,1,31.16,36.365,66,12.998,False,False,True,False,True,False,False,False,19,1,8,1,627
0,1,30.34,35.605,74,15.0013,False,False,True,False,True,False,False,False,20,1,8,1,436
0,1,30.34,34.09,62,15.0013,False,False,True,False,True,False,False,False,21,1,8,1,308
0,1,29.52,34.09,66,6.0032,False,False,True,False,True,False,False,False,22,1,8,1,189
0,1,29.52,34.09,66,11.0014,False,False,True,False,True,False,False,False,23,1,8,1,167
0,1,28.7,32.575,61,12.998,False,False,True,False,True,False,False,False,0,2,8,1,60
0,1,28.7,32.575,61,0.0,False,False,True,False,True,False,False,False,1,2,8,1,37
0,1,27.88,31.82,65,0.0,False,False,True,False,True,False,False,False,2,2,8,1,8
0,1,27.06,31.06,74,7.0015,False,False,True,False,True,False,False,False,3,2,8,1,11
0,1,26.24,28.79,83,7.0015,False,False,True,False,True,False,False,False,4,2,8,1,4
0,1,26.24,29.545,78,7.0015,False,False,True,False,True,False,False,False,5,2,8,1,39
0,1,26.24,29.545,78,7.0015,False,False,True,False,True,False,False,False,6,2,8,1,172
0,1,27.06,31.06,69,12.998,False,False,True,False,False,True,False,False,7,2,8,1,492
0,1,28.7,32.575,65,19.0012,False,False,True,False,False,True,False,False,8,2,8,1,682
0,1,29.52,34.09,62,12.998,False,False,True,False,False,True,False,False,9,2,8,1,367
0,1,29.52,34.09,62,12.998,False,False,True,False,False,True,False,False,10,2,8,1,233
0,1,30.34,34.09,58,12.998,False,False,True,False,False,True,False,False,11,2,8,1,235
0,1,30.34,34.09,55,15.0013,False,False,True,False,True,False,False,False,12,2,8,1,307
0,1,31.98,35.605,49,12.998,False,False,True,False,False,True,False,False,13,2,8,1,294
0,1,31.16,34.85,52,19.9995,False,False,True,False,False,True,False,False,14,2,8,1,255
0,1,31.16,34.85,52,16.9979,False,False,True,False,True,False,False,False,15,2,8,1,266
0,1,31.16,34.09,48,12.998,False,False,True,False,True,False,False,False,16,2,8,1,431
0,1,30.34,34.09,55,19.0012,False,False,True,False,True,False,False,False,17,2,8,1,851
0,1,30.34,33.335,51,15.0013,False,False,True,False,True,False,False,False,18,2,8,1,848
0,1,28.7,32.575,61,8.9981,False,False,True,False,True,False,False,False,19,2,8,1,649
0,1,28.7,32.575,61,8.9981,False,False,True,False,True,False,False,False,20,2,8,1,427
0,1,28.7,32.575,61,12.998,False,False,True,False,True,False,False,False,21,2,8,1,315
0,1,28.7,32.575,61,11.0014,False,False,True,False,True,False,False,False,22,2,8,1,226
0,1,27.88,31.82,65,7.0015,False,False,True,False,True,False,False,False,23,2,8,1,138
0,1,27.06,31.06,69,0.0,False,False,True,False,True,False,False,False,0,3,8,1,76
0,1,26.24,30.305,73,0.0,False,False,True,False,True,False,False,False,1,3,8,1,21
0,1,26.24,30.305,69,12.998,False,False,True,False,True,False,False,False,2,3,8,1,15
0,1,25.42,29.545,73,16.9979,False,False,True,False,True,False,False,False,3,3,8,1,4
0,1,25.42,29.545,73,15.0013,False,False,True,False,True,False,False,False,4,3,8,1,5
0,1,24.6,28.79,78,11.0014,False,False,True,False,True,False,False,False,5,3,8,1,37
0,1,24.6,28.79,78,11.0014,False,False,True,False,True,False,False,False,6,3,8,1,165
0,1,26.24,30.305,69,15.0013,False,False,True,False,True,False,False,False,7,3,8,1,464
0,1,27.88,31.82,61,12.998,False,False,True,False,True,False,False,False,8,3,8,1,682
0,1,29.52,33.335,54,7.0015,False,False,True,False,True,False,False,False,9,3,8,1,337
0,1,30.34,33.335,48,8.9981,False,False,True,False,True,False,False,False,10,3,8,1,199
0,1,31.16,33.335,37,6.0032,False,False,True,False,True,False,False,False,11,3,8,1,274
0,1,32.8,34.85,33,7.0015,False,False,True,False,True,False,False,False,12,3,8,1,343
0,1,32.8,34.85,31,15.0013,False,False,True,False,True,False,False,False,13,3,8,1,300
0,1,33.62,35.605,32,0.0,False,False,True,False,True,False,False,False,14,3,8,1,248
0,1,32.8,34.85,33,16.9979,False,False,True,False,True,False,False,False,15,3,8,1,260
0,1,33.62,35.605,32,15.0013,False,False,True,False,True,False,False,False,16,3,8,1,419
0,1,33.62,36.365,34,12.998,False,False,True,False,True,False,False,False,17,3,8,1,897
0,1,32.8,35.605,36,0.0,False,False,True,False,True,False,False,False,18,3,8,1,832
0,1,31.16,34.09,40,7.0015,False,False,True,False,True,False,False,False,19,3,8,1,677
0,1,31.16,34.09,40,6.0032,False,False,True,False,True,False,False,False,20,3,8,1,514
0,1,30.34,33.335,48,12.998,False,False,True,False,True,False,False,False,21,3,8,1,356
0,1,29.52,33.335,51,11.0014,False,False,True,False,True,False,False,False,22,3,8,1,254
0,1,28.7,32.575,54,7.0015,False,False,True,False,True,False,False,False,23,3,8,1,226
0,1,27.88,12.12,57,11.0014,False,False,True,False,True,False,False,False,0,4,8,1,88
0,1,27.06,12.12,65,7.0015,False,False,True,False,True,False,False,False,1,4,8,1,54
0,1,27.06,12.12,61,8.9981,False,False,True,False,True,False,False,False,2,4,8,1,19
0,1,26.24,12.12,65,7.0015,False,False,True,False,True,False,False,False,3,4,8,1,6
0,1,26.24,12.12,73,11.0014,False,False,True,False,True,False,False,False,4,4,8,1,9
0,1,26.24,12.12,73,7.0015,False,False,True,False,True,False,False,False,5,4,8,1,36
0,1,25.42,12.12,78,8.9981,False,False,True,False,True,False,False,False,6,4,8,1,157
0,1,26.24,12.12,73,7.0015,False,False,True,False,True,False,False,False,7,4,8,1,379
0,1,27.88,12.12,65,8.9981,False,False,True,False,True,False,False,False,8,4,8,1,668
0,1,28.7,12.12,58,7.0015,False,False,True,False,True,False,False,False,9,4,8,1,378
0,1,30.34,12.12,55,11.0014,False,False,True,False,True,False,False,False,10,4,8,1,231
0,1,31.16,12.12,52,19.0012,False,False,True,False,True,False,False,False,11,4,8,1,303
0,1,33.62,12.12,41,15.0013,False,False,True,False,True,False,False,False,12,4,8,1,365
0,1,34.44,12.12,36,26.0027,False,False,True,False,True,False,False,False,13,4,8,1,357
0,1,35.26,12.12,34,27.9993,False,False,True,False,True,False,False,False,14,4,8,1,328
0,1,35.26,12.12,30,31.0009,False,False,True,False,True,False,False,False,15,4,8,1,383
0,1,34.44,12.12,32,30.0026,False,False,True,False,False,True,False,False,16,4,8,1,488
0,1,33.62,12.12,36,22.0028,False,False,True,False,True,False,False,False,17,4,8,1,791
0,1,33.62,12.12,38,16.9979,False,False,True,False,False,True,False,False,18,4,8,1,669
0,1,30.34,12.12,55,26.0027,False,False,True,False,False,True,False,False,19,4,8,1,491
0,1,29.52,12.12,58,15.0013,False,False,True,False,False,True,False,False,20,4,8,1,359
0,1,27.88,12.12,69,19.9995,False,False,True,False,False,True,False,False,21,4,8,1,255
0,1,27.06,12.12,83,12.998,False,False,True,False,False,False,True,False,22,4,8,1,213
0,1,26.24,12.12,83,15.0013,False,False,True,False,False,False,True,False,23,4,8,1,121
0,0,26.24,28.79,83,15.0013,False,False,True,False,False,True,False,False,0,5,8,1,105
0,0,25.42,27.275,94,11.0014,False,False,True,False,False,False,True,False,1,5,8,1,92
0,0,25.42,28.03,88,11.0014,False,False,True,False,False,False,True,False,2,5,8,1,43
0,0,25.42,28.03,88,12.998,False,False,True,False,True,False,False,False,3,5,8,1,30
0,0,25.42,29.545,73,15.0013,False,False,True,False,True,False,False,False,4,5,8,1,13
0,0,24.6,28.79,78,16.9979,False,False,True,False,True,False,False,False,5,5,8,1,9
0,0,24.6,28.03,83,15.0013,False,False,True,False,True,False,False,False,6,5,8,1,27
0,0,24.6,28.03,83,15.0013,False,False,True,False,True,False,False,False,7,5,8,1,64
0,0,26.24,30.305,69,16.9979,False,False,True,False,True,False,False,False,8,5,8,1,189
0,0,27.06,31.06,65,19.0012,False,False,True,False,True,False,False,False,9,5,8,1,292
0,0,28.7,32.575,54,11.0014,False,False,True,False,True,False,False,False,10,5,8,1,480
0,0,29.52,33.335,51,0.0,False,False,True,False,True,False,False,False,11,5,8,1,536
0,0,31.16,33.335,37,12.998,False,False,True,False,True,False,False,False,12,5,8,1,654
0,0,30.34,32.575,40,12.998,False,False,True,False,True,False,False,False,13,5,8,1,644
0,0,31.16,33.335,37,19.0012,False,False,True,False,True,False,False,False,14,5,8,1,598
0,0,31.16,33.335,37,15.0013,False,False,True,False,True,False,False,False,15,5,8,1,596
0,0,31.16,33.335,37,16.9979,False,False,True,False,True,False,False,False,16,5,8,1,641
0,0,31.16,33.335,37,15.0013,False,False,True,False,True,False,False,False,17,5,8,1,635
0,0,30.34,32.575,37,11.0014,False,False,True,False,True,False,False,False,18,5,8,1,554
0,0,28.7,31.82,45,11.0014,False,False,True,False,True,False,False,False,19,5,8,1,488
0,0,28.7,31.82,45,7.0015,False,False,True,False,True,False,False,False,20,5,8,1,341
0,0,27.06,31.06,61,0.0,False,False,True,False,True,False,False,False,21,5,8,1,338
0,0,27.06,31.06,61,0.0,False,False,True,False,True,False,False,False,22,5,8,1,261
0,0,26.24,30.305,65,6.0032,False,False,True,False,True,False,False,False,23,5,8,1,235
0,0,27.06,31.06,57,6.0032,False,False,True,False,True,False,False,False,0,6,8,1,187
0,0,26.24,30.305,65,0.0,False,False,True,False,True,False,False,False,1,6,8,1,131
0,0,25.42,30.305,69,6.0032,False,False,True,False,False,True,False,False,2,6,8,1,119
0,0,25.42,30.305,61,11.0014,False,False,True,False,False,True,False,False,3,6,8,1,55
0,0,25.42,30.305,65,11.0014,False,False,True,False,False,True,False,False,4,6,8,1,26
0,0,24.6,29.545,73,8.9981,False,False,True,False,False,True,False,False,5,6,8,1,11
0,0,25.42,30.305,69,7.0015,False,False,True,False,False,True,False,False,6,6,8,1,20
0,0,25.42,30.305,69,8.9981,False,False,True,False,False,True,False,False,7,6,8,1,41
0,0,26.24,30.305,69,7.0015,False,False,True,False,False,True,False,False,8,6,8,1,124
0,0,27.06,31.06,74,0.0,False,False,True,False,False,True,False,False,9,6,8,1,270
0,0,27.88,31.82,69,0.0,False,False,True,False,False,True,False,False,10,6,8,1,425
0,0,26.24,29.545,78,11.0014,False,False,True,False,False,False,True,False,11,6,8,1,272
0,0,26.24,30.305,73,0.0,False,False,True,False,False,False,True,False,12,6,8,1,298
0,0,26.24,28.79,83,8.9981,False,False,True,False,False,False,True,False,13,6,8,1,162
0,0,26.24,30.305,73,0.0,False,False,True,False,False,False,True,False,14,6,8,1,149
0,0,26.24,30.305,65,0.0,False,False,True,False,False,True,False,False,15,6,8,1,276
0,0,27.06,31.06,65,0.0,False,False,True,False,False,True,False,False,16,6,8,1,356
0,0,26.24,29.545,78,7.0015,False,False,True,False,False,True,False,False,17,6,8,1,343
0,0,26.24,29.545,78,7.0015,False,False,True,False,False,True,False,False,18,6,8,1,377
0,0,26.24,30.305,73,8.9981,False,False,True,False,False,True,False,False,19,6,8,1,341
0,0,26.24,30.305,73,12.998,False,False,True,False,False,True,False,False,20,6,8,1,274
0,0,25.42,29.545,78,6.0032,False,False,True,False,False,False,True,False,21,6,8,1,190
0,0,25.42,29.545,78,11.0014,False,False,True,False,False,True,False,False,22,6,8,1,56
0,0,25.42,29.545,73,0.0,False,False,True,False,False,True,False,False,23,6,8,1,46
0,0,30.34,34.09,62,7.0015,False,False,True,False,True,False,False,False,0,5,9,1,168
0,0,29.52,34.85,74,8.9981,False,False,True,False,True,False,False,False,1,5,9,1,79
0,0,28.7,32.575,70,11.0014,False,False,True,False,True,False,False,False,2,5,9,1,69
0,0,28.7,32.575,70,7.0015,False,False,True,False,True,False,False,False,3,5,9,1,35
0,0,28.7,32.575,70,0.0,False,False,True,False,True,False,False,False,4,5,9,1,12
0,0,27.88,31.82,79,0.0,False,False,True,False,True,False,False,False,5,5,9,1,22
0,0,27.88,31.82,79,0.0,False,False,True,False,True,False,False,False,6,5,9,1,36
0,0,30.34,34.09,58,8.9981,False,False,True,False,False,True,False,False,7,5,9,1,66
0,0,31.16,35.605,58,16.9979,False,False,True,False,False,True,False,False,8,5,9,1,162
0,0,31.16,35.605,58,12.998,False,False,True,False,False,True,False,False,9,5,9,1,237
0,0,31.98,36.365,55,12.998,False,False,True,False,False,True,False,False,10,5,9,1,417
0,0,32.8,37.88,55,15.0013,False,False,True,False,False,True,False,False,11,5,9,1,492
0,0,32.8,37.88,55,11.0014,False,False,True,False,False,True,False,False,12,5,9,1,471
0,0,33.62,38.635,52,6.0032,False,False,True,False,False,True,False,False,13,5,9,1,504
0,0,35.26,39.395,44,11.0014,False,False,True,False,False,True,False,False,14,5,9,1,514
0,0,35.26,39.395,44,19.0012,False,False,True,False,False,True,False,False,15,5,9,1,563
0,0,34.44,39.395,49,11.0014,False,False,True,False,False,True,False,False,16,5,9,1,462
0,0,33.62,38.635,52,0.0,False,False,True,False,False,True,False,False,17,5,9,1,463
0,0,33.62,38.635,52,0.0,False,False,True,False,False,True,False,False,18,5,9,1,442
0,0,31.98,37.12,62,0.0,False,False,True,False,False,False,True,False,19,5,9,1,392
0,0,31.16,36.365,67,16.9979,False,False,True,False,False,False,True,False,20,5,9,1,207
0,0,26.24,28.79,89,0.0,False,False,True,False,False,False,True,False,21,5,9,1,104
0,0,27.06,29.545,89,0.0,False,False,True,False,False,True,False,False,22,5,9,1,78
0,0,27.06,29.545,89,6.0032,False,False,True,False,True,False,False,False,23,5,9,1,145
0,0,27.06,29.545,89,6.0032,False,False,True,False,False,True,False,False,0,6,9,1,99
0,0,27.06,29.545,89,0.0,False,False,True,False,True,False,False,False,1,6,9,1,73
0,0,27.06,29.545,89,0.0,False,False,True,False,True,False,False,False,2,6,9,1,84
0,0,27.06,29.545,89,6.0032,False,False,True,False,True,False,False,False,3,6,9,1,42
0,0,27.06,29.545,89,0.0,False,False,True,False,True,False,False,False,4,6,9,1,22
0,0,27.06,29.545,89,0.0,False,False,True,False,True,False,False,False,5,6,9,1,12
0,0,27.06,29.545,89,0.0,False,False,True,False,False,True,False,False,6,6,9,1,15
0,0,27.06,29.545,94,6.0032,False,False,True,False,True,False,False,False,7,6,9,1,42
0,0,27.88,31.82,89,6.0032,False,False,True,False,True,False,False,False,8,6,9,1,129
0,0,28.7,33.335,84,0.0,False,False,True,False,False,True,False,False,9,6,9,1,232
0,0,29.52,34.85,79,0.0,False,False,True,False,False,True,False,False,10,6,9,1,388
0,0,30.34,34.85,70,0.0,False,False,True,False,False,True,False,False,11,6,9,1,489
0,0,30.34,34.85,70,0.0,False,False,True,False,False,False,True,False,12,6,9,1,545
0,0,29.52,34.85,74,6.0032,False,False,True,False,False,False,True,False,13,6,9,1,493
0,0,29.52,34.85,79,6.0032,False,False,True,False,False,False,True,False,14,6,9,1,457
0,0,30.34,35.605,74,8.9981,False,False,True,False,False,False,True,False,15,6,9,1,355
0,0,30.34,34.85,70,0.0,False,False,True,False,True,False,False,False,16,6,9,1,474
0,0,31.16,36.365,66,6.0032,False,False,True,False,True,False,False,False,17,6,9,1,503
0,0,30.34,35.605,74,0.0,False,False,True,False,True,False,False,False,18,6,9,1,500
0,0,28.7,33.335,84,15.0013,False,False,True,False,False,True,False,False,19,6,9,1,292
0,0,28.7,33.335,84,11.0014,False,False,True,False,False,True,False,False,20,6,9,1,104
0,0,28.7,32.575,70,11.0014,False,False,True,False,True,False,False,False,21,6,9,1,171
0,0,27.88,31.82,83,8.9981,False,False,True,False,False,False,True,False,22,6,9,1,166
0,0,27.06,29.545,89,6.0032,False,False,True,False,False,False,True,False,23,6,9,1,123
1,0,27.06,29.545,94,0.0,False,False,True,False,False,True,False,False,0,0,9,1,104
1,0,27.88,31.82,89,11.0014,False,False,True,False,False,True,False,False,1,0,9,1,55
1,0,27.06,29.545,89,7.0015,False,False,True,False,True,False,False,False,2,0,9,1,40
1,0,27.06,29.545,89,8.9981,False,False,True,False,True,False,False,False,3,0,9,1,28
1,0,27.06,29.545,89,6.0032,False,False,True,False,True,False,False,False,4,0,9,1,11
1,0,27.06,29.545,89,0.0,False,False,True,False,True,False,False,False,5,0,9,1,4
1,0,27.06,29.545,94,0.0,False,False,True,False,True,False,False,False,6,0,9,1,15
1,0,27.88,31.82,85,0.0,False,False,True,False,True,False,False,False,7,0,9,1,43
1,0,28.7,33.335,84,7.0015,False,False,True,False,False,True,False,False,8,0,9,1,127
1,0,28.7,33.335,84,8.9981,False,False,True,False,False,True,False,False,9,0,9,1,229
1,0,30.34,35.605,74,15.0013,False,False,True,False,False,True,False,False,10,0,9,1,359
1,0,30.34,34.85,70,19.0012,False,False,True,False,False,True,False,False,11,0,9,1,459
1,0,31.16,35.605,62,19.9995,False,False,True,False,False,True,False,False,12,0,9,1,543
1,0,31.16,36.365,66,16.9979,False,False,True,False,False,True,False,False,13,0,9,1,566
1,0,30.34,34.85,70,19.9995,False,False,True,False,True,False,False,False,14,0,9,1,512
1,0,30.34,34.85,70,15.0013,False,False,True,False,True,False,False,False,15,0,9,1,449
1,0,30.34,34.85,70,15.0013,False,False,True,False,True,False,False,False,16,0,9,1,500
1,0,30.34,34.85,70,8.9981,False,False,True,False,True,False,False,False,17,0,9,1,498
1,0,30.34,34.85,66,11.0014,False,False,True,False,True,False,False,False,18,0,9,1,482
1,0,29.52,34.85,74,12.998,False,False,True,False,True,False,False,False,19,0,9,1,374
1,0,29.52,34.09,76,7.0015,False,False,True,False,True,False,False,False,20,0,9,1,261
1,0,29.52,34.09,76,7.0015,False,False,True,False,True,False,False,False,21,0,9,1,184
1,0,28.7,33.335,84,8.9981,False,False,True,False,False,True,False,False,22,0,9,1,121
1,0,28.7,33.335,84,16.9979,False,False,True,False,False,True,False,False,23,0,9,1,70
0,1,28.7,33.335,84,16.9979,False,False,True,False,False,True,False,False,0,1,9,1,29
0,1,27.88,31.82,82,8.9981,False,False,True,False,True,False,False,False,1,1,9,1,24
0,1,27.88,31.82,82,8.9981,False,False,True,False,True,False,False,False,2,1,9,1,5
0,1,27.06,29.545,89,6.0032,False,False,True,False,False,True,False,False,3,1,9,1,10
0,1,27.06,29.545,89,0.0,False,False,True,False,False,True,False,False,4,1,9,1,8
0,1,27.06,29.545,89,0.0,False,False,True,False,False,True,False,False,5,1,9,1,38
0,1,27.88,31.82,89,7.0015,False,False,True,False,False,True,False,False,6,1,9,1,172
0,1,27.88,31.82,89,7.0015,False,False,True,False,False,True,False,False,7,1,9,1,493
0,1,28.7,33.335,84,11.0014,False,False,True,False,True,False,False,False,8,1,9,1,632
0,1,29.52,34.85,79,15.0013,False,False,True,False,False,True,False,False,9,1,9,1,323
0,1,29.52,34.85,74,16.9979,False,False,True,False,False,True,False,False,10,1,9,1,172
0,1,30.34,34.85,70,19.0012,False,False,True,False,False,True,False,False,11,1,9,1,198
0,1,31.16,36.365,70,19.0012,False,False,True,False,True,False,False,False,12,1,9,1,287
0,1,32.8,37.88,55,30.0026,False,False,True,False,True,False,False,False,13,1,9,1,275
0,1,32.8,37.88,55,27.9993,False,False,True,False,True,False,False,False,14,1,9,1,274
0,1,32.8,38.635,59,31.0009,False,False,True,False,True,False,False,False,15,1,9,1,292
0,1,31.16,36.365,70,27.9993,False,False,True,False,True,False,False,False,16,1,9,1,458
0,1,31.16,36.365,70,23.9994,False,False,True,False,True,False,False,False,17,1,9,1,856
0,1,31.16,37.12,75,15.0013,False,False,True,False,True,False,False,False,18,1,9,1,839
0,1,31.16,36.365,70,15.0013,False,False,True,False,True,False,False,False,19,1,9,1,552
0,1,30.34,34.85,70,16.9979,False,False,True,False,True,False,False,False,20,1,9,1,385
0,1,30.34,35.605,74,16.9979,False,False,True,False,True,False,False,False,21,1,9,1,268
0,1,30.34,34.85,70,19.0012,False,False,True,False,True,False,False,False,22,1,9,1,179
0,1,29.52,34.85,74,19.9995,False,False,True,False,True,False,False,False,23,1,9,1,95
0,1,29.52,34.85,74,16.9979,False,False,True,False,True,False,False,False,0,2,9,1,37
0,1,28.7,33.335,84,12.998,False,False,True,False,True,False,False,False,1,2,9,1,13
0,1,28.7,33.335,84,12.998,False,False,True,False,True,False,False,False,2,2,9,1,9
0,1,28.7,33.335,79,19.0012,False,False,True,False,True,False,False,False,3,2,9,1,4
0,1,28.7,33.335,79,19.0012,False,False,True,False,True,False,False,False,4,2,9,1,5
0,1,28.7,33.335,79,19.9995,False,False,True,False,False,True,False,False,5,2,9,1,40
0,1,28.7,33.335,79,19.0012,False,False,True,False,True,False,False,False,6,2,9,1,210
0,1,28.7,33.335,79,16.9979,False,False,True,False,False,True,False,False,7,2,9,1,500
0,1,29.52,34.85,74,12.998,False,False,True,False,True,False,False,False,8,2,9,1,725
0,1,30.34,34.85,70,16.9979,False,False,True,False,True,False,False,False,9,2,9,1,290
0,1,31.16,36.365,70,11.0014,False,False,True,False,False,True,False,False,10,2,9,1,235
0,1,31.98,37.12,62,11.0014,False,False,True,False,False,True,False,False,11,2,9,1,217
0,1,31.98,38.635,70,7.0015,False,False,True,False,True,False,False,False,12,2,9,1,266
0,1,32.8,39.395,63,11.0014,False,False,True,False,True,False,False,False,13,2,9,1,234
0,1,33.62,39.395,56,7.0015,False,False,True,False,True,False,False,False,14,2,9,1,211
0,1,31.98,38.635,70,12.998,False,False,True,False,True,False,False,False,15,2,9,1,245
0,1,31.16,36.365,70,16.9979,False,False,True,False,True,False,False,False,16,2,9,1,430
0,1,31.16,36.365,66,16.9979,False,False,True,False,True,False,False,False,17,2,9,1,863
0,1,31.16,37.12,75,12.998,False,False,True,False,True,False,False,False,18,2,9,1,839
0,1,30.34,34.85,70,11.0014,False,False,True,False,True,False,False,False,19,2,9,1,662
0,1,29.52,35.605,84,11.0014,False,False,True,False,True,False,False,False,20,2,9,1,412
0,1,29.52,34.85,79,0.0,False,False,True,False,True,False,False,False,21,2,9,1,296
0,1,29.52,34.85,79,0.0,False,False,True,False,True,False,False,False,22,2,9,1,219
0,1,28.7,33.335,84,6.0032,False,False,True,False,True,False,False,False,23,2,9,1,150
0,1,28.7,33.335,84,6.0032,False,False,True,False,False,True,False,False,0,3,9,1,65
0,1,28.7,33.335,84,0.0,False,False,True,False,False,True,False,False,1,3,9,1,18
0,1,29.52,34.85,79,0.0,False,False,True,False,True,False,False,False,2,3,9,1,8
0,1,28.7,33.335,84,7.0015,False,False,True,False,True,False,False,False,3,3,9,1,9
0,1,28.7,33.335,84,6.0032,False,False,True,False,False,True,False,False,4,3,9,1,8
0,1,28.7,33.335,84,12.998,False,False,True,False,False,True,False,False,5,3,9,1,38
0,1,28.7,33.335,84,6.0032,False,False,True,False,False,True,False,False,6,3,9,1,200
0,1,28.7,33.335,84,7.0015,False,False,True,False,False,True,False,False,7,3,9,1,482
0,1,28.7,33.335,79,0.0,False,False,True,False,False,False,True,False,8,3,9,1,646
0,1,27.06,29.545,94,8.9981,False,False,True,False,False,False,True,False,9,3,9,1,123
0,1,27.06,29.545,94,8.9981,False,False,True,False,False,False,True,False,10,3,9,1,49
0,1,28.7,33.335,84,11.0014,False,False,True,False,False,False,True,False,11,3,9,1,62
0,1,29.52,34.85,79,15.0013,False,False,True,False,False,True,False,False,12,3,9,1,137
0,1,29.52,34.85,79,7.0015,False,False,True,False,False,True,False,False,13,3,9,1,191
0,1,30.34,35.605,74,6.0032,False,False,True,False,True,False,False,False,14,3,9,1,216
0,1,30.34,34.85,66,12.998,False,False,True,False,True,False,False,False,15,3,9,1,270
0,1,30.34,34.85,70,15.0013,False,False,True,False,True,False,False,False,16,3,9,1,416
0,1,30.34,34.85,70,16.9979,False,False,True,False,True,False,False,False,17,3,9,1,808
0,1,29.52,34.09,70,16.9979,False,False,True,False,True,False,False,False,18,3,9,1,835
0,1,27.88,31.82,74,16.9979,False,False,True,False,True,False,False,False,19,3,9,1,558
0,1,27.06,30.305,78,15.0013,False,False,True,False,True,False,False,False,20,3,9,1,406
0,1,26.24,28.79,89,11.0014,False,False,True,False,True,False,False,False,21,3,9,1,272
0,1,26.24,28.79,89,11.0014,False,False,True,False,True,False,False,False,22,3,9,1,217
0,1,26.24,28.79,89,11.0014,False,False,True,False,True,False,False,False,23,3,9,1,169
0,1,26.24,28.79,89,8.9981,False,False,True,False,True,False,False,False,0,4,9,1,96
0,1,25.42,28.03,88,7.0015,False,False,True,False,True,False,False,False,1,4,9,1,29
0,1,25.42,28.79,83,6.0032,False,False,True,False,True,False,False,False,2,4,9,1,11
0,1,25.42,28.79,83,6.0032,False,False,True,False,True,False,False,False,3,4,9,1,9
0,1,25.42,28.03,88,0.0,False,False,True,False,True,False,False,False,4,4,9,1,8
0,1,25.42,28.03,88,0.0,False,False,True,False,True,False,False,False,5,4,9,1,40
0,1,25.42,28.03,88,7.0015,False,False,True,False,True,False,False,False,6,4,9,1,140
0,1,26.24,28.79,89,7.0015,False,False,True,False,True,False,False,False,7,4,9,1,486
0,1,27.06,30.305,83,7.0015,False,False,True,False,True,False,False,False,8,4,9,1,719
0,1,28.7,33.335,79,8.9981,False,False,True,False,True,False,False,False,9,4,9,1,344
0,1,29.52,34.85,74,8.9981,False,False,True,False,True,False,False,False,10,4,9,1,224
0,1,31.16,35.605,62,8.9981,False,False,True,False,True,False,False,False,11,4,9,1,296
0,1,31.98,37.12,59,11.0014,False,False,True,False,True,False,False,False,12,4,9,1,323
0,1,32.8,38.635,59,16.9979,False,False,True,False,True,False,False,False,13,4,9,1,354
0,1,32.8,38.635,59,16.9979,False,False,True,False,True,False,False,False,14,4,9,1,253
0,1,32.8,37.88,55,16.9979,False,False,True,False,True,False,False,False,15,4,9,1,331
0,1,32.8,37.88,55,19.0012,False,False,True,False,True,False,False,False,16,4,9,1,470
0,1,31.98,37.12,59,22.0028,False,False,True,False,True,False,False,False,17,4,9,1,772
0,1,31.16,35.605,62,19.9995,False,False,True,False,True,False,False,False,18,4,9,1,792
0,1,30.34,34.09,62,19.0012,False,False,True,False,True,False,False,False,19,4,9,1,568
0,1,29.52,34.09,66,15.0013,False,False,True,False,True,False,False,False,20,4,9,1,391
0,1,28.7,33.335,74,11.0014,False,False,True,False,True,False,False,False,21,4,9,1,301
0,1,28.7,33.335,74,15.0013,False,False,True,False,True,False,False,False,22,4,9,1,299
0,1,27.06,29.545,89,16.9979,False,False,True,False,True,False,False,False,23,4,9,1,248
0,0,27.06,29.545,89,16.9979,False,False,True,False,True,False,False,False,0,5,9,1,150
0,0,27.06,29.545,89,19.0012,False,False,True,False,False,True,False,False,1,5,9,1,117
0,0,27.06,29.545,89,22.0028,False,False,True,False,True,False,False,False,2,5,9,1,77
0,0,27.06,29.545,89,15.0013,False,False,True,False,False,True,False,False,3,5,9,1,43
0,0,27.06,29.545,94,15.0013,False,False,True,False,False,True,False,False,4,5,9,1,11
0,0,27.06,29.545,94,16.9979,False,False,True,False,False,True,False,False,5,5,9,1,15
0,0,27.06,29.545,89,19.0012,False,False,True,False,False,True,False,False,6,5,9,1,34
0,0,27.06,29.545,89,19.0012,False,False,True,False,True,False,False,False,7,5,9,1,82
0,0,28.7,33.335,79,22.0028,False,False,True,False,True,False,False,False,8,5,9,1,230
0,0,28.7,33.335,74,26.0027,False,False,True,False,True,False,False,False,9,5,9,1,348
0,0,30.34,34.85,70,26.0027,False,False,True,False,True,False,False,False,10,5,9,1,422
0,0,31.16,35.605,62,30.0026,False,False,True,False,True,False,False,False,11,5,9,1,578
0,0,32.8,37.88,55,32.9975,False,False,True,False,True,False,False,False,12,5,9,1,694
0,0,33.62,38.635,52,35.0008,False,False,True,False,True,False,False,False,13,5,9,1,668
0,0,33.62,38.635,52,30.0026,False,False,True,False,True,False,False,False,14,5,9,1,626
0,0,22.96,26.515,88,16.9979,False,False,True,False,False,False,True,False,15,5,9,1,512
0,0,22.96,26.515,88,12.998,False,False,True,False,False,False,True,False,16,5,9,1,114
0,0,23.78,27.275,83,12.998,False,False,True,False,False,False,True,False,17,5,9,1,171
0,0,23.78,27.275,83,8.9981,False,False,True,False,False,False,True,False,18,5,9,1,167
0,0,23.78,27.275,88,7.0015,False,False,True,False,False,False,True,False,19,5,9,1,215
0,0,23.78,27.275,88,6.0032,False,False,True,False,False,True,False,False,20,5,9,1,194
0,0,24.6,28.03,83,11.0014,False,False,True,False,False,True,False,False,21,5,9,1,181
0,0,23.78,27.275,78,19.9995,False,False,True,False,False,True,False,False,22,5,9,1,194
0,0,23.78,27.275,73,11.0014,False,False,True,False,False,True,False,False,23,5,9,1,133
0,0,22.96,26.515,73,12.998,False,False,True,False,False,True,False,False,0,6,9,1,124
0,0,22.96,26.515,73,15.0013,False,False,True,False,True,False,False,False,1,6,9,1,124
0,0,22.14,25.76,77,19.0012,False,False,True,False,True,False,False,False,2,6,9,1,96
0,0,22.14,25.76,73,15.0013,False,False,True,False,True,False,False,False,3,6,9,1,46
0,0,21.32,25.0,77,16.9979,False,False,True,False,True,False,False,False,4,6,9,1,28
0,0,21.32,25.0,77,12.998,False,False,True,False,True,False,False,False,5,6,9,1,55
0,0,21.32,25.0,77,12.998,False,False,True,False,True,False,False,False,6,6,9,1,35
0,0,22.14,25.76,73,11.0014,False,False,True,False,True,False,False,False,7,6,9,1,70
0,0,23.78,27.275,68,15.0013,False,False,True,False,True,False,False,False,8,6,9,1,170
0,0,25.42,30.305,61,16.9979,False,False,True,False,True,False,False,False,9,6,9,1,299
0,0,26.24,31.06,57,19.9995,False,False,True,False,True,False,False,False,10,6,9,1,495
0,0,27.06,31.06,47,16.9979,False,False,True,False,True,False,False,False,11,6,9,1,585
0,0,27.06,31.06,47,0.0,False,False,True,False,True,False,False,False,12,6,9,1,757
0,0,27.88,31.82,39,0.0,False,False,True,False,True,False,False,False,13,6,9,1,729
0,0,29.52,32.575,30,19.0012,False,False,True,False,True,False,False,False,14,6,9,1,647
0,0,29.52,32.575,32,16.9979,False,False,True,False,True,False,False,False,15,6,9,1,696
0,0,27.88,31.82,36,19.0012,False,False,True,False,True,False,False,False,16,6,9,1,701
0,0,28.7,31.82,37,16.9979,False,False,True,False,True,False,False,False,17,6,9,1,671
0,0,27.06,31.06,36,16.9979,False,False,True,False,True,False,False,False,18,6,9,1,560
0,0,27.06,31.06,36,16.9979,False,False,True,False,True,False,False,False,19,6,9,1,496
0,0,25.42,31.06,41,19.0012,False,False,True,False,True,False,False,False,20,6,9,1,356
0,0,24.6,31.06,46,15.0013,False,False,True,False,True,False,False,False,21,6,9,1,206
0,0,23.78,27.275,49,16.9979,False,False,True,False,True,False,False,False,22,6,9,1,189
0,0,22.96,26.515,52,19.0012,False,False,True,False,True,False,False,False,23,6,9,1,92
0,1,22.96,26.515,52,19.0012,False,False,True,False,True,False,False,False,0,0,9,1,41
0,1,22.14,25.76,60,12.998,False,False,True,False,True,False,False,False,1,0,9,1,18
0,1,22.14,25.76,60,23.9994,False,False,True,False,True,False,False,False,2,0,9,1,17
0,1,21.32,25.0,68,19.0012,False,False,True,False,True,False,False,False,3,0,9,1,12
0,1,21.32,25.0,68,19.0012,False,False,True,False,True,False,False,False,4,0,9,1,5
0,1,20.5,24.24,72,16.9979,False,False,True,False,True,False,False,False,5,0,9,1,40
0,1,20.5,24.24,72,8.9981,False,False,True,False,True,False,False,False,6,0,9,1,180
0,1,21.32,25.0,68,15.0013,False,False,True,False,True,False,False,False,7,0,9,1,447
0,1,22.96,26.515,60,19.0012,False,False,True,False,True,False,False,False,8,0,9,1,730
0,1,24.6,31.06,53,19.9995,False,False,True,False,True,False,False,False,9,0,9,1,361
0,1,25.42,31.06,50,19.0012,False,False,True,False,True,False,False,False,10,0,9,1,210
0,1,25.42,31.06,43,19.9995,False,False,True,False,True,False,False,False,11,0,9,1,236
0,1,26.24,31.06,44,26.0027,False,False,True,False,True,False,False,False,12,0,9,1,332
0,1,26.24,31.06,38,15.0013,False,False,True,False,True,False,False,False,13,0,9,1,323
0,1,27.06,31.06,36,19.0012,False,False,True,False,True,False,False,False,14,0,9,1,340
0,1,27.06,31.06,31,26.0027,False,False,True,False,True,False,False,False,15,0,9,1,346
0,1,27.06,31.06,34,22.0028,False,False,True,False,True,False,False,False,16,0,9,1,488
0,1,27.06,31.06,34,22.0028,False,False,True,False,True,False,False,False,17,0,9,1,871
0,1,25.42,31.06,35,19.9995,False,False,True,False,True,False,False,False,18,0,9,1,968
0,1,25.42,31.06,38,19.9995,False,False,True,False,True,False,False,False,19,0,9,1,633
0,1,24.6,31.06,40,12.998,False,False,True,False,True,False,False,False,20,0,9,1,390
0,1,22.96,26.515,49,11.0014,False,False,True,False,True,False,False,False,21,0,9,1,285
0,1,22.14,25.76,52,8.9981,False,False,True,False,True,False,False,False,22,0,9,1,159
0,1,22.14,25.76,52,0.0,False,False,True,False,True,False,False,False,23,0,9,1,93
0,1,21.32,25.0,59,7.0015,False,False,True,False,True,False,False,False,0,1,9,1,32
0,1,20.5,24.24,63,0.0,False,False,True,False,True,False,False,False,1,1,9,1,10
0,1,19.68,23.485,77,11.0014,False,False,True,False,True,False,False,False,2,1,9,1,6
0,1,19.68,23.485,67,8.9981,False,False,True,False,True,False,False,False,3,1,9,1,8
0,1,19.68,23.485,72,7.0015,False,False,True,False,True,False,False,False,4,1,9,1,9
0,1,18.86,22.725,72,6.0032,False,False,True,False,True,False,False,False,5,1,9,1,44
0,1,18.86,22.725,77,7.0015,False,False,True,False,True,False,False,False,6,1,9,1,211
0,1,20.5,24.24,72,7.0015,False,False,True,False,True,False,False,False,7,1,9,1,596
0,1,22.14,25.76,68,6.0032,False,False,True,False,True,False,False,False,8,1,9,1,750
0,1,24.6,31.06,49,0.0,False,False,True,False,True,False,False,False,9,1,9,1,358
0,1,25.42,31.06,38,0.0,False,False,True,False,True,False,False,False,10,1,9,1,196
0,1,26.24,31.06,33,6.0032,False,False,True,False,True,False,False,False,11,1,9,1,247
0,1,26.24,31.06,33,0.0,False,False,True,False,True,False,False,False,12,1,9,1,316
0,1,27.06,31.06,29,6.0032,False,False,True,False,True,False,False,False,13,1,9,1,328
0,1,27.88,31.06,30,6.0032,False,False,True,False,True,False,False,False,14,1,9,1,255
0,1,28.7,31.82,28,7.0015,False,False,True,False,True,False,False,False,15,1,9,1,326
0,1,28.7,31.82,28,8.9981,False,False,True,False,True,False,False,False,16,1,9,1,536
0,1,28.7,31.82,28,0.0,False,False,True,False,True,False,False,False,17,1,9,1,970
0,1,26.24,31.06,36,11.0014,False,False,True,False,True,False,False,False,18,1,9,1,877
0,1,25.42,31.06,41,12.998,False,False,True,False,True,False,False,False,19,1,9,1,596
0,1,23.78,27.275,56,8.9981,False,False,True,False,True,False,False,False,20,1,9,1,461
0,1,22.96,26.515,60,7.0015,False,False,True,False,True,False,False,False,21,1,9,1,310
0,1,22.96,26.515,64,7.0015,False,False,True,False,True,False,False,False,22,1,9,1,216
0,1,22.14,25.76,68,7.0015,False,False,True,False,True,False,False,False,23,1,9,1,109
0,1,21.32,25.0,72,7.0015,False,False,True,False,True,False,False,False,0,2,9,1,49
0,1,21.32,25.0,72,7.0015,False,False,True,False,True,False,False,False,1,2,9,1,21
0,1,21.32,25.0,72,6.0032,False,False,True,False,True,False,False,False,2,2,9,1,11
0,1,20.5,24.24,77,6.0032,False,False,True,False,True,False,False,False,3,2,9,1,7
0,1,20.5,24.24,72,6.0032,False,False,True,False,True,False,False,False,4,2,9,1,5
0,1,20.5,24.24,72,6.0032,False,False,True,False,True,False,False,False,5,2,9,1,48
0,1,20.5,24.24,72,6.0032,False,False,True,False,True,False,False,False,6,2,9,1,205
0,1,21.32,25.0,72,0.0,False,False,True,False,True,False,False,False,7,2,9,1,557
0,1,22.96,26.515,64,7.0015,False,False,True,False,True,False,False,False,8,2,9,1,770
0,1,24.6,30.305,64,8.9981,False,False,True,False,True,False,False,False,9,2,9,1,328
0,1,25.42,30.305,61,8.9981,False,False,True,False,True,False,False,False,10,2,9,1,205
0,1,27.06,31.06,50,12.998,False,False,True,False,True,False,False,False,11,2,9,1,232
0,1,27.88,31.82,36,8.9981,False,False,True,False,True,False,False,False,12,2,9,1,352
0,1,28.7,31.82,34,8.9981,False,False,True,False,True,False,False,False,13,2,9,1,323
0,1,28.7,31.82,37,11.0014,False,False,True,False,True,False,False,False,14,2,9,1,278
0,1,29.52,32.575,37,8.9981,False,False,True,False,True,False,False,False,15,2,9,1,318
0,1,29.52,32.575,37,11.0014,False,False,True,False,True,False,False,False,16,2,9,1,509
0,1,28.7,31.82,41,19.9995,False,False,True,False,True,False,False,False,17,2,9,1,925
0,1,27.06,31.06,44,16.9979,False,False,True,False,True,False,False,False,18,2,9,1,977
0,1,26.24,31.06,50,12.998,False,False,True,False,True,False,False,False,19,2,9,1,635
0,1,25.42,31.06,57,8.9981,False,False,True,False,True,False,False,False,20,2,9,1,470
0,1,24.6,30.305,60,8.9981,False,False,True,False,True,False,False,False,21,2,9,1,306
0,1,22.96,26.515,64,6.0032,False,False,True,False,True,False,False,False,22,2,9,1,212
0,1,22.96,26.515,68,7.0015,False,False,True,False,True,False,False,False,23,2,9,1,127
0,1,22.96,26.515,73,6.0032,False,False,True,False,True,False,False,False,0,3,9,1,57
0,1,22.14,25.76,77,6.0032,False,False,True,False,True,False,False,False,1,3,9,1,28
0,1,22.14,25.76,77,0.0,False,False,True,False,True,False,False,False,2,3,9,1,9
0,1,21.32,25.0,83,0.0,False,False,True,False,True,False,False,False,3,3,9,1,11
0,1,21.32,25.0,83,0.0,False,False,True,False,True,False,False,False,4,3,9,1,6
0,1,21.32,25.0,83,0.0,False,False,True,False,True,False,False,False,5,3,9,1,57
0,1,20.5,24.24,82,0.0,False,False,True,False,True,False,False,False,6,3,9,1,195
0,1,22.14,25.76,77,0.0,False,False,True,False,True,False,False,False,7,3,9,1,571
0,1,22.96,26.515,73,0.0,False,False,True,False,True,False,False,False,8,3,9,1,758
0,1,24.6,30.305,64,6.0032,False,False,True,False,True,False,False,False,9,3,9,1,338
0,1,26.24,31.06,61,6.0032,False,False,True,False,True,False,False,False,10,3,9,1,212
0,1,27.06,31.06,50,11.0014,False,False,True,False,True,False,False,False,11,3,9,1,254
0,1,27.88,31.82,44,7.0015,False,False,True,False,True,False,False,False,12,3,9,1,297
0,1,28.7,31.82,42,0.0,False,False,True,False,True,False,False,False,13,3,9,1,283
0,1,29.52,32.575,39,8.9981,False,False,True,False,True,False,False,False,14,3,9,1,274
0,1,29.52,32.575,42,7.0015,False,False,True,False,True,False,False,False,15,3,9,1,352
0,1,29.52,32.575,39,6.0032,False,False,True,False,True,False,False,False,16,3,9,1,491
0,1,29.52,32.575,42,12.998,False,False,True,False,True,False,False,False,17,3,9,1,884
0,1,27.88,31.82,57,16.9979,False,False,True,False,True,False,False,False,18,3,9,1,852
0,1,26.24,30.305,65,8.9981,False,False,True,False,True,False,False,False,19,3,9,1,674
0,1,25.42,30.305,69,7.0015,False,False,True,False,True,False,False,False,20,3,9,1,463
0,1,25.42,30.305,65,7.0015,False,False,True,False,True,False,False,False,21,3,9,1,317
0,1,24.6,29.545,69,8.9981,False,False,True,False,True,False,False,False,22,3,9,1,251
0,1,23.78,27.275,73,7.0015,False,False,True,False,True,False,False,False,23,3,9,1,170
0,1,22.96,26.515,73,6.0032,False,False,True,False,True,False,False,False,0,4,9,1,87
0,1,22.96,26.515,73,6.0032,False,False,True,False,True,False,False,False,1,4,9,1,41
0,1,22.96,26.515,73,0.0,False,False,True,False,True,False,False,False,2,4,9,1,30
0,1,22.14,25.76,77,0.0,False,False,True,False,True,False,False,False,3,4,9,1,14
0,1,22.14,25.76,77,0.0,False,False,True,False,True,False,False,False,4,4,9,1,12
0,1,22.14,25.76,83,0.0,False,False,True,False,True,False,False,False,5,4,9,1,41
0,1,22.14,25.76,88,0.0,False,False,True,False,True,False,False,False,6,4,9,1,152
0,1,22.96,26.515,88,0.0,False,False,True,False,False,True,False,False,7,4,9,1,454
0,1,24.6,28.79,78,11.0014,False,False,True,False,False,True,False,False,8,4,9,1,766
0,1,25.42,29.545,78,11.0014,False,False,True,False,False,True,False,False,9,4,9,1,347
0,1,27.88,31.82,65,0.0,False,False,True,False,False,True,False,False,10,4,9,1,246
0,1,27.88,31.82,61,7.0015,False,False,True,False,False,True,False,False,11,4,9,1,280
0,1,28.7,32.575,54,12.998,False,False,True,False,False,True,False,False,12,4,9,1,409
0,1,28.7,32.575,54,12.998,False,False,True,False,False,True,False,False,13,4,9,1,408
0,1,29.52,32.575,45,11.0014,False,False,True,False,False,True,False,False,14,4,9,1,371
0,1,29.52,33.335,48,8.9981,False,False,True,False,False,True,False,False,15,4,9,1,367
0,1,29.52,33.335,51,0.0,False,False,True,False,False,True,False,False,16,4,9,1,563
0,1,29.52,33.335,51,12.998,False,False,True,False,True,False,False,False,17,4,9,1,894
0,1,29.52,32.575,45,15.0013,False,False,True,False,True,False,False,False,18,4,9,1,808
0,1,27.88,31.82,57,11.0014,False,False,True,False,True,False,False,False,19,4,9,1,579
0,1,27.06,31.06,61,7.0015,False,False,True,False,True,False,False,False,20,4,9,1,404
0,1,26.24,30.305,73,15.0013,False,False,True,False,True,False,False,False,21,4,9,1,312
0,1,25.42,28.79,83,12.998,False,False,True,False,True,False,False,False,22,4,9,1,229
0,1,25.42,29.545,78,6.0032,False,False,True,False,True,False,False,False,23,4,9,1,195
0,0,24.6,28.03,83,7.0015,False,False,True,False,True,False,False,False,0,5,9,1,207
0,0,24.6,29.545,73,0.0,False,False,True,False,True,False,False,False,1,5,9,1,109
0,0,23.78,27.275,78,7.0015,False,False,True,False,True,False,False,False,2,5,9,1,93
0,0,24.6,29.545,73,16.9979,False,False,True,False,True,False,False,False,3,5,9,1,37
0,0,24.6,29.545,69,23.9994,False,False,True,False,False,True,False,False,4,5,9,1,6
0,0,23.78,27.275,60,35.0008,False,False,True,False,True,False,False,False,5,5,9,1,16
0,0,22.14,25.76,49,27.9993,False,False,True,False,True,False,False,False,6,5,9,1,33
0,0,22.14,25.76,52,19.0012,False,False,True,False,True,False,False,False,7,5,9,1,73
0,0,22.96,26.515,49,27.9993,False,False,True,False,True,False,False,False,8,5,9,1,212
0,0,24.6,31.06,43,27.9993,False,False,True,False,True,False,False,False,9,5,9,1,342
0,0,25.42,31.06,41,26.0027,False,False,True,False,True,False,False,False,10,5,9,1,442
0,0,26.24,31.06,38,26.0027,False,False,True,False,True,False,False,False,11,5,9,1,627
0,0,27.06,31.06,36,23.9994,False,False,True,False,True,False,False,False,12,5,9,1,706
0,0,27.88,31.82,36,12.998,False,False,True,False,True,False,False,False,13,5,9,1,704
0,0,27.88,31.82,34,22.0028,False,False,True,False,True,False,False,False,14,5,9,1,715
0,0,27.88,31.82,34,19.0012,False,False,True,False,False,True,False,False,15,5,9,1,654
0,0,27.06,31.06,36,15.0013,False,False,True,False,False,True,False,False,16,5,9,1,783
0,0,27.06,31.06,36,16.9979,False,False,True,False,False,True,False,False,17,5,9,1,729
0,0,26.24,31.06,36,19.0012,False,False,True,False,False,True,False,False,18,5,9,1,614
0,0,25.42,31.06,41,11.0014,False,False,True,False,True,False,False,False,19,5,9,1,478
0,0,24.6,31.06,43,6.0032,False,False,True,False,True,False,False,False,20,5,9,1,330
0,0,22.96,26.515,52,7.0015,False,False,True,False,True,False,False,False,21,5,9,1,296
0,0,22.96,26.515,52,0.0,False,False,True,False,True,False,False,False,22,5,9,1,279
0,0,22.14,25.76,60,0.0,False,False,True,False,True,False,False,False,23,5,9,1,229
0,0,22.14,25.76,64,0.0,False,False,True,False,True,False,False,False,0,6,9,1,151
0,0,22.14,25.76,64,0.0,False,False,True,False,True,False,False,False,1,6,9,1,117
0,0,21.32,25.0,63,0.0,False,False,True,False,True,False,False,False,2,6,9,1,89
0,0,20.5,24.24,68,0.0,False,False,True,False,True,False,False,False,3,6,9,1,48
0,0,20.5,24.24,72,0.0,False,False,True,False,True,False,False,False,4,6,9,1,8
0,0,20.5,24.24,72,0.0,False,False,True,False,True,False,False,False,5,6,9,1,13
0,0,20.5,24.24,72,0.0,False,False,True,False,True,False,False,False,6,6,9,1,35
0,0,20.5,24.24,77,7.0015,False,False,True,False,True,False,False,False,7,6,9,1,71
0,0,22.14,25.76,64,11.0014,False,False,True,False,True,False,False,False,8,6,9,1,128
0,0,23.78,27.275,60,8.9981,False,False,True,False,True,False,False,False,9,6,9,1,296
0,0,25.42,31.06,50,7.0015,False,False,True,False,True,False,False,False,10,6,9,1,490
0,0,26.24,31.06,47,11.0014,False,False,True,False,True,False,False,False,11,6,9,1,559
0,0,27.06,31.06,44,11.0014,False,False,True,False,True,False,False,False,12,6,9,1,656
0,0,26.24,31.06,41,11.0014,False,False,True,False,True,False,False,False,13,6,9,1,694
0,0,27.06,31.06,39,8.9981,False,False,True,False,True,False,False,False,14,6,9,1,635
0,0,26.24,31.06,41,11.0014,False,False,True,False,True,False,False,False,15,6,9,1,557
0,0,26.24,31.06,44,11.0014,False,False,True,False,True,False,False,False,16,6,9,1,596
0,0,27.06,31.06,41,0.0,False,False,True,False,True,False,False,False,17,6,9,1,570
0,0,25.42,31.06,50,11.0014,False,False,True,False,True,False,False,False,18,6,9,1,481
0,0,25.42,31.06,50,8.9981,False,False,True,False,True,False,False,False,19,6,9,1,403
0,0,24.6,31.06,53,7.0015,False,False,True,False,True,False,False,False,20,6,9,1,324
0,0,24.6,31.06,56,7.0015,False,False,True,False,True,False,False,False,21,6,9,1,191
0,0,22.96,26.515,68,6.0032,False,False,True,False,True,False,False,False,22,6,9,1,127
0,0,22.14,25.76,68,7.0015,False,False,True,False,True,False,False,False,23,6,9,1,94
0,1,22.14,25.76,68,11.0014,False,False,True,False,True,False,False,False,0,0,9,1,45
0,1,21.32,25.0,72,6.0032,False,False,True,False,True,False,False,False,1,0,9,1,21
0,1,21.32,25.0,72,0.0,False,False,True,False,True,False,False,False,2,0,9,1,13
0,1,20.5,24.24,77,6.0032,False,False,True,False,True,False,False,False,3,0,9,1,7
0,1,20.5,24.24,77,0.0,False,False,True,False,True,False,False,False,4,0,9,1,11
0,1,19.68,23.485,82,6.0032,False,False,True,False,True,False,False,False,5,0,9,1,45
0,1,19.68,23.485,82,0.0,False,False,True,False,True,False,False,False,6,0,9,1,164
0,1,21.32,25.0,77,0.0,False,False,True,False,True,False,False,False,7,0,9,1,492
0,1,22.14,25.76,77,6.0032,False,False,True,False,True,False,False,False,8,0,9,1,683
0,1,23.78,27.275,68,8.9981,False,False,True,False,True,False,False,False,9,0,9,1,299
0,1,25.42,30.305,65,12.998,False,False,True,False,False,True,False,False,10,0,9,1,202
0,1,25.42,30.305,69,15.0013,False,False,True,False,False,True,False,False,11,0,9,1,252
0,1,25.42,30.305,69,12.998,False,False,True,False,False,True,False,False,12,0,9,1,295
0,1,26.24,30.305,65,16.9979,False,False,True,False,True,False,False,False,13,0,9,1,343
0,1,26.24,30.305,65,16.9979,False,False,True,False,False,True,False,False,14,0,9,1,332
0,1,26.24,30.305,65,16.9979,False,False,True,False,False,True,False,False,15,0,9,1,338
0,1,26.24,30.305,69,16.9979,False,False,True,False,False,True,False,False,16,0,9,1,453
0,1,26.24,30.305,65,15.0013,False,False,True,False,False,True,False,False,17,0,9,1,842
0,1,25.42,29.545,73,11.0014,False,False,True,False,False,True,False,False,18,0,9,1,774
0,1,25.42,29.545,73,7.0015,False,False,True,False,False,True,False,False,19,0,9,1,486
0,1,25.42,29.545,73,8.9981,False,False,True,False,False,True,False,False,20,0,9,1,340
0,1,25.42,28.79,83,15.0013,False,False,True,False,False,False,True,False,21,0,9,1,233
0,1,25.42,28.79,83,16.9979,False,False,True,False,False,False,True,False,22,0,9,1,129
0,1,24.6,25.76,94,16.9979,False,False,True,False,False,False,True,False,23,0,9,1,70
0,1,24.6,25.76,94,16.9979,False,False,True,False,False,False,True,False,0,1,9,1,13
0,1,24.6,25.76,94,12.998,False,False,True,False,False,False,True,False,1,1,9,1,5
0,1,24.6,25.76,94,12.998,False,False,True,False,False,False,True,False,2,1,9,1,4
0,1,25.42,27.275,94,19.0012,False,False,True,False,False,True,False,False,3,1,9,1,6
0,1,25.42,27.275,94,23.9994,False,False,True,False,False,True,False,False,4,1,9,1,7
0,1,26.24,28.79,89,22.0028,False,False,True,False,False,True,False,False,5,1,9,1,48
0,1,26.24,28.79,89,22.0028,False,False,True,False,False,True,False,False,6,1,9,1,167
0,1,26.24,28.79,89,30.0026,False,False,True,False,False,True,False,False,7,1,9,1,356
0,1,27.06,30.305,83,36.9974,False,False,True,False,False,True,False,False,8,1,9,1,672
0,1,27.06,30.305,83,39.0007,False,False,True,False,False,True,False,False,9,1,9,1,293
0,1,27.88,31.82,79,43.0006,False,False,True,False,False,False,True,False,10,1,9,1,160
0,1,27.88,31.82,79,43.0006,False,False,True,False,False,True,False,False,11,1,9,1,151
0,1,27.88,31.82,83,30.0026,False,False,True,False,False,False,True,False,12,1,9,1,88
0,1,28.7,33.335,74,39.0007,False,False,True,False,False,True,False,False,13,1,9,1,114
0,1,24.6,25.76,94,31.0009,False,False,True,False,False,False,True,False,14,1,9,1,143
0,1,24.6,27.275,88,16.9979,False,False,True,False,False,False,True,False,15,1,9,1,36
0,1,24.6,27.275,88,19.9995,False,False,True,False,False,False,True,False,16,1,9,1,141
0,1,24.6,27.275,88,12.998,False,False,True,False,False,False,True,False,17,1,9,1,338
0,1,24.6,27.275,88,11.0014,False,False,True,False,False,True,False,False,18,1,9,1,281
0,1,24.6,27.275,88,19.9995,False,False,True,False,False,True,False,False,19,1,9,1,324
0,1,24.6,27.275,88,12.998,False,False,True,False,False,True,False,False,20,1,9,1,290
0,1,24.6,27.275,88,12.998,False,False,True,False,False,True,False,False,21,1,9,1,207
0,1,23.78,27.275,83,31.0009,False,False,True,False,False,False,True,False,22,1,9,1,151
0,1,22.96,26.515,83,15.0013,False,False,True,False,False,True,False,False,23,1,9,1,78
0,1,22.96,26.515,68,19.0012,False,False,True,False,False,True,False,False,0,2,9,1,26
0,1,22.14,25.76,68,16.9979,False,False,True,False,False,True,False,False,1,2,9,1,12
0,1,22.14,25.76,64,22.0028,False,False,True,False,False,True,False,False,2,2,9,1,3
0,1,21.32,25.0,63,16.9979,False,False,True,False,False,True,False,False,3,2,9,1,5
0,1,21.32,25.0,68,23.9994,False,False,True,False,False,True,False,False,4,2,9,1,10
0,1,21.32,25.0,68,19.0012,False,False,True,False,False,True,False,False,5,2,9,1,56
0,1,21.32,25.0,63,16.9979,False,False,True,False,True,False,False,False,6,2,9,1,172
0,1,21.32,25.0,63,15.0013,False,False,True,False,True,False,False,False,7,2,9,1,545
0,1,21.32,25.0,59,15.0013,False,False,True,False,True,False,False,False,8,2,9,1,797
0,1,22.14,25.76,60,16.9979,False,False,True,False,True,False,False,False,9,2,9,1,362
0,1,22.96,26.515,52,12.998,False,False,True,False,True,False,False,False,10,2,9,1,192
0,1,24.6,31.06,43,16.9979,False,False,True,False,True,False,False,False,11,2,9,1,247
0,1,24.6,31.06,43,16.9979,False,False,True,False,True,False,False,False,12,2,9,1,313
0,1,24.6,31.06,40,16.9979,False,False,True,False,True,False,False,False,13,2,9,1,289
0,1,25.42,31.06,38,16.9979,False,False,True,False,True,False,False,False,14,2,9,1,286
0,1,25.42,31.06,35,0.0,False,False,True,False,True,False,False,False,15,2,9,1,311
0,1,25.42,31.06,35,0.0,False,False,True,False,True,False,False,False,16,2,9,1,466
0,1,24.6,31.06,38,15.0013,False,False,True,False,True,False,False,False,17,2,9,1,886
0,1,23.78,27.275,40,19.0012,False,False,True,False,True,False,False,False,18,2,9,1,892
0,1,22.96,26.515,43,15.0013,False,False,True,False,True,False,False,False,19,2,9,1,611
0,1,21.32,25.0,48,11.0014,False,False,True,False,True,False,False,False,20,2,9,1,409
0,1,20.5,24.24,59,11.0014,False,False,True,False,True,False,False,False,21,2,9,1,349
0,1,20.5,24.24,63,6.0032,False,False,True,False,True,False,False,False,22,2,9,1,229
0,1,19.68,23.485,67,6.0032,False,False,True,False,True,False,False,False,23,2,9,1,123
0,1,18.86,22.725,72,7.0015,False,False,False,True,True,False,False,False,0,0,10,1,45
0,1,18.04,21.97,77,6.0032,False,False,False,True,True,False,False,False,1,0,10,1,18
0,1,18.86,22.725,72,0.0,False,False,False,True,True,False,False,False,2,0,10,1,12
0,1,18.04,21.97,77,0.0,False,False,False,True,True,False,False,False,3,0,10,1,7
0,1,17.22,21.21,82,7.0015,False,False,False,True,True,False,False,False,4,0,10,1,10
0,1,18.04,21.97,77,0.0,False,False,False,True,True,False,False,False,5,0,10,1,36
0,1,18.04,21.97,77,7.0015,False,False,False,True,True,False,False,False,6,0,10,1,155
0,1,18.04,21.97,77,11.0014,False,False,False,True,True,False,False,False,7,0,10,1,483
0,1,18.86,22.725,77,7.0015,False,False,False,True,False,True,False,False,8,0,10,1,784
0,1,21.32,25.0,63,0.0,False,False,False,True,False,True,False,False,9,0,10,1,340
0,1,22.14,25.76,56,0.0,False,False,False,True,True,False,False,False,10,0,10,1,179
0,1,23.78,27.275,46,0.0,False,False,False,True,True,False,False,False,11,0,10,1,272
0,1,24.6,31.06,43,11.0014,False,False,False,True,False,True,False,False,12,0,10,1,323
0,1,24.6,31.06,43,11.0014,False,False,False,True,False,True,False,False,13,0,10,1,305
0,1,24.6,31.06,43,7.0015,False,False,False,True,False,True,False,False,14,0,10,1,244
0,1,25.42,31.06,43,8.9981,False,False,False,True,False,True,False,False,15,0,10,1,329
0,1,25.42,31.06,46,16.9979,False,False,False,True,False,True,False,False,16,0,10,1,459
0,1,22.96,26.515,60,16.9979,False,False,False,True,False,False,True,False,17,0,10,1,856
0,1,22.96,26.515,64,7.0015,False,False,False,True,False,False,True,False,18,0,10,1,613
0,1,22.14,25.76,68,7.0015,False,False,False,True,False,True,False,False,19,0,10,1,516
0,1,22.14,25.76,68,0.0,False,False,False,True,False,False,True,False,20,0,10,1,262
0,1,22.14,25.76,73,8.9981,False,False,False,True,False,True,False,False,21,0,10,1,218
0,1,22.14,25.76,77,6.0032,False,False,False,True,False,False,True,False,22,0,10,1,207
0,1,22.14,25.76,77,0.0,False,False,False,True,False,False,True,False,23,0,10,1,105
0,1,22.96,26.515,73,0.0,False,False,False,True,False,True,False,False,0,1,10,1,31
0,1,22.14,25.76,77,7.0015,False,False,False,True,False,True,False,False,1,1,10,1,11
0,1,22.14,25.76,77,7.0015,False,False,False,True,False,True,False,False,2,1,10,1,2
0,1,22.14,25.76,88,12.998,False,False,False,True,False,True,False,False,3,1,10,1,5
0,1,22.96,26.515,83,6.0032,False,False,False,True,False,True,False,False,4,1,10,1,10
0,1,22.96,26.515,83,8.9981,False,False,False,True,False,True,False,False,5,1,10,1,43
0,1,23.78,27.275,83,7.0015,False,False,False,True,False,False,True,False,6,1,10,1,179
0,1,23.78,27.275,83,7.0015,False,False,False,True,False,False,True,False,7,1,10,1,260
0,1,24.6,27.275,88,0.0,False,False,False,True,False,False,True,False,8,1,10,1,134
0,1,23.78,27.275,88,8.9981,False,False,False,True,False,False,True,False,9,1,10,1,86
0,1,23.78,27.275,88,8.9981,False,False,False,True,False,False,True,False,10,1,10,1,45
0,1,23.78,27.275,94,8.9981,False,False,False,True,False,False,True,False,11,1,10,1,99
0,1,24.6,27.275,88,12.998,False,False,False,True,False,True,False,False,12,1,10,1,104
0,1,24.6,27.275,88,8.9981,False,False,False,True,False,True,False,False,13,1,10,1,154
0,1,24.6,27.275,88,8.9981,False,False,False,True,False,False,True,False,14,1,10,1,163
0,1,25.42,28.79,83,8.9981,False,False,False,True,False,False,True,False,15,1,10,1,209
0,1,25.42,28.03,88,8.9981,False,False,False,True,False,False,True,False,16,1,10,1,374
0,1,25.42,28.03,88,7.0015,False,False,False,True,False,False,True,False,17,1,10,1,715
0,1,25.42,27.275,94,6.0032,False,False,False,True,False,False,True,False,18,1,10,1,687
0,1,25.42,27.275,94,0.0,False,False,False,True,False,False,True,False,19,1,10,1,395
0,1,25.42,27.275,94,8.9981,False,False,False,True,False,False,True,False,20,1,10,1,306
0,1,25.42,27.275,94,7.0015,False,False,False,True,False,False,True,False,21,1,10,1,289
0,1,25.42,27.275,94,7.0015,False,False,False,True,False,True,False,False,22,1,10,1,240
0,1,25.42,27.275,94,0.0,False,False,False,True,False,True,False,False,23,1,10,1,98
0,1,25.42,27.275,94,0.0,False,False,False,True,False,False,True,False,0,2,10,1,52
0,1,25.42,27.275,94,0.0,False,False,False,True,False,True,False,False,1,2,10,1,19
0,1,25.42,27.275,94,0.0,False,False,False,True,False,True,False,False,2,2,10,1,9
0,1,24.6,25.76,94,0.0,False,False,False,True,False,True,False,False,3,2,10,1,7
0,1,24.6,25.0,100,0.0,False,False,False,True,False,True,False,False,4,2,10,1,11
0,1,25.42,27.275,94,7.0015,False,False,False,True,False,True,False,False,5,2,10,1,34
0,1,24.6,25.76,94,8.9981,False,False,False,True,False,True,False,False,6,2,10,1,177
0,1,24.6,25.76,94,12.998,False,False,False,True,False,True,False,False,7,2,10,1,515
0,1,25.42,28.03,88,7.0015,False,False,False,True,False,True,False,False,8,2,10,1,809
0,1,25.42,28.79,83,12.998,False,False,False,True,False,True,False,False,9,2,10,1,362
0,1,27.06,30.305,78,11.0014,False,False,False,True,True,False,False,False,10,2,10,1,175
0,1,27.06,30.305,78,11.0014,False,False,False,True,True,False,False,False,11,2,10,1,230
0,1,28.7,32.575,70,7.0015,False,False,False,True,False,True,False,False,12,2,10,1,358
0,1,28.7,33.335,74,7.0015,False,False,False,True,False,True,False,False,13,2,10,1,279
0,1,29.52,34.09,70,11.0014,False,False,False,True,False,True,False,False,14,2,10,1,251
0,1,29.52,34.09,62,11.0014,False,False,False,True,False,True,False,False,15,2,10,1,319
0,1,29.52,33.335,58,0.0,False,False,False,True,False,True,False,False,16,2,10,1,478
0,1,28.7,32.575,65,0.0,False,False,False,True,True,False,False,False,17,2,10,1,917
0,1,28.7,32.575,65,0.0,False,False,False,True,True,False,False,False,18,2,10,1,810
0,1,28.7,32.575,65,0.0,False,False,False,True,True,False,False,False,19,2,10,1,593
0,1,28.7,32.575,65,0.0,False,False,False,True,True,False,False,False,20,2,10,1,497
0,1,27.06,31.06,74,0.0,False,False,False,True,False,True,False,False,21,2,10,1,209
0,1,27.06,31.06,74,0.0,False,False,False,True,True,False,False,False,22,2,10,1,241
0,1,27.06,30.305,78,0.0,False,False,False,True,False,True,False,False,23,2,10,1,220
0,1,26.24,28.79,89,0.0,False,False,False,True,False,False,True,False,0,3,10,1,76
0,1,25.42,27.275,94,0.0,False,False,False,True,False,True,False,False,1,3,10,1,25
0,1,26.24,28.79,89,0.0,False,False,False,True,True,False,False,False,2,3,10,1,13
0,1,25.42,28.03,88,0.0,False,False,False,True,False,True,False,False,3,3,10,1,11
0,1,26.24,28.79,89,0.0,False,False,False,True,False,True,False,False,4,3,10,1,10
0,1,26.24,28.79,89,7.0015,False,False,False,True,False,False,True,False,5,3,10,1,39
0,1,25.42,27.275,94,6.0032,False,False,False,True,False,False,True,False,6,3,10,1,133
0,1,26.24,28.79,89,6.0032,False,False,False,True,False,True,False,False,7,3,10,1,391
0,1,26.24,28.79,89,0.0,False,False,False,True,True,False,False,False,8,3,10,1,738
0,1,26.24,28.79,89,12.998,False,False,False,True,False,True,False,False,9,3,10,1,359
0,1,27.06,30.305,83,8.9981,False,False,False,True,False,True,False,False,10,3,10,1,177
0,1,28.7,32.575,70,7.0015,False,False,False,True,False,True,False,False,11,3,10,1,214
0,1,29.52,33.335,54,12.998,False,False,False,True,False,True,False,False,12,3,10,1,288
0,1,29.52,33.335,58,22.0028,False,False,False,True,False,True,False,False,13,3,10,1,294
0,1,28.7,32.575,61,16.9979,False,False,False,True,True,False,False,False,14,3,10,1,267
0,1,29.52,33.335,54,19.0012,False,False,False,True,True,False,False,False,15,3,10,1,325
0,1,28.7,32.575,54,19.0012,False,False,False,True,True,False,False,False,16,3,10,1,497
0,1,28.7,32.575,51,15.0013,False,False,False,True,True,False,False,False,17,3,10,1,901
0,1,27.06,31.06,57,7.0015,False,False,False,True,True,False,False,False,18,3,10,1,887
0,1,27.06,31.06,57,7.0015,False,False,False,True,True,False,False,False,19,3,10,1,534
0,1,26.24,30.305,65,7.0015,False,False,False,True,True,False,False,False,20,3,10,1,441
0,1,25.42,30.305,69,0.0,False,False,False,True,True,False,False,False,21,3,10,1,321
0,1,26.24,31.06,47,8.9981,False,False,False,True,True,False,False,False,22,3,10,1,232
0,1,24.6,31.06,56,6.0032,False,False,False,True,True,False,False,False,23,3,10,1,155
0,1,22.96,26.515,73,0.0,False,False,False,True,True,False,False,False,0,4,10,1,102
0,1,22.14,25.76,68,7.0015,False,False,False,True,True,False,False,False,1,4,10,1,46
0,1,22.14,25.76,73,6.0032,False,False,False,True,True,False,False,False,2,4,10,1,11
0,1,22.14,25.76,73,0.0,False,False,False,True,True,False,False,False,3,4,10,1,16
0,1,22.14,25.76,77,0.0,False,False,False,True,True,False,False,False,4,4,10,1,11
0,1,21.32,25.0,77,0.0,False,False,False,True,True,False,False,False,5,4,10,1,41
0,1,21.32,25.0,83,0.0,False,False,False,True,True,False,False,False,6,4,10,1,137
0,1,21.32,25.0,83,7.0015,False,False,False,True,True,False,False,False,7,4,10,1,428
0,1,23.78,27.275,64,0.0,False,False,False,True,True,False,False,False,8,4,10,1,785
0,1,24.6,30.305,60,6.0032,False,False,False,True,True,False,False,False,9,4,10,1,384
0,1,27.06,31.06,54,0.0,False,False,False,True,True,False,False,False,10,4,10,1,260
0,1,28.7,32.575,48,12.998,False,False,False,True,True,False,False,False,11,4,10,1,304
0,1,29.52,32.575,42,11.0014,False,False,False,True,True,False,False,False,12,4,10,1,468
0,1,28.7,32.575,48,0.0,False,False,False,True,True,False,False,False,13,4,10,1,424
0,1,30.34,32.575,37,15.0013,False,False,False,True,True,False,False,False,14,4,10,1,400
0,1,29.52,32.575,39,16.9979,False,False,False,True,True,False,False,False,15,4,10,1,470
0,1,29.52,32.575,37,0.0,False,False,False,True,True,False,False,False,16,4,10,1,634
0,1,28.7,31.82,42,11.0014,False,False,False,True,True,False,False,False,17,4,10,1,900
0,1,26.24,31.06,57,8.9981,False,False,False,True,True,False,False,False,18,4,10,1,761
0,1,25.42,29.545,73,11.0014,False,False,False,True,True,False,False,False,19,4,10,1,500
0,1,24.6,28.79,78,8.9981,False,False,False,True,True,False,False,False,20,4,10,1,372
0,1,24.6,29.545,69,15.0013,False,False,False,True,True,False,False,False,21,4,10,1,267
0,1,24.6,29.545,73,19.0012,False,False,False,True,True,False,False,False,22,4,10,1,264
0,1,23.78,27.275,78,15.0013,False,False,False,True,True,False,False,False,23,4,10,1,171
0,0,22.96,26.515,83,11.0014,False,False,False,True,True,False,False,False,0,5,10,1,191
0,0,22.96,26.515,83,16.9979,False,False,False,True,True,False,False,False,1,5,10,1,141
0,0,22.96,26.515,78,12.998,False,False,False,True,True,False,False,False,2,5,10,1,75
0,0,22.14,25.76,77,15.0013,False,False,False,True,True,False,False,False,3,5,10,1,56
0,0,22.14,25.76,83,16.9979,False,False,False,True,True,False,False,False,4,5,10,1,11
0,0,22.14,25.76,83,12.998,False,False,False,True,True,False,False,False,5,5,10,1,10
0,0,22.14,25.76,88,16.9979,False,False,False,True,True,False,False,False,6,5,10,1,30
0,0,22.14,25.76,83,19.9995,False,False,False,True,True,False,False,False,7,5,10,1,84
0,0,22.96,26.515,83,12.998,False,False,False,True,True,False,False,False,8,5,10,1,206
0,0,24.6,29.545,73,12.998,False,False,False,True,True,False,False,False,9,5,10,1,395
0,0,25.42,30.305,69,19.0012,False,False,False,True,True,False,False,False,10,5,10,1,539
0,0,26.24,30.305,65,16.9979,False,False,False,True,True,False,False,False,11,5,10,1,647
0,0,28.7,32.575,54,7.0015,False,False,False,True,True,False,False,False,12,5,10,1,743
0,0,26.24,31.06,57,35.0008,False,False,False,True,False,True,False,False,13,5,10,1,710
0,0,24.6,31.06,56,27.9993,False,False,False,True,False,True,False,False,14,5,10,1,576
0,0,24.6,31.06,46,27.9993,False,False,False,True,True,False,False,False,15,5,10,1,620
0,0,24.6,31.06,43,35.0008,False,False,False,True,True,False,False,False,16,5,10,1,659
0,0,22.14,25.76,49,26.0027,False,False,False,True,True,False,False,False,17,5,10,1,610
0,0,21.32,25.0,48,27.9993,False,False,False,True,True,False,False,False,18,5,10,1,495
0,0,19.68,23.485,55,15.0013,False,False,False,True,True,False,False,False,19,5,10,1,341
0,0,19.68,23.485,55,16.9979,False,False,False,True,True,False,False,False,20,5,10,1,247
0,0,18.86,22.725,59,8.9981,False,False,False,True,True,False,False,False,21,5,10,1,215
0,0,18.04,21.97,62,8.9981,False,False,False,True,True,False,False,False,22,5,10,1,185
0,0,18.04,21.97,62,8.9981,False,False,False,True,True,False,False,False,23,5,10,1,179
0,0,18.04,21.97,62,11.0014,False,False,False,True,True,False,False,False,0,6,10,1,127
0,0,18.04,21.97,54,15.0013,False,False,False,True,True,False,False,False,1,6,10,1,109
0,0,17.22,21.21,62,8.9981,False,False,False,True,True,False,False,False,2,6,10,1,74
0,0,18.04,21.97,62,8.9981,False,False,False,True,False,True,False,False,3,6,10,1,22
0,0,18.04,21.97,54,16.9979,False,False,False,True,False,True,False,False,4,6,10,1,11
0,0,18.04,21.97,54,8.9981,False,False,False,True,False,True,False,False,5,6,10,1,10
0,0,18.04,21.97,54,12.998,False,False,False,True,False,True,False,False,6,6,10,1,23
0,0,17.22,21.21,58,11.0014,False,False,False,True,False,False,True,False,7,6,10,1,35
0,0,17.22,21.21,67,8.9981,False,False,False,True,False,False,True,False,8,6,10,1,62
0,0,16.4,20.455,71,8.9981,False,False,False,True,False,False,True,False,9,6,10,1,86
0,0,17.22,21.21,67,12.998,False,False,False,True,False,True,False,False,10,6,10,1,185
0,0,17.22,21.21,71,7.0015,False,False,False,True,False,True,False,False,11,6,10,1,336
0,0,17.22,21.21,71,0.0,False,False,False,True,False,True,False,False,12,6,10,1,392
0,0,18.04,21.97,72,6.0032,False,False,False,True,False,True,False,False,13,6,10,1,320
0,0,18.04,21.97,67,0.0,False,False,False,True,False,True,False,False,14,6,10,1,314
0,0,17.22,21.21,77,8.9981,False,False,False,True,False,False,True,False,15,6,10,1,306
0,0,16.4,20.455,82,11.0014,False,False,False,True,False,False,True,False,16,6,10,1,333
0,0,16.4,20.455,82,15.0013,False,False,False,True,False,False,True,False,17,6,10,1,157
0,0,16.4,20.455,82,12.998,False,False,False,True,False,False,True,False,18,6,10,1,106
0,0,16.4,20.455,82,7.0015,False,False,False,True,False,True,False,False,19,6,10,1,114
0,0,16.4,20.455,82,8.9981,False,False,False,True,True,False,False,False,20,6,10,1,116
0,0,15.58,19.695,87,7.0015,False,False,False,True,True,False,False,False,21,6,10,1,113
0,0,15.58,19.695,87,8.9981,False,False,False,True,True,False,False,False,22,6,10,1,79
0,0,14.76,17.425,93,8.9981,False,False,False,True,True,False,False,False,23,6,10,1,80
1,0,15.58,19.695,76,19.0012,False,False,False,True,True,False,False,False,0,0,10,1,51
1,0,13.94,16.665,87,11.0014,False,False,False,True,True,False,False,False,1,0,10,1,37
1,0,13.94,16.665,81,12.998,False,False,False,True,True,False,False,False,2,0,10,1,15
1,0,13.94,17.425,81,7.0015,False,False,False,True,True,False,False,False,3,0,10,1,10
1,0,13.12,16.665,87,8.9981,False,False,False,True,True,False,False,False,4,0,10,1,7
1,0,13.94,15.91,76,15.0013,False,False,False,True,True,False,False,False,5,0,10,1,19
1,0,13.94,17.425,76,7.0015,False,False,False,True,True,False,False,False,6,0,10,1,59
1,0,13.94,16.665,76,11.0014,False,False,False,True,False,True,False,False,7,0,10,1,154
1,0,14.76,17.425,71,15.0013,False,False,False,True,False,True,False,False,8,0,10,1,397
1,0,15.58,19.695,66,11.0014,False,False,False,True,False,True,False,False,9,0,10,1,332
1,0,15.58,19.695,68,8.9981,False,False,False,True,False,True,False,False,10,0,10,1,298
1,0,16.4,20.455,62,6.0032,False,False,False,True,False,True,False,False,11,0,10,1,308
1,0,17.22,21.21,63,11.0014,False,False,False,True,False,True,False,False,12,0,10,1,341
1,0,17.22,21.21,62,12.998,False,False,False,True,False,True,False,False,13,0,10,1,405
1,0,17.22,21.21,58,7.0015,False,False,False,True,False,True,False,False,14,0,10,1,420
1,0,17.22,21.21,58,12.998,False,False,False,True,False,False,True,False,15,0,10,1,370
1,0,17.22,21.21,58,12.998,False,False,False,True,False,False,True,False,16,0,10,1,377
1,0,17.22,21.21,66,16.9979,False,False,False,True,False,True,False,False,17,0,10,1,497
1,0,17.22,21.21,66,19.0012,False,False,False,True,False,True,False,False,18,0,10,1,456
1,0,16.4,20.455,71,16.9979,False,False,False,True,False,True,False,False,19,0,10,1,371
1,0,16.4,20.455,71,15.0013,False,False,False,True,False,False,True,False,20,0,10,1,227
1,0,16.4,20.455,76,15.0013,False,False,False,True,False,True,False,False,21,0,10,1,151
1,0,16.4,20.455,76,16.9979,False,False,False,True,False,False,True,False,22,0,10,1,107
1,0,16.4,20.455,71,15.0013,False,False,False,True,False,True,False,False,23,0,10,1,69
0,1,15.58,19.695,82,15.0013,False,False,False,True,False,True,False,False,0,1,10,1,31
0,1,14.76,17.425,87,15.0013,False,False,False,True,False,False,True,False,1,1,10,1,13
0,1,14.76,16.665,87,16.9979,False,False,False,True,False,False,True,False,2,1,10,1,7
0,1,14.76,16.665,87,19.0012,False,False,False,True,False,False,True,False,3,1,10,1,3
0,1,14.76,17.425,87,11.0014,False,False,False,True,False,False,True,False,4,1,10,1,7
0,1,15.58,19.695,82,12.998,False,False,False,True,False,True,False,False,5,1,10,1,19
0,1,15.58,19.695,82,16.9979,False,False,False,True,False,True,False,False,6,1,10,1,143
0,1,15.58,19.695,83,16.9979,False,False,False,True,True,False,False,False,7,1,10,1,362
0,1,17.22,21.21,80,12.998,False,False,False,True,False,True,False,False,8,1,10,1,713
0,1,17.22,21.21,77,15.0013,False,False,False,True,False,True,False,False,9,1,10,1,382
0,1,18.04,21.97,75,15.0013,False,False,False,True,False,True,False,False,10,1,10,1,164
0,1,19.68,23.485,69,12.998,False,False,False,True,False,True,False,False,11,1,10,1,193
0,1,19.68,23.485,69,12.998,False,False,False,True,False,True,False,False,12,1,10,1,260
0,1,20.5,24.24,67,8.9981,False,False,False,True,False,True,False,False,13,1,10,1,238
0,1,22.14,25.76,64,12.998,False,False,False,True,False,True,False,False,14,1,10,1,244
0,1,21.32,25.0,63,11.0014,False,False,False,True,False,True,False,False,15,1,10,1,254
0,1,20.5,24.24,72,11.0014,False,False,False,True,False,True,False,False,16,1,10,1,424
0,1,21.32,25.0,68,11.0014,False,False,False,True,False,True,False,False,17,1,10,1,806
0,1,20.5,24.24,72,15.0013,False,False,False,True,False,True,False,False,18,1,10,1,784
0,1,20.5,24.24,72,11.0014,False,False,False,True,False,True,False,False,19,1,10,1,514
0,1,20.5,24.24,72,11.0014,False,False,False,True,False,True,False,False,20,1,10,1,360
0,1,19.68,23.485,77,8.9981,False,False,False,True,False,True,False,False,21,1,10,1,225
0,1,19.68,23.485,77,6.0032,False,False,False,True,False,True,False,False,22,1,10,1,162
0,1,19.68,23.485,77,6.0032,False,False,False,True,False,True,False,False,23,1,10,1,84
0,1,18.86,22.725,88,6.0032,False,False,False,True,False,True,False,False,0,2,10,1,33
0,1,18.86,22.725,88,0.0,False,False,False,True,False,True,False,False,1,2,10,1,8
0,1,18.86,22.725,88,0.0,False,False,False,True,False,True,False,False,2,2,10,1,8
0,1,18.86,22.725,88,0.0,False,False,False,True,False,True,False,False,3,2,10,1,6
0,1,18.86,22.725,88,7.0015,False,False,False,True,False,True,False,False,4,2,10,1,6
0,1,18.86,22.725,88,6.0032,False,False,False,True,False,True,False,False,5,2,10,1,40
0,1,18.86,22.725,88,6.0032,False,False,False,True,False,True,False,False,6,2,10,1,175
0,1,18.86,22.725,82,7.0015,False,False,False,True,True,False,False,False,7,2,10,1,507
0,1,20.5,24.24,77,11.0014,False,False,False,True,True,False,False,False,8,2,10,1,839
0,1,22.14,25.76,60,19.0012,False,False,False,True,True,False,False,False,9,2,10,1,366
0,1,22.96,26.515,52,19.9995,False,False,False,True,True,False,False,False,10,2,10,1,217
0,1,22.14,25.76,52,12.998,False,False,False,True,True,False,False,False,11,2,10,1,291
0,1,22.14,25.76,56,15.0013,False,False,False,True,True,False,False,False,12,2,10,1,390
0,1,22.96,26.515,49,0.0,False,False,False,True,True,False,False,False,13,2,10,1,297
0,1,24.6,31.06,40,11.0014,False,False,False,True,True,False,False,False,14,2,10,1,271
0,1,24.6,31.06,40,11.0014,False,False,False,True,True,False,False,False,15,2,10,1,319
0,1,24.6,31.06,40,15.0013,False,False,False,True,True,False,False,False,16,2,10,1,566
0,1,23.78,27.275,43,15.0013,False,False,False,True,True,False,False,False,17,2,10,1,948
0,1,22.96,26.515,49,11.0014,False,False,False,True,False,True,False,False,18,2,10,1,844
0,1,22.96,26.515,46,39.0007,False,False,False,True,False,True,False,False,19,2,10,1,566
0,1,21.32,25.0,48,32.9975,False,False,False,True,True,False,False,False,20,2,10,1,392
0,1,20.5,24.24,51,23.9994,False,False,False,True,True,False,False,False,21,2,10,1,269
0,1,18.86,22.725,55,19.9995,False,False,False,True,True,False,False,False,22,2,10,1,197
0,1,18.04,21.97,58,12.998,False,False,False,True,True,False,False,False,23,2,10,1,136
0,1,18.04,21.97,51,8.9981,False,False,False,True,True,False,False,False,0,3,10,1,42
0,1,18.04,21.97,47,12.998,False,False,False,True,True,False,False,False,1,3,10,1,11
0,1,17.22,21.21,50,8.9981,False,False,False,True,True,False,False,False,2,3,10,1,11
0,1,17.22,21.21,47,19.9995,False,False,False,True,True,False,False,False,3,3,10,1,3
0,1,16.4,20.455,50,16.9979,False,False,False,True,True,False,False,False,4,3,10,1,10
0,1,14.76,17.425,50,11.0014,False,False,False,True,True,False,False,False,5,3,10,1,42
0,1,14.76,17.425,50,11.0014,False,False,False,True,True,False,False,False,6,3,10,1,159
0,1,14.76,16.665,50,16.9979,False,False,False,True,True,False,False,False,7,3,10,1,478
0,1,15.58,19.695,46,26.0027,False,False,False,True,True,False,False,False,8,3,10,1,798
0,1,16.4,20.455,43,26.0027,False,False,False,True,True,False,False,False,9,3,10,1,355
0,1,18.04,21.97,41,23.9994,False,False,False,True,True,False,False,False,10,3,10,1,204
0,1,18.86,22.725,36,0.0,False,False,False,True,True,False,False,False,11,3,10,1,251
0,1,18.86,22.725,36,0.0,False,False,False,True,True,False,False,False,12,3,10,1,326
0,1,20.5,24.24,31,7.0015,False,False,False,True,True,False,False,False,13,3,10,1,291
0,1,21.32,25.0,32,6.0032,False,False,False,True,True,False,False,False,14,3,10,1,348
0,1,21.32,25.0,34,11.0014,False,False,False,True,True,False,False,False,15,3,10,1,460
0,1,20.5,24.24,36,8.9981,False,False,False,True,True,False,False,False,16,3,10,1,481
0,1,20.5,24.24,39,19.0012,False,False,False,True,True,False,False,False,17,3,10,1,827
0,1,18.86,22.725,44,11.0014,False,False,False,True,True,False,False,False,18,3,10,1,692
0,1,18.04,21.97,51,8.9981,False,False,False,True,True,False,False,False,19,3,10,1,743
0,1,17.22,21.21,62,11.0014,False,False,False,True,True,False,False,False,20,3,10,1,415
0,1,17.22,21.21,62,8.9981,False,False,False,True,True,False,False,False,21,3,10,1,260
0,1,16.4,20.455,66,11.0014,False,False,False,True,True,False,False,False,22,3,10,1,177
0,1,17.22,21.21,58,6.0032,False,False,False,True,True,False,False,False,23,3,10,1,186
0,1,16.4,20.455,66,7.0015,False,False,False,True,True,False,False,False,0,4,10,1,68
0,1,16.4,20.455,66,6.0032,False,False,False,True,True,False,False,False,1,4,10,1,37
0,1,16.4,20.455,66,6.0032,False,False,False,True,True,False,False,False,2,4,10,1,16
0,1,14.76,18.18,76,6.0032,False,False,False,True,True,False,False,False,3,4,10,1,6
0,1,14.76,18.18,76,7.0015,False,False,False,True,True,False,False,False,4,4,10,1,8
0,1,14.76,18.18,81,6.0032,False,False,False,True,True,False,False,False,5,4,10,1,35
0,1,13.94,17.425,81,6.0032,False,False,False,True,True,False,False,False,6,4,10,1,143
0,1,14.76,18.18,81,6.0032,False,False,False,True,True,False,False,False,7,4,10,1,392
0,1,17.22,21.21,71,6.0032,False,False,False,True,True,False,False,False,8,4,10,1,745
0,1,20.5,24.24,39,19.9995,False,False,False,True,True,False,False,False,9,4,10,1,400
0,1,21.32,25.0,36,19.9995,False,False,False,True,True,False,False,False,10,4,10,1,275
0,1,22.14,25.76,37,23.9994,False,False,False,True,True,False,False,False,11,4,10,1,313
0,1,22.14,25.76,39,31.0009,False,False,False,True,True,False,False,False,12,4,10,1,387
0,1,22.96,26.515,37,26.0027,False,False,False,True,True,False,False,False,13,4,10,1,381
0,1,22.96,26.515,37,31.0009,False,False,False,True,True,False,False,False,14,4,10,1,371
0,1,21.32,25.0,42,30.0026,False,False,False,True,True,False,False,False,15,4,10,1,455
0,1,18.86,22.725,41,23.9994,False,False,False,True,True,False,False,False,16,4,10,1,520
0,1,18.86,22.725,38,26.0027,False,False,False,True,True,False,False,False,17,4,10,1,837
0,1,18.04,21.97,38,19.9995,False,False,False,True,True,False,False,False,18,4,10,1,642
0,1,17.22,21.21,41,15.0013,False,False,False,True,True,False,False,False,19,4,10,1,493
0,1,17.22,21.21,47,8.9981,False,False,False,True,True,False,False,False,20,4,10,1,308
0,1,16.4,20.455,54,12.998,False,False,False,True,True,False,False,False,21,4,10,1,190
0,1,16.4,20.455,47,19.9995,False,False,False,True,True,False,False,False,22,4,10,1,160
0,1,14.76,17.425,57,12.998,False,False,False,True,True,False,False,False,23,4,10,1,100
0,0,14.76,18.18,57,6.0032,False,False,False,True,True,False,False,False,0,5,10,1,249
0,0,13.94,16.665,53,8.9981,False,False,False,True,True,False,False,False,1,5,10,1,146
0,0,13.94,16.665,53,12.998,False,False,False,True,True,False,False,False,2,5,10,1,67
0,0,13.12,15.15,66,15.0013,False,False,False,True,True,False,False,False,3,5,10,1,15
0,0,12.3,15.15,65,11.0014,False,False,False,True,True,False,False,False,4,5,10,1,11
0,0,12.3,14.395,61,12.998,False,False,False,True,True,False,False,False,5,5,10,1,11
0,0,12.3,14.395,61,12.998,False,False,False,True,True,False,False,False,6,5,10,1,28
0,0,12.3,15.15,61,11.0014,False,False,False,True,True,False,False,False,7,5,10,1,70
0,0,13.94,17.425,53,7.0015,False,False,False,True,True,False,False,False,8,5,10,1,174
0,0,14.76,18.18,50,6.0032,False,False,False,True,True,False,False,False,9,5,10,1,266
0,0,16.4,20.455,43,0.0,False,False,False,True,True,False,False,False,10,5,10,1,347
0,0,17.22,21.21,35,8.9981,False,False,False,True,True,False,False,False,11,5,10,1,527
0,0,18.04,21.97,35,0.0,False,False,False,True,True,False,False,False,12,5,10,1,573
0,0,18.86,22.725,36,12.998,False,False,False,True,True,False,False,False,13,5,10,1,670
0,0,19.68,23.485,33,12.998,False,False,False,True,True,False,False,False,14,5,10,1,597
0,0,20.5,24.24,36,12.998,False,False,False,True,True,False,False,False,15,5,10,1,615
0,0,20.5,24.24,31,12.998,False,False,False,True,True,False,False,False,16,5,10,1,637
0,0,18.86,22.725,38,11.0014,False,False,False,True,True,False,False,False,17,5,10,1,528
0,0,18.86,22.725,44,8.9981,False,False,False,True,True,False,False,False,18,5,10,1,473
0,0,18.04,21.97,44,11.0014,False,False,False,True,True,False,False,False,19,5,10,1,332
0,0,16.4,20.455,54,6.0032,False,False,False,True,True,False,False,False,20,5,10,1,255
0,0,16.4,20.455,58,12.998,False,False,False,True,True,False,False,False,21,5,10,1,204
0,0,16.4,20.455,62,0.0,False,False,False,True,True,False,False,False,22,5,10,1,189
0,0,17.22,21.21,58,19.9995,False,False,False,True,True,False,False,False,23,5,10,1,125
0,0,16.4,20.455,71,16.9979,False,False,False,True,True,False,False,False,0,6,10,1,111
0,0,17.22,21.21,77,19.0012,False,False,False,True,True,False,False,False,1,6,10,1,112
0,0,16.4,20.455,76,6.0032,False,False,False,True,True,False,False,False,2,6,10,1,66
0,0,17.22,21.21,77,19.9995,False,False,False,True,True,False,False,False,3,6,10,1,28
0,0,17.22,21.21,77,19.0012,False,False,False,True,True,False,False,False,4,6,10,1,12
0,0,16.4,20.455,82,12.998,False,False,False,True,True,False,False,False,5,6,10,1,11
0,0,16.4,20.455,82,11.0014,False,False,False,True,True,False,False,False,6,6,10,1,24
0,0,17.22,21.21,82,15.0013,False,False,False,True,True,False,False,False,7,6,10,1,51
0,0,18.04,21.97,77,12.998,False,False,False,True,True,False,False,False,8,6,10,1,132
0,0,19.68,23.485,67,19.0012,False,False,False,True,False,True,False,False,9,6,10,1,223
0,0,22.14,25.76,56,12.998,False,False,False,True,True,False,False,False,10,6,10,1,428
0,0,22.96,26.515,52,19.9995,False,False,False,True,True,False,False,False,11,6,10,1,494
0,0,25.42,31.06,46,22.0028,False,False,False,True,True,False,False,False,12,6,10,1,562
0,0,26.24,31.06,41,30.0026,False,False,False,True,True,False,False,False,13,6,10,1,619
0,0,27.06,31.06,39,27.9993,False,False,False,True,True,False,False,False,14,6,10,1,617
0,0,27.06,31.06,39,27.9993,False,False,False,True,True,False,False,False,15,6,10,1,568
0,0,26.24,31.06,41,19.9995,False,False,False,True,True,False,False,False,16,6,10,1,581
0,0,26.24,31.06,44,12.998,False,False,False,True,True,False,False,False,17,6,10,1,539
0,0,23.78,27.275,60,16.9979,False,False,False,True,True,False,False,False,18,6,10,1,453
0,0,22.96,26.515,64,15.0013,False,False,False,True,True,False,False,False,19,6,10,1,336
0,0,22.14,25.76,73,15.0013,False,False,False,True,True,False,False,False,20,6,10,1,246
0,0,22.96,26.515,73,30.0026,False,False,False,True,True,False,False,False,21,6,10,1,196
0,0,22.96,26.515,73,26.0027,False,False,False,True,True,False,False,False,22,6,10,1,125
0,0,22.96,26.515,68,19.0012,False,False,False,True,False,True,False,False,23,6,10,1,105
0,1,22.96,26.515,73,16.9979,False,False,False,True,False,True,False,False,0,0,10,1,48
0,1,23.78,27.275,64,26.0027,False,False,False,True,False,True,False,False,1,0,10,1,29
0,1,23.78,27.275,64,23.9994,False,False,False,True,False,True,False,False,2,0,10,1,6
0,1,22.96,26.515,73,16.9979,False,False,False,True,False,True,False,False,3,0,10,1,4
0,1,22.96,26.515,68,15.0013,False,False,False,True,False,True,False,False,4,0,10,1,10
0,1,22.96,26.515,73,19.0012,False,False,False,True,False,True,False,False,5,0,10,1,40
0,1,22.96,26.515,73,19.9995,False,False,False,True,False,True,False,False,6,0,10,1,147
0,1,23.78,27.275,68,22.0028,False,False,False,True,False,True,False,False,7,0,10,1,476
0,1,24.6,30.305,64,26.0027,False,False,False,True,False,True,False,False,8,0,10,1,737
0,1,24.6,29.545,69,26.0027,False,False,False,True,False,False,True,False,9,0,10,1,359
0,1,24.6,29.545,73,26.0027,False,False,False,True,False,True,False,False,10,0,10,1,168
0,1,24.6,29.545,73,26.0027,False,False,False,True,False,True,False,False,11,0,10,1,263
0,1,24.6,28.79,78,22.0028,False,False,False,True,False,False,True,False,12,0,10,1,284
0,1,22.96,26.515,88,15.0013,False,False,False,True,False,True,False,False,13,0,10,1,146
0,1,24.6,28.79,78,19.0012,False,False,False,True,False,True,False,False,14,0,10,1,185
0,1,24.6,28.79,78,22.0028,False,False,False,True,True,False,False,False,15,0,10,1,260
0,1,22.96,26.515,64,19.9995,False,False,False,True,True,False,False,False,16,0,10,1,447
0,1,22.96,26.515,64,16.9979,False,False,False,True,True,False,False,False,17,0,10,1,766
0,1,22.14,25.76,77,8.9981,False,False,False,True,False,False,True,False,18,0,10,1,592
0,1,21.32,25.0,83,6.0032,False,False,False,True,False,False,True,False,19,0,10,1,239
0,1,21.32,25.0,72,26.0027,False,False,False,True,False,True,False,False,20,0,10,1,256
0,1,21.32,25.0,59,22.0028,False,False,False,True,True,False,False,False,21,0,10,1,206
0,1,20.5,24.24,59,19.0012,False,False,False,True,True,False,False,False,22,0,10,1,126
0,1,18.86,22.725,63,15.0013,False,False,False,True,True,False,False,False,23,0,10,1,81
0,1,18.86,22.725,63,26.0027,False,False,False,True,True,False,False,False,0,1,10,1,48
0,1,18.04,21.97,67,12.998,False,False,False,True,True,False,False,False,1,1,10,1,13
0,1,18.04,21.97,67,8.9981,False,False,False,True,True,False,False,False,2,1,10,1,3
0,1,17.22,21.21,67,7.0015,False,False,False,True,True,False,False,False,3,1,10,1,2
0,1,17.22,21.21,67,11.0014,False,False,False,True,True,False,False,False,4,1,10,1,7
0,1,17.22,21.21,67,16.9979,False,False,False,True,True,False,False,False,5,1,10,1,52
0,1,17.22,21.21,67,11.0014,False,False,False,True,True,False,False,False,6,1,10,1,172
0,1,17.22,21.21,67,6.0032,False,False,False,True,True,False,False,False,7,1,10,1,525
0,1,18.04,21.97,62,0.0,False,False,False,True,True,False,False,False,8,1,10,1,835
0,1,19.68,23.485,55,16.9979,False,False,False,True,True,False,False,False,9,1,10,1,355
0,1,20.5,24.24,48,19.0012,False,False,False,True,True,False,False,False,10,1,10,1,222
0,1,20.5,24.24,45,27.9993,False,False,False,True,True,False,False,False,11,1,10,1,228
0,1,21.32,25.0,45,22.0028,False,False,False,True,False,True,False,False,12,1,10,1,325
0,1,21.32,25.0,45,19.0012,False,False,False,True,True,False,False,False,13,1,10,1,328
0,1,22.14,25.76,39,16.9979,False,False,False,True,True,False,False,False,14,1,10,1,308
0,1,22.14,25.76,41,22.0028,False,False,False,True,True,False,False,False,15,1,10,1,346
0,1,22.14,25.76,39,19.0012,False,False,False,True,True,False,False,False,16,1,10,1,446
0,1,21.32,25.0,39,12.998,False,False,False,True,True,False,False,False,17,1,10,1,943
0,1,20.5,24.24,42,11.0014,False,False,False,True,True,False,False,False,18,1,10,1,838
0,1,19.68,23.485,48,0.0,False,False,False,True,True,False,False,False,19,1,10,1,531
0,1,18.86,22.725,55,0.0,False,False,False,True,True,False,False,False,20,1,10,1,432
0,1,18.86,22.725,63,0.0,False,False,False,True,True,False,False,False,21,1,10,1,195
0,1,16.4,20.455,71,6.0032,False,False,False,True,True,False,False,False,22,1,10,1,181
0,1,16.4,20.455,71,0.0,False,False,False,True,True,False,False,False,23,1,10,1,199
0,1,15.58,19.695,76,0.0,False,False,False,True,True,False,False,False,0,2,10,1,49
0,1,15.58,19.695,76,0.0,False,False,False,True,True,False,False,False,1,2,10,1,17
0,1,15.58,19.695,76,0.0,False,False,False,True,True,False,False,False,2,2,10,1,16
0,1,14.76,18.94,87,0.0,False,False,False,True,True,False,False,False,3,2,10,1,7
0,1,14.76,18.18,81,6.0032,False,False,False,True,True,False,False,False,4,2,10,1,4
0,1,14.76,18.94,81,0.0,False,False,False,True,False,True,False,False,5,2,10,1,41
0,1,15.58,19.695,82,0.0,False,False,False,True,True,False,False,False,6,2,10,1,178
0,1,14.76,18.18,81,7.0015,False,False,False,True,True,False,False,False,7,2,10,1,464
0,1,16.4,20.455,76,0.0,False,False,False,True,False,True,False,False,8,2,10,1,817
0,1,17.22,21.21,77,0.0,False,False,False,True,False,True,False,False,9,2,10,1,382
0,1,18.86,22.725,67,0.0,False,False,False,True,False,True,False,False,10,2,10,1,228
0,1,20.5,24.24,51,6.0032,False,False,False,True,False,True,False,False,11,2,10,1,234
0,1,21.32,25.0,48,11.0014,False,False,False,True,False,True,False,False,12,2,10,1,332
0,1,22.14,25.76,49,8.9981,False,False,False,True,False,True,False,False,13,2,10,1,310
0,1,22.96,26.515,43,11.0014,False,False,False,True,False,True,False,False,14,2,10,1,270
0,1,23.78,27.275,43,15.0013,False,False,False,True,False,True,False,False,15,2,10,1,301
0,1,22.96,26.515,52,12.998,False,False,False,True,True,False,False,False,16,2,10,1,466
0,1,22.14,25.76,56,7.0015,False,False,False,True,True,False,False,False,17,2,10,1,888
0,1,21.32,25.0,59,11.0014,False,False,False,True,True,False,False,False,18,2,10,1,884
0,1,20.5,24.24,72,12.998,False,False,False,True,True,False,False,False,19,2,10,1,516
0,1,20.5,24.24,72,8.9981,False,False,False,True,True,False,False,False,20,2,10,1,414
0,1,18.86,22.725,82,12.998,False,False,False,True,True,False,False,False,21,2,10,1,329
0,1,18.86,22.725,88,16.9979,False,False,False,True,True,False,False,False,22,2,10,1,215
0,1,18.86,22.725,88,15.0013,False,False,False,True,True,False,False,False,23,2,10,1,99
0,1,18.86,22.725,88,12.998,False,False,False,True,True,False,False,False,0,3,10,1,57
0,1,18.86,22.725,82,15.0013,False,False,False,True,True,False,False,False,1,3,10,1,14
0,1,18.86,22.725,82,12.998,False,False,False,True,True,False,False,False,2,3,10,1,14
0,1,18.04,21.97,88,15.0013,False,False,False,True,True,False,False,False,3,3,10,1,5
0,1,18.04,21.97,88,15.0013,False,False,False,True,True,False,False,False,4,3,10,1,5
0,1,18.04,21.97,82,15.0013,False,False,False,True,True,False,False,False,5,3,10,1,42
0,1,18.04,21.97,88,19.9995,False,False,False,True,True,False,False,False,6,3,10,1,153
0,1,18.04,21.97,88,16.9979,False,False,False,True,True,False,False,False,7,3,10,1,508
0,1,18.86,22.725,82,16.9979,False,False,False,True,True,False,False,False,8,3,10,1,834
0,1,20.5,24.24,77,11.0014,False,False,False,True,False,True,False,False,9,3,10,1,387
0,1,21.32,25.0,68,15.0013,False,False,False,True,False,True,False,False,10,3,10,1,218
0,1,22.96,26.515,56,15.0013,False,False,False,True,False,True,False,False,11,3,10,1,268
0,1,24.6,31.06,53,16.9979,False,False,False,True,False,True,False,False,12,3,10,1,377
0,1,25.42,31.06,53,23.9994,False,False,False,True,True,False,False,False,13,3,10,1,332
0,1,25.42,31.06,50,19.9995,False,False,False,True,False,True,False,False,14,3,10,1,285
0,1,24.6,30.305,60,12.998,False,False,False,True,False,True,False,False,15,3,10,1,353
0,1,24.6,31.06,56,19.0012,False,False,False,True,True,False,False,False,16,3,10,1,450
0,1,23.78,27.275,64,22.0028,False,False,False,True,False,True,False,False,17,3,10,1,890
0,1,22.96,26.515,64,22.0028,False,False,False,True,False,True,False,False,18,3,10,1,788
0,1,22.96,26.515,68,19.9995,False,False,False,True,False,True,False,False,19,3,10,1,513
0,1,22.96,26.515,68,16.9979,False,False,False,True,False,True,False,False,20,3,10,1,387
0,1,22.14,25.76,77,12.998,False,False,False,True,False,True,False,False,21,3,10,1,283
0,1,22.14,25.76,83,12.998,False,False,False,True,False,True,False,False,22,3,10,1,229
0,1,22.14,25.76,83,0.0,False,False,False,True,False,True,False,False,23,3,10,1,117
0,1,22.96,26.515,83,7.0015,False,False,False,True,False,True,False,False,0,4,10,1,56
0,1,22.14,25.76,88,0.0,False,False,False,True,False,False,True,False,1,4,10,1,16
0,1,22.14,25.76,88,0.0,False,False,False,True,False,True,False,False,2,4,10,1,10
0,1,22.96,26.515,83,0.0,False,False,False,True,False,True,False,False,3,4,10,1,5
0,1,22.96,26.515,83,0.0,False,False,False,True,False,True,False,False,4,4,10,1,6
0,1,22.14,25.76,88,0.0,False,False,False,True,False,True,False,False,5,4,10,1,36
0,1,22.14,25.76,94,11.0014,False,False,False,True,False,False,True,False,6,4,10,1,131
0,1,22.14,25.76,94,0.0,False,False,False,True,False,False,True,False,7,4,10,1,154
0,1,22.14,25.76,94,7.0015,False,False,False,True,False,True,False,False,8,4,10,1,467
0,1,22.14,25.76,94,7.0015,False,False,False,True,False,True,False,False,9,4,10,1,389
0,1,23.78,27.275,88,12.998,False,False,False,True,False,True,False,False,10,4,10,1,224
0,1,24.6,28.03,83,12.998,False,False,False,True,True,False,False,False,11,4,10,1,252
0,1,26.24,30.305,69,15.0013,False,False,False,True,True,False,False,False,12,4,10,1,332
0,1,25.42,29.545,73,15.0013,False,False,False,True,True,False,False,False,13,4,10,1,375
0,1,27.06,31.06,61,16.9979,False,False,False,True,True,False,False,False,14,4,10,1,365
0,1,26.24,30.305,65,19.9995,False,False,False,True,True,False,False,False,15,4,10,1,395
0,1,25.42,30.305,69,23.9994,False,False,False,True,False,False,True,False,16,4,10,1,565
0,1,25.42,30.305,69,23.9994,False,False,False,True,False,False,True,False,17,4,10,1,425
0,1,22.96,26.515,83,7.0015,False,False,False,True,True,False,False,False,18,4,10,1,233
0,1,22.14,25.76,88,11.0014,False,False,False,True,True,False,False,False,19,4,10,1,232
0,1,21.32,25.0,77,12.998,False,False,False,True,True,False,False,False,20,4,10,1,229
0,1,20.5,24.24,77,0.0,False,False,False,True,True,False,False,False,21,4,10,1,206
0,1,20.5,24.24,77,6.0032,False,False,False,True,True,False,False,False,22,4,10,1,190
0,1,18.86,22.725,88,7.0015,False,False,False,True,True,False,False,False,23,4,10,1,131
0,1,14.76,18.18,57,6.0032,False,False,False,True,True,False,False,False,0,3,11,1,60
0,1,12.3,15.91,75,7.0015,False,False,False,True,True,False,False,False,1,3,11,1,30
0,1,13.12,16.665,66,8.9981,False,False,False,True,True,False,False,False,2,3,11,1,20
0,1,13.94,16.665,61,8.9981,False,False,False,True,True,False,False,False,3,3,11,1,15
0,1,13.94,17.425,66,7.0015,False,False,False,True,False,True,False,False,4,3,11,1,10
0,1,13.94,16.665,66,8.9981,False,False,False,True,True,False,False,False,5,3,11,1,40
0,1,13.94,16.665,61,11.0014,False,False,False,True,True,False,False,False,6,3,11,1,148
0,1,14.76,17.425,57,11.0014,False,False,False,True,False,True,False,False,7,3,11,1,420
0,1,14.76,18.94,56,7.0015,False,False,False,True,False,True,False,False,8,3,11,1,680
0,1,14.76,18.18,57,7.0015,False,False,False,True,False,False,True,False,9,3,11,1,331
0,1,14.76,17.425,62,12.998,False,False,False,True,False,False,True,False,10,3,11,1,146
0,1,14.76,17.425,62,12.998,False,False,False,True,False,False,True,False,11,3,11,1,170
0,1,15.58,19.695,62,11.0014,False,False,False,True,False,False,True,False,12,3,11,1,221
0,1,16.4,20.455,58,11.0014,False,False,False,True,False,True,False,False,13,3,11,1,248
0,1,16.4,20.455,50,15.0013,False,False,False,True,False,True,False,False,14,3,11,1,185
0,1,16.4,20.455,54,11.0014,False,False,False,True,False,True,False,False,15,3,11,1,214
0,1,16.4,20.455,54,11.0014,False,False,False,True,False,True,False,False,16,3,11,1,344
0,1,16.4,20.455,50,15.0013,False,False,False,True,False,False,True,False,17,3,11,1,689
0,1,16.4,20.455,50,11.0014,False,False,False,True,False,True,False,False,18,3,11,1,678
0,1,16.4,20.455,50,11.0014,False,False,False,True,False,True,False,False,19,3,11,1,452
0,1,15.58,19.695,54,16.9979,False,False,False,True,False,True,False,False,20,3,11,1,296
0,1,15.58,19.695,54,8.9981,False,False,False,True,False,True,False,False,21,3,11,1,267
0,1,14.76,17.425,57,11.0014,False,False,False,True,True,False,False,False,22,3,11,1,202
0,1,13.94,16.665,57,11.0014,False,False,False,True,True,False,False,False,23,3,11,1,120
0,1,13.94,16.665,57,11.0014,False,False,False,True,True,False,False,False,0,4,11,1,50
0,1,13.12,15.91,66,11.0014,False,False,False,True,True,False,False,False,1,4,11,1,24
0,1,13.12,15.91,66,11.0014,False,False,False,True,True,False,False,False,2,4,11,1,10
0,1,12.3,15.15,70,11.0014,False,False,False,True,True,False,False,False,3,4,11,1,3
0,1,12.3,15.91,70,7.0015,False,False,False,True,True,False,False,False,4,4,11,1,7
0,1,13.12,15.91,66,11.0014,False,False,False,True,False,True,False,False,5,4,11,1,26
0,1,12.3,15.15,70,11.0014,False,False,False,True,True,False,False,False,6,4,11,1,122
0,1,12.3,15.15,70,8.9981,False,False,False,True,False,True,False,False,7,4,11,1,357
0,1,13.12,16.665,57,7.0015,False,False,False,True,True,False,False,False,8,4,11,1,687
0,1,13.94,17.425,53,7.0015,False,False,False,True,True,False,False,False,9,4,11,1,382
0,1,15.58,19.695,46,19.9995,False,False,False,True,True,False,False,False,10,4,11,1,204
0,1,17.22,21.21,41,27.9993,False,False,False,True,True,False,False,False,11,4,11,1,221
0,1,17.22,21.21,41,23.9994,False,False,False,True,True,False,False,False,12,4,11,1,292
0,1,16.4,20.455,43,23.9994,False,False,False,True,True,False,False,False,13,4,11,1,294
0,1,16.4,20.455,40,32.9975,False,False,False,True,False,True,False,False,14,4,11,1,262
0,1,16.4,20.455,40,27.9993,False,False,False,True,False,True,False,False,15,4,11,1,306
0,1,15.58,19.695,40,22.0028,False,False,False,True,True,False,False,False,16,4,11,1,421
0,1,15.58,19.695,40,22.0028,False,False,False,True,True,False,False,False,17,4,11,1,638
0,1,15.58,19.695,43,22.0028,False,False,False,True,False,True,False,False,18,4,11,1,522
0,1,15.58,19.695,43,19.9995,False,False,False,True,False,True,False,False,19,4,11,1,374
0,1,14.76,16.665,46,27.9993,False,False,False,True,False,True,False,False,20,4,11,1,221
0,1,14.76,16.665,46,23.9994,False,False,False,True,False,True,False,False,21,4,11,1,156
0,1,14.76,16.665,46,16.9979,False,False,False,True,True,False,False,False,22,4,11,1,149
0,1,13.94,15.15,53,19.9995,False,False,False,True,True,False,False,False,23,4,11,1,119
0,0,13.94,16.665,53,11.0014,False,False,False,True,True,False,False,False,0,5,11,1,108
0,0,13.94,15.15,49,22.0028,False,False,False,True,False,True,False,False,1,5,11,1,89
0,0,13.94,15.91,49,16.9979,False,False,False,True,False,True,False,False,2,5,11,1,46
0,0,13.94,15.91,49,16.9979,False,False,False,True,False,True,False,False,3,5,11,1,28
0,0,13.12,15.15,49,19.9995,False,False,False,True,False,True,False,False,4,5,11,1,16
0,0,13.12,15.15,49,16.9979,False,False,False,True,False,True,False,False,5,5,11,1,9
0,0,13.12,15.91,49,12.998,False,False,False,True,False,True,False,False,6,5,11,1,21
0,0,13.12,15.15,49,16.9979,False,False,False,True,False,True,False,False,7,5,11,1,59
0,0,13.94,15.15,46,19.9995,False,False,False,True,False,True,False,False,8,5,11,1,142
0,0,13.94,15.15,49,19.9995,False,False,False,True,False,True,False,False,9,5,11,1,219
0,0,14.76,16.665,46,26.0027,False,False,False,True,True,False,False,False,10,5,11,1,328
0,0,14.76,16.665,46,26.0027,False,False,False,True,False,True,False,False,11,5,11,1,340
0,0,14.76,15.91,46,31.0009,False,False,False,True,False,True,False,False,12,5,11,1,394
0,0,14.76,16.665,46,23.9994,False,False,False,True,False,True,False,False,13,5,11,1,449
0,0,14.76,16.665,50,22.0028,False,False,False,True,False,True,False,False,14,5,11,1,455
0,0,14.76,15.91,46,30.0026,False,False,False,True,False,True,False,False,15,5,11,1,448
0,0,14.76,16.665,46,22.0028,False,False,False,True,False,True,False,False,16,5,11,1,400
0,0,14.76,16.665,46,19.9995,False,False,False,True,False,True,False,False,17,5,11,1,410
0,0,14.76,16.665,46,19.0012,False,False,False,True,False,True,False,False,18,5,11,1,297
0,0,14.76,17.425,50,11.0014,False,False,False,True,True,False,False,False,19,5,11,1,239
0,0,13.94,16.665,53,8.9981,False,False,False,True,True,False,False,False,20,5,11,1,181
0,0,13.94,17.425,53,7.0015,False,False,False,True,True,False,False,False,21,5,11,1,166
0,0,13.12,16.665,57,7.0015,False,False,False,True,True,False,False,False,22,5,11,1,146
0,0,13.12,16.665,57,7.0015,False,False,False,True,True,False,False,False,23,5,11,1,148
0,0,12.3,15.91,61,7.0015,False,False,False,True,True,False,False,False,0,6,11,1,102
0,0,10.66,14.395,81,6.0032,False,False,False,True,True,False,False,False,1,6,11,1,165
0,0,12.3,16.665,65,0.0,False,False,False,True,True,False,False,False,2,6,11,1,37
0,0,11.48,14.395,61,7.0015,False,False,False,True,True,False,False,False,3,6,11,1,11
0,0,10.66,13.635,65,8.9981,False,False,False,True,True,False,False,False,4,6,11,1,9
0,0,10.66,13.635,65,7.0015,False,False,False,True,True,False,False,False,5,6,11,1,5
0,0,11.48,14.395,61,8.9981,False,False,False,True,True,False,False,False,6,6,11,1,16
0,0,10.66,13.635,65,7.0015,False,False,False,True,True,False,False,False,7,6,11,1,50
0,0,12.3,15.15,56,8.9981,False,False,False,True,True,False,False,False,8,6,11,1,149
0,0,13.12,16.665,53,0.0,False,False,False,True,True,False,False,False,9,6,11,1,217
0,0,13.94,16.665,49,12.998,False,False,False,True,True,False,False,False,10,6,11,1,360
0,0,15.58,19.695,46,15.0013,False,False,False,True,True,False,False,False,11,6,11,1,445
0,0,15.58,19.695,46,15.0013,False,False,False,True,True,False,False,False,12,6,11,1,504
0,0,16.4,20.455,43,15.0013,False,False,False,True,True,False,False,False,13,6,11,1,493
0,0,16.4,20.455,40,12.998,False,False,False,True,True,False,False,False,14,6,11,1,509
0,0,16.4,20.455,40,15.0013,False,False,False,True,True,False,False,False,15,6,11,1,449
0,0,16.4,20.455,40,22.0028,False,False,False,True,True,False,False,False,16,6,11,1,435
0,0,14.76,17.425,43,12.998,False,False,False,True,True,False,False,False,17,6,11,1,327
0,0,14.76,17.425,43,15.0013,False,False,False,True,True,False,False,False,18,6,11,1,237
0,0,14.76,16.665,43,16.9979,False,False,False,True,True,False,False,False,19,6,11,1,227
0,0,13.12,14.395,53,23.9994,False,False,False,True,True,False,False,False,20,6,11,1,141
0,0,12.3,13.635,52,19.9995,False,False,False,True,True,False,False,False,21,6,11,1,87
0,0,12.3,14.395,52,19.0012,False,False,False,True,True,False,False,False,22,6,11,1,79
0,0,12.3,15.15,56,11.0014,False,False,False,True,False,True,False,False,23,6,11,1,53
0,1,12.3,14.395,56,12.998,False,False,False,True,False,True,False,False,0,0,11,1,23
0,1,12.3,15.15,56,11.0014,False,False,False,True,False,True,False,False,1,0,11,1,8
0,1,12.3,15.15,56,11.0014,False,False,False,True,False,True,False,False,2,0,11,1,6
0,1,12.3,14.395,56,15.0013,False,False,False,True,False,True,False,False,3,0,11,1,4
0,1,12.3,14.395,52,16.9979,False,False,False,True,False,True,False,False,4,0,11,1,16
0,1,12.3,13.635,52,22.0028,False,False,False,True,False,True,False,False,5,0,11,1,39
0,1,12.3,14.395,49,19.0012,False,False,False,True,False,True,False,False,6,0,11,1,139
0,1,12.3,14.395,49,16.9979,False,False,False,True,False,True,False,False,7,0,11,1,461
0,1,12.3,14.395,49,15.0013,False,False,False,True,False,True,False,False,8,0,11,1,648
0,1,12.3,14.395,52,19.0012,False,False,False,True,False,True,False,False,9,0,11,1,257
0,1,13.12,15.15,49,19.0012,False,False,False,True,True,False,False,False,10,0,11,1,142
0,1,13.94,15.91,46,15.0013,False,False,False,True,True,False,False,False,11,0,11,1,150
0,1,14.76,16.665,43,22.0028,False,False,False,True,True,False,False,False,12,0,11,1,244
0,1,14.76,16.665,40,16.9979,False,False,False,True,True,False,False,False,13,0,11,1,222
0,1,15.58,19.695,40,11.0014,False,False,False,True,True,False,False,False,14,0,11,1,196
0,1,15.58,19.695,40,19.0012,False,False,False,True,True,False,False,False,15,0,11,1,231
0,1,14.76,16.665,43,19.0012,False,False,False,True,True,False,False,False,16,0,11,1,360
0,1,13.94,15.91,46,15.0013,False,False,False,True,True,False,False,False,17,0,11,1,638
0,1,13.94,15.91,46,15.0013,False,False,False,True,True,False,False,False,18,0,11,1,542
0,1,13.12,15.91,49,11.0014,False,False,False,True,True,False,False,False,19,0,11,1,372
0,1,13.12,15.15,49,16.9979,False,False,False,True,True,False,False,False,20,0,11,1,241
0,1,12.3,14.395,52,19.0012,False,False,False,True,True,False,False,False,21,0,11,1,152
0,1,11.48,13.635,56,12.998,False,False,False,True,True,False,False,False,22,0,11,1,115
0,1,10.66,13.635,60,8.9981,False,False,False,True,True,False,False,False,23,0,11,1,53
0,1,9.84,12.88,60,7.0015,False,False,False,True,True,False,False,False,0,1,11,1,19
0,1,9.84,12.12,60,11.0014,False,False,False,True,True,False,False,False,1,1,11,1,8
0,1,9.84,12.88,65,6.0032,False,False,False,True,True,False,False,False,2,1,11,1,2
0,1,9.02,12.12,64,7.0015,False,False,False,True,True,False,False,False,3,1,11,1,4
0,1,9.02,12.88,69,6.0032,False,False,False,True,True,False,False,False,4,1,11,1,7
0,1,9.02,11.365,64,12.998,False,False,False,True,False,True,False,False,5,1,11,1,41
0,1,9.02,11.365,69,8.9981,False,False,False,True,True,False,False,False,6,1,11,1,149
0,1,8.2,10.605,69,11.0014,False,False,False,True,True,False,False,False,7,1,11,1,387
0,1,9.02,11.365,69,11.0014,False,False,False,True,True,False,False,False,8,1,11,1,588
0,1,10.66,12.88,60,11.0014,False,False,False,True,True,False,False,False,9,1,11,1,363
0,1,12.3,14.395,49,12.998,False,False,False,True,True,False,False,False,10,1,11,1,230
0,1,13.12,16.665,45,8.9981,False,False,False,True,True,False,False,False,11,1,11,1,216
0,1,13.12,16.665,45,8.9981,False,False,False,True,True,False,False,False,12,1,11,1,248
0,1,13.94,16.665,46,8.9981,False,False,False,True,True,False,False,False,13,1,11,1,278
0,1,14.76,18.18,40,7.0015,False,False,False,True,True,False,False,False,14,1,11,1,240
0,1,13.94,15.91,46,16.9979,False,False,False,True,True,False,False,False,15,1,11,1,272
0,1,13.94,16.665,46,11.0014,False,False,False,True,True,False,False,False,16,1,11,1,402
0,1,13.12,15.15,53,15.0013,False,False,False,True,True,False,False,False,17,1,11,1,627
0,1,13.12,15.15,57,19.9995,False,False,False,True,True,False,False,False,18,1,11,1,497
0,1,12.3,14.395,56,15.0013,False,False,False,True,True,False,False,False,19,1,11,1,371
0,1,12.3,14.395,61,15.0013,False,False,False,True,True,False,False,False,20,1,11,1,228
0,1,12.3,14.395,56,16.9979,False,False,False,True,False,True,False,False,21,1,11,1,151
0,1,12.3,14.395,56,15.0013,False,False,False,True,False,True,False,False,22,1,11,1,153
0,1,12.3,14.395,56,15.0013,False,False,False,True,True,False,False,False,23,1,11,1,205
0,1,12.3,14.395,56,19.0012,False,False,False,True,False,True,False,False,0,2,11,1,283
0,1,11.48,13.635,61,16.9979,False,False,False,True,False,True,False,False,1,2,11,1,92
0,1,11.48,12.88,56,19.9995,False,False,False,True,False,True,False,False,2,2,11,1,74
0,1,11.48,12.88,52,22.0028,False,False,False,True,False,True,False,False,3,2,11,1,11
0,1,11.48,12.88,52,19.9995,False,False,False,True,False,True,False,False,4,2,11,1,9
0,1,11.48,12.88,52,22.0028,False,False,False,True,False,True,False,False,5,2,11,1,27
0,1,10.66,12.12,56,19.0012,False,False,False,True,False,True,False,False,6,2,11,1,118
0,1,10.66,11.365,56,19.9995,False,False,False,True,False,True,False,False,7,2,11,1,319
0,1,10.66,12.12,60,19.0012,False,False,False,True,False,True,False,False,8,2,11,1,601
0,1,10.66,12.12,60,19.0012,False,False,False,True,False,True,False,False,9,2,11,1,368
0,1,11.48,12.88,56,19.9995,False,False,False,True,False,True,False,False,10,2,11,1,178
0,1,13.12,14.395,51,23.9994,False,False,False,True,False,True,False,False,11,2,11,1,147
0,1,13.12,15.15,53,19.0012,False,False,False,True,False,True,False,False,12,2,11,1,212
0,1,13.12,15.15,53,16.9979,False,False,False,True,False,True,False,False,13,2,11,1,181
0,1,13.12,14.395,53,23.9994,False,False,False,True,False,True,False,False,14,2,11,1,161
0,1,13.12,15.15,53,19.9995,False,False,False,True,False,True,False,False,15,2,11,1,198
0,1,13.12,14.395,53,23.9994,False,False,False,True,False,True,False,False,16,2,11,1,273
0,1,13.12,14.395,53,26.0027,False,False,False,True,False,True,False,False,17,2,11,1,517
0,1,13.12,14.395,53,23.9994,False,False,False,True,False,True,False,False,18,2,11,1,465
0,1,12.3,13.635,56,19.9995,False,False,False,True,False,True,False,False,19,2,11,1,319
0,1,13.12,15.15,49,22.0028,False,False,False,True,False,True,False,False,20,2,11,1,256
0,1,13.12,15.15,49,19.9995,False,False,False,True,False,True,False,False,21,2,11,1,126
0,1,12.3,14.395,56,16.9979,False,False,False,True,False,False,True,False,22,2,11,1,60
0,1,11.48,13.635,65,15.0013,False,False,False,True,False,False,True,False,23,2,11,1,40
0,1,11.48,13.635,61,15.0013,False,False,False,True,False,False,True,False,0,3,11,1,15
0,1,12.3,13.635,52,23.9994,False,False,False,True,False,False,True,False,1,3,11,1,12
0,1,12.3,14.395,49,15.0013,False,False,False,True,False,True,False,False,2,3,11,1,6
0,1,12.3,14.395,45,19.0012,False,False,False,True,False,True,False,False,4,3,11,1,10
0,1,12.3,14.395,42,15.0013,False,False,False,True,False,True,False,False,5,3,11,1,35
0,1,12.3,14.395,39,15.0013,False,False,False,True,True,False,False,False,6,3,11,1,124
0,1,11.48,12.88,36,26.0027,False,False,False,True,True,False,False,False,7,3,11,1,423
0,1,12.3,14.395,33,19.0012,False,False,False,True,True,False,False,False,8,3,11,1,668
0,1,13.12,14.395,31,23.9994,False,False,False,True,True,False,False,False,9,3,11,1,275
0,1,13.12,15.15,31,22.0028,False,False,False,True,True,False,False,False,10,3,11,1,161
0,1,14.76,16.665,29,26.0027,False,False,False,True,True,False,False,False,11,3,11,1,171
0,1,16.4,20.455,24,32.9975,False,False,False,True,True,False,False,False,12,3,11,1,235
0,1,18.04,21.97,18,27.9993,False,False,False,True,True,False,False,False,13,3,11,1,228
0,1,18.04,21.97,18,27.9993,False,False,False,True,True,False,False,False,14,3,11,1,182
0,1,18.04,21.97,18,27.9993,False,False,False,True,True,False,False,False,15,3,11,1,233
0,1,17.22,21.21,16,26.0027,False,False,False,True,True,False,False,False,16,3,11,1,339
0,1,16.4,20.455,20,19.9995,False,False,False,True,True,False,False,False,17,3,11,1,592
0,1,16.4,20.455,24,27.9993,False,False,False,True,True,False,False,False,18,3,11,1,507
0,1,15.58,19.695,27,23.9994,False,False,False,True,True,False,False,False,19,3,11,1,373
0,1,15.58,19.695,29,31.0009,False,False,False,True,True,False,False,False,20,3,11,1,245
0,1,14.76,16.665,37,26.0027,False,False,False,True,True,False,False,False,21,3,11,1,233
0,1,13.94,15.15,42,19.9995,False,False,False,True,True,False,False,False,22,3,11,1,161
0,1,13.94,15.15,46,23.9994,False,False,False,True,True,False,False,False,23,3,11,1,87
0,1,13.94,15.15,49,22.0028,False,False,False,True,True,False,False,False,0,4,11,1,55
0,1,13.12,15.15,53,19.0012,False,False,False,True,True,False,False,False,1,4,11,1,20
0,1,13.12,15.15,53,16.9979,False,False,False,True,True,False,False,False,2,4,11,1,12
0,1,13.12,14.395,53,27.9993,False,False,False,True,True,False,False,False,3,4,11,1,9
0,1,13.12,14.395,53,23.9994,False,False,False,True,True,False,False,False,4,4,11,1,14
0,1,12.3,14.395,56,12.998,False,False,False,True,True,False,False,False,5,4,11,1,27
0,1,10.66,13.635,65,7.0015,False,False,False,True,True,False,False,False,6,4,11,1,131
0,1,10.66,13.635,65,8.9981,False,False,False,True,True,False,False,False,7,4,11,1,341
0,1,13.12,15.91,57,11.0014,False,False,False,True,True,False,False,False,8,4,11,1,693
0,1,13.94,15.15,53,27.9993,False,False,False,True,True,False,False,False,9,4,11,1,327
0,1,14.76,16.665,50,22.0028,False,False,False,True,True,False,False,False,10,4,11,1,197
0,1,16.4,20.455,47,19.9995,False,False,False,True,True,False,False,False,11,4,11,1,251
0,1,18.04,21.97,41,22.0028,False,False,False,True,True,False,False,False,12,4,11,1,262
0,1,18.86,22.725,38,19.9995,False,False,False,True,True,False,False,False,13,4,11,1,299
0,1,18.86,22.725,38,12.998,False,False,False,True,True,False,False,False,14,4,11,1,274
0,1,18.86,22.725,36,15.0013,False,False,False,True,True,False,False,False,15,4,11,1,356
0,1,18.86,22.725,38,11.0014,False,False,False,True,True,False,False,False,16,4,11,1,434
0,1,17.22,21.21,44,8.9981,False,False,False,True,True,False,False,False,17,4,11,1,654
0,1,17.22,21.21,44,7.0015,False,False,False,True,True,False,False,False,18,4,11,1,496
0,1,13.94,17.425,71,6.0032,False,False,False,True,True,False,False,False,19,4,11,1,361
0,1,14.76,17.425,66,8.9981,False,False,False,True,True,False,False,False,20,4,11,1,255
0,1,13.94,18.18,76,0.0,False,False,False,True,True,False,False,False,21,4,11,1,199
0,1,13.94,17.425,71,7.0015,False,False,False,True,True,False,False,False,22,4,11,1,163
0,1,13.12,16.665,81,6.0032,False,False,False,True,True,False,False,False,23,4,11,1,162
0,0,13.12,16.665,76,6.0032,False,False,False,True,True,False,False,False,0,5,11,1,122
0,0,12.3,15.91,81,6.0032,False,False,False,True,True,False,False,False,1,5,11,1,76
0,0,13.12,17.425,81,0.0,False,False,False,True,True,False,False,False,2,5,11,1,44
0,0,12.3,16.665,81,0.0,False,False,False,True,True,False,False,False,3,5,11,1,20
0,0,10.66,13.635,87,7.0015,False,False,False,True,True,False,False,False,4,5,11,1,6
0,0,11.48,15.91,87,0.0,False,False,False,True,True,False,False,False,5,5,11,1,10
0,0,9.84,12.88,93,6.0032,False,False,False,True,True,False,False,False,6,5,11,1,16
0,0,10.66,13.635,87,7.0015,False,False,False,True,True,False,False,False,7,5,11,1,71
0,0,13.12,17.425,76,0.0,False,False,False,True,True,False,False,False,8,5,11,1,146
0,0,14.76,17.425,66,12.998,False,False,False,True,True,False,False,False,9,5,11,1,259
0,0,16.4,20.455,58,0.0,False,False,False,True,True,False,False,False,10,5,11,1,350
0,0,16.4,20.455,58,7.0015,False,False,False,True,True,False,False,False,11,5,11,1,466
0,0,19.68,23.485,48,0.0,False,False,False,True,True,False,False,False,12,5,11,1,606
0,0,21.32,25.0,39,0.0,False,False,False,True,True,False,False,False,13,5,11,1,651
0,0,22.14,25.76,37,0.0,False,False,False,True,True,False,False,False,14,5,11,1,627
0,0,21.32,25.0,45,0.0,False,False,False,True,True,False,False,False,15,5,11,1,567
0,0,22.14,25.76,37,0.0,False,False,False,True,True,False,False,False,16,5,11,1,605
0,0,20.5,24.24,45,12.998,False,False,False,True,True,False,False,False,17,5,11,1,501
0,0,18.04,21.97,54,8.9981,False,False,False,True,True,False,False,False,18,5,11,1,359
0,0,18.86,22.725,51,6.0032,False,False,False,True,True,False,False,False,19,5,11,1,283
0,0,18.04,21.97,54,0.0,False,False,False,True,True,False,False,False,20,5,11,1,192
0,0,16.4,20.455,66,0.0,False,False,False,True,True,False,False,False,21,5,11,1,220
0,0,15.58,19.695,71,6.0032,False,False,False,True,True,False,False,False,22,5,11,1,193
0,0,14.76,18.18,71,7.0015,False,False,False,True,True,False,False,False,23,5,11,1,146
0,0,13.94,17.425,81,6.0032,False,False,False,True,True,False,False,False,0,6,11,1,124
0,0,13.94,17.425,76,6.0032,False,False,False,True,True,False,False,False,1,6,11,1,108
0,0,13.12,16.665,87,7.0015,False,False,False,True,True,False,False,False,2,6,11,1,70
0,0,13.94,18.18,81,0.0,False,False,False,True,True,False,False,False,3,6,11,1,48
0,0,13.12,16.665,81,7.0015,False,False,False,True,True,False,False,False,4,6,11,1,11
0,0,12.3,15.15,87,8.9981,False,False,False,True,True,False,False,False,5,6,11,1,12
0,0,12.3,15.91,87,6.0032,False,False,False,True,True,False,False,False,6,6,11,1,19
0,0,12.3,15.91,89,6.0032,False,False,False,True,True,False,False,False,7,6,11,1,68
0,0,13.12,16.665,87,7.0015,False,False,False,True,True,False,False,False,8,6,11,1,119
0,0,14.76,18.94,77,0.0,False,False,False,True,True,False,False,False,9,6,11,1,273
0,0,16.4,20.455,69,7.0015,False,False,False,True,True,False,False,False,10,6,11,1,405
0,0,18.86,22.725,59,8.9981,False,False,False,True,True,False,False,False,11,6,11,1,504
0,0,20.5,24.24,48,6.0032,False,False,False,True,True,False,False,False,12,6,11,1,585
0,0,22.14,25.76,45,7.0015,False,False,False,True,True,False,False,False,13,6,11,1,686
0,0,24.6,31.06,33,11.0014,False,False,False,True,True,False,False,False,14,6,11,1,654
0,0,22.96,26.515,37,15.0013,False,False,False,True,True,False,False,False,15,6,11,1,724
0,0,22.14,25.76,42,15.0013,False,False,False,True,True,False,False,False,16,6,11,1,653
0,0,22.14,25.76,45,11.0014,False,False,False,True,True,False,False,False,17,6,11,1,493
0,0,21.32,25.0,45,8.9981,False,False,False,True,True,False,False,False,18,6,11,1,405
0,0,19.68,23.485,55,8.9981,False,False,False,True,True,False,False,False,19,6,11,1,277
0,0,18.04,21.97,62,11.0014,False,False,False,True,True,False,False,False,20,6,11,1,200
0,0,18.04,21.97,67,15.0013,False,False,False,True,True,False,False,False,21,6,11,1,171
0,0,17.22,21.21,71,12.998,False,False,False,True,True,False,False,False,22,6,11,1,134
0,0,17.22,21.21,71,12.998,False,False,False,True,True,False,False,False,23,6,11,1,109
1,0,17.22,21.21,71,7.0015,False,False,False,True,True,False,False,False,0,0,11,1,49
1,0,16.4,20.455,76,11.0014,False,False,False,True,True,False,False,False,1,0,11,1,30
1,0,16.4,20.455,76,8.9981,False,False,False,True,True,False,False,False,2,0,11,1,20
1,0,16.4,20.455,76,8.9981,False,False,False,True,True,False,False,False,3,0,11,1,4
1,0,16.4,20.455,76,6.0032,False,False,False,True,True,False,False,False,4,0,11,1,4
1,0,15.58,19.695,87,0.0,False,False,False,True,True,False,False,False,5,0,11,1,24
1,0,15.58,19.695,87,7.0015,False,False,False,True,True,False,False,False,6,0,11,1,71
1,0,16.4,20.455,87,0.0,False,False,False,True,True,False,False,False,7,0,11,1,264
1,0,17.22,21.21,82,11.0014,False,False,False,True,True,False,False,False,8,0,11,1,540
1,0,18.04,21.97,88,7.0015,False,False,False,True,True,False,False,False,9,0,11,1,397
1,0,19.68,23.485,77,11.0014,False,False,False,True,True,False,False,False,10,0,11,1,266
1,0,21.32,25.0,72,11.0014,False,False,False,True,True,False,False,False,11,0,11,1,367
1,0,22.96,26.515,64,15.0013,False,False,False,True,True,False,False,False,12,0,11,1,419
1,0,24.6,30.305,60,15.0013,False,False,False,True,True,False,False,False,13,0,11,1,420
1,0,23.78,27.275,60,19.0012,False,False,False,True,True,False,False,False,14,0,11,1,444
1,0,22.96,26.515,64,16.9979,False,False,False,True,True,False,False,False,15,0,11,1,382
1,0,22.96,26.515,64,11.0014,False,False,False,True,True,False,False,False,16,0,11,1,434
1,0,22.96,26.515,64,19.0012,False,False,False,True,True,False,False,False,17,0,11,1,596
1,0,21.32,25.0,72,8.9981,False,False,False,True,True,False,False,False,18,0,11,1,551
1,0,22.14,25.76,73,19.0012,False,False,False,True,True,False,False,False,19,0,11,1,353
1,0,21.32,25.0,77,19.0012,False,False,False,True,False,True,False,False,20,0,11,1,304
1,0,22.14,25.76,73,15.0013,False,False,False,True,False,False,True,False,21,0,11,1,155
1,0,21.32,25.0,77,16.9979,False,False,False,True,True,False,False,False,22,0,11,1,112
1,0,22.14,25.76,77,15.0013,False,False,False,True,False,True,False,False,23,0,11,1,63
0,1,21.32,25.0,83,19.0012,False,False,False,True,False,True,False,False,0,1,11,1,23
0,1,18.04,21.97,88,43.0006,False,False,False,True,False,False,True,False,1,1,11,1,5
0,1,14.76,15.91,87,30.0026,False,False,False,True,False,False,True,False,2,1,11,1,11
0,1,14.76,16.665,87,23.9994,False,False,False,True,False,False,True,False,3,1,11,1,5
0,1,14.76,16.665,81,26.0027,False,False,False,True,False,True,False,False,4,1,11,1,9
0,1,13.94,15.91,87,19.0012,False,False,False,True,False,True,False,False,5,1,11,1,18
0,1,13.12,14.395,81,31.0009,False,False,False,True,False,False,True,False,6,1,11,1,50
0,1,13.12,15.15,87,16.9979,False,False,False,True,False,False,True,False,7,1,11,1,107
0,1,13.12,15.15,87,16.9979,False,False,False,True,False,False,True,False,8,1,11,1,211
0,1,13.12,15.15,81,22.0028,False,False,False,True,False,False,True,False,9,1,11,1,110
0,1,12.3,13.635,75,26.0027,False,False,False,True,False,False,True,False,10,1,11,1,94
0,1,13.12,15.15,70,16.9979,False,False,False,True,True,False,False,False,11,1,11,1,155
0,1,13.94,15.91,61,19.0012,False,False,False,True,True,False,False,False,12,1,11,1,196
0,1,13.94,15.91,53,16.9979,False,False,False,True,True,False,False,False,13,1,11,1,218
0,1,15.58,19.695,46,26.0027,False,False,False,True,True,False,False,False,14,1,11,1,203
0,1,16.4,20.455,40,19.9995,False,False,False,True,True,False,False,False,15,1,11,1,217
0,1,15.58,19.695,40,19.9995,False,False,False,True,True,False,False,False,16,1,11,1,310
0,1,13.94,15.15,49,23.9994,False,False,False,True,True,False,False,False,17,1,11,1,608
0,1,13.94,15.91,49,19.0012,False,False,False,True,True,False,False,False,18,1,11,1,559
0,1,13.12,14.395,49,23.9994,False,False,False,True,True,False,False,False,19,1,11,1,356
0,1,12.3,13.635,49,23.9994,False,False,False,True,True,False,False,False,20,1,11,1,223
0,1,12.3,13.635,49,23.9994,False,False,False,True,True,False,False,False,21,1,11,1,187
0,1,10.66,11.365,56,22.0028,False,False,False,True,True,False,False,False,22,1,11,1,135
0,1,10.66,11.365,56,19.9995,False,False,False,True,True,False,False,False,23,1,11,1,84
0,1,10.66,12.12,56,19.0012,False,False,False,True,True,False,False,False,0,2,11,1,24
0,1,9.84,10.605,60,19.9995,False,False,False,True,True,False,False,False,1,2,11,1,12
0,1,9.84,10.605,60,19.9995,False,False,False,True,True,False,False,False,2,2,11,1,1
0,1,9.84,11.365,65,15.0013,False,False,False,True,True,False,False,False,3,2,11,1,5
0,1,9.02,11.365,69,12.998,False,False,False,True,True,False,False,False,4,2,11,1,6
0,1,9.02,11.365,69,12.998,False,False,False,True,True,False,False,False,5,2,11,1,39
0,1,9.84,11.365,65,12.998,False,False,False,True,True,False,False,False,6,2,11,1,146
0,1,9.84,10.605,65,19.0012,False,False,False,True,True,False,False,False,7,2,11,1,415
0,1,11.48,12.88,56,19.9995,False,False,False,True,True,False,False,False,8,2,11,1,691
0,1,12.3,13.635,52,26.0027,False,False,False,True,True,False,False,False,9,2,11,1,332
0,1,13.12,14.395,45,23.9994,False,False,False,True,True,False,False,False,10,2,11,1,171
0,1,13.12,15.15,49,16.9979,False,False,False,True,True,False,False,False,11,2,11,1,151
0,1,13.94,16.665,46,0.0,False,False,False,True,True,False,False,False,12,2,11,1,240
0,1,14.76,16.665,43,16.9979,False,False,False,True,True,False,False,False,13,2,11,1,214
0,1,14.76,17.425,43,8.9981,False,False,False,True,True,False,False,False,14,2,11,1,181
0,1,14.76,16.665,43,19.0012,False,False,False,True,True,False,False,False,15,2,11,1,260
0,1,13.94,17.425,46,7.0015,False,False,False,True,True,False,False,False,16,2,11,1,321
0,1,13.12,15.91,49,12.998,False,False,False,True,True,False,False,False,17,2,11,1,583
0,1,13.12,15.91,53,11.0014,False,False,False,True,True,False,False,False,18,2,11,1,567
0,1,12.3,15.15,52,11.0014,False,False,False,True,True,False,False,False,19,2,11,1,396
0,1,12.3,15.91,52,6.0032,False,False,False,True,True,False,False,False,20,2,11,1,267
0,1,12.3,16.665,56,0.0,False,False,False,True,True,False,False,False,21,2,11,1,213
0,1,11.48,15.91,61,0.0,False,False,False,True,True,False,False,False,22,2,11,1,173
0,1,9.84,12.12,70,8.9981,False,False,False,True,True,False,False,False,23,2,11,1,87
0,1,10.66,15.15,65,0.0,False,False,False,True,False,True,False,False,0,3,11,1,34
0,1,10.66,13.635,65,7.0015,False,False,False,True,False,True,False,False,1,3,11,1,16
0,1,10.66,12.88,70,11.0014,False,False,False,True,False,True,False,False,2,3,11,1,7
0,1,10.66,14.395,70,6.0032,False,False,False,True,False,True,False,False,3,3,11,1,2
0,1,11.48,14.395,65,8.9981,False,False,False,True,False,True,False,False,4,3,11,1,5
0,1,12.3,14.395,61,15.0013,False,False,False,True,False,True,False,False,5,3,11,1,37
0,1,12.3,14.395,65,16.9979,False,False,False,True,False,True,False,False,6,3,11,1,147
0,1,12.3,14.395,65,12.998,False,False,False,True,False,True,False,False,7,3,11,1,410
0,1,12.3,14.395,61,15.0013,False,False,False,True,False,True,False,False,8,3,11,1,646
0,1,13.12,15.91,61,12.998,False,False,False,True,False,True,False,False,9,3,11,1,323
0,1,13.12,16.665,66,8.9981,False,False,False,True,False,True,False,False,10,3,11,1,153
0,1,13.94,16.665,61,8.9981,False,False,False,True,False,True,False,False,11,3,11,1,166
0,1,14.76,18.18,62,7.0015,False,False,False,True,False,True,False,False,12,3,11,1,213
0,1,15.58,19.695,54,7.0015,False,False,False,True,False,True,False,False,13,3,11,1,217
0,1,15.58,19.695,54,11.0014,False,False,False,True,False,True,False,False,14,3,11,1,201
0,1,15.58,19.695,58,11.0014,False,False,False,True,False,True,False,False,15,3,11,1,217
0,1,14.76,17.425,57,12.998,False,False,False,True,False,True,False,False,16,3,11,1,342
0,1,14.76,17.425,57,15.0013,False,False,False,True,False,True,False,False,17,3,11,1,563
0,1,14.76,17.425,57,12.998,False,False,False,True,False,True,False,False,18,3,11,1,573
0,1,13.94,16.665,61,8.9981,False,False,False,True,False,True,False,False,19,3,11,1,386
0,1,13.94,17.425,61,7.0015,False,False,False,True,True,False,False,False,20,3,11,1,285
0,1,13.12,16.665,66,7.0015,False,False,False,True,False,True,False,False,21,3,11,1,224
0,1,13.12,15.91,66,11.0014,False,False,False,True,False,True,False,False,22,3,11,1,153
0,1,13.12,15.91,61,11.0014,False,False,False,True,False,True,False,False,23,3,11,1,125
0,1,13.12,16.665,66,7.0015,False,False,False,True,False,True,False,False,0,4,11,1,65
0,1,12.3,15.91,65,6.0032,False,False,False,True,False,True,False,False,1,4,11,1,21
0,1,12.3,15.15,70,11.0014,False,False,False,True,False,True,False,False,2,4,11,1,9
0,1,12.3,15.15,65,8.9981,False,False,False,True,False,True,False,False,3,4,11,1,6
0,1,12.3,15.91,65,7.0015,False,False,False,True,False,True,False,False,4,4,11,1,5
0,1,12.3,15.91,65,6.0032,False,False,False,True,False,True,False,False,5,4,11,1,36
0,1,12.3,15.91,61,6.0032,False,False,False,True,False,True,False,False,6,4,11,1,130
0,1,12.3,15.15,61,11.0014,False,False,False,True,False,True,False,False,7,4,11,1,367
0,1,13.12,16.665,57,8.9981,False,False,False,True,False,True,False,False,8,4,11,1,711
0,1,13.94,17.425,53,7.0015,False,False,False,True,True,False,False,False,9,4,11,1,351
0,1,13.94,16.665,53,12.998,False,False,False,True,True,False,False,False,10,4,11,1,198
0,1,15.58,19.695,43,15.0013,False,False,False,True,True,False,False,False,11,4,11,1,218
0,1,16.4,20.455,43,19.0012,False,False,False,True,True,False,False,False,12,4,11,1,290
0,1,17.22,21.21,38,12.998,False,False,False,True,True,False,False,False,13,4,11,1,278
0,1,17.22,21.21,35,7.0015,False,False,False,True,True,False,False,False,14,4,11,1,251
0,1,17.22,21.21,38,8.9981,False,False,False,True,True,False,False,False,15,4,11,1,267
0,1,17.22,21.21,35,19.0012,False,False,False,True,True,False,False,False,16,4,11,1,383
0,1,14.76,17.425,46,12.998,False,False,False,True,True,False,False,False,17,4,11,1,580
0,1,13.94,16.665,53,11.0014,False,False,False,True,True,False,False,False,18,4,11,1,505
0,1,14.76,17.425,46,15.0013,False,False,False,True,True,False,False,False,19,4,11,1,332
0,1,14.76,16.665,46,16.9979,False,False,False,True,True,False,False,False,20,4,11,1,227
0,1,13.94,16.665,49,12.998,False,False,False,True,True,False,False,False,21,4,11,1,178
0,1,13.12,15.15,53,16.9979,False,False,False,True,True,False,False,False,22,4,11,1,162
0,1,13.12,15.15,53,15.0013,False,False,False,True,True,False,False,False,23,4,11,1,128
0,0,12.3,15.15,52,11.0014,False,False,False,True,True,False,False,False,0,5,11,1,106
0,0,10.66,12.88,60,12.998,False,False,False,True,True,False,False,False,1,5,11,1,87
0,0,10.66,12.88,65,12.998,False,False,False,True,True,False,False,False,2,5,11,1,49
0,0,10.66,12.88,65,12.998,False,False,False,True,True,False,False,False,3,5,11,1,21
0,0,9.84,11.365,70,12.998,False,False,False,True,True,False,False,False,4,5,11,1,7
0,0,9.84,12.12,70,11.0014,False,False,False,True,True,False,False,False,5,5,11,1,11
0,0,9.84,11.365,70,15.0013,False,False,False,True,True,False,False,False,6,5,11,1,21
0,0,9.84,11.365,70,12.998,False,False,False,True,True,False,False,False,7,5,11,1,78
0,0,10.66,12.88,65,15.0013,False,False,False,True,True,False,False,False,8,5,11,1,168
0,0,13.94,15.91,49,15.0013,False,False,False,True,True,False,False,False,9,5,11,1,248
0,0,14.76,16.665,46,16.9979,False,False,False,True,True,False,False,False,10,5,11,1,320
0,0,15.58,19.695,43,12.998,False,False,False,True,True,False,False,False,11,5,11,1,423
0,0,16.4,20.455,40,11.0014,False,False,False,True,True,False,False,False,12,5,11,1,476
0,0,17.22,21.21,38,16.9979,False,False,False,True,True,False,False,False,13,5,11,1,525
0,0,17.22,21.21,38,12.998,False,False,False,True,True,False,False,False,14,5,11,1,555
0,0,17.22,21.21,35,19.9995,False,False,False,True,True,False,False,False,15,5,11,1,549
0,0,16.4,20.455,40,15.0013,False,False,False,True,True,False,False,False,16,5,11,1,469
0,0,15.58,19.695,40,11.0014,False,False,False,True,True,False,False,False,17,5,11,1,403
0,0,14.76,18.18,50,7.0015,False,False,False,True,True,False,False,False,18,5,11,1,271
0,0,13.94,17.425,53,6.0032,False,False,False,True,True,False,False,False,19,5,11,1,253
0,0,13.94,17.425,66,6.0032,False,False,False,True,False,True,False,False,20,5,11,1,172
0,0,13.12,16.665,57,7.0015,False,False,False,True,False,True,False,False,21,5,11,1,139
0,0,13.12,16.665,57,7.0015,False,False,False,True,False,True,False,False,22,5,11,1,145
0,0,12.3,15.91,70,7.0015,False,False,False,True,False,True,False,False,23,5,11,1,133
0,0,12.3,15.15,70,11.0014,False,False,False,True,False,True,False,False,0,6,11,1,129
0,0,12.3,14.395,70,12.998,False,False,False,True,True,False,False,False,1,6,11,1,95
0,0,11.48,14.395,81,7.0015,False,False,False,True,True,False,False,False,2,6,11,1,73
0,0,12.3,15.15,81,11.0014,False,False,False,True,False,True,False,False,3,6,11,1,46
0,0,12.3,14.395,81,12.998,False,False,False,True,False,True,False,False,4,6,11,1,12
0,0,11.48,14.395,81,8.9981,False,False,False,True,True,False,False,False,5,6,11,1,12
0,0,11.48,13.635,81,11.0014,False,False,False,True,True,False,False,False,6,6,11,1,15
0,0,11.48,13.635,81,12.998,False,False,False,True,True,False,False,False,7,6,11,1,42
0,0,12.3,14.395,75,16.9979,False,False,False,True,True,False,False,False,8,6,11,1,119
0,0,13.12,15.15,70,16.9979,False,False,False,True,True,False,False,False,9,6,11,1,204
0,0,13.94,15.15,66,19.9995,False,False,False,True,True,False,False,False,10,6,11,1,329
0,0,15.58,19.695,62,19.0012,False,False,False,True,True,False,False,False,11,6,11,1,359
0,0,16.4,20.455,62,19.0012,False,False,False,True,True,False,False,False,12,6,11,1,442
0,0,16.4,20.455,62,22.0028,False,False,False,True,True,False,False,False,13,6,11,1,447
0,0,16.4,20.455,62,19.9995,False,False,False,True,True,False,False,False,14,6,11,1,428
0,0,17.22,21.21,54,19.0012,False,False,False,True,True,False,False,False,15,6,11,1,407
0,0,16.4,20.455,62,22.0028,False,False,False,True,False,True,False,False,16,6,11,1,372
0,0,15.58,19.695,66,16.9979,False,False,False,True,False,True,False,False,17,6,11,1,280
0,0,14.76,17.425,66,15.0013,False,False,False,True,True,False,False,False,18,6,11,1,276
0,0,14.76,17.425,66,11.0014,False,False,False,True,True,False,False,False,19,6,11,1,210
0,0,14.76,17.425,66,11.0014,False,False,False,True,True,False,False,False,20,6,11,1,129
0,0,14.76,16.665,66,16.9979,False,False,False,True,True,False,False,False,21,6,11,1,110
0,0,14.76,16.665,66,16.9979,False,False,False,True,False,True,False,False,22,6,11,1,74
0,0,14.76,17.425,66,15.0013,False,False,False,True,True,False,False,False,23,6,11,1,59
0,1,14.76,17.425,66,15.0013,False,False,False,True,True,False,False,False,0,0,11,1,27
0,1,14.76,17.425,66,15.0013,False,False,False,True,False,True,False,False,1,0,11,1,19
0,1,14.76,16.665,66,16.9979,False,False,False,True,False,True,False,False,2,0,11,1,5
0,1,14.76,17.425,66,15.0013,False,False,False,True,False,True,False,False,3,0,11,1,2
0,1,14.76,17.425,66,15.0013,False,False,False,True,False,True,False,False,4,0,11,1,12
0,1,14.76,17.425,66,15.0013,False,False,False,True,False,True,False,False,5,0,11,1,39
0,1,14.76,16.665,66,16.9979,False,False,False,True,False,True,False,False,6,0,11,1,131
0,1,14.76,16.665,66,19.9995,False,False,False,True,False,True,False,False,7,0,11,1,386
0,1,14.76,16.665,66,19.9995,False,False,False,True,False,True,False,False,8,0,11,1,663
0,1,14.76,16.665,66,16.9979,False,False,False,True,False,True,False,False,9,0,11,1,278
0,1,14.76,16.665,66,16.9979,False,False,False,True,False,True,False,False,10,0,11,1,139
0,1,15.58,19.695,66,16.9979,False,False,False,True,False,True,False,False,11,0,11,1,197
0,1,16.4,20.455,62,19.0012,False,False,False,True,False,True,False,False,12,0,11,1,242
0,1,18.04,21.97,54,16.9979,False,False,False,True,True,False,False,False,13,0,11,1,251
0,1,18.04,21.97,54,16.9979,False,False,False,True,True,False,False,False,14,0,11,1,217
0,1,18.04,21.97,54,12.998,False,False,False,True,True,False,False,False,15,0,11,1,257
0,1,17.22,21.21,58,16.9979,False,False,False,True,True,False,False,False,16,0,11,1,380
0,1,17.22,21.21,58,12.998,False,False,False,True,False,True,False,False,17,0,11,1,619
0,1,16.4,20.455,58,16.9979,False,False,False,True,False,True,False,False,18,0,11,1,580
0,1,16.4,20.455,58,19.0012,False,False,False,True,False,True,False,False,19,0,11,1,406
0,1,15.58,19.695,62,16.9979,False,False,False,True,False,True,False,False,20,0,11,1,259
0,1,15.58,19.695,54,15.0013,False,False,False,True,False,True,False,False,21,0,11,1,203
0,1,13.94,17.425,66,7.0015,False,False,False,True,True,False,False,False,22,0,11,1,113
0,1,13.94,17.425,66,7.0015,False,False,False,True,True,False,False,False,23,0,11,1,74
0,0,10.66,15.15,81,0.0,False,False,False,True,True,False,False,False,0,5,12,1,108
0,0,10.66,15.15,81,0.0,False,False,False,True,True,False,False,False,1,5,12,1,69
0,0,10.66,15.15,81,0.0,False,False,False,True,False,True,False,False,2,5,12,1,50
0,0,10.66,13.635,81,8.9981,False,False,False,True,False,True,False,False,3,5,12,1,15
0,0,10.66,14.395,81,6.0032,False,False,False,True,True,False,False,False,4,5,12,1,5
0,0,9.84,12.88,87,6.0032,False,False,False,True,True,False,False,False,5,5,12,1,13
0,0,9.84,12.12,87,8.9981,False,False,False,True,True,False,False,False,6,5,12,1,27
0,0,9.84,12.12,87,8.9981,False,False,False,True,False,True,False,False,7,5,12,1,63
0,0,9.84,12.12,87,8.9981,False,False,False,True,False,True,False,False,8,5,12,1,144
0,0,10.66,12.12,93,16.9979,False,False,False,True,False,True,False,False,9,5,12,1,193
0,0,11.48,13.635,89,11.0014,False,False,False,True,False,True,False,False,10,5,12,1,256
0,0,13.12,16.665,76,7.0015,False,False,False,True,False,True,False,False,11,5,12,1,392
0,0,13.12,16.665,81,6.0032,False,False,False,True,False,True,False,False,12,5,12,1,446
0,0,13.94,18.18,76,0.0,False,False,False,True,False,True,False,False,13,5,12,1,509
0,0,14.76,18.94,71,0.0,False,False,False,True,False,True,False,False,14,5,12,1,479
0,0,16.4,20.455,62,0.0,False,False,False,True,False,True,False,False,15,5,12,1,484
0,0,15.58,19.695,66,0.0,False,False,False,True,False,True,False,False,16,5,12,1,443
0,0,13.94,17.425,76,7.0015,False,False,False,True,False,True,False,False,17,5,12,1,320
0,0,13.94,18.18,76,0.0,False,False,False,True,False,True,False,False,18,5,12,1,297
0,0,13.12,17.425,81,0.0,False,False,False,True,False,True,False,False,19,5,12,1,249
0,0,13.12,17.425,81,0.0,False,False,False,True,True,False,False,False,20,5,12,1,198
0,0,12.3,16.665,87,0.0,False,False,False,True,False,True,False,False,21,5,12,1,158
0,0,12.3,16.665,87,0.0,False,False,False,True,False,True,False,False,22,5,12,1,147
0,0,13.12,17.425,81,0.0,False,False,False,True,False,True,False,False,23,5,12,1,126
0,0,12.3,15.91,87,6.0032,False,False,False,True,False,True,False,False,0,6,12,1,117
0,0,12.3,15.91,87,6.0032,False,False,False,True,False,True,False,False,1,6,12,1,94
0,0,12.3,16.665,87,0.0,False,False,False,True,False,True,False,False,2,6,12,1,74
0,0,10.66,15.15,93,0.0,False,False,False,True,False,True,False,False,3,6,12,1,25
0,0,10.66,15.15,93,0.0,False,False,False,True,False,True,False,False,4,6,12,1,7
0,0,10.66,15.15,93,0.0,False,False,False,True,False,True,False,False,5,6,12,1,8
0,0,9.84,12.12,93,8.9981,False,False,False,True,False,True,False,False,6,6,12,1,16
0,0,9.84,12.12,93,8.9981,False,False,False,True,False,True,False,False,7,6,12,1,31
0,0,10.66,14.395,93,6.0032,False,False,False,True,False,True,False,False,8,6,12,1,93
0,0,11.48,13.635,93,11.0014,False,False,False,True,False,True,False,False,9,6,12,1,172
0,0,12.3,16.665,87,0.0,False,False,False,True,False,True,False,False,10,6,12,1,293
0,0,13.12,15.91,81,11.0014,False,False,False,True,False,True,False,False,11,6,12,1,355
0,0,13.94,16.665,81,11.0014,False,False,False,True,False,True,False,False,12,6,12,1,520
0,0,16.4,20.455,71,15.0013,False,False,False,True,True,False,False,False,13,6,12,1,431
0,0,18.04,21.97,62,16.9979,False,False,False,True,True,False,False,False,14,6,12,1,473
0,0,18.04,21.97,67,8.9981,False,False,False,True,True,False,False,False,15,6,12,1,417
0,0,18.04,21.97,67,7.0015,False,False,False,True,False,True,False,False,16,6,12,1,443
0,0,16.4,20.455,76,12.998,False,False,False,True,False,False,True,False,17,6,12,1,303
0,0,18.04,21.97,72,7.0015,False,False,False,True,False,True,False,False,18,6,12,1,203
0,0,16.4,20.455,82,12.998,False,False,False,True,False,True,False,False,19,6,12,1,174
0,0,17.22,21.21,82,12.998,False,False,False,True,False,True,False,False,20,6,12,1,154
0,0,18.04,21.97,77,15.0013,False,False,False,True,False,True,False,False,21,6,12,1,99
0,0,18.04,21.97,77,12.998,False,False,False,True,False,True,False,False,22,6,12,1,96
0,0,17.22,21.21,82,8.9981,False,False,False,True,False,True,False,False,23,6,12,1,51
0,1,17.22,21.21,82,11.0014,False,False,False,True,False,True,False,False,0,0,12,1,21
0,1,16.4,20.455,82,8.9981,False,False,False,True,True,False,False,False,1,0,12,1,13
0,1,17.22,21.21,77,11.0014,False,False,False,True,True,False,False,False,2,0,12,1,10
0,1,15.58,19.695,87,0.0,False,False,False,True,True,False,False,False,3,0,12,1,8
0,1,14.76,18.94,93,0.0,False,False,False,True,True,False,False,False,4,0,12,1,5
0,1,13.94,17.425,93,6.0032,False,False,False,True,True,False,False,False,5,0,12,1,38
0,1,14.76,18.94,93,0.0,False,False,False,True,True,False,False,False,6,0,12,1,138
0,1,13.94,18.18,93,0.0,False,False,False,True,False,True,False,False,7,0,12,1,396
0,1,14.76,18.94,93,0.0,False,False,False,True,True,False,False,False,8,0,12,1,731
0,1,16.4,20.455,87,6.0032,False,False,False,True,True,False,False,False,9,0,12,1,308
0,1,18.04,21.97,77,8.9981,False,False,False,True,True,False,False,False,10,0,12,1,136
0,1,19.68,23.485,77,8.9981,False,False,False,True,True,False,False,False,11,0,12,1,233
0,1,21.32,25.0,68,11.0014,False,False,False,True,True,False,False,False,12,0,12,1,268
0,1,23.78,27.275,56,6.0032,False,False,False,True,True,False,False,False,13,0,12,1,321
0,1,24.6,31.06,53,0.0,False,False,False,True,True,False,False,False,14,0,12,1,260
0,1,24.6,31.06,56,0.0,False,False,False,True,True,False,False,False,15,0,12,1,268
0,1,24.6,31.06,53,8.9981,False,False,False,True,True,False,False,False,16,0,12,1,442
0,1,21.32,25.0,63,7.0015,False,False,False,True,True,False,False,False,17,0,12,1,708
0,1,20.5,24.24,68,6.0032,False,False,False,True,True,False,False,False,18,0,12,1,692
0,1,20.5,24.24,68,6.0032,False,False,False,True,True,False,False,False,19,0,12,1,471
0,1,18.86,22.725,77,0.0,False,False,False,True,False,True,False,False,20,0,12,1,300
0,1,18.04,21.97,82,12.998,False,False,False,True,True,False,False,False,21,0,12,1,221
0,1,17.22,21.21,82,7.0015,False,False,False,True,True,False,False,False,22,0,12,1,144
0,1,17.22,21.21,82,7.0015,False,False,False,True,True,False,False,False,23,0,12,1,102
0,1,17.22,21.21,88,7.0015,False,False,False,True,True,False,False,False,0,1,12,1,55
0,1,17.22,21.21,82,7.0015,False,False,False,True,True,False,False,False,1,1,12,1,25
0,1,17.22,21.21,88,6.0032,False,False,False,True,True,False,False,False,2,1,12,1,8
0,1,16.4,20.455,87,8.9981,False,False,False,True,False,True,False,False,3,1,12,1,4
0,1,16.4,20.455,87,8.9981,False,False,False,True,False,True,False,False,4,1,12,1,7
0,1,18.04,21.97,88,0.0,False,False,False,True,False,True,False,False,5,1,12,1,46
0,1,14.76,18.94,93,0.0,False,False,False,True,False,True,False,False,6,1,12,1,153
0,1,17.22,21.21,88,8.9981,False,False,False,True,True,False,False,False,7,1,12,1,502
0,1,18.04,21.97,88,11.0014,False,False,False,True,False,True,False,False,8,1,12,1,721
0,1,18.86,22.725,82,7.0015,False,False,False,True,True,False,False,False,9,1,12,1,336
0,1,18.86,22.725,82,12.998,False,False,False,True,True,False,False,False,10,1,12,1,156
0,1,19.68,23.485,77,12.998,False,False,False,True,True,False,False,False,11,1,12,1,207
0,1,21.32,25.0,68,12.998,False,False,False,True,True,False,False,False,12,1,12,1,312
0,1,22.14,25.76,64,11.0014,False,False,False,True,False,True,False,False,13,1,12,1,272
0,1,23.78,27.275,56,15.0013,False,False,False,True,False,True,False,False,14,1,12,1,270
0,1,24.6,31.06,49,16.9979,False,False,False,True,False,True,False,False,15,1,12,1,300
0,1,23.78,27.275,49,19.0012,False,False,False,True,True,False,False,False,16,1,12,1,435
0,1,21.32,25.0,59,15.0013,False,False,False,True,True,False,False,False,17,1,12,1,743
0,1,20.5,24.24,63,15.0013,False,False,False,True,True,False,False,False,18,1,12,1,731
0,1,19.68,23.485,67,15.0013,False,False,False,True,True,False,False,False,19,1,12,1,460
0,1,20.5,24.24,63,15.0013,False,False,False,True,False,True,False,False,20,1,12,1,306
0,1,20.5,24.24,63,16.9979,False,False,False,True,False,True,False,False,21,1,12,1,280
0,1,20.5,24.24,63,19.9995,False,False,False,True,False,True,False,False,22,1,12,1,181
0,1,19.68,23.485,67,16.9979,False,False,False,True,True,False,False,False,23,1,12,1,96
0,1,20.5,24.24,59,19.0012,False,False,False,True,True,False,False,False,0,2,12,1,37
0,1,21.32,25.0,55,22.0028,False,False,False,True,True,False,False,False,1,2,12,1,11
0,1,18.86,22.725,67,11.0014,False,False,False,True,True,False,False,False,2,2,12,1,9
0,1,19.68,23.485,67,8.9981,False,False,False,True,True,False,False,False,3,2,12,1,7
0,1,20.5,24.24,63,30.0026,False,False,False,True,True,False,False,False,4,2,12,1,10
0,1,20.5,24.24,59,19.0012,False,False,False,True,True,False,False,False,5,2,12,1,49
0,1,19.68,23.485,55,26.0027,False,False,False,True,False,False,True,False,6,2,12,1,124
0,1,18.86,22.725,59,19.9995,False,False,False,True,False,False,True,False,7,2,12,1,398
0,1,18.04,21.97,58,19.0012,False,False,False,True,False,True,False,False,8,2,12,1,759
0,1,18.04,21.97,51,15.0013,False,False,False,True,False,True,False,False,9,2,12,1,388
0,1,18.04,21.97,47,23.9994,False,False,False,True,False,True,False,False,10,2,12,1,141
0,1,18.04,21.97,44,19.0012,False,False,False,True,True,False,False,False,11,2,12,1,172
0,1,18.04,21.97,41,19.0012,False,False,False,True,True,False,False,False,12,2,12,1,232
0,1,18.86,22.725,41,19.0012,False,False,False,True,True,False,False,False,13,2,12,1,214
0,1,19.68,23.485,33,32.9975,False,False,False,True,True,False,False,False,14,2,12,1,218
0,1,19.68,23.485,33,19.0012,False,False,False,True,True,False,False,False,15,2,12,1,285
0,1,18.86,22.725,33,19.0012,False,False,False,True,True,False,False,False,16,2,12,1,377
0,1,18.04,21.97,35,19.0012,False,False,False,True,True,False,False,False,17,2,12,1,605
0,1,17.22,21.21,35,30.0026,False,False,False,True,True,False,False,False,18,2,12,1,609
0,1,15.58,19.695,43,23.9994,False,False,False,True,True,False,False,False,19,2,12,1,414
0,1,13.94,15.15,46,26.0027,False,False,False,True,True,False,False,False,20,2,12,1,293
0,1,13.94,15.15,46,27.9993,False,False,False,True,True,False,False,False,21,2,12,1,198
0,1,13.12,14.395,45,26.0027,False,False,False,True,True,False,False,False,22,2,12,1,105
0,1,12.3,13.635,49,26.0027,False,False,False,True,True,False,False,False,23,2,12,1,74
0,1,10.66,12.12,48,19.0012,False,False,False,True,True,False,False,False,0,3,12,1,44
0,1,10.66,12.12,48,19.0012,False,False,False,True,True,False,False,False,1,3,12,1,16
0,1,9.84,10.605,52,19.0012,False,False,False,True,True,False,False,False,2,3,12,1,9
0,1,9.02,11.365,55,12.998,False,False,False,True,True,False,False,False,3,3,12,1,2
0,1,9.02,10.605,55,19.9995,False,False,False,True,True,False,False,False,4,3,12,1,9
0,1,9.02,10.605,55,19.0012,False,False,False,True,True,False,False,False,5,3,12,1,32
0,1,9.02,10.605,55,19.9995,False,False,False,True,True,False,False,False,6,3,12,1,124
0,1,9.02,10.605,51,19.9995,False,False,False,True,True,False,False,False,7,3,12,1,389
0,1,9.02,10.605,51,19.9995,False,False,False,True,True,False,False,False,8,3,12,1,659
0,1,9.84,11.365,48,12.998,False,False,False,True,True,False,False,False,9,3,12,1,276
0,1,9.84,11.365,52,12.998,False,False,False,True,True,False,False,False,10,3,12,1,145
0,1,10.66,12.88,48,11.0014,False,False,False,True,True,False,False,False,11,3,12,1,178
0,1,11.48,15.91,41,0.0,False,False,False,True,True,False,False,False,12,3,12,1,235
0,1,12.3,16.665,39,0.0,False,False,False,True,True,False,False,False,13,3,12,1,245
0,1,12.3,15.91,42,6.0032,False,False,False,True,True,False,False,False,14,3,12,1,212
0,1,13.12,17.425,39,0.0,False,False,False,True,True,False,False,False,15,3,12,1,270
0,1,13.12,17.425,42,0.0,False,False,False,True,True,False,False,False,16,3,12,1,331
0,1,12.3,15.91,45,7.0015,False,False,False,True,True,False,False,False,17,3,12,1,617
0,1,11.48,13.635,45,11.0014,False,False,False,True,True,False,False,False,18,3,12,1,565
0,1,10.66,12.88,60,12.998,False,False,False,True,True,False,False,False,19,3,12,1,373
0,1,9.84,12.88,60,7.0015,False,False,False,True,False,True,False,False,20,3,12,1,227
0,1,9.84,12.12,60,8.9981,False,False,False,True,False,True,False,False,21,3,12,1,191
0,1,9.84,12.12,65,11.0014,False,False,False,True,True,False,False,False,22,3,12,1,133
0,1,9.84,12.12,65,11.0014,False,False,False,True,True,False,False,False,23,3,12,1,93
0,1,9.84,12.88,70,7.0015,False,False,False,True,True,False,False,False,0,4,12,1,48
0,1,9.84,11.365,70,12.998,False,False,False,True,False,True,False,False,1,4,12,1,28
0,1,10.66,13.635,70,8.9981,False,False,False,True,False,True,False,False,2,4,12,1,11
0,1,10.66,12.88,81,12.998,False,False,False,True,False,True,False,False,3,4,12,1,5
0,1,10.66,13.635,75,7.0015,False,False,False,True,True,False,False,False,4,4,12,1,10
0,1,10.66,13.635,81,7.0015,False,False,False,True,False,True,False,False,5,4,12,1,26
0,1,11.48,13.635,75,11.0014,False,False,False,True,False,True,False,False,6,4,12,1,84
0,1,11.48,13.635,81,11.0014,False,False,False,True,False,False,True,False,7,4,12,1,215
0,1,12.3,14.395,75,12.998,False,False,False,True,False,True,False,False,8,4,12,1,441
0,1,12.3,15.15,81,8.9981,False,False,False,True,False,True,False,False,9,4,12,1,301
0,1,13.12,15.91,76,11.0014,False,False,False,True,False,True,False,False,10,4,12,1,166
0,1,13.12,15.91,76,12.998,False,False,False,True,False,True,False,False,11,4,12,1,203
0,1,13.94,16.665,71,12.998,False,False,False,True,False,True,False,False,12,4,12,1,240
0,1,14.76,17.425,66,8.9981,False,False,False,True,False,True,False,False,13,4,12,1,220
0,1,14.76,17.425,71,11.0014,False,False,False,True,False,True,False,False,14,4,12,1,215
0,1,14.76,17.425,71,11.0014,False,False,False,True,False,True,False,False,15,4,12,1,303
0,1,14.76,17.425,76,8.9981,False,False,False,True,True,False,False,False,16,4,12,1,375
0,1,15.58,19.695,66,0.0,False,False,False,True,False,True,False,False,17,4,12,1,568
0,1,15.58,19.695,71,7.0015,False,False,False,True,False,True,False,False,18,4,12,1,498
0,1,15.58,19.695,76,0.0,False,False,False,True,False,True,False,False,19,4,12,1,352
0,1,15.58,19.695,76,7.0015,False,False,False,True,False,False,True,False,20,4,12,1,241
0,1,14.76,18.18,93,7.0015,False,False,False,True,False,True,False,False,21,4,12,1,171
0,1,14.76,18.18,93,6.0032,False,False,False,True,False,True,False,False,22,4,12,1,165
0,1,14.76,18.18,93,6.0032,False,False,False,True,False,True,False,False,23,4,12,1,122
0,0,14.76,18.18,93,6.0032,False,False,False,True,False,True,False,False,0,5,12,1,103
0,0,14.76,17.425,93,8.9981,False,False,False,True,False,True,False,False,1,5,12,1,100
0,0,14.76,17.425,93,8.9981,False,False,False,True,False,True,False,False,2,5,12,1,70
0,0,14.76,18.18,93,7.0015,False,False,False,True,False,True,False,False,3,5,12,1,29
0,0,14.76,18.94,93,0.0,False,False,False,True,False,True,False,False,4,5,12,1,12
0,0,14.76,18.18,93,7.0015,False,False,False,True,False,True,False,False,5,5,12,1,6
0,0,14.76,18.18,93,7.0015,False,False,False,True,False,True,False,False,6,5,12,1,20
0,0,14.76,18.18,100,6.0032,False,False,False,True,False,True,False,False,7,5,12,1,39
0,0,15.58,19.695,94,6.0032,False,False,False,True,False,True,False,False,8,5,12,1,111
0,0,15.58,19.695,94,0.0,False,False,False,True,False,True,False,False,9,5,12,1,170
0,0,16.4,20.455,87,8.9981,False,False,False,True,False,True,False,False,10,5,12,1,287
0,0,16.4,20.455,87,7.0015,False,False,False,True,False,True,False,False,11,5,12,1,404
0,0,16.4,20.455,87,15.0013,False,False,False,True,False,True,False,False,12,5,12,1,486
0,0,16.4,20.455,87,11.0014,False,False,False,True,False,True,False,False,13,5,12,1,547
0,0,16.4,20.455,87,19.0012,False,False,False,True,False,True,False,False,14,5,12,1,542
0,0,17.22,21.21,82,11.0014,False,False,False,True,True,False,False,False,15,5,12,1,541
0,0,17.22,21.21,82,11.0014,False,False,False,True,True,False,False,False,16,5,12,1,507
0,0,15.58,19.695,87,8.9981,False,False,False,True,True,False,False,False,17,5,12,1,345
0,0,16.4,20.455,87,7.0015,False,False,False,True,True,False,False,False,18,5,12,1,304
0,0,16.4,20.455,87,0.0,False,False,False,True,True,False,False,False,19,5,12,1,246
0,0,14.76,18.94,100,0.0,False,False,False,True,False,True,False,False,20,5,12,1,182
0,0,14.76,18.94,100,0.0,False,False,False,True,False,True,False,False,21,5,12,1,209
0,0,15.58,19.695,94,7.0015,False,False,False,True,False,True,False,False,22,5,12,1,160
0,0,16.4,20.455,94,0.0,False,False,False,True,False,True,False,False,23,5,12,1,162
0,0,16.4,20.455,87,8.9981,False,False,False,True,False,True,False,False,0,6,12,1,118
0,0,16.4,20.455,87,7.0015,False,False,False,True,False,True,False,False,1,6,12,1,102
0,0,16.4,20.455,87,7.0015,False,False,False,True,False,True,False,False,2,6,12,1,78
0,0,16.4,20.455,87,7.0015,False,False,False,True,False,True,False,False,3,6,12,1,48
0,0,16.4,20.455,94,7.0015,False,False,False,True,False,True,False,False,4,6,12,1,12
0,0,16.4,20.455,87,7.0015,False,False,False,True,False,True,False,False,5,6,12,1,8
0,0,16.4,20.455,94,7.0015,False,False,False,True,False,False,True,False,6,6,12,1,6
0,0,16.4,20.455,87,15.0013,False,False,False,True,False,False,True,False,7,6,12,1,23
0,0,16.4,20.455,87,11.0014,False,False,False,True,False,False,True,False,8,6,12,1,69
0,0,16.4,20.455,87,16.9979,False,False,False,True,False,True,False,False,9,6,12,1,103
0,0,16.4,20.455,87,19.0012,False,False,False,True,False,True,False,False,10,6,12,1,219
0,0,16.4,20.455,87,19.9995,False,False,False,True,False,True,False,False,11,6,12,1,250
0,0,16.4,20.455,82,19.9995,False,False,False,True,False,True,False,False,12,6,12,1,315
0,0,15.58,19.695,87,19.0012,False,False,False,True,False,True,False,False,13,6,12,1,285
0,0,15.58,19.695,87,12.998,False,False,False,True,False,True,False,False,14,6,12,1,232
0,0,14.76,17.425,93,11.0014,False,False,False,True,False,False,True,False,15,6,12,1,225
0,0,14.76,17.425,93,11.0014,False,False,False,True,False,False,True,False,16,6,12,1,253
0,0,14.76,17.425,93,8.9981,False,False,False,True,False,False,True,False,17,6,12,1,229
0,0,14.76,18.18,93,6.0032,False,False,False,True,False,False,True,False,18,6,12,1,198
0,0,15.58,19.695,94,6.0032,False,False,False,True,False,False,True,False,19,6,12,1,122
0,0,14.76,18.18,100,6.0032,False,False,False,True,False,False,True,False,20,6,12,1,108
0,0,14.76,18.18,100,7.0015,False,False,False,True,False,True,False,False,21,6,12,1,96
0,0,14.76,18.18,93,7.0015,False,False,False,True,False,False,True,False,22,6,12,1,78
0,0,14.76,18.18,100,6.0032,False,False,False,True,False,False,True,False,23,6,12,1,51
0,1,14.76,18.18,100,6.0032,False,False,False,True,False,False,True,False,0,0,12,1,20
0,1,14.76,18.94,100,0.0,False,False,False,True,False,True,False,False,1,0,12,1,4
0,1,15.58,19.695,94,7.0015,False,False,False,True,False,True,False,False,2,0,12,1,5
0,1,15.58,19.695,94,7.0015,False,False,False,True,False,True,False,False,3,0,12,1,4
0,1,15.58,19.695,94,7.0015,False,False,False,True,False,True,False,False,4,0,12,1,12
0,1,15.58,19.695,94,7.0015,False,False,False,True,False,True,False,False,5,0,12,1,27
0,1,15.58,19.695,94,11.0014,False,False,False,True,False,True,False,False,6,0,12,1,123
0,1,15.58,19.695,94,16.9979,False,False,False,True,False,True,False,False,7,0,12,1,294
0,1,17.22,21.21,100,16.9979,False,False,False,True,False,True,False,False,8,0,12,1,584
0,1,17.22,21.21,100,15.0013,False,False,False,True,False,True,False,False,9,0,12,1,284
0,1,18.04,21.97,94,15.0013,False,False,False,True,False,True,False,False,10,0,12,1,133
0,1,18.86,22.725,94,15.0013,False,False,False,True,False,False,True,False,11,0,12,1,134
0,1,18.04,21.97,100,15.0013,False,False,False,True,False,False,True,False,12,0,12,1,173
0,1,18.04,21.97,100,15.0013,False,False,False,True,False,False,True,False,13,0,12,1,220
0,1,20.5,24.24,94,15.0013,False,False,False,True,False,True,False,False,14,0,12,1,210
0,1,20.5,24.24,87,11.0014,False,False,False,True,False,True,False,False,15,0,12,1,236
0,1,20.5,24.24,88,7.0015,False,False,False,True,False,True,False,False,16,0,12,1,345
0,1,19.68,23.485,82,19.0012,False,False,False,True,False,True,False,False,17,0,12,1,616
0,1,18.86,22.725,88,19.0012,False,False,False,True,False,True,False,False,18,0,12,1,564
0,1,21.32,25.0,77,19.0012,False,False,False,True,True,False,False,False,19,0,12,1,427
0,1,18.86,22.725,88,16.9979,False,False,False,True,True,False,False,False,20,0,12,1,300
0,1,18.86,22.725,94,12.998,False,False,False,True,False,True,False,False,21,0,12,1,245
0,1,20.5,24.24,82,15.0013,False,False,False,True,False,True,False,False,22,0,12,1,126
0,1,18.86,22.725,88,16.9979,False,False,False,True,True,False,False,False,23,0,12,1,84
0,1,18.86,22.725,77,31.0009,False,False,False,True,False,False,True,False,0,1,12,1,31
0,1,17.22,21.21,71,30.0026,False,False,False,True,True,False,False,False,1,1,12,1,8
0,1,16.4,20.455,66,22.0028,False,False,False,True,False,True,False,False,2,1,12,1,1
0,1,14.76,16.665,76,19.0012,False,False,False,True,False,False,True,False,3,1,12,1,3
0,1,13.94,15.91,76,19.0012,False,False,False,True,False,True,False,False,4,1,12,1,8
0,1,13.94,15.15,71,22.0028,False,False,False,True,False,False,True,False,5,1,12,1,41
0,1,13.94,15.15,71,19.9995,False,False,False,True,False,True,False,False,6,1,12,1,118
0,1,13.94,15.15,66,27.9993,False,False,False,True,True,False,False,False,7,1,12,1,380
0,1,13.94,15.15,61,19.9995,False,False,False,True,False,True,False,False,8,1,12,1,724
0,1,13.94,15.15,61,26.0027,False,False,False,True,True,False,False,False,9,1,12,1,334
0,1,14.76,16.665,57,22.0028,False,False,False,True,True,False,False,False,10,1,12,1,154
0,1,14.76,16.665,53,23.9994,False,False,False,True,False,True,False,False,11,1,12,1,173
0,1,14.76,15.91,53,30.0026,False,False,False,True,False,True,False,False,12,1,12,1,226
0,1,15.58,19.695,50,15.0013,False,False,False,True,False,True,False,False,13,1,12,1,254
0,1,15.58,19.695,50,15.0013,False,False,False,True,False,True,False,False,14,1,12,1,204
0,1,15.58,19.695,50,15.0013,False,False,False,True,False,True,False,False,15,1,12,1,270
0,1,15.58,19.695,50,15.0013,False,False,False,True,False,True,False,False,16,1,12,1,358
0,1,13.12,15.15,53,15.0013,False,False,False,True,True,False,False,False,17,1,12,1,601
0,1,13.12,15.15,53,15.0013,False,False,False,True,True,False,False,False,18,1,12,1,546
0,1,13.12,15.15,53,15.0013,False,False,False,True,True,False,False,False,19,1,12,1,433
0,1,13.12,15.15,53,15.0013,False,False,False,True,True,False,False,False,20,1,12,1,257
0,1,13.12,15.91,53,12.998,False,False,False,True,True,False,False,False,21,1,12,1,207
0,1,12.3,14.395,56,15.0013,False,False,False,True,True,False,False,False,22,1,12,1,106
0,1,12.3,14.395,52,15.0013,False,False,False,True,True,False,False,False,23,1,12,1,64
0,1,12.3,15.15,52,11.0014,False,False,False,True,True,False,False,False,0,2,12,1,34
0,1,11.48,13.635,61,15.0013,False,False,False,True,True,False,False,False,1,2,12,1,21
0,1,11.48,13.635,56,11.0014,False,False,False,True,True,False,False,False,2,2,12,1,9
0,1,10.66,13.635,60,8.9981,False,False,False,True,True,False,False,False,3,2,12,1,10
0,1,10.66,15.15,60,0.0,False,False,False,True,True,False,False,False,4,2,12,1,4
0,1,10.66,12.88,60,12.998,False,False,False,True,True,False,False,False,5,2,12,1,37
0,1,10.66,12.12,60,16.9979,False,False,False,True,False,True,False,False,6,2,12,1,128
0,1,10.66,12.88,60,12.998,False,False,False,True,False,True,False,False,7,2,12,1,369
0,1,10.66,12.88,65,11.0014,False,False,False,True,False,True,False,False,8,2,12,1,688
0,1,11.48,14.395,61,8.9981,False,False,False,True,False,True,False,False,9,2,12,1,285
0,1,12.3,15.15,56,11.0014,False,False,False,True,False,True,False,False,10,2,12,1,136
0,1,13.12,15.15,49,15.0013,False,False,False,True,False,True,False,False,11,2,12,1,172
0,1,13.94,18.18,42,0.0,False,False,False,True,False,True,False,False,12,2,12,1,232
0,1,13.94,18.18,42,0.0,False,False,False,True,False,True,False,False,13,2,12,1,238
0,1,13.94,18.18,46,0.0,False,False,False,True,False,True,False,False,14,2,12,1,225
0,1,13.94,17.425,46,7.0015,False,False,False,True,False,True,False,False,15,2,12,1,228
0,1,13.94,16.665,46,8.9981,False,False,False,True,False,True,False,False,16,2,12,1,329
0,1,13.12,15.15,53,15.0013,False,False,False,True,False,True,False,False,17,2,12,1,561
0,1,13.12,15.15,49,15.0013,False,False,False,True,False,True,False,False,18,2,12,1,540
0,1,12.3,14.395,56,15.0013,False,False,False,True,False,True,False,False,19,2,12,1,402
0,1,12.3,14.395,52,19.0012,False,False,False,True,True,False,False,False,20,2,12,1,268
0,1,12.3,14.395,52,16.9979,False,False,False,True,False,True,False,False,21,2,12,1,202
0,1,12.3,14.395,52,15.0013,False,False,False,True,False,True,False,False,22,2,12,1,122
0,1,11.48,13.635,56,15.0013,False,False,False,True,False,True,False,False,23,2,12,1,79
0,1,11.48,13.635,52,15.0013,False,False,False,True,False,True,False,False,0,3,12,1,32
0,1,11.48,12.88,52,19.0012,False,False,False,True,False,True,False,False,1,3,12,1,23
0,1,10.66,12.12,56,16.9979,False,False,False,True,False,True,False,False,2,3,12,1,8
0,1,10.66,12.12,56,19.0012,False,False,False,True,False,True,False,False,3,3,12,1,2
0,1,10.66,12.88,56,12.998,False,False,False,True,False,True,False,False,4,3,12,1,8
0,1,10.66,12.88,56,11.0014,False,False,False,True,False,True,False,False,5,3,12,1,33
0,1,10.66,12.12,56,16.9979,False,False,False,True,True,False,False,False,6,3,12,1,114
0,1,9.84,11.365,60,15.0013,False,False,False,True,True,False,False,False,7,3,12,1,385
0,1,9.84,11.365,60,12.998,False,False,False,True,True,False,False,False,8,3,12,1,679
0,1,11.48,13.635,52,16.9979,False,False,False,True,True,False,False,False,9,3,12,1,325
0,1,13.12,15.15,45,19.0012,False,False,False,True,True,False,False,False,10,3,12,1,167
0,1,13.94,15.91,42,16.9979,False,False,False,True,True,False,False,False,11,3,12,1,189
0,1,14.76,16.665,40,16.9979,False,False,False,True,True,False,False,False,12,3,12,1,282
0,1,14.76,17.425,34,12.998,False,False,False,True,True,False,False,False,13,3,12,1,271
0,1,14.76,17.425,34,11.0014,False,False,False,True,True,False,False,False,14,3,12,1,242
0,1,14.76,17.425,34,8.9981,False,False,False,True,True,False,False,False,15,3,12,1,280
0,1,13.94,17.425,39,7.0015,False,False,False,True,True,False,False,False,16,3,12,1,406
0,1,13.12,16.665,42,7.0015,False,False,False,True,True,False,False,False,17,3,12,1,550
0,1,13.12,16.665,42,7.0015,False,False,False,True,True,False,False,False,18,3,12,1,466
0,1,12.3,15.15,45,11.0014,False,False,False,True,True,False,False,False,19,3,12,1,348
0,1,12.3,16.665,45,0.0,False,False,False,True,True,False,False,False,20,3,12,1,241
0,1,11.48,15.91,48,0.0,False,False,False,True,True,False,False,False,21,3,12,1,213
0,1,10.66,14.395,60,6.0032,False,False,False,True,True,False,False,False,22,3,12,1,148
0,1,10.66,15.15,60,0.0,False,False,False,True,True,False,False,False,23,3,12,1,120
0,1,9.02,12.88,64,6.0032,False,False,False,True,True,False,False,False,0,4,12,1,47
0,1,9.02,12.88,69,6.0032,False,False,False,True,True,False,False,False,1,4,12,1,26
0,1,9.02,13.635,69,0.0,False,False,False,True,True,False,False,False,2,4,12,1,9
0,1,8.2,11.365,69,7.0015,False,False,False,True,True,False,False,False,3,4,12,1,12
0,1,8.2,11.365,75,6.0032,False,False,False,True,True,False,False,False,4,4,12,1,10
0,1,8.2,11.365,69,7.0015,False,False,False,True,True,False,False,False,5,4,12,1,34
0,1,6.56,9.09,80,7.0015,False,False,False,True,True,False,False,False,6,4,12,1,113
0,1,8.2,10.605,72,7.0015,False,False,False,True,True,False,False,False,7,4,12,1,308
0,1,8.2,11.365,69,6.0032,False,False,False,True,True,False,False,False,8,4,12,1,636
0,1,9.84,12.12,75,8.9981,False,False,False,True,True,False,False,False,9,4,12,1,343
0,1,10.66,12.88,81,12.998,False,False,False,True,True,False,False,False,10,4,12,1,190
0,1,13.12,15.15,65,12.998,False,False,False,True,True,False,False,False,11,4,12,1,211
0,1,14.76,17.425,50,12.998,False,False,False,True,True,False,False,False,12,4,12,1,273
0,1,14.76,17.425,50,15.0013,False,False,False,True,True,False,False,False,13,4,12,1,313
0,1,16.4,20.455,43,12.998,False,False,False,True,True,False,False,False,14,4,12,1,299
0,1,16.4,20.455,47,11.0014,False,False,False,True,True,False,False,False,15,4,12,1,309
0,1,15.58,19.695,54,12.998,False,False,False,True,True,False,False,False,16,4,12,1,417
0,1,13.94,16.665,57,11.0014,False,False,False,True,True,False,False,False,17,4,12,1,622
0,1,14.76,17.425,46,8.9981,False,False,False,True,True,False,False,False,18,4,12,1,455
0,1,13.94,17.425,53,6.0032,False,False,False,True,True,False,False,False,19,4,12,1,319
0,1,13.12,16.665,61,8.9981,False,False,False,True,True,False,False,False,20,4,12,1,221
0,1,12.3,15.15,75,11.0014,False,False,False,True,True,False,False,False,21,4,12,1,172
0,1,11.48,14.395,75,7.0015,False,False,False,True,True,False,False,False,22,4,12,1,138
0,1,11.48,15.15,75,6.0032,False,False,False,True,True,False,False,False,23,4,12,1,134
0,0,12.3,16.665,70,0.0,False,False,False,True,True,False,False,False,0,5,12,1,94
0,0,10.66,14.395,81,6.0032,False,False,False,True,False,True,False,False,1,5,12,1,95
0,0,10.66,15.15,81,0.0,False,False,False,True,True,False,False,False,2,5,12,1,69
0,0,9.84,14.395,81,0.0,False,False,False,True,False,True,False,False,3,5,12,1,23
0,0,9.84,12.88,87,7.0015,False,False,False,True,False,True,False,False,4,5,12,1,6
0,0,10.66,15.15,75,0.0,False,False,False,True,False,True,False,False,5,5,12,1,3
0,0,9.84,14.395,75,0.0,False,False,False,True,False,True,False,False,6,5,12,1,11
0,0,9.84,12.88,75,6.0032,False,False,False,True,False,True,False,False,7,5,12,1,48
0,0,10.66,14.395,75,6.0032,False,False,False,True,False,True,False,False,8,5,12,1,119
0,0,10.66,13.635,75,7.0015,False,False,False,True,True,False,False,False,9,5,12,1,220
0,0,13.12,15.91,61,11.0014,False,False,False,True,True,False,False,False,10,5,12,1,273
0,0,13.94,17.425,61,6.0032,False,False,False,True,True,False,False,False,11,5,12,1,393
0,0,15.58,19.695,50,6.0032,False,False,False,True,True,False,False,False,12,5,12,1,453
0,0,15.58,19.695,54,16.9979,False,False,False,True,True,False,False,False,13,5,12,1,456
0,0,16.4,20.455,50,11.0014,False,False,False,True,True,False,False,False,14,5,12,1,426
0,0,17.22,21.21,47,0.0,False,False,False,True,True,False,False,False,15,5,12,1,447
0,0,16.4,20.455,50,8.9981,False,False,False,True,True,False,False,False,16,5,12,1,413
0,0,16.4,20.455,50,15.0013,False,False,False,True,True,False,False,False,17,5,12,1,309
0,0,15.58,19.695,58,11.0014,False,False,False,True,True,False,False,False,18,5,12,1,272
0,0,14.76,17.425,62,8.9981,False,False,False,True,True,False,False,False,19,5,12,1,257
0,0,14.76,17.425,57,12.998,False,False,False,True,False,True,False,False,20,5,12,1,201
0,0,14.76,17.425,62,8.9981,False,False,False,True,True,False,False,False,21,5,12,1,184
0,0,14.76,17.425,62,12.998,False,False,False,True,True,False,False,False,22,5,12,1,156
0,0,14.76,17.425,62,8.9981,False,False,False,True,False,True,False,False,23,5,12,1,119
0,0,14.76,18.94,62,0.0,False,False,False,True,False,True,False,False,0,6,12,1,110
0,0,13.94,17.425,76,7.0015,False,False,False,True,False,False,True,False,1,6,12,1,96
0,0,13.94,17.425,87,6.0032,False,False,False,True,False,True,False,False,2,6,12,1,87
0,0,13.94,16.665,87,12.998,False,False,False,True,False,True,False,False,3,6,12,1,38
0,0,13.94,18.18,87,0.0,False,False,False,True,False,True,False,False,4,6,12,1,11
0,0,13.94,18.18,87,0.0,False,False,False,True,False,True,False,False,5,6,12,1,9
0,0,13.94,18.18,87,0.0,False,False,False,True,False,True,False,False,6,6,12,1,6
0,0,13.94,17.425,87,6.0032,False,False,False,True,False,True,False,False,7,6,12,1,27
0,0,14.76,17.425,87,8.9981,False,False,False,True,False,True,False,False,8,6,12,1,88
0,0,14.76,17.425,87,8.9981,False,False,False,True,False,True,False,False,9,6,12,1,132
0,0,14.76,17.425,87,8.9981,False,False,False,True,False,True,False,False,10,6,12,1,257
0,0,14.76,17.425,87,8.9981,False,False,False,True,False,True,False,False,11,6,12,1,295
0,0,15.58,19.695,82,12.998,False,False,False,True,False,True,False,False,12,6,12,1,417
0,0,15.58,19.695,76,12.998,False,False,False,True,False,True,False,False,13,6,12,1,356
0,0,15.58,19.695,76,8.9981,False,False,False,True,False,True,False,False,14,6,12,1,310
0,0,15.58,19.695,82,7.0015,False,False,False,True,False,True,False,False,15,6,12,1,338
0,0,15.58,19.695,82,7.0015,False,False,False,True,False,True,False,False,16,6,12,1,400
0,0,15.58,19.695,82,7.0015,False,False,False,True,False,True,False,False,17,6,12,1,243
0,0,15.58,19.695,82,7.0015,False,False,False,True,False,False,True,False,18,6,12,1,107
0,0,14.76,17.425,93,8.9981,False,False,False,True,True,False,False,False,19,6,12,1,109
0,0,15.58,19.695,82,0.0,False,False,False,True,False,True,False,False,20,6,12,1,122
0,0,14.76,18.94,93,0.0,False,False,False,True,False,True,False,False,21,6,12,1,106
0,0,16.4,20.455,82,12.998,False,False,False,True,False,True,False,False,22,6,12,1,89
0,0,14.76,17.425,93,8.9981,False,False,False,True,False,True,False,False,23,6,12,1,33
0,1,15.58,19.695,87,0.0,False,False,False,True,False,True,False,False,0,0,12,1,28
0,1,15.58,19.695,87,7.0015,False,False,False,True,False,True,False,False,1,0,12,1,15
0,1,15.58,19.695,94,0.0,False,False,False,True,False,True,False,False,2,0,12,1,5
0,1,14.76,18.94,93,0.0,False,False,False,True,False,True,False,False,3,0,12,1,3
0,1,14.76,18.94,100,0.0,False,False,False,True,False,False,True,False,4,0,12,1,5
0,1,15.58,19.695,87,0.0,False,False,False,True,False,True,False,False,5,0,12,1,24
0,1,14.76,17.425,93,8.9981,False,False,False,True,False,True,False,False,6,0,12,1,108
0,1,14.76,17.425,93,8.9981,False,False,False,True,False,True,False,False,7,0,12,1,319
0,1,15.58,19.695,87,7.0015,False,False,False,True,False,True,False,False,8,0,12,1,592
0,1,16.4,20.455,87,0.0,False,False,False,True,False,True,False,False,9,0,12,1,282
0,1,15.58,19.695,87,6.0032,False,False,False,True,False,True,False,False,10,0,12,1,135
0,1,16.4,20.455,87,6.0032,False,False,False,True,False,True,False,False,11,0,12,1,170
0,1,16.4,20.455,87,0.0,False,False,False,True,False,True,False,False,12,0,12,1,232
0,1,16.4,20.455,87,8.9981,False,False,False,True,False,True,False,False,13,0,12,1,210
0,1,16.4,20.455,87,6.0032,False,False,False,True,False,True,False,False,14,0,12,1,181
0,1,17.22,21.21,88,0.0,False,False,False,True,False,True,False,False,15,0,12,1,211
0,1,16.4,20.455,94,16.9979,False,False,False,True,False,False,True,False,16,0,12,1,302
0,1,16.4,20.455,94,16.9979,False,False,False,True,False,True,False,False,17,0,12,1,495
0,1,16.4,20.455,94,6.0032,False,False,False,True,False,True,False,False,18,0,12,1,507
0,1,17.22,21.21,88,8.9981,False,False,False,True,False,True,False,False,19,0,12,1,340
0,1,17.22,21.21,94,16.9979,False,False,False,True,False,True,False,False,20,0,12,1,200
0,1,17.22,21.21,94,8.9981,False,False,False,True,False,True,False,False,21,0,12,1,120
0,1,17.22,21.21,94,8.9981,False,False,False,True,False,True,False,False,22,0,12,1,54
0,1,17.22,21.21,94,15.0013,False,False,False,True,False,False,True,False,23,0,12,1,47
0,1,18.04,21.97,94,8.9981,False,False,False,True,False,True,False,False,0,1,12,1,18
0,1,18.04,21.97,94,8.9981,False,False,False,True,False,True,False,False,1,1,12,1,15
0,1,18.04,21.97,88,15.0013,False,False,False,True,False,True,False,False,2,1,12,1,7
0,1,17.22,21.21,88,12.998,False,False,False,True,True,False,False,False,3,1,12,1,5
0,1,17.22,21.21,82,11.0014,False,False,False,True,True,False,False,False,4,1,12,1,8
0,1,15.58,19.695,87,6.0032,False,False,False,True,True,False,False,False,5,1,12,1,36
0,1,14.76,17.425,93,11.0014,False,False,False,True,True,False,False,False,6,1,12,1,118
0,1,14.76,17.425,93,8.9981,False,False,False,True,True,False,False,False,7,1,12,1,355
0,1,15.58,19.695,94,0.0,False,False,False,True,True,False,False,False,8,1,12,1,662
0,1,16.4,20.455,87,6.0032,False,False,False,True,True,False,False,False,9,1,12,1,326
0,1,18.04,21.97,77,6.0032,False,False,False,True,True,False,False,False,10,1,12,1,184
0,1,19.68,23.485,63,15.0013,False,False,False,True,True,False,False,False,11,1,12,1,269
0,1,19.68,23.485,48,16.9979,False,False,False,True,False,False,True,False,12,1,12,1,313
0,1,20.5,24.24,42,19.0012,False,False,False,True,True,False,False,False,13,1,12,1,286
0,1,18.86,22.725,47,30.0026,False,False,False,True,True,False,False,False,14,1,12,1,247
0,1,18.86,22.725,44,32.9975,False,False,False,True,True,False,False,False,15,1,12,1,246
0,1,18.04,21.97,41,31.0009,False,False,False,True,True,False,False,False,16,1,12,1,363
0,1,16.4,20.455,47,30.0026,False,False,False,True,True,False,False,False,17,1,12,1,572
0,1,15.58,19.695,46,22.0028,False,False,False,True,True,False,False,False,18,1,12,1,525
0,1,15.58,19.695,46,26.0027,False,False,False,True,True,False,False,False,19,1,12,1,353
0,1,14.76,16.665,50,16.9979,False,False,False,True,True,False,False,False,20,1,12,1,268
0,1,14.76,17.425,50,15.0013,False,False,False,True,True,False,False,False,21,1,12,1,168
0,1,13.94,16.665,49,0.0,False,False,False,True,True,False,False,False,22,1,12,1,132
0,1,13.94,17.425,49,6.0032,False,False,False,True,True,False,False,False,23,1,12,1,81
0,1,12.3,15.91,61,0.0,False,False,False,True,True,False,False,False,0,2,12,1,41
0,1,12.3,15.91,65,6.0032,False,False,False,True,True,False,False,False,1,2,12,1,15
0,1,11.48,15.15,65,6.0032,False,False,False,True,True,False,False,False,2,2,12,1,3
0,1,10.66,13.635,75,8.9981,False,False,False,True,True,False,False,False,3,2,12,1,5
0,1,9.84,12.12,75,8.9981,False,False,False,True,True,False,False,False,4,2,12,1,7
0,1,10.66,14.395,75,6.0032,False,False,False,True,True,False,False,False,5,2,12,1,31
0,1,9.84,12.88,75,6.0032,False,False,False,True,True,False,False,False,6,2,12,1,112
0,1,10.66,13.635,75,8.9981,False,False,False,True,True,False,False,False,7,2,12,1,363
0,1,9.84,12.88,87,7.0015,False,False,False,True,True,False,False,False,8,2,12,1,678
0,1,11.48,14.395,75,7.0015,False,False,False,True,True,False,False,False,9,2,12,1,317
0,1,13.12,16.665,70,7.0015,False,False,False,True,True,False,False,False,10,2,12,1,164
0,1,16.4,20.455,54,15.0013,False,False,False,True,True,False,False,False,11,2,12,1,200
0,1,16.4,20.455,54,19.0012,False,False,False,True,True,False,False,False,12,2,12,1,236
0,1,17.22,21.21,50,12.998,False,False,False,True,True,False,False,False,13,2,12,1,213
0,1,17.22,21.21,50,12.998,False,False,False,True,True,False,False,False,14,2,12,1,218
0,1,17.22,21.21,50,19.0012,False,False,False,True,True,False,False,False,15,2,12,1,237
0,1,17.22,21.21,50,23.9994,False,False,False,True,True,False,False,False,16,2,12,1,334
0,1,16.4,20.455,50,26.0027,False,False,False,True,True,False,False,False,17,2,12,1,562
0,1,15.58,19.695,50,23.9994,False,False,False,True,True,False,False,False,18,2,12,1,569
0,1,15.58,19.695,50,26.0027,False,False,False,True,True,False,False,False,19,2,12,1,336
0,1,14.76,17.425,57,15.0013,False,False,False,True,True,False,False,False,20,2,12,1,241
0,1,13.94,15.91,61,15.0013,False,False,False,True,True,False,False,False,21,2,12,1,168
0,1,13.94,17.425,61,6.0032,False,False,False,True,True,False,False,False,22,2,12,1,129
0,1,13.12,16.665,66,8.9981,False,False,False,True,True,False,False,False,23,2,12,1,88
