0,1,2,3,4,5,6,7,8,9,10,11,12,13,14,15,16,17,18,19,20,21,22,23,24,25,26,27,28,29,30,31,32,33,34,35,36,37,38,target
1137,0,0,1980.0,1,1,1,1,0,1,0,2,2,2,2,0,0,0,0,0,0,3,3,7.0,7.0,3.0,1.0,0,0,0,0,30.0,30.0,30.0,30.0,63.0,63.0,63.0,63.0,4292.0
1277,1,0,1980.25,0,0,0,0,1,1,1,2,2,2,2,0,0,0,0,0,2,0,0,16.0,11.0,31.0,7.0,0,0,0,0,35.0,35.0,35.0,35.0,69.0,69.0,69.0,69.0,4820.0
1292,1,0,1980.25,1,1,1,1,0,0,0,2,2,2,2,0,1,1,0,0,0,0,0,5.0,15.0,14.0,14.0,0,0,0,0,41.0,41.0,41.0,41.0,79.0,79.0,79.0,79.0,4538.0
1441,0,0,1980.0,0,0,0,0,0,0,0,2,2,2,2,0,0,0,2,3,0,6,0,3.0,5.0,18.0,13.0,1,0,0,0,24.0,24.0,41.0,41.0,56.0,56.0,78.0,78.0,4522.0
1465,0,1,1980.5,1,1,1,1,1,0,0,2,2,2,2,0,0,0,0,0,0,0,0,11.0,31.0,14.0,14.0,0,0,0,0,8.0,8.0,8.0,8.0,11.0,11.0,11.0,11.0,4247.0
1499,0,0,1980.5,1,1,1,1,0,1,0,2,2,2,2,0,0,0,0,0,0,3,6,10.0,4.0,1.0,24.0,0,0,0,0,32.0,32.0,32.0,32.0,66.0,66.0,66.0,66.0,4434.0
1552,1,0,1980.0,0,0,0,0,1,1,1,2,2,2,2,1,0,0,0,0,0,2,0,13.0,19.0,14.0,3.0,0,0,0,0,14.0,14.0,14.0,14.0,38.0,38.0,38.0,38.0,4475.0
1561,1,0,1980.5,2,2,2,2,1,1,1,2,2,2,2,1,0,0,0,0,2,0,2,6.0,16.0,8.0,12.0,0,0,0,0,35.0,35.0,35.0,35.0,69.0,69.0,69.0,69.0,4178.0
1617,1,0,1980.0,1,1,1,1,0,1,1,1,1,1,1,0,1,0,0,4,6,0,0,0.0,16.0,10.0,6.0,0,0,0,0,18.0,18.0,18.0,18.0,43.0,43.0,43.0,43.0,4949.0
1641,1,0,1979.5,2,2,0,0,1,1,1,1,1,1,1,0,1,0,0,0,0,0,6,18.0,13.0,9.0,15.0,0,0,0,1,22.0,22.0,22.0,22.0,52.0,52.0,52.0,52.0,4528.0
1725,0,0,1980.25,1,1,1,1,1,1,1,2,2,2,2,1,1,0,0,0,0,0,3,8.0,14.0,6.0,2.0,0,0,0,0,40.0,40.0,40.0,40.0,76.0,77.0,77.0,77.0,4414.0
1735,1,0,1979.75,0,1,1,1,1,0,1,2,2,2,2,0,1,0,1,0,0,0,0,13.0,16.0,18.0,12.0,0,0,0,0,41.0,41.0,41.0,41.0,79.0,79.0,79.0,79.0,4512.0
1873,1,0,1980.0,1,1,1,1,1,1,0,3,3,3,3,1,0,1,0,0,0,0,0,14.0,5.0,9.0,13.0,0,0,1,0,26.0,26.0,26.0,26.0,59.0,59.0,59.0,59.0,4395.0
1934,1,1,1980.25,2,0,2,0,0,0,0,0,0,0,0,0,0,0,1,0,4,0,2,10.0,5.0,35.0,14.0,1,0,1,0,11.0,11.0,11.0,11.0,27.0,27.0,27.0,27.0,4541.0
1958,0,0,1979.75,0,2,2,2,1,1,1,3,3,3,3,0,1,1,1,0,0,0,0,8.0,8.0,19.0,16.0,0,0,0,0,6.0,6.0,6.0,6.0,9.0,9.0,9.0,9.0,5062.0
1980,0,0,1980.25,2,0,0,0,1,1,1,2,2,2,2,1,0,1,1,0,0,3,0,5.0,12.0,1.0,18.0,0,0,0,0,15.0,15.0,15.0,15.0,39.0,39.0,39.0,39.0,4444.0
2137,1,0,1980.5,1,0,0,0,0,0,0,2,2,2,2,0,0,0,1,0,6,6,0,8.0,12.0,13.0,8.0,0,0,0,0,21.0,21.0,21.0,21.0,49.0,50.0,50.0,50.0,4039.0
2193,0,1,1980.0,1,1,1,1,0,1,1,2,2,2,2,0,0,0,1,0,0,0,0,8.0,7.0,15.0,13.0,0,0,0,0,4.0,4.0,4.0,4.0,5.0,5.0,5.0,5.0,4131.0
2336,0,0,1980.0,1,1,1,1,0,0,0,2,2,2,2,0,0,0,0,0,6,0,0,4.0,27.0,10.0,4.0,0,0,0,0,16.0,16.0,16.0,16.0,40.0,40.0,40.0,40.0,4436.0
2350,0,0,1980.25,1,1,1,1,0,0,0,3,3,3,3,1,0,0,0,0,0,0,0,7.0,18.0,22.0,8.0,0,0,0,0,6.0,6.0,6.0,6.0,9.0,9.0,9.0,9.0,4332.0
2393,1,0,1979.5,1,1,1,1,1,1,1,3,3,3,3,3,1,1,0,0,0,0,0,12.0,15.0,14.0,36.0,0,0,0,0,7.0,7.0,7.0,7.0,10.0,10.0,10.0,10.0,4860.0
2439,0,0,1980.75,0,0,0,0,1,1,1,2,2,2,2,1,0,0,1,0,3,4,0,4.0,2.0,2.0,13.0,0,0,0,0,42.0,42.0,42.0,42.0,80.0,80.0,80.0,80.0,4756.0
2591,1,0,1980.0,1,1,1,1,1,1,1,1,1,1,1,1,0,1,0,0,0,3,0,18.0,18.0,15.0,5.0,0,0,1,0,17.0,17.0,17.0,17.0,41.0,41.0,41.0,41.0,5009.0
2669,0,1,1980.25,0,0,2,1,1,1,0,0,0,0,0,0,0,0,1,0,4,0,1,12.0,5.0,35.0,9.0,1,0,1,1,11.0,11.0,11.0,11.0,27.0,27.0,27.0,27.0,4535.0
2701,0,0,1980.25,1,1,1,1,1,1,1,1,1,1,1,1,0,0,0,0,0,0,6,14.0,4.0,25.0,21.0,1,0,1,0,11.0,11.0,11.0,11.0,21.0,21.0,21.0,21.0,4164.0
2730,0,0,1980.5,1,1,1,1,1,1,1,2,2,2,2,1,0,1,0,0,0,0,0,13.0,6.0,17.0,10.0,0,0,0,0,6.0,6.0,6.0,6.0,8.0,8.0,8.0,8.0,4490.0
2904,0,0,1979.75,0,2,2,0,1,1,1,2,2,2,2,1,0,0,0,0,3,6,3,5.0,2.0,19.0,1.0,0,0,0,0,19.0,19.0,19.0,19.0,47.0,47.0,47.0,47.0,4544.0
2972,1,1,1980.25,2,2,2,2,0,0,0,2,2,2,2,0,0,0,1,0,0,6,0,13.0,16.0,4.0,14.0,0,0,1,0,8.0,8.0,8.0,8.0,11.0,11.0,11.0,11.0,4011.0
3008,0,0,1980.0,1,1,2,2,1,1,1,2,2,2,2,1,1,1,1,0,0,0,0,5.0,11.0,8.0,16.0,0,0,0,0,12.0,12.0,12.0,12.0,35.0,35.0,34.0,34.0,4512.0
3104,0,1,1980.0,2,2,0,1,0,0,0,0,0,0,0,0,0,0,0,0,3,0,1,10.0,3.0,4.0,15.0,1,0,1,1,11.0,11.0,11.0,11.0,27.0,27.0,27.0,27.0,4516.0
3286,0,1,1979.75,1,1,1,1,1,1,0,0,0,0,0,0,1,0,0,3,0,6,4,2.0,17.0,2.0,3.0,0,1,0,1,11.0,11.0,11.0,11.0,30.0,30.0,30.0,30.0,4262.0
3645,1,0,1980.25,2,2,2,2,1,1,1,2,2,2,2,1,1,0,1,0,3,0,1,5.0,2.0,22.0,10.0,0,0,0,0,15.0,15.0,15.0,15.0,39.0,39.0,39.0,39.0,4527.0
3723,1,0,1980.5,2,2,2,2,1,1,1,2,2,2,2,0,0,0,0,0,0,0,0,12.0,39.0,9.0,16.0,0,0,0,0,9.0,9.0,9.0,9.0,12.0,12.0,12.0,12.0,4860.0
3757,1,1,1980.25,2,0,0,0,0,1,1,0,0,0,0,0,0,0,0,0,4,3,3,11.0,0.0,1.0,3.0,0,1,0,0,18.0,18.0,18.0,18.0,45.0,45.0,45.0,45.0,4713.0
3767,1,0,1979.75,1,1,1,1,1,1,1,2,2,2,2,3,1,1,1,0,0,0,0,8.0,3.0,12.0,14.0,0,0,0,0,41.0,41.0,41.0,41.0,78.0,78.0,78.0,78.0,4770.0
3790,1,0,1980.25,1,1,1,1,0,0,0,2,2,2,2,0,0,3,1,0,2,2,0,2.0,19.0,12.0,3.0,0,0,0,0,15.0,15.0,15.0,15.0,39.0,39.0,39.0,39.0,4793.0
3801,1,1,1980.5,2,0,0,0,0,0,0,0,0,0,0,1,1,1,0,0,0,4,4,22.0,32.0,0.0,0.0,0,1,1,1,11.0,11.0,11.0,11.0,33.0,33.0,33.0,33.0,4267.0
3857,1,1,1980.0,1,1,1,1,0,0,0,0,0,0,0,0,0,0,0,0,0,0,0,14.0,4.0,14.0,8.0,0,0,0,0,11.0,11.0,11.0,11.0,32.0,32.0,32.0,32.0,4056.0
3869,1,0,1980.25,2,1,1,1,1,1,1,1,1,1,1,0,0,0,1,0,0,0,0,7.0,9.0,15.0,18.0,0,0,0,0,4.0,4.0,4.0,4.0,4.0,4.0,4.0,4.0,4569.0
3953,1,1,1980.0,0,2,2,2,0,0,0,2,2,2,2,1,1,0,0,0,0,0,4,15.0,16.0,31.0,0.0,0,0,1,0,5.0,5.0,5.0,5.0,7.0,7.0,7.0,7.0,4260.0
4042,0,1,1980.5,1,1,1,1,1,1,1,1,1,1,1,0,0,0,0,0,0,6,0,11.0,4.0,28.0,11.0,1,0,0,0,11.0,11.0,11.0,11.0,23.0,23.0,23.0,23.0,4511.0
4063,0,0,1980.0,1,1,2,2,1,0,1,2,2,2,2,0,1,1,0,0,0,0,0,20.0,6.0,8.0,11.0,0,0,0,0,36.0,36.0,36.0,36.0,71.0,71.0,72.0,72.0,4221.0
4464,1,0,1980.0,0,2,2,2,1,1,1,2,2,2,2,0,0,1,1,4,0,0,2,0.0,10.0,27.0,19.0,0,0,0,0,33.0,33.0,33.0,33.0,67.0,67.0,67.0,67.0,4524.0
4569,0,1,1980.5,1,0,1,1,0,1,1,1,1,1,1,0,0,1,1,1,4,6,0,13.0,2.0,10.0,10.0,0,1,1,1,11.0,11.0,11.0,11.0,24.0,24.0,24.0,24.0,4409.0
4618,1,0,1979.5,0,0,0,0,1,1,1,2,2,2,2,0,0,1,0,0,0,0,0,20.0,19.0,19.0,22.0,0,0,0,0,31.0,31.0,31.0,31.0,64.0,64.0,64.0,64.0,4649.0
4778,0,0,1980.5,1,1,1,1,1,1,1,2,2,2,2,0,0,0,0,0,0,0,4,15.0,8.0,7.0,1.0,0,0,0,0,32.0,32.0,32.0,32.0,66.0,66.0,66.0,66.0,5120.0
4828,0,0,1980.25,0,2,2,2,1,1,1,2,2,2,2,1,1,0,0,0,1,0,0,10.0,10.0,13.0,30.0,0,0,0,0,1.0,1.0,1.0,1.0,1.0,1.0,1.0,1.0,4795.0
4844,1,1,1980.25,2,0,0,1,0,0,0,0,0,0,0,1,1,0,0,0,0,4,0,22.0,19.0,2.0,29.0,0,0,0,1,11.0,11.0,11.0,11.0,33.0,33.0,33.0,33.0,3966.0
4913,0,0,1980.0,0,2,2,2,1,1,1,2,2,2,2,0,0,0,0,0,2,0,2,16.0,16.0,8.0,12.0,0,0,0,0,35.0,35.0,35.0,35.0,69.0,69.0,69.0,69.0,4553.0
4943,1,1,1980.0,0,1,1,1,0,0,0,0,0,0,0,0,0,1,1,0,3,0,0,6.0,13.0,33.0,18.0,1,1,1,1,11.0,11.0,11.0,11.0,19.0,19.0,19.0,19.0,4292.0
4958,0,0,1980.25,2,0,0,0,1,0,0,2,2,2,2,1,1,0,0,0,0,0,4,8.0,11.0,19.0,3.0,0,0,0,0,24.0,24.0,24.0,24.0,57.0,57.0,57.0,57.0,4422.0
5019,1,1,1980.5,0,1,1,1,1,1,0,0,0,0,0,0,1,0,0,0,0,6,4,10.0,17.0,2.0,3.0,1,1,0,1,11.0,11.0,11.0,11.0,30.0,30.0,30.0,30.0,4434.0
5102,0,0,1980.25,1,1,1,1,1,1,1,2,2,2,2,1,1,1,1,0,0,0,0,8.0,10.0,18.0,11.0,0,0,1,0,24.0,24.0,24.0,24.0,57.0,57.0,57.0,57.0,4387.0
5164,0,0,1980.25,2,0,0,0,1,1,1,1,1,1,1,1,1,0,1,0,0,0,1,14.0,5.0,23.0,9.0,0,0,0,0,12.0,12.0,12.0,12.0,36.0,36.0,36.0,36.0,4235.0
5227,0,0,1980.5,2,2,2,2,0,0,0,2,2,2,2,1,0,0,1,0,0,0,0,12.0,21.0,14.0,9.0,0,0,0,0,41.0,41.0,41.0,41.0,79.0,79.0,79.0,79.0,4571.0
5415,0,0,1979.75,1,1,1,1,1,0,0,3,3,3,3,0,0,0,0,3,0,0,0,1.0,12.0,6.0,14.0,0,0,0,0,27.0,27.0,27.0,27.0,60.0,60.0,60.0,60.0,4686.0
5565,0,0,1980.25,2,2,2,2,1,1,1,2,2,2,2,0,1,0,1,0,0,3,0,10.0,9.0,2.0,15.0,0,0,0,0,34.0,34.0,34.0,34.0,68.0,68.0,68.0,68.0,4259.0
5599,1,0,1980.0,1,1,1,1,1,1,1,2,2,2,2,1,0,0,1,0,0,0,0,13.0,6.0,20.0,19.0,0,0,0,0,6.0,6.0,6.0,6.0,8.0,8.0,8.0,8.0,4244.0
5613,0,0,1980.25,1,1,1,1,0,0,0,2,2,2,2,1,0,0,0,0,0,4,0,9.0,5.0,0.0,15.0,0,0,0,0,9.0,9.0,9.0,9.0,12.0,12.0,12.0,12.0,4371.0
5659,0,0,1980.5,2,2,2,2,1,1,1,2,2,2,2,1,0,0,0,0,4,0,4,13.0,0.0,16.0,1.0,0,0,0,0,40.0,40.0,40.0,40.0,76.0,77.0,77.0,77.0,4409.0
5899,0,1,1980.5,2,1,1,0,0,0,0,0,0,0,0,0,1,0,1,0,0,0,2,20.0,17.0,5.0,14.0,1,0,0,0,11.0,11.0,11.0,11.0,27.0,27.0,27.0,27.0,4463.0
5951,0,0,1980.0,2,2,2,2,1,1,1,2,2,2,2,1,1,1,0,0,0,0,0,5.0,23.0,20.0,9.0,0,0,0,0,12.0,12.0,12.0,12.0,34.0,34.0,34.0,34.0,4768.0
6065,0,0,1980.0,2,0,2,2,0,0,0,2,2,2,2,1,0,1,1,0,0,4,0,10.0,15.0,13.0,7.0,0,0,0,0,36.0,36.0,36.0,36.0,72.0,72.0,72.0,72.0,4857.0
6251,0,1,1980.5,1,2,2,1,0,0,0,0,0,0,0,0,0,1,0,0,3,0,0,5.0,1.0,12.0,29.0,0,1,0,1,11.0,11.0,11.0,11.0,29.0,29.0,29.0,33.0,4223.0
6280,1,0,1979.75,2,0,0,1,1,1,1,2,2,2,2,0,0,1,1,0,0,0,0,9.0,20.0,11.0,4.0,0,0,0,0,21.0,21.0,21.0,21.0,49.0,49.0,49.0,49.0,5127.0
6313,0,0,1980.5,1,1,0,0,1,1,1,2,2,2,2,1,0,0,0,0,0,0,0,6.0,12.0,26.0,17.0,0,0,0,0,29.0,29.0,29.0,29.0,62.0,62.0,62.0,62.0,4588.0
6393,0,0,1979.5,0,2,2,2,0,0,0,2,2,2,2,1,0,1,1,0,0,0,0,8.0,8.0,14.0,4.0,1,0,0,0,32.0,32.0,32.0,32.0,66.0,66.0,66.0,66.0,4260.0
6556,1,0,1980.25,1,1,1,1,0,0,0,2,2,2,2,3,1,1,1,0,0,0,0,8.0,3.0,12.0,14.0,0,0,0,0,41.0,41.0,41.0,41.0,78.0,78.0,78.0,78.0,4102.0
6592,1,0,1980.0,0,2,2,2,1,1,1,2,2,2,2,0,0,0,0,0,4,0,4,2.0,0.0,16.0,1.0,0,0,0,0,40.0,40.0,40.0,40.0,76.0,77.0,77.0,77.0,4468.0
6607,0,1,1980.0,0,2,2,0,0,0,0,0,0,0,0,0,1,0,0,0,2,0,0,11.0,24.0,11.0,20.0,0,1,0,0,11.0,11.0,11.0,11.0,22.0,22.0,22.0,22.0,4700.0
6801,0,1,1980.0,2,0,0,2,0,0,0,0,0,0,0,0,0,0,1,0,3,0,1,7.0,1.0,12.0,14.0,0,0,1,1,11.0,11.0,11.0,11.0,22.0,22.0,22.0,22.0,4352.0
6824,1,0,1979.75,1,1,1,1,1,1,1,2,2,2,2,0,0,0,0,0,0,0,0,7.0,7.0,20.0,20.0,0,0,0,0,30.0,30.0,30.0,30.0,63.0,63.0,63.0,63.0,4723.0
6990,0,1,1980.25,0,0,0,0,0,0,0,0,1,1,1,0,0,0,0,4,0,6,0,0.0,4.0,4.0,7.0,0,0,1,1,11.0,11.0,11.0,11.0,31.0,20.0,20.0,20.0,4094.0
7005,0,0,1980.25,1,1,1,1,1,1,1,2,2,2,2,0,1,1,1,0,0,6,0,21.0,4.0,29.0,11.0,0,0,1,0,24.0,24.0,24.0,24.0,56.0,56.0,56.0,56.0,4452.0
7015,1,1,1979.75,0,0,0,1,0,0,0,0,0,0,0,0,0,0,0,4,0,6,0,0.0,14.0,32.0,29.0,0,0,1,1,11.0,11.0,11.0,11.0,31.0,31.0,31.0,33.0,4259.0
7033,0,1,1980.5,2,2,2,2,1,1,1,3,3,3,3,1,1,1,1,0,0,0,0,12.0,14.0,18.0,36.0,0,0,0,0,7.0,7.0,7.0,7.0,10.0,10.0,10.0,10.0,4252.0
7079,1,0,1979.75,1,1,1,1,0,1,0,2,2,2,2,1,0,0,1,0,0,1,0,12.0,8.0,33.0,12.0,0,0,0,0,42.0,42.0,42.0,42.0,80.0,80.0,80.0,80.0,4314.0
7104,0,0,1980.0,2,0,2,2,0,1,1,2,2,2,2,1,0,0,0,0,6,6,4,20.0,12.0,5.0,3.0,0,0,0,0,3.0,3.0,3.0,3.0,3.0,3.0,3.0,3.0,4655.0
7136,1,0,1980.0,2,0,0,0,1,1,1,2,2,2,2,1,0,0,0,0,0,0,0,5.0,6.0,12.0,14.0,0,0,0,0,12.0,12.0,12.0,12.0,34.0,34.0,34.0,34.0,5028.0
7311,0,1,1980.0,2,0,0,0,1,0,0,1,1,1,1,0,0,0,0,3,0,6,0,1.0,4.0,4.0,7.0,1,0,1,1,11.0,11.0,11.0,11.0,20.0,20.0,20.0,20.0,4351.0
7350,0,0,1979.75,2,2,2,2,0,0,0,2,2,2,2,1,0,0,0,0,0,0,6,9.0,20.0,19.0,2.0,0,0,0,0,31.0,31.0,31.0,31.0,65.0,65.0,65.0,65.0,4429.0
7367,1,0,1979.75,1,1,1,1,1,1,1,1,1,1,1,0,0,1,0,0,0,0,3,5.0,9.0,9.0,6.0,0,0,0,0,25.0,25.0,25.0,25.0,58.0,58.0,58.0,58.0,4425.0
7447,0,1,1979.75,1,1,1,1,0,0,0,1,1,1,1,0,0,0,0,0,3,3,3,3.0,1.0,2.0,3.0,0,0,0,0,18.0,18.0,18.0,18.0,44.0,44.0,44.0,44.0,4358.0
7504,0,1,1980.0,1,1,1,1,0,0,0,0,0,0,0,0,1,0,0,3,3,0,4,1.0,21.0,5.0,2.0,0,0,0,1,11.0,11.0,11.0,11.0,26.0,26.0,26.0,26.0,4091.0
7520,1,0,1980.0,0,0,0,0,1,1,1,2,2,2,2,0,1,0,0,3,0,0,4,2.0,11.0,19.0,3.0,0,0,0,0,24.0,24.0,24.0,24.0,57.0,57.0,57.0,57.0,4091.0
7581,1,2,1980.25,2,0,0,0,1,1,1,1,1,1,1,0,1,0,1,0,6,0,0,17.0,22.0,20.0,19.0,0,0,1,0,18.0,18.0,18.0,18.0,43.0,43.0,43.0,43.0,4939.0
7610,0,0,1980.5,2,2,2,2,1,1,1,2,2,2,2,1,0,1,1,0,0,1,0,13.0,3.0,11.0,4.0,0,0,0,0,23.0,23.0,23.0,23.0,55.0,55.0,55.0,55.0,4127.0
7713,0,0,1980.0,2,0,0,0,0,0,0,2,2,2,2,1,0,1,0,0,0,0,0,9.0,8.0,9.0,24.0,0,0,0,0,31.0,31.0,31.0,31.0,65.0,65.0,65.0,65.0,4347.0
7831,1,1,1979.75,1,1,1,1,0,1,1,0,0,0,0,0,1,0,0,3,3,0,4,1.0,21.0,5.0,2.0,0,0,0,1,11.0,11.0,11.0,11.0,26.0,26.0,26.0,26.0,4087.0
7855,1,1,1980.0,2,2,2,2,1,1,1,1,1,1,1,0,0,1,1,0,4,0,0,7.0,4.0,19.0,19.0,0,0,0,1,22.0,22.0,22.0,22.0,54.0,54.0,54.0,54.0,4328.0
7901,1,0,1980.25,1,1,1,1,1,1,1,2,2,2,2,0,1,1,0,0,2,0,0,4.0,26.0,9.0,5.0,0,0,0,0,5.0,5.0,5.0,5.0,7.0,7.0,7.0,7.0,4393.0
7945,0,0,1980.5,2,0,0,1,1,1,1,2,2,2,2,0,0,1,1,0,0,0,0,9.0,20.0,11.0,4.0,0,0,0,0,21.0,21.0,21.0,21.0,49.0,49.0,49.0,49.0,4274.0
8025,1,0,1980.5,0,2,2,2,1,1,0,2,2,2,2,0,0,1,1,4,0,0,2,0.0,10.0,27.0,19.0,0,0,0,0,33.0,33.0,33.0,33.0,67.0,67.0,67.0,67.0,4506.0
8118,0,1,1979.75,1,1,1,1,1,1,1,2,2,2,2,0,1,1,1,3,0,6,0,3.0,4.0,29.0,11.0,0,0,1,0,24.0,24.0,24.0,24.0,56.0,56.0,56.0,56.0,4348.0
8150,0,1,1979.75,0,0,0,0,0,0,1,0,0,0,0,1,1,1,1,0,6,0,0,15.0,3.0,30.0,22.0,1,0,1,0,11.0,11.0,11.0,11.0,26.0,26.0,26.0,26.0,4224.0
8205,0,0,1980.25,0,1,1,1,1,1,1,2,2,2,2,1,0,1,0,0,3,2,2,13.0,2.0,14.0,16.0,0,0,0,1,23.0,23.0,23.0,23.0,55.0,55.0,55.0,55.0,4220.0
8304,1,1,1980.0,0,0,0,0,1,0,0,0,0,0,0,1,0,1,1,4,0,0,0,3.0,14.0,13.0,19.0,1,1,0,1,22.0,22.0,22.0,22.0,53.0,53.0,53.0,53.0,4445.0
8374,1,0,1979.75,0,2,2,2,1,1,1,2,2,2,2,0,0,0,0,0,0,0,0,10.0,9.0,8.0,15.0,0,0,0,0,30.0,30.0,30.0,30.0,63.0,63.0,63.0,63.0,4704.0
8587,1,1,1980.5,2,0,0,0,0,0,0,0,0,0,0,0,0,1,1,0,3,0,0,6.0,2.0,9.0,26.0,0,0,0,1,11.0,11.0,11.0,11.0,16.0,16.0,16.0,16.0,4116.0
8636,0,0,1980.25,2,1,1,1,1,1,1,1,1,1,1,0,0,0,1,0,3,3,0,18.0,13.0,2.0,6.0,0,0,0,0,22.0,22.0,22.0,22.0,52.0,52.0,52.0,52.0,4295.0
8716,1,1,1980.25,2,0,0,1,0,0,0,0,0,0,0,0,1,0,0,3,0,4,6,1.0,21.0,2.0,22.0,1,0,0,0,11.0,11.0,11.0,11.0,14.0,14.0,14.0,14.0,4444.0
8729,1,0,1979.5,0,2,2,2,1,1,1,1,1,1,1,0,3,0,0,0,0,0,6,15.0,11.0,12.0,29.0,0,0,0,0,12.0,12.0,12.0,12.0,36.0,36.0,36.0,36.0,4070.0
8753,0,0,1980.0,0,2,2,2,0,0,0,2,2,2,2,0,0,0,0,0,0,0,0,10.0,9.0,15.0,15.0,0,0,0,0,30.0,30.0,30.0,30.0,63.0,63.0,63.0,63.0,4445.0
8903,1,1,1980.75,1,1,1,1,0,0,0,0,0,0,0,0,1,0,0,4,0,6,0,9.0,9.0,2.0,8.0,1,1,1,1,11.0,11.0,11.0,11.0,22.0,22.0,22.0,22.0,4404.0
9037,0,0,1980.25,0,0,0,0,1,0,0,2,2,2,2,0,0,1,1,0,0,3,0,4.0,12.0,1.0,18.0,0,0,0,0,15.0,15.0,15.0,15.0,39.0,39.0,39.0,39.0,4965.0
9085,1,1,1980.25,1,1,1,1,1,1,1,1,1,1,1,0,1,0,0,0,2,0,0,16.0,14.0,16.0,9.0,1,0,1,0,22.0,22.0,22.0,22.0,51.0,51.0,51.0,51.0,4507.0
9117,1,0,1980.25,0,0,0,0,0,0,0,2,2,2,2,0,0,1,1,0,0,3,0,4.0,12.0,1.0,18.0,0,0,0,0,15.0,15.0,15.0,15.0,39.0,39.0,39.0,39.0,4144.0
9137,1,0,1980.0,1,1,1,1,0,0,0,2,2,2,2,1,0,0,0,0,0,4,0,9.0,5.0,0.0,15.0,0,0,0,0,9.0,9.0,9.0,9.0,12.0,12.0,12.0,12.0,4561.0
9168,0,1,1980.0,2,2,2,2,0,1,1,1,1,1,1,0,0,0,1,3,4,0,1,1.0,2.0,9.0,28.0,1,1,0,0,11.0,11.0,11.0,11.0,20.0,20.0,20.0,20.0,4664.0
9199,1,0,1980.0,0,0,0,0,0,0,0,2,2,2,2,0,0,1,1,0,0,3,0,4.0,12.0,1.0,18.0,0,0,0,0,15.0,15.0,15.0,15.0,39.0,39.0,39.0,39.0,4909.0
9211,1,1,1980.5,1,1,1,1,0,0,0,1,1,1,1,0,0,1,0,0,4,0,4,12.0,1.0,11.0,8.0,1,1,0,0,11.0,11.0,11.0,11.0,25.0,25.0,25.0,25.0,4999.0
9247,1,0,1980.0,0,0,0,0,1,1,1,2,2,2,2,0,0,0,1,0,0,0,0,11.0,4.0,18.0,6.0,0,0,0,0,31.0,31.0,31.0,31.0,64.0,64.0,64.0,64.0,4111.0
9471,0,0,1980.0,0,2,2,2,1,1,0,2,2,2,2,1,0,0,0,0,0,0,6,12.0,20.0,19.0,2.0,0,0,0,0,31.0,31.0,31.0,31.0,65.0,65.0,65.0,65.0,5065.0
9542,1,0,1979.75,1,1,1,1,1,1,1,2,2,2,2,0,0,1,0,0,2,0,0,4.0,18.0,4.0,5.0,0,0,0,0,5.0,5.0,5.0,5.0,7.0,7.0,7.0,7.0,4690.0
9681,1,0,1980.0,1,1,1,1,1,1,1,2,2,2,2,0,1,1,1,3,0,0,0,1.0,10.0,18.0,11.0,0,0,1,0,24.0,24.0,24.0,24.0,57.0,57.0,57.0,57.0,4257.0
9719,1,1,1979.75,0,2,2,2,0,0,0,2,2,2,2,0,0,0,1,1,0,0,0,10.0,9.0,23.0,15.0,0,0,0,0,34.0,34.0,34.0,34.0,68.0,68.0,68.0,68.0,4311.0
9744,0,0,1980.0,2,0,0,0,1,0,0,2,2,2,2,0,0,0,1,0,0,3,0,3.0,12.0,2.0,5.0,0,0,0,0,32.0,32.0,32.0,32.0,66.0,66.0,66.0,66.0,4656.0
9777,0,1,1980.0,1,1,1,1,1,1,1,2,2,2,2,0,0,1,0,0,6,0,0,12.0,6.0,15.0,13.0,0,0,0,0,21.0,21.0,21.0,21.0,50.0,50.0,49.0,49.0,4623.0
9790,0,0,1980.25,1,1,1,1,1,1,1,1,1,1,1,1,0,1,0,0,0,0,3,8.0,6.0,9.0,6.0,0,0,0,0,25.0,25.0,25.0,25.0,58.0,58.0,58.0,58.0,4429.0
9851,0,1,1980.5,2,0,0,0,1,1,1,1,1,1,1,0,0,0,1,0,6,2,0,21.0,0.0,22.0,26.0,1,1,0,0,11.0,11.0,11.0,11.0,23.0,23.0,23.0,23.0,4693.0
9984,0,1,1980.0,0,2,2,0,0,0,0,0,0,0,0,0,1,0,0,3,2,0,0,1.0,24.0,11.0,20.0,1,1,0,0,11.0,11.0,11.0,11.0,22.0,22.0,22.0,22.0,4243.0
10023,1,0,1979.75,1,1,1,1,1,1,1,2,2,2,2,0,0,0,0,0,0,6,0,6.0,13.0,14.0,18.0,0,0,0,0,35.0,35.0,35.0,35.0,69.0,69.0,69.0,69.0,4444.0
10044,0,0,1980.25,2,2,2,2,0,0,0,2,2,2,2,0,1,0,1,0,0,0,1,9.0,11.0,7.0,17.0,0,1,0,0,21.0,21.0,21.0,21.0,49.0,49.0,49.0,49.0,4379.0
10225,1,1,1980.0,0,2,2,2,0,0,0,0,0,0,0,0,0,0,1,0,3,3,1,12.0,1.0,1.0,11.0,0,1,0,1,18.0,18.0,18.0,18.0,45.0,45.0,45.0,45.0,4214.0
10329,1,0,1980.5,0,0,0,0,1,1,1,1,1,1,1,0,1,1,1,0,0,0,0,8.0,8.0,22.0,15.0,0,0,0,0,4.0,4.0,4.0,4.0,4.0,4.0,4.0,4.0,4420.0
10492,0,0,1980.25,1,1,1,1,1,1,0,2,2,2,2,0,0,1,0,0,3,2,2,15.0,2.0,14.0,16.0,0,0,0,1,23.0,23.0,23.0,23.0,55.0,55.0,55.0,55.0,4409.0
10622,0,0,1980.25,0,2,2,2,1,1,1,2,2,2,2,1,1,1,0,0,0,0,0,17.0,15.0,20.0,9.0,0,0,0,0,12.0,12.0,12.0,12.0,34.0,34.0,34.0,34.0,4659.0
10697,1,1,1980.5,2,1,1,2,0,1,0,0,0,0,0,0,1,0,1,0,0,4,1,6.0,30.0,3.0,13.0,1,1,0,1,11.0,11.0,11.0,11.0,26.0,26.0,26.0,26.0,4166.0
10749,1,0,1980.25,2,2,0,0,0,0,0,2,2,2,2,0,1,1,0,0,0,0,0,9.0,11.0,15.0,9.0,0,1,0,0,21.0,21.0,30.0,30.0,49.0,49.0,63.0,63.0,4399.0
11005,0,0,1980.25,1,1,1,1,0,0,0,2,2,2,2,0,0,0,0,0,0,0,0,7.0,7.0,20.0,20.0,0,0,0,0,30.0,30.0,30.0,30.0,63.0,63.0,63.0,63.0,4547.0
11254,1,0,1979.75,0,2,2,2,1,1,1,2,2,2,2,0,0,1,1,3,0,0,1,1.0,18.0,15.0,15.0,0,0,0,0,40.0,40.0,40.0,40.0,76.0,77.0,77.0,77.0,4134.0
11351,1,0,1979.75,0,0,0,1,1,1,1,2,2,2,2,0,0,1,1,0,0,0,0,11.0,20.0,11.0,4.0,0,0,0,0,21.0,21.0,21.0,21.0,49.0,49.0,49.0,49.0,4525.0
11521,0,0,1980.0,0,2,2,2,1,1,1,2,2,2,2,0,1,0,1,0,0,0,1,11.0,11.0,7.0,17.0,0,1,0,0,21.0,21.0,21.0,21.0,49.0,49.0,49.0,49.0,4625.0
11527,1,0,1979.75,0,0,0,0,1,1,1,2,2,2,2,1,0,0,0,0,0,4,3,5.0,12.0,2.0,1.0,0,0,0,0,19.0,19.0,19.0,19.0,47.0,47.0,47.0,47.0,4329.0
11553,0,0,1980.0,2,2,2,2,1,1,1,2,2,2,2,0,0,0,1,0,0,6,0,13.0,16.0,4.0,14.0,0,0,1,0,8.0,8.0,8.0,8.0,11.0,11.0,11.0,11.0,5373.0
11585,0,0,1980.0,1,1,1,1,0,0,0,2,2,2,2,1,0,0,0,0,0,0,0,13.0,6.0,20.0,10.0,0,0,0,0,6.0,6.0,6.0,6.0,8.0,8.0,8.0,8.0,4611.0
11658,0,1,1980.5,0,0,0,2,0,0,0,0,0,0,0,0,0,0,1,0,3,0,1,24.0,1.0,12.0,14.0,1,0,1,1,11.0,11.0,11.0,11.0,22.0,22.0,22.0,22.0,4375.0
11703,1,0,1979.75,1,1,1,1,1,1,1,1,1,1,1,1,0,1,1,0,2,0,0,7.0,19.0,17.0,17.0,0,0,0,0,12.0,12.0,12.0,12.0,36.0,36.0,36.0,36.0,4327.0
11817,1,0,1979.5,1,2,1,1,1,1,1,2,2,2,2,1,1,0,0,0,1,0,3,8.0,10.0,6.0,2.0,0,0,0,0,40.0,1.0,40.0,40.0,76.0,1.0,77.0,77.0,4683.0
11962,1,0,1980.5,2,0,0,0,1,1,1,1,1,1,1,0,0,0,0,0,4,0,0,17.0,0.0,8.0,22.0,0,0,0,0,25.0,25.0,25.0,25.0,58.0,58.0,58.0,58.0,4447.0
12059,1,0,1980.5,1,1,1,1,1,1,1,2,2,2,2,0,1,1,1,0,0,0,1,15.0,11.0,14.0,10.0,0,0,0,0,23.0,23.0,23.0,23.0,55.0,55.0,55.0,55.0,4181.0
12077,1,0,1980.25,2,0,0,0,1,1,1,2,2,2,2,1,0,0,0,0,4,0,0,13.0,0.0,20.0,28.0,0,0,0,0,40.0,40.0,40.0,40.0,76.0,77.0,77.0,77.0,4311.0
12169,0,1,1980.5,1,1,1,1,0,0,0,0,0,0,0,0,0,0,1,3,0,0,0,2.0,38.0,10.0,29.0,1,1,1,1,11.0,11.0,11.0,11.0,16.0,16.0,16.0,16.0,4229.0
12183,1,0,1979.75,1,1,1,1,1,1,1,2,2,2,2,1,1,0,0,0,0,0,3,8.0,14.0,6.0,2.0,0,0,0,0,40.0,40.0,40.0,40.0,76.0,77.0,77.0,77.0,4512.0
12215,1,0,1979.75,2,0,0,0,1,1,1,2,2,2,2,1,0,0,1,0,0,6,0,10.0,8.0,10.0,13.0,0,0,1,0,36.0,36.0,36.0,36.0,72.0,72.0,72.0,72.0,5030.0
12241,1,0,1980.0,1,1,1,1,1,1,1,2,2,2,2,0,1,1,0,0,2,0,2,4.0,26.0,9.0,23.0,0,0,0,0,5.0,5.0,5.0,5.0,7.0,7.0,7.0,7.0,4378.0
12430,0,0,1980.25,1,1,1,1,1,1,1,2,2,2,2,1,1,0,1,0,0,0,0,4.0,8.0,18.0,12.0,0,0,0,0,30.0,30.0,30.0,30.0,63.0,63.0,63.0,63.0,4630.0
12490,1,0,1980.5,2,2,2,2,1,1,1,2,2,2,2,0,0,0,0,0,0,0,0,12.0,39.0,9.0,16.0,0,0,0,0,9.0,9.0,9.0,9.0,12.0,12.0,12.0,12.0,5037.0
12654,1,0,1980.25,0,0,0,1,1,1,1,2,2,2,2,1,0,0,0,0,0,4,0,5.0,12.0,2.0,34.0,0,0,0,0,19.0,19.0,19.0,19.0,47.0,47.0,47.0,47.0,4075.0
12794,1,0,1980.5,0,2,2,2,1,1,1,3,3,3,3,0,1,1,1,0,0,0,0,3.0,14.0,18.0,36.0,0,0,0,0,7.0,7.0,7.0,7.0,10.0,10.0,10.0,10.0,4537.0
12829,0,1,1980.25,0,0,0,0,0,0,0,0,0,0,0,1,1,1,1,0,6,0,0,15.0,3.0,30.0,22.0,1,0,1,0,11.0,11.0,11.0,11.0,26.0,26.0,26.0,26.0,4215.0
12858,1,0,1980.5,0,0,0,0,0,0,0,2,2,2,2,0,0,0,0,4,0,3,6,0.0,7.0,1.0,7.0,0,0,0,0,33.0,33.0,33.0,33.0,67.0,67.0,67.0,67.0,4168.0
13003,0,1,1980.5,2,1,1,1,0,0,0,0,0,0,0,0,0,0,0,0,0,0,0,3.0,6.0,28.0,11.0,1,0,1,0,11.0,11.0,11.0,11.0,15.0,15.0,15.0,15.0,4256.0
13046,1,0,1979.75,2,2,2,2,1,1,0,1,1,2,2,1,3,1,1,0,0,0,0,14.0,11.0,8.0,16.0,0,0,0,0,12.0,12.0,12.0,12.0,36.0,36.0,34.0,34.0,4346.0
13179,0,0,1980.5,2,0,2,2,1,1,1,2,2,2,2,1,0,0,0,0,0,0,0,8.0,19.0,6.0,17.0,0,0,0,0,14.0,14.0,14.0,14.0,38.0,38.0,38.0,38.0,4515.0
13270,0,0,1979.75,0,2,2,2,0,0,0,2,2,2,2,0,0,0,2,3,0,4,1,2.0,5.0,3.0,12.0,0,0,0,0,16.0,16.0,16.0,16.0,40.0,40.0,40.0,40.0,4557.0
13370,0,0,1980.5,0,0,0,0,1,1,1,2,2,2,2,1,0,0,0,0,0,0,0,17.0,6.0,12.0,14.0,0,0,0,0,12.0,12.0,12.0,12.0,34.0,34.0,34.0,34.0,4500.0
13649,1,1,1980.0,2,0,0,0,0,1,1,0,0,0,0,1,0,0,0,3,3,3,6,24.0,2.0,1.0,3.0,0,0,0,0,11.0,11.0,11.0,11.0,30.0,30.0,30.0,30.0,4327.0
13670,0,0,1979.75,2,0,0,0,0,1,0,2,2,2,2,1,0,1,0,0,3,0,4,21.0,1.0,12.0,3.0,0,0,0,0,16.0,16.0,16.0,16.0,40.0,40.0,40.0,40.0,4476.0
13694,1,1,1980.25,1,1,1,1,0,0,0,0,0,0,0,0,0,0,1,3,0,0,0,2.0,38.0,10.0,29.0,1,1,1,1,11.0,11.0,11.0,11.0,16.0,16.0,16.0,16.0,4266.0
13705,1,0,1979.5,1,1,1,1,1,1,1,1,1,1,1,1,0,1,0,0,0,3,0,18.0,20.0,15.0,5.0,0,0,1,0,17.0,17.0,17.0,17.0,41.0,41.0,41.0,41.0,4895.0
13722,1,0,1979.5,1,1,1,1,1,1,1,2,2,2,2,1,1,0,0,0,0,0,3,8.0,14.0,6.0,2.0,0,0,0,0,40.0,40.0,40.0,40.0,76.0,77.0,77.0,77.0,4404.0
13772,1,0,1980.25,0,1,1,1,1,1,1,1,1,1,1,0,0,0,1,0,0,3,0,12.0,8.0,1.0,8.0,0,0,0,0,18.0,18.0,18.0,18.0,46.0,46.0,46.0,46.0,4368.0
13791,0,1,1980.0,2,2,2,2,0,1,0,2,2,2,2,3,0,0,0,0,0,0,0,12.0,9.0,8.0,15.0,0,0,0,0,30.0,30.0,30.0,30.0,63.0,63.0,63.0,63.0,4455.0
14406,1,1,1980.75,1,1,1,1,0,0,0,0,0,0,0,0,1,0,0,0,0,6,0,3.0,9.0,2.0,8.0,1,1,1,1,11.0,11.0,11.0,11.0,22.0,22.0,22.0,22.0,4599.0
14447,0,0,1980.0,1,1,1,1,1,1,1,2,2,2,2,0,1,1,0,3,0,0,0,1.0,15.0,11.0,18.0,0,0,0,0,24.0,24.0,24.0,24.0,57.0,57.0,57.0,57.0,4239.0
14510,1,0,1980.25,0,2,2,2,1,1,1,2,2,2,2,0,0,0,0,0,0,0,0,10.0,9.0,8.0,15.0,0,0,0,0,30.0,30.0,30.0,30.0,63.0,63.0,63.0,63.0,4892.0
14575,0,0,1980.0,1,1,1,1,1,1,1,2,2,2,2,1,0,0,0,0,0,4,0,9.0,5.0,0.0,15.0,0,0,0,0,9.0,9.0,9.0,9.0,12.0,12.0,12.0,12.0,4599.0
14583,0,0,1979.75,2,1,1,1,1,1,1,2,2,2,2,0,1,1,0,0,0,6,3,15.0,4.0,35.0,2.0,0,0,0,0,19.0,19.0,19.0,19.0,47.0,47.0,47.0,47.0,4552.0
14606,1,0,1980.25,2,2,2,2,1,1,1,2,2,2,2,0,0,0,1,0,0,6,0,13.0,16.0,4.0,14.0,0,0,1,0,8.0,8.0,8.0,8.0,11.0,11.0,11.0,11.0,4825.0
14636,1,0,1980.25,2,2,2,2,1,1,1,2,2,2,2,1,0,0,0,0,0,0,6,9.0,20.0,19.0,2.0,0,0,0,0,31.0,31.0,31.0,31.0,65.0,65.0,65.0,65.0,4551.0
14678,1,1,1979.75,1,1,1,1,0,0,0,0,0,0,0,0,1,0,0,3,0,6,4,2.0,17.0,2.0,3.0,0,1,0,1,11.0,11.0,11.0,11.0,30.0,30.0,30.0,30.0,4229.0
14911,1,0,1980.0,0,2,2,2,1,1,1,1,1,1,1,1,0,1,1,2,4,6,0,15.0,3.0,15.0,21.0,0,0,0,0,17.0,17.0,17.0,17.0,41.0,41.0,41.0,41.0,4598.0
15035,0,0,1980.5,0,0,0,1,0,0,0,2,2,2,2,0,0,0,0,0,0,0,0,16.0,10.0,26.0,15.0,0,0,0,1,29.0,29.0,29.0,29.0,62.0,62.0,62.0,62.0,4037.0
15169,1,0,1980.0,0,0,1,1,0,1,0,2,2,2,2,0,0,0,0,0,6,0,6,8.0,12.0,16.0,6.0,0,0,0,0,3.0,3.0,3.0,3.0,3.0,3.0,3.0,3.0,4643.0
15246,1,0,1979.25,0,2,2,2,1,1,1,3,3,3,3,0,1,1,1,4,0,0,0,0.0,12.0,13.0,7.0,0,0,0,0,26.0,26.0,26.0,26.0,59.0,59.0,59.0,59.0,4895.0
15345,1,0,1979.0,2,0,0,0,1,1,1,2,2,2,2,0,0,1,0,0,0,0,0,5.0,4.0,19.0,22.0,0,0,0,0,31.0,31.0,31.0,31.0,64.0,64.0,64.0,64.0,4355.0
15390,1,0,1980.25,1,1,1,1,1,1,1,2,2,2,2,0,1,1,1,3,0,6,0,3.0,4.0,29.0,11.0,0,0,1,0,24.0,24.0,24.0,24.0,56.0,56.0,56.0,56.0,4317.0
15408,1,0,1980.0,2,0,0,0,1,1,1,2,2,2,2,0,1,0,0,0,0,0,0,13.0,11.0,25.0,4.0,0,0,0,0,8.0,8.0,8.0,8.0,11.0,11.0,11.0,11.0,4930.0
15500,1,0,1980.25,0,1,1,1,1,1,1,2,2,2,2,1,1,1,0,0,0,6,3,5.0,4.0,35.0,2.0,0,0,0,0,19.0,19.0,19.0,19.0,47.0,47.0,47.0,47.0,4149.0
15738,1,0,1980.5,0,0,0,0,1,1,1,2,2,2,2,0,0,0,0,4,2,0,2,0.0,7.0,18.0,21.0,0,0,0,0,5.0,5.0,5.0,5.0,7.0,7.0,7.0,7.0,4598.0
15761,1,0,1980.0,1,1,1,1,0,0,0,1,1,1,1,0,0,1,0,0,4,0,4,12.0,1.0,11.0,8.0,1,1,0,0,11.0,11.0,11.0,11.0,25.0,25.0,25.0,25.0,4305.0
15793,0,0,1980.0,2,2,2,2,1,0,0,2,2,2,2,0,0,0,0,0,3,6,4,15.0,2.0,19.0,0.0,0,0,0,0,19.0,19.0,19.0,19.0,47.0,47.0,47.0,47.0,4259.0
15918,1,0,1980.25,0,2,2,2,1,1,1,2,2,2,2,1,1,1,1,0,0,4,0,12.0,7.0,13.0,7.0,0,0,0,0,36.0,36.0,36.0,36.0,72.0,72.0,72.0,72.0,4549.0
16039,1,0,1979.75,0,0,1,1,1,1,1,3,3,3,3,0,1,1,0,0,0,0,4,3.0,3.0,22.0,0.0,0,0,0,0,7.0,7.0,7.0,7.0,10.0,10.0,10.0,10.0,4884.0
16151,1,0,1979.75,2,2,2,2,1,1,1,2,2,2,2,0,1,0,1,1,0,0,0,9.0,16.0,31.0,5.0,0,0,1,0,5.0,5.0,5.0,5.0,7.0,7.0,7.0,7.0,4400.0
16209,0,0,1980.0,0,0,0,0,1,1,1,2,2,2,2,0,1,0,0,3,0,0,0,1.0,13.0,6.0,8.0,0,0,0,0,40.0,40.0,40.0,40.0,76.0,77.0,77.0,77.0,4391.0
16278,1,0,1979.75,1,1,1,1,0,0,0,2,2,2,2,0,1,1,0,3,3,0,0,2.0,2.0,15.0,14.0,0,0,0,0,12.0,12.0,12.0,12.0,34.0,34.0,34.0,34.0,4281.0
16543,1,1,1980.0,2,0,0,2,0,0,0,0,0,0,0,0,0,0,0,0,4,0,0,20.0,5.0,4.0,4.0,1,0,1,0,11.0,11.0,11.0,11.0,27.0,27.0,27.0,27.0,4134.0
16561,1,0,1980.0,1,1,1,1,0,0,0,1,1,1,1,0,0,0,0,0,0,0,0,12.0,21.0,4.0,18.0,1,0,0,1,11.0,11.0,11.0,11.0,25.0,25.0,25.0,25.0,4608.0
16619,1,0,1980.5,1,1,1,1,1,1,0,2,2,2,2,0,1,0,0,0,0,0,2,16.0,7.0,10.0,18.0,0,0,0,0,36.0,36.0,36.0,36.0,72.0,72.0,72.0,72.0,4713.0
16720,0,0,1980.0,0,2,2,2,1,1,1,1,1,1,1,0,3,0,0,0,0,0,6,15.0,11.0,12.0,29.0,0,0,0,0,12.0,12.0,12.0,12.0,36.0,36.0,36.0,36.0,4154.0
16735,1,1,1980.0,0,2,2,2,1,0,0,0,0,0,0,0,0,0,1,0,3,3,1,12.0,1.0,1.0,11.0,0,1,0,1,18.0,18.0,18.0,18.0,45.0,45.0,45.0,45.0,4718.0
16778,0,0,1980.5,1,1,1,1,0,0,0,2,2,2,2,1,1,1,0,0,0,0,0,6.0,12.0,14.0,10.0,0,0,0,0,36.0,36.0,36.0,36.0,72.0,72.0,72.0,72.0,4668.0
16827,0,0,1980.5,2,0,0,0,1,1,1,2,2,2,2,1,0,1,0,0,0,0,0,11.0,16.0,11.0,19.0,0,0,0,0,39.0,39.0,39.0,39.0,75.0,75.0,75.0,75.0,4214.0
16875,0,1,1980.5,0,0,2,1,1,1,1,0,0,0,0,0,1,0,0,4,0,0,1,0.0,25.0,16.0,15.0,1,0,1,1,11.0,11.0,11.0,11.0,27.0,27.0,27.0,27.0,4055.0
16983,1,0,1979.75,2,1,1,1,1,1,1,2,2,2,2,3,0,0,0,0,0,3,3,12.0,7.0,3.0,1.0,0,0,0,0,30.0,30.0,30.0,30.0,63.0,63.0,63.0,63.0,4635.0
17035,1,1,1980.5,1,0,2,2,0,0,0,1,1,1,1,1,0,0,1,0,0,0,0,20.0,5.0,12.0,18.0,0,1,1,0,11.0,11.0,11.0,11.0,17.0,17.0,17.0,17.0,4159.0
17201,0,0,1980.0,2,0,1,1,1,1,1,2,2,2,2,0,0,1,0,0,0,0,0,9.0,20.0,15.0,13.0,0,0,0,0,21.0,21.0,21.0,21.0,49.0,49.0,49.0,49.0,4250.0
17217,1,0,1980.0,2,2,2,2,1,1,1,2,2,2,2,1,0,0,0,0,4,0,4,13.0,0.0,16.0,1.0,0,0,0,0,40.0,40.0,40.0,40.0,76.0,77.0,77.0,77.0,4219.0
17404,0,0,1980.25,0,2,2,2,1,1,1,2,2,2,2,1,0,0,1,0,0,0,0,8.0,8.0,13.0,4.0,1,0,0,0,32.0,32.0,32.0,32.0,66.0,66.0,66.0,66.0,4518.0
17421,1,0,1980.25,0,2,2,2,1,0,0,1,1,1,1,1,0,1,1,0,4,0,0,13.0,4.0,19.0,19.0,0,0,0,1,22.0,22.0,22.0,22.0,54.0,54.0,54.0,54.0,4589.0
17441,1,0,1980.0,2,1,1,1,1,1,1,2,2,2,2,0,0,1,1,0,0,6,0,7.0,21.0,39.0,6.0,0,0,0,1,24.0,24.0,24.0,24.0,56.0,56.0,56.0,56.0,4569.0
17691,1,0,1980.5,0,0,0,1,1,1,1,2,2,2,2,0,0,1,1,0,0,0,0,11.0,20.0,11.0,4.0,0,0,0,0,21.0,21.0,21.0,21.0,49.0,49.0,49.0,49.0,4785.0
17718,1,1,1979.75,1,1,0,0,1,1,1,1,1,1,1,0,1,1,1,0,0,0,0,11.0,12.0,13.0,26.0,1,1,0,0,11.0,11.0,11.0,11.0,23.0,23.0,23.0,23.0,4533.0
17930,1,0,1980.5,2,2,2,2,1,1,1,2,2,2,2,1,0,0,0,0,2,0,2,6.0,16.0,8.0,12.0,0,0,0,0,35.0,35.0,35.0,35.0,69.0,69.0,69.0,69.0,4684.0
17946,0,1,1979.5,2,2,2,2,0,0,0,3,3,3,3,0,0,0,1,0,0,1,0,17.0,7.0,12.0,19.0,0,1,0,0,2.0,2.0,2.0,2.0,2.0,2.0,2.0,2.0,4264.0
17980,1,1,1980.25,0,0,0,0,0,0,0,0,0,0,0,1,0,0,1,0,0,6,0,7.0,14.0,32.0,26.0,0,0,1,1,11.0,11.0,11.0,11.0,28.0,31.0,31.0,31.0,4102.0
18070,0,1,1979.75,1,0,1,1,0,0,0,0,0,0,0,0,0,1,1,0,4,0,0,21.0,9.0,12.0,21.0,1,1,1,1,11.0,11.0,11.0,11.0,15.0,15.0,15.0,15.0,4277.0
18144,0,0,1980.0,1,1,1,1,0,0,0,2,2,2,2,1,0,0,0,0,0,0,0,6.0,15.0,5.0,31.0,0,0,0,0,15.0,15.0,15.0,15.0,39.0,39.0,39.0,39.0,4411.0
18269,1,0,1980.25,0,2,2,2,0,0,1,2,2,2,2,0,0,1,1,0,0,0,1,2.0,18.0,15.0,15.0,0,0,0,0,40.0,40.0,40.0,40.0,76.0,77.0,77.0,77.0,4581.0
18369,0,0,1980.0,0,0,0,0,1,1,1,1,1,1,1,0,0,0,1,0,0,6,0,0.0,16.0,12.0,19.0,0,0,0,1,11.0,11.0,11.0,11.0,17.0,17.0,17.0,17.0,4586.0
18518,1,0,1979.75,2,0,0,0,1,1,1,2,2,2,2,1,0,0,0,0,2,0,0,6.0,11.0,31.0,7.0,0,0,0,0,35.0,35.0,35.0,35.0,69.0,69.0,69.0,69.0,4496.0
18545,1,0,1980.0,1,1,1,1,0,0,0,2,2,2,2,1,0,0,0,0,0,1,3,12.0,8.0,33.0,2.0,0,0,0,0,42.0,42.0,42.0,42.0,80.0,80.0,80.0,80.0,4063.0
18575,1,0,1980.0,1,1,1,1,1,0,1,2,2,2,2,1,1,1,1,0,0,0,0,13.0,14.0,17.0,19.0,0,0,0,0,6.0,6.0,6.0,6.0,8.0,8.0,8.0,8.0,4532.0
18665,1,0,1980.5,0,2,2,2,1,1,1,2,2,2,2,0,0,1,1,3,0,0,1,1.0,18.0,15.0,15.0,0,0,0,0,40.0,40.0,40.0,40.0,76.0,77.0,77.0,77.0,4494.0
18686,1,0,1980.25,1,2,2,2,1,1,1,1,1,1,1,0,1,0,1,0,0,0,0,16.0,20.0,12.0,18.0,1,0,0,0,22.0,22.0,22.0,22.0,51.0,51.0,51.0,51.0,4187.0
18726,0,1,1979.75,2,2,2,2,0,0,0,0,0,0,0,1,0,1,0,0,3,0,4,17.0,1.0,12.0,2.0,0,1,0,0,11.0,11.0,11.0,11.0,29.0,29.0,29.0,29.0,4481.0
18782,0,0,1980.25,1,1,1,1,1,1,1,1,1,1,1,1,0,0,1,0,0,3,0,12.0,4.0,1.0,24.0,0,0,0,1,22.0,22.0,22.0,22.0,54.0,54.0,54.0,54.0,4445.0
18845,0,1,1980.25,0,0,0,0,0,0,0,0,0,0,0,0,0,0,0,0,4,3,3,12.0,0.0,1.0,3.0,0,1,0,0,18.0,18.0,18.0,18.0,45.0,45.0,45.0,45.0,4188.0
18923,0,0,1980.5,1,1,1,1,1,1,1,2,2,2,2,0,1,1,1,0,0,2,0,8.0,13.0,15.0,17.0,0,0,0,0,21.0,21.0,21.0,21.0,49.0,49.0,49.0,49.0,4199.0
18991,1,0,1980.0,1,1,1,1,1,1,1,3,3,3,3,0,0,0,1,0,0,0,0,14.0,18.0,12.0,19.0,0,0,0,0,6.0,6.0,6.0,6.0,9.0,9.0,9.0,9.0,4435.0
19177,1,0,1980.5,1,1,1,1,0,0,0,3,3,3,3,0,0,0,0,0,0,0,0,14.0,18.0,22.0,8.0,0,0,0,0,6.0,6.0,6.0,6.0,9.0,9.0,9.0,9.0,4664.0
19249,1,1,1980.0,0,2,0,2,0,0,0,0,0,0,0,0,0,0,1,3,0,0,1,1.0,27.0,12.0,14.0,1,1,1,1,11.0,11.0,11.0,11.0,22.0,22.0,22.0,22.0,4118.0
19612,1,0,1980.25,1,1,1,1,1,1,1,1,1,1,1,1,0,1,1,0,2,0,0,7.0,19.0,17.0,17.0,0,0,0,0,12.0,12.0,12.0,12.0,36.0,36.0,36.0,36.0,4156.0
19702,0,1,1979.75,0,0,0,0,1,1,1,3,3,3,3,0,1,0,1,4,0,3,0,0.0,8.0,1.0,7.0,0,0,0,0,26.0,26.0,26.0,26.0,59.0,59.0,59.0,59.0,4459.0
19718,0,0,1979.75,0,2,2,2,1,1,1,2,2,2,2,0,1,0,1,0,0,3,0,19.0,11.0,2.0,15.0,0,0,0,0,37.0,37.0,37.0,37.0,73.0,73.0,73.0,73.0,4598.0
19883,0,0,1980.5,0,0,0,0,1,1,1,2,2,2,2,0,0,0,0,0,4,0,0,8.0,0.0,9.0,8.0,0,0,0,0,4.0,4.0,4.0,4.0,5.0,5.0,5.0,5.0,4081.0
20016,0,0,1980.0,0,2,2,2,1,1,1,2,2,2,2,0,1,0,1,0,6,0,1,8.0,20.0,11.0,13.0,0,0,0,0,3.0,3.0,3.0,3.0,3.0,3.0,3.0,3.0,4676.0
20088,1,0,1979.75,2,2,2,2,1,1,1,2,2,2,2,1,1,0,0,0,0,0,0,8.0,11.0,6.0,7.0,0,0,1,0,24.0,24.0,24.0,24.0,57.0,57.0,57.0,57.0,4313.0
20109,0,0,1980.25,2,0,0,2,1,1,1,2,2,2,2,0,0,0,0,0,0,3,0,13.0,12.0,2.0,13.0,0,0,0,0,32.0,32.0,32.0,32.0,66.0,66.0,66.0,66.0,4687.0
20203,0,0,1980.5,0,2,2,2,0,0,0,2,2,2,2,0,0,0,1,1,0,0,0,10.0,9.0,23.0,15.0,0,0,0,0,34.0,34.0,34.0,34.0,68.0,68.0,68.0,68.0,4749.0
20427,1,0,1979.5,2,2,2,2,0,0,0,2,2,2,2,1,1,1,0,0,1,0,4,13.0,12.0,6.0,16.0,0,0,0,1,42.0,42.0,42.0,42.0,80.0,80.0,80.0,80.0,4368.0
20459,1,1,1980.5,0,0,1,1,0,0,0,1,1,1,1,0,0,1,1,0,4,6,0,6.0,2.0,10.0,10.0,0,1,1,1,11.0,11.0,11.0,11.0,24.0,24.0,24.0,24.0,4132.0
20526,0,0,1980.25,0,2,2,2,0,1,0,2,2,2,2,1,1,0,0,0,0,0,4,15.0,9.0,8.0,0.0,0,0,0,0,5.0,5.0,5.0,5.0,7.0,7.0,7.0,7.0,4683.0
20603,0,1,1980.5,2,2,2,2,0,0,0,0,0,0,0,0,0,0,0,3,4,0,4,1.0,17.0,10.0,0.0,1,1,1,0,11.0,11.0,11.0,11.0,14.0,14.0,14.0,14.0,4147.0
20711,0,0,1979.75,1,1,1,1,0,0,1,2,2,2,2,2,0,1,0,1,4,0,0,8.0,1.0,8.0,9.0,0,0,0,0,14.0,14.0,14.0,14.0,38.0,38.0,38.0,38.0,4543.0
20731,0,0,1980.5,0,2,2,2,1,1,1,2,2,2,2,0,1,0,1,1,0,3,0,10.0,9.0,2.0,19.0,0,0,0,0,34.0,34.0,34.0,34.0,68.0,68.0,68.0,68.0,4730.0
20753,1,0,1980.0,1,1,1,1,0,0,0,2,2,2,2,0,0,0,0,0,0,0,0,2.0,15.0,5.0,31.0,0,0,0,0,15.0,15.0,15.0,15.0,39.0,39.0,39.0,39.0,4268.0
20764,1,0,1980.25,0,2,2,2,0,0,0,3,3,3,3,0,0,1,1,0,0,0,0,5.0,10.0,19.0,16.0,0,0,0,0,6.0,6.0,6.0,6.0,9.0,9.0,9.0,9.0,4311.0
21100,0,0,1980.25,0,2,2,2,1,1,1,2,2,2,2,1,1,0,0,0,1,0,0,10.0,10.0,13.0,30.0,0,0,0,0,1.0,1.0,1.0,1.0,1.0,1.0,1.0,1.0,4602.0
21121,1,1,1980.0,2,1,1,1,0,0,0,3,3,3,3,0,0,1,1,0,0,0,0,17.0,12.0,16.0,9.0,0,0,0,0,2.0,2.0,2.0,2.0,2.0,2.0,2.0,2.0,4321.0
21131,1,0,1980.5,2,0,0,0,1,1,1,2,2,2,2,1,0,0,1,0,0,6,0,10.0,15.0,10.0,13.0,0,0,1,0,36.0,36.0,36.0,36.0,72.0,72.0,72.0,72.0,4361.0
21201,0,0,1980.0,0,2,2,2,0,0,1,2,2,2,2,0,0,0,0,0,0,0,0,20.0,39.0,9.0,16.0,0,0,0,0,9.0,9.0,9.0,9.0,12.0,12.0,12.0,12.0,4704.0
21207,1,1,1979.75,1,1,1,1,0,0,0,0,0,0,0,0,0,1,1,0,3,0,6,5.0,2.0,13.0,31.0,0,1,1,0,11.0,11.0,11.0,11.0,29.0,29.0,29.0,29.0,4382.0
21227,1,0,1980.5,2,2,2,2,0,1,1,2,2,2,2,0,0,0,1,0,0,0,0,10.0,9.0,23.0,19.0,0,0,0,0,34.0,34.0,34.0,34.0,68.0,68.0,68.0,68.0,4938.0
21259,1,0,1980.5,1,1,1,1,1,1,1,2,2,2,2,0,0,0,1,0,0,0,2,9.0,21.0,10.0,17.0,0,0,0,0,3.0,3.0,3.0,3.0,3.0,3.0,3.0,3.0,4942.0
21326,1,0,1980.25,1,1,1,1,1,1,1,1,1,1,1,0,0,0,1,0,3,3,0,14.0,13.0,2.0,6.0,0,0,0,0,22.0,22.0,22.0,22.0,52.0,52.0,52.0,52.0,4511.0
21371,1,1,1980.5,2,1,1,1,0,1,0,0,0,0,0,0,0,0,1,0,0,0,1,16.0,6.0,14.0,33.0,1,1,1,1,11.0,11.0,11.0,11.0,22.0,22.0,22.0,22.0,4333.0
21420,0,0,1980.25,1,1,1,1,1,1,1,2,2,2,2,0,1,1,1,0,0,6,0,21.0,4.0,29.0,11.0,0,0,1,0,24.0,24.0,24.0,24.0,56.0,56.0,56.0,56.0,4091.0
21431,1,0,1979.75,2,2,2,2,1,1,1,1,1,1,1,3,0,1,1,0,0,0,0,12.0,6.0,21.0,32.0,0,0,0,0,22.0,22.0,22.0,22.0,51.0,51.0,51.0,51.0,4555.0
21468,1,0,1979.25,2,2,2,2,1,1,1,1,1,1,1,0,1,0,1,0,0,4,0,17.0,6.0,1.0,16.0,0,0,0,0,25.0,25.0,25.0,25.0,58.0,58.0,58.0,58.0,4876.0
21513,0,1,1980.5,0,0,0,0,1,1,1,1,1,1,1,0,0,0,1,0,0,6,0,6.0,3.0,4.0,19.0,0,1,1,1,11.0,11.0,11.0,11.0,24.0,24.0,24.0,24.0,4303.0
21607,0,0,1979.75,2,2,2,2,1,1,1,2,2,2,2,1,0,0,0,0,0,6,4,20.0,9.0,5.0,3.0,0,0,0,0,3.0,3.0,3.0,3.0,3.0,3.0,3.0,3.0,5021.0
21840,0,0,1980.0,2,2,2,2,0,0,0,2,2,2,2,0,0,1,1,0,0,0,0,3.0,4.0,14.0,4.0,0,0,0,0,32.0,32.0,32.0,32.0,66.0,66.0,66.0,66.0,4317.0
21853,1,0,1980.25,2,0,0,0,0,1,0,2,2,2,2,0,1,0,0,0,0,0,2,3.0,13.0,18.0,21.0,0,0,0,0,5.0,5.0,5.0,5.0,7.0,7.0,7.0,7.0,4316.0
21882,0,0,1980.5,2,2,2,2,1,1,1,2,2,2,2,0,0,0,0,0,3,6,4,15.0,2.0,19.0,0.0,0,0,0,0,19.0,19.0,19.0,19.0,47.0,47.0,47.0,47.0,4174.0
22042,1,0,1980.5,1,1,1,1,1,1,1,2,2,2,2,0,1,1,0,0,2,0,2,4.0,26.0,4.0,23.0,0,0,0,0,5.0,5.0,5.0,5.0,7.0,7.0,7.0,7.0,4857.0
22102,0,0,1979.75,1,1,1,1,1,1,1,3,3,3,3,0,0,1,0,0,0,0,0,11.0,5.0,9.0,13.0,0,0,1,0,26.0,26.0,26.0,26.0,59.0,59.0,59.0,59.0,4636.0
22138,0,0,1980.5,1,1,1,1,1,1,1,2,2,2,2,0,0,0,0,0,0,3,6,15.0,4.0,1.0,24.0,0,0,0,0,32.0,32.0,32.0,32.0,66.0,66.0,66.0,66.0,4301.0
22156,0,0,1980.25,2,2,2,2,0,0,0,2,2,2,2,0,1,0,1,0,0,3,0,14.0,11.0,2.0,15.0,0,0,0,0,37.0,37.0,37.0,37.0,73.0,73.0,73.0,73.0,4597.0
22199,1,0,1979.75,2,0,0,0,1,1,1,1,1,1,1,0,1,1,1,0,0,0,0,7.0,8.0,22.0,15.0,0,0,0,0,4.0,4.0,4.0,4.0,4.0,4.0,4.0,4.0,4375.0
22345,1,0,1980.5,1,1,1,1,0,0,0,2,2,2,2,2,0,1,0,1,4,0,0,8.0,1.0,8.0,9.0,0,0,0,0,14.0,14.0,14.0,14.0,38.0,38.0,38.0,38.0,4153.0
22390,0,0,1979.75,0,0,0,0,1,1,1,2,2,2,2,0,0,1,0,0,0,0,0,20.0,19.0,19.0,22.0,0,0,0,0,31.0,31.0,31.0,31.0,64.0,64.0,64.0,64.0,4224.0
22550,0,0,1979.75,1,1,1,1,1,1,1,2,2,2,2,0,0,1,0,0,3,1,0,4.0,2.0,28.0,36.0,0,0,0,0,16.0,16.0,16.0,16.0,40.0,40.0,40.0,40.0,4381.0
22590,1,1,1980.25,1,1,1,1,0,0,0,0,0,0,0,0,1,0,0,3,1,0,0,1.0,25.0,4.0,22.0,1,1,1,1,11.0,11.0,11.0,11.0,16.0,16.0,16.0,16.0,4384.0
22701,1,0,1980.25,2,2,1,1,1,1,1,2,2,2,2,1,0,0,1,0,0,4,3,9.0,20.0,0.0,2.0,0,0,0,0,31.0,31.0,31.0,31.0,65.0,65.0,65.0,65.0,4261.0
22760,1,0,1979.75,0,2,2,2,1,1,1,3,3,3,3,0,1,1,1,0,0,0,0,3.0,14.0,18.0,36.0,0,0,0,0,7.0,7.0,7.0,7.0,10.0,10.0,10.0,10.0,4876.0
22790,0,0,1979.75,0,0,2,2,1,1,1,1,1,1,1,0,1,1,1,0,0,0,0,11.0,12.0,15.0,18.0,0,0,0,0,22.0,22.0,22.0,22.0,51.0,51.0,51.0,51.0,4221.0
22831,0,0,1980.0,0,0,0,0,0,0,0,2,2,2,2,0,1,0,0,0,0,4,6,10.0,42.0,0.0,23.0,0,0,0,0,30.0,30.0,30.0,30.0,63.0,63.0,63.0,63.0,4300.0
22890,1,0,1980.5,1,1,1,1,1,1,1,1,1,1,1,1,0,1,1,0,2,0,0,17.0,19.0,17.0,17.0,0,0,0,0,12.0,12.0,12.0,12.0,36.0,36.0,36.0,36.0,4509.0
23290,1,1,1980.5,2,2,2,2,0,0,0,0,0,0,0,1,1,1,1,0,1,0,4,17.0,33.0,5.0,12.0,0,1,0,0,11.0,11.0,11.0,11.0,16.0,16.0,16.0,22.0,4019.0
23328,0,0,1980.0,1,1,1,1,1,1,1,3,3,3,3,3,1,1,0,0,0,0,0,12.0,15.0,14.0,36.0,0,0,0,0,7.0,7.0,7.0,7.0,10.0,10.0,10.0,10.0,4509.0
23417,0,0,1980.5,2,0,0,0,1,1,1,1,1,1,1,1,1,0,1,0,0,3,4,8.0,10.0,4.0,4.0,0,0,0,0,28.0,28.0,28.0,28.0,61.0,61.0,61.0,61.0,4374.0
23434,0,0,1980.5,1,1,1,1,1,1,1,2,2,2,2,0,1,1,1,0,0,0,0,8.0,14.0,17.0,19.0,0,0,0,0,6.0,6.0,6.0,6.0,8.0,8.0,8.0,8.0,4308.0
23483,0,0,1980.5,0,0,0,0,1,1,1,2,2,2,2,0,1,0,0,4,0,0,0,0.0,13.0,18.0,24.0,0,0,0,0,5.0,5.0,5.0,5.0,7.0,7.0,7.0,7.0,4778.0
23494,0,0,1979.75,0,2,2,2,0,0,1,2,2,2,2,1,0,0,1,2,0,0,0,16.0,9.0,23.0,19.0,0,0,0,0,34.0,34.0,34.0,34.0,68.0,68.0,68.0,68.0,4646.0
23537,0,0,1980.0,1,1,1,1,1,1,1,2,2,2,2,2,0,0,0,0,0,0,6,10.0,8.0,16.0,6.0,0,0,0,0,3.0,3.0,3.0,3.0,3.0,3.0,3.0,3.0,4931.0
23654,1,0,1979.75,0,0,0,0,1,1,1,2,2,2,2,0,0,0,1,3,4,0,0,3.0,3.0,15.0,9.0,1,0,0,0,24.0,24.0,24.0,24.0,56.0,56.0,56.0,56.0,4602.0
23870,0,0,1980.25,1,1,1,1,1,1,1,2,2,2,2,1,0,0,0,0,0,0,0,5.0,13.0,21.0,3.0,0,0,0,0,12.0,12.0,12.0,12.0,35.0,35.0,35.0,35.0,4204.0
23964,1,0,1980.25,1,1,1,1,1,0,0,2,2,2,2,0,0,0,0,0,0,3,0,22.0,9.0,0.0,7.0,0,0,0,0,40.0,40.0,40.0,40.0,76.0,77.0,77.0,77.0,4399.0
24044,1,0,1980.25,2,2,2,2,0,0,0,2,2,2,2,3,0,0,0,0,0,0,0,12.0,16.0,15.0,15.0,0,0,0,0,30.0,30.0,30.0,30.0,63.0,63.0,63.0,63.0,4500.0
24087,0,0,1979.75,0,2,2,2,1,0,1,3,3,3,3,0,1,1,1,0,0,0,0,3.0,14.0,18.0,36.0,0,0,0,0,7.0,7.0,7.0,7.0,10.0,10.0,10.0,10.0,4412.0
24161,0,0,1980.0,0,0,0,0,1,1,1,2,2,2,2,0,0,1,1,0,0,0,1,13.0,17.0,17.0,12.0,0,0,0,0,41.0,41.0,41.0,41.0,79.0,79.0,79.0,79.0,4663.0
24218,1,1,1980.5,1,1,1,1,0,0,0,0,0,0,0,0,0,1,1,0,3,0,0,6.0,13.0,33.0,18.0,1,1,1,1,11.0,11.0,11.0,11.0,19.0,19.0,19.0,19.0,4285.0
24269,0,0,1980.25,0,2,2,2,1,0,1,2,2,2,2,0,1,1,1,0,0,4,0,8.0,7.0,13.0,7.0,0,0,0,0,36.0,36.0,36.0,36.0,72.0,72.0,72.0,72.0,4715.0
24439,0,0,1979.75,0,0,0,0,1,1,1,2,2,2,2,1,1,0,0,0,0,0,0,15.0,13.0,18.0,24.0,0,0,0,0,5.0,5.0,5.0,5.0,7.0,7.0,7.0,7.0,4960.0
24568,0,0,1979.75,2,2,2,2,1,1,1,2,2,2,2,1,0,1,1,0,6,0,0,8.0,23.0,21.0,36.0,0,0,1,0,38.0,38.0,38.0,38.0,74.0,74.0,74.0,74.0,4588.0
24619,0,1,1980.5,2,1,1,1,0,0,0,0,0,0,0,0,0,0,1,0,0,0,1,16.0,6.0,14.0,33.0,1,1,1,1,11.0,11.0,11.0,11.0,22.0,22.0,22.0,22.0,4124.0
24671,1,1,1980.0,1,1,1,1,0,0,0,0,0,0,0,0,1,0,0,3,1,0,0,1.0,25.0,4.0,22.0,1,1,1,1,11.0,11.0,11.0,11.0,16.0,16.0,16.0,16.0,4590.0
24688,1,0,1980.0,2,2,2,2,1,1,1,2,2,2,2,1,0,0,0,0,0,6,4,9.0,9.0,5.0,3.0,0,0,0,0,3.0,3.0,3.0,3.0,3.0,3.0,3.0,3.0,4451.0
24767,1,1,1980.0,2,1,1,1,1,1,0,0,0,0,0,0,0,1,1,4,6,0,0,0.0,9.0,33.0,18.0,0,1,1,1,11.0,11.0,11.0,11.0,19.0,19.0,19.0,19.0,4427.0
24992,1,0,1980.0,0,1,2,2,0,0,0,3,3,3,3,1,0,0,1,0,0,1,0,6.0,12.0,12.0,19.0,0,0,0,0,2.0,2.0,2.0,2.0,2.0,2.0,2.0,2.0,4363.0
25034,1,0,1980.5,2,2,2,2,0,1,1,2,2,2,2,0,1,0,0,0,0,3,0,12.0,6.0,2.0,10.0,0,0,0,0,12.0,12.0,12.0,12.0,35.0,35.0,35.0,35.0,4491.0
25083,1,0,1980.5,0,1,1,1,0,0,0,2,2,2,2,1,0,1,0,0,3,2,2,13.0,2.0,14.0,16.0,0,0,0,1,23.0,23.0,23.0,23.0,55.0,55.0,55.0,55.0,4793.0
25136,1,0,1980.0,0,0,0,0,1,1,1,2,2,2,2,0,0,0,0,4,2,0,2,0.0,7.0,15.0,21.0,0,0,0,0,5.0,5.0,5.0,5.0,7.0,7.0,7.0,7.0,4551.0
25153,0,0,1980.0,0,0,0,0,1,1,1,2,2,2,2,1,1,1,0,0,0,0,0,11.0,5.0,11.0,19.0,0,0,0,0,39.0,39.0,39.0,39.0,75.0,75.0,75.0,75.0,4942.0
25178,1,1,1980.5,2,2,2,2,0,0,0,0,0,0,0,1,1,0,1,0,0,0,2,10.0,6.0,4.0,12.0,1,1,0,0,11.0,11.0,11.0,11.0,28.0,28.0,28.0,28.0,4094.0
25217,0,1,1980.0,1,1,1,1,0,1,0,0,0,0,0,1,0,0,0,0,6,6,6,13.0,18.0,19.0,30.0,1,0,0,1,11.0,11.0,11.0,11.0,14.0,14.0,14.0,14.0,5218.0
25222,1,0,1979.75,2,0,0,0,1,1,1,2,2,2,2,1,0,1,0,0,0,0,0,11.0,16.0,11.0,19.0,0,0,0,0,39.0,39.0,39.0,39.0,75.0,75.0,75.0,75.0,4711.0
25290,0,0,1980.5,0,0,0,0,1,1,1,2,2,2,2,1,0,1,0,0,0,0,0,12.0,15.0,10.0,22.0,0,0,0,0,6.0,6.0,6.0,6.0,8.0,8.0,8.0,8.0,4271.0
25360,1,0,1980.0,2,2,2,2,1,1,1,1,1,1,1,0,1,0,1,0,0,4,0,3.0,6.0,1.0,16.0,0,0,0,0,25.0,25.0,25.0,25.0,58.0,58.0,58.0,58.0,4380.0
25403,0,0,1980.5,1,1,1,1,0,0,0,2,2,2,2,0,0,0,0,0,0,0,0,2.0,15.0,5.0,31.0,0,0,0,0,15.0,15.0,15.0,15.0,39.0,39.0,39.0,39.0,4666.0
25415,0,0,1979.75,1,1,1,1,1,0,0,2,2,2,2,1,1,0,0,0,0,0,3,8.0,14.0,6.0,2.0,0,0,0,0,40.0,40.0,40.0,40.0,76.0,77.0,77.0,77.0,4631.0
25590,1,1,1979.75,2,1,1,1,1,1,1,3,3,3,3,0,0,1,1,0,0,0,0,17.0,12.0,16.0,9.0,0,0,0,0,2.0,2.0,2.0,2.0,2.0,2.0,2.0,2.0,4032.0
25638,0,0,1979.75,2,2,2,2,1,1,1,1,1,1,1,0,1,0,0,0,6,0,0,17.0,18.0,10.0,22.0,0,0,0,0,18.0,18.0,18.0,18.0,43.0,43.0,43.0,43.0,4303.0
25727,0,1,1980.0,1,1,1,0,0,0,0,0,0,0,0,0,1,0,1,0,0,0,2,11.0,17.0,5.0,14.0,0,0,0,0,11.0,11.0,11.0,11.0,27.0,27.0,27.0,27.0,4242.0
25760,1,0,1980.0,0,2,2,2,0,0,0,2,2,2,2,1,1,3,1,0,6,0,0,8.0,11.0,15.0,8.0,0,0,0,0,41.0,41.0,41.0,41.0,78.0,78.0,78.0,78.0,4100.0
25798,0,0,1979.75,0,2,2,2,1,1,1,3,3,3,3,0,1,0,1,0,0,6,0,5.0,8.0,17.0,38.0,0,0,0,0,6.0,6.0,6.0,6.0,9.0,9.0,9.0,9.0,4697.0
25815,1,0,1979.75,2,0,0,0,1,1,0,2,2,2,2,1,1,1,0,0,0,0,0,11.0,5.0,11.0,19.0,0,0,0,0,39.0,39.0,39.0,39.0,75.0,75.0,75.0,75.0,4368.0
25830,0,0,1979.75,0,0,0,0,1,1,1,2,2,2,2,1,1,0,0,0,0,6,0,13.0,9.0,13.0,22.0,0,0,0,0,6.0,6.0,6.0,6.0,8.0,8.0,8.0,8.0,4208.0
26057,1,0,1980.5,0,0,0,0,1,1,1,1,1,1,1,0,1,0,1,0,0,0,1,15.0,5.0,23.0,9.0,0,0,0,0,12.0,12.0,12.0,12.0,36.0,36.0,36.0,36.0,4206.0
26071,0,0,1979.75,0,2,2,2,1,1,1,2,2,2,2,1,2,0,0,0,0,0,0,11.0,18.0,33.0,7.0,0,0,0,0,39.0,39.0,39.0,39.0,75.0,75.0,75.0,75.0,4409.0
26119,1,1,1979.75,1,1,1,1,0,0,0,0,0,0,0,0,0,0,0,0,4,0,0,14.0,1.0,14.0,8.0,0,1,0,0,11.0,11.0,11.0,11.0,32.0,32.0,32.0,32.0,4473.0
26205,0,1,1980.25,2,0,0,1,0,0,0,0,0,0,0,0,0,0,0,0,0,0,1,20.0,27.0,4.0,15.0,1,0,1,1,11.0,11.0,11.0,11.0,27.0,27.0,27.0,27.0,4214.0
26299,0,0,1980.5,0,0,0,0,0,0,0,2,2,2,2,1,1,1,0,0,0,0,0,6.0,42.0,15.0,9.0,0,0,0,0,30.0,30.0,30.0,30.0,63.0,63.0,63.0,63.0,4174.0
26397,0,0,1980.25,1,1,1,1,0,0,0,2,2,2,2,0,2,2,2,0,0,2,0,3.0,17.0,17.0,13.0,0,0,0,0,39.0,39.0,39.0,39.0,75.0,75.0,75.0,75.0,4278.0
26426,1,0,1980.5,2,0,0,0,1,1,1,2,2,2,2,0,0,1,0,0,0,0,0,5.0,4.0,19.0,22.0,0,0,0,0,31.0,31.0,31.0,31.0,64.0,64.0,64.0,64.0,4459.0
26446,0,0,1980.25,1,1,1,1,0,0,0,2,2,2,2,2,0,0,0,0,0,0,3,14.0,39.0,8.0,0.0,0,1,0,0,1.0,1.0,1.0,1.0,1.0,1.0,1.0,1.0,4559.0
26478,0,0,1980.25,1,1,1,1,1,1,1,1,1,1,1,1,0,1,0,0,0,0,3,8.0,9.0,9.0,6.0,0,0,0,0,25.0,25.0,25.0,25.0,58.0,58.0,58.0,58.0,4397.0
26599,1,0,1979.75,0,1,1,1,0,1,0,2,2,2,2,0,0,0,0,0,0,0,0,4.0,15.0,5.0,31.0,0,0,0,0,15.0,15.0,15.0,15.0,39.0,39.0,39.0,39.0,4339.0
26649,1,1,1980.5,1,1,1,1,0,0,0,2,2,2,2,0,0,1,1,0,0,6,0,21.0,21.0,39.0,6.0,0,0,0,1,24.0,24.0,24.0,24.0,56.0,56.0,56.0,56.0,4477.0
26729,1,0,1980.5,0,2,2,2,1,1,1,2,2,2,2,1,1,1,0,0,0,0,0,17.0,23.0,20.0,9.0,0,0,0,0,12.0,12.0,12.0,12.0,34.0,34.0,34.0,34.0,4082.0
26762,0,1,1980.5,0,0,0,0,0,0,0,1,1,1,1,0,0,0,1,0,0,6,0,6.0,3.0,4.0,19.0,0,1,1,1,11.0,11.0,11.0,11.0,24.0,24.0,24.0,24.0,4238.0
26871,0,0,1979.75,2,1,1,1,1,1,1,2,2,2,2,1,0,0,0,0,0,0,0,11.0,14.0,5.0,22.0,0,0,0,0,39.0,39.0,39.0,39.0,75.0,75.0,75.0,75.0,4368.0
26912,1,0,1980.0,1,1,1,1,1,1,1,1,1,1,1,1,0,0,1,0,0,3,0,12.0,4.0,1.0,24.0,0,0,0,1,22.0,22.0,22.0,22.0,54.0,54.0,54.0,54.0,4349.0
26988,0,1,1980.25,2,0,0,0,0,0,0,0,0,0,0,0,1,0,0,0,0,4,4,11.0,19.0,2.0,0.0,0,0,0,1,11.0,11.0,11.0,11.0,31.0,33.0,33.0,33.0,4482.0
27065,0,0,1979.5,2,2,2,2,1,1,1,2,2,2,2,0,1,0,0,1,0,0,4,9.0,16.0,8.0,0.0,0,0,0,0,5.0,5.0,5.0,5.0,7.0,7.0,7.0,7.0,4681.0
27238,0,1,1979.75,2,0,2,1,0,0,0,0,0,0,0,0,0,0,1,0,4,0,1,20.0,5.0,35.0,9.0,1,0,1,1,11.0,11.0,11.0,11.0,27.0,27.0,27.0,27.0,4478.0
27264,1,0,1980.0,0,2,2,2,1,1,1,1,1,1,1,1,0,1,1,0,4,0,0,13.0,4.0,19.0,19.0,0,0,0,1,22.0,22.0,22.0,22.0,54.0,54.0,54.0,54.0,4124.0
27424,0,0,1980.0,2,1,1,1,0,0,0,2,2,2,2,1,1,1,1,0,0,0,1,13.0,11.0,14.0,10.0,0,0,0,0,23.0,23.0,23.0,23.0,55.0,55.0,55.0,55.0,4255.0
27485,0,1,1980.25,0,2,0,2,0,0,0,0,0,0,0,0,0,0,1,0,0,0,4,11.0,27.0,7.0,12.0,0,1,1,0,11.0,11.0,11.0,11.0,22.0,22.0,22.0,22.0,4354.0
27549,1,0,1980.25,1,0,0,1,0,0,0,2,2,2,2,0,0,1,1,0,0,0,0,8.0,20.0,11.0,4.0,0,0,0,0,21.0,21.0,21.0,21.0,49.0,49.0,49.0,49.0,4448.0
27663,1,0,1980.0,1,1,1,1,1,1,1,2,2,2,2,2,0,0,1,0,0,0,2,10.0,21.0,10.0,17.0,0,0,0,0,3.0,3.0,3.0,3.0,3.0,3.0,3.0,3.0,4781.0
27678,0,0,1980.25,0,0,0,0,0,0,0,2,2,2,2,0,0,1,1,0,0,3,0,4.0,12.0,1.0,18.0,0,0,0,0,15.0,15.0,15.0,15.0,39.0,39.0,39.0,39.0,4845.0
27691,1,3,1980.5,1,1,1,1,1,1,1,2,2,2,2,0,0,0,0,0,0,0,4,5.0,10.0,25.0,2.0,0,0,0,0,33.0,33.0,33.0,33.0,67.0,67.0,67.0,67.0,4689.0
27774,1,0,1980.25,0,0,0,0,1,1,1,2,2,2,2,0,1,0,1,0,0,0,0,13.0,9.0,19.0,11.0,0,0,0,0,38.0,38.0,38.0,38.0,74.0,74.0,74.0,74.0,4736.0
27805,1,0,1980.25,1,1,1,1,1,1,1,1,1,1,1,1,0,1,0,0,0,3,0,18.0,18.0,15.0,5.0,0,0,1,0,17.0,17.0,17.0,17.0,41.0,41.0,41.0,41.0,4685.0
27853,0,0,1980.25,2,0,1,1,1,1,1,2,2,2,2,1,0,0,0,0,2,0,0,6.0,11.0,7.0,6.0,0,0,0,0,35.0,35.0,35.0,35.0,69.0,69.0,69.0,69.0,4351.0
28486,0,0,1978.75,2,0,0,0,1,1,1,2,2,2,2,1,0,0,0,0,0,0,0,5.0,6.0,12.0,14.0,0,0,0,0,12.0,12.0,12.0,12.0,34.0,34.0,34.0,34.0,4112.0
28811,1,0,1980.5,1,2,2,2,1,1,1,2,2,2,2,0,0,0,1,0,0,0,0,12.0,21.0,14.0,9.0,0,0,0,0,41.0,41.0,41.0,41.0,79.0,79.0,79.0,79.0,4414.0
29195,1,0,1980.5,0,2,2,2,0,0,0,3,3,3,3,1,0,0,1,0,0,1,0,6.0,7.0,12.0,19.0,0,1,0,0,2.0,2.0,2.0,2.0,2.0,2.0,2.0,2.0,4417.0
29215,0,0,1980.0,1,1,1,1,1,1,1,3,3,3,3,1,0,1,0,0,0,0,0,14.0,5.0,9.0,13.0,0,0,1,0,26.0,26.0,26.0,26.0,59.0,59.0,59.0,59.0,4512.0
29257,0,0,1979.5,1,1,1,1,1,1,1,3,3,3,3,0,0,1,0,0,0,0,0,11.0,5.0,9.0,13.0,0,0,1,0,26.0,26.0,26.0,26.0,59.0,59.0,59.0,59.0,4344.0
29297,0,1,1980.0,0,0,0,0,0,0,0,0,0,0,0,1,1,1,1,0,6,0,0,15.0,3.0,30.0,22.0,1,0,1,0,11.0,11.0,11.0,11.0,26.0,26.0,26.0,26.0,4182.0
29308,1,0,1980.25,2,2,2,2,1,1,1,2,2,2,2,0,0,0,0,0,3,6,4,15.0,2.0,19.0,0.0,0,0,0,0,19.0,19.0,19.0,19.0,47.0,47.0,47.0,47.0,4403.0
29320,1,0,1979.75,1,1,1,1,1,1,1,1,1,1,1,1,0,1,0,4,0,3,0,8.0,18.0,15.0,5.0,0,0,1,0,17.0,17.0,17.0,17.0,41.0,41.0,41.0,41.0,4943.0
29340,0,0,1980.25,2,2,2,2,1,1,1,1,1,1,1,0,0,1,1,0,4,0,0,7.0,4.0,19.0,19.0,0,0,0,1,22.0,22.0,22.0,22.0,54.0,54.0,54.0,54.0,4216.0
29423,0,1,1980.0,1,1,1,1,0,0,0,0,0,0,0,0,1,0,0,0,0,4,3,9.0,36.0,0.0,1.0,0,0,0,0,22.0,22.0,22.0,22.0,53.0,53.0,53.0,53.0,4235.0
29611,0,0,1980.5,0,2,2,2,1,1,1,2,2,2,2,1,0,1,0,0,0,0,0,12.0,13.0,16.0,10.0,0,0,0,0,6.0,6.0,6.0,6.0,8.0,8.0,8.0,8.0,4457.0
29696,0,0,1980.0,1,1,1,1,1,1,1,2,2,2,2,0,0,0,0,0,0,0,6,19.0,7.0,11.0,31.0,0,0,0,0,31.0,31.0,31.0,31.0,64.0,64.0,64.0,64.0,5010.0
29823,0,0,1980.0,0,0,0,0,1,1,1,2,2,2,2,1,0,1,0,0,0,0,0,13.0,15.0,10.0,15.0,0,0,0,0,6.0,6.0,6.0,6.0,8.0,8.0,8.0,8.0,4303.0
29975,0,1,1979.75,2,2,2,2,0,0,0,0,0,0,0,1,1,0,0,0,0,6,0,22.0,7.0,6.0,5.0,0,0,0,0,11.0,11.0,11.0,11.0,33.0,33.0,33.0,33.0,4177.0
30063,1,0,1980.0,2,2,2,2,1,1,1,2,2,2,2,1,1,1,0,0,1,0,4,13.0,12.0,6.0,16.0,0,0,0,1,42.0,42.0,42.0,42.0,80.0,80.0,80.0,80.0,4512.0
30094,1,0,1980.25,0,0,0,1,1,1,1,2,2,2,2,1,0,0,0,0,0,4,3,5.0,12.0,2.0,2.0,0,0,0,0,19.0,19.0,19.0,19.0,47.0,47.0,47.0,47.0,4278.0
30169,1,0,1980.5,1,1,1,1,1,1,1,2,2,2,2,0,0,0,0,0,0,0,2,19.0,7.0,32.0,17.0,0,0,0,0,31.0,31.0,31.0,31.0,64.0,64.0,64.0,64.0,5013.0
30265,0,0,1980.5,2,0,0,1,1,1,1,2,2,2,2,0,0,0,0,0,0,3,0,3.0,12.0,2.0,5.0,0,0,0,0,32.0,32.0,32.0,32.0,66.0,66.0,66.0,66.0,4615.0
30524,1,0,1980.25,2,0,0,1,0,0,0,2,2,2,2,0,0,0,0,0,4,3,0,13.0,0.0,1.0,5.0,0,0,0,0,32.0,32.0,32.0,32.0,66.0,66.0,66.0,66.0,4836.0
30633,0,0,1980.5,2,0,0,0,1,1,1,2,2,2,2,0,0,0,0,0,2,0,0,3.0,7.0,15.0,24.0,0,0,0,0,5.0,5.0,5.0,5.0,7.0,7.0,7.0,7.0,4598.0
30861,0,1,1980.25,1,1,1,1,0,0,0,0,0,0,0,0,1,0,0,0,0,6,0,3.0,9.0,2.0,8.0,1,1,1,1,11.0,11.0,11.0,11.0,22.0,22.0,22.0,22.0,4887.0
31019,0,0,1980.5,2,2,2,2,0,0,0,2,2,2,2,0,1,0,0,0,0,3,0,12.0,6.0,2.0,10.0,0,0,0,0,12.0,12.0,12.0,12.0,35.0,35.0,35.0,35.0,4627.0
31277,1,0,1980.25,0,0,0,0,1,1,1,2,2,2,2,0,0,1,0,3,3,0,4,2.0,1.0,12.0,3.0,0,0,0,0,16.0,16.0,16.0,16.0,40.0,40.0,40.0,40.0,5083.0
31354,1,0,1979.5,2,2,2,2,1,1,1,2,2,2,2,0,0,0,1,0,0,0,0,10.0,9.0,23.0,15.0,0,0,0,0,34.0,34.0,34.0,34.0,68.0,68.0,68.0,68.0,4546.0
31450,1,0,1980.5,1,1,1,1,0,0,0,2,2,2,2,0,1,1,1,0,0,2,0,8.0,13.0,15.0,17.0,0,0,0,0,21.0,21.0,21.0,21.0,49.0,49.0,49.0,49.0,4549.0
31484,0,0,1980.25,1,1,1,1,0,0,0,3,3,3,3,0,1,1,0,0,0,0,3,11.0,19.0,12.0,2.0,0,0,0,0,26.0,26.0,26.0,26.0,59.0,59.0,59.0,59.0,4768.0
31553,1,0,1980.0,0,2,2,2,1,1,1,2,2,2,2,1,1,0,1,0,0,0,0,15.0,9.0,31.0,5.0,0,0,1,0,5.0,5.0,5.0,5.0,7.0,7.0,7.0,7.0,4234.0
31719,0,0,1980.75,1,1,1,1,1,0,0,2,2,2,2,1,0,0,0,0,3,3,3,8.0,1.0,5.0,3.0,0,0,1,0,34.0,34.0,34.0,34.0,68.0,68.0,68.0,68.0,4721.0
31756,0,0,1980.25,1,1,1,1,1,1,1,1,1,1,1,1,0,0,1,0,0,0,0,18.0,18.0,19.0,13.0,0,0,0,0,17.0,17.0,17.0,17.0,41.0,41.0,41.0,41.0,4868.0
31873,0,1,1980.0,0,0,0,0,1,1,1,2,2,2,2,1,0,0,1,0,0,0,0,13.0,5.0,15.0,9.0,0,0,0,0,24.0,24.0,24.0,24.0,56.0,56.0,56.0,56.0,4316.0
31905,0,0,1980.0,0,0,0,0,1,1,1,3,3,3,3,0,1,0,1,4,0,3,0,0.0,8.0,1.0,7.0,0,0,0,0,26.0,26.0,26.0,26.0,59.0,59.0,59.0,59.0,4440.0
32112,1,0,1980.0,2,0,0,0,1,0,0,2,2,2,2,1,1,0,2,0,0,6,0,3.0,13.0,18.0,13.0,0,0,0,0,41.0,41.0,41.0,41.0,78.0,78.0,78.0,78.0,4519.0
32161,0,0,1980.0,1,2,2,2,0,0,0,2,2,2,2,0,1,0,0,0,0,0,4,4.0,16.0,8.0,0.0,0,0,0,0,5.0,5.0,5.0,5.0,7.0,7.0,7.0,7.0,4103.0
32172,0,0,1980.25,0,0,2,2,1,1,1,1,1,1,1,0,1,1,1,0,0,0,0,11.0,7.0,21.0,32.0,0,1,0,0,22.0,22.0,22.0,22.0,51.0,51.0,51.0,51.0,4321.0
32246,0,0,1979.75,0,0,0,0,0,0,0,2,2,2,2,0,0,1,1,0,0,3,0,4.0,12.0,1.0,18.0,0,0,0,0,15.0,15.0,15.0,15.0,39.0,39.0,39.0,39.0,4796.0
32281,1,0,1980.5,0,2,2,2,1,1,1,1,1,1,1,0,1,0,1,0,0,0,3,8.0,29.0,33.0,2.0,0,0,0,0,4.0,4.0,4.0,4.0,4.0,4.0,4.0,4.0,4505.0
32399,0,0,1980.0,1,1,1,1,1,1,1,1,1,1,1,0,0,0,0,0,0,4,0,5.0,6.0,3.0,19.0,0,0,0,0,25.0,25.0,25.0,25.0,58.0,58.0,58.0,58.0,4685.0
32503,0,0,1979.75,1,1,1,1,1,0,0,2,2,2,2,2,0,1,0,1,4,0,0,8.0,1.0,8.0,9.0,0,0,0,0,14.0,14.0,14.0,14.0,38.0,38.0,38.0,38.0,4531.0
32535,1,1,1979.75,1,1,1,2,0,0,0,0,0,0,0,0,0,1,0,3,0,0,0,1.0,4.0,26.0,18.0,0,1,1,1,11.0,11.0,11.0,11.0,33.0,33.0,33.0,33.0,4120.0
32557,1,0,1980.25,0,0,0,0,1,1,1,2,2,2,2,1,0,1,0,0,3,0,0,10.0,2.0,12.0,5.0,0,0,1,0,1.0,1.0,1.0,1.0,1.0,1.0,1.0,1.0,4529.0
32577,1,1,1980.0,2,2,2,2,0,1,1,0,0,0,0,0,0,0,0,0,0,0,0,10.0,24.0,31.0,18.0,1,1,1,1,11.0,11.0,11.0,11.0,27.0,27.0,33.0,33.0,4516.0
32583,0,0,1979.75,2,0,0,0,1,1,1,1,1,1,1,1,1,0,1,0,0,3,4,8.0,10.0,4.0,4.0,0,0,0,0,28.0,28.0,28.0,28.0,61.0,61.0,61.0,61.0,4599.0
32609,0,1,1980.0,2,2,0,0,0,0,0,0,0,0,0,0,0,0,0,3,4,0,0,1.0,17.0,30.0,31.0,1,1,1,1,11.0,11.0,11.0,11.0,14.0,14.0,32.0,32.0,3944.0
33081,0,0,1980.5,1,1,1,1,0,0,0,2,2,2,2,0,0,0,0,0,0,0,0,2.0,3.0,13.0,8.0,0,0,0,0,37.0,37.0,37.0,37.0,73.0,73.0,73.0,73.0,4554.0
33152,0,0,1980.0,0,0,1,1,1,1,1,2,2,2,2,1,1,0,0,0,0,0,0,13.0,5.0,5.0,22.0,0,0,0,0,39.0,39.0,39.0,39.0,75.0,75.0,75.0,75.0,4854.0
33181,1,1,1980.25,0,1,1,1,0,0,0,0,0,0,0,1,1,0,0,0,0,4,4,15.0,30.0,3.0,2.0,1,1,0,1,11.0,11.0,11.0,11.0,26.0,26.0,26.0,26.0,4240.0
33244,0,1,1980.25,2,0,0,1,0,0,0,0,0,0,0,0,1,0,0,3,0,4,6,1.0,21.0,2.0,22.0,1,0,0,0,11.0,11.0,11.0,11.0,14.0,14.0,14.0,14.0,4730.0
33254,0,0,1979.75,0,0,0,0,1,1,1,1,1,1,1,1,1,0,1,0,0,3,4,22.0,10.0,4.0,4.0,0,0,0,0,28.0,28.0,28.0,28.0,61.0,61.0,61.0,61.0,4573.0
33302,0,1,1979.75,2,2,0,1,0,0,0,0,0,0,0,0,0,0,0,0,3,0,1,10.0,3.0,4.0,15.0,1,0,1,1,11.0,11.0,11.0,11.0,27.0,27.0,27.0,27.0,4620.0
33407,0,1,1980.0,2,0,0,0,1,0,1,1,1,1,1,0,0,0,0,3,0,6,0,1.0,4.0,4.0,7.0,1,0,1,1,11.0,11.0,11.0,11.0,20.0,20.0,20.0,20.0,4714.0
33584,1,0,1980.0,0,2,2,2,1,1,1,2,2,2,2,0,0,1,1,0,6,0,0,13.0,23.0,21.0,36.0,0,0,1,0,38.0,38.0,38.0,38.0,74.0,74.0,74.0,74.0,4773.0
33727,0,0,1979.0,1,1,1,1,0,0,1,2,2,2,2,0,0,0,0,0,0,0,0,12.0,12.0,23.0,12.0,0,1,0,0,21.0,21.0,21.0,21.0,50.0,50.0,50.0,50.0,4147.0
33743,0,0,1980.0,0,0,2,2,1,1,1,2,2,2,2,1,0,0,0,0,0,0,0,11.0,16.0,33.0,7.0,0,0,0,0,39.0,39.0,39.0,39.0,75.0,75.0,75.0,75.0,4577.0
33759,0,0,1980.0,2,0,0,0,1,1,1,1,1,1,1,0,0,0,0,0,4,4,0,17.0,0.0,3.0,11.0,0,0,0,0,25.0,25.0,25.0,25.0,58.0,58.0,58.0,58.0,4802.0
33788,0,0,1980.25,2,0,0,0,1,1,1,2,2,2,2,0,0,0,0,0,0,0,0,4.0,10.0,26.0,17.0,0,0,0,0,29.0,29.0,29.0,29.0,62.0,62.0,62.0,62.0,4614.0
33968,0,1,1980.0,1,1,1,2,0,0,0,0,0,0,0,0,0,0,0,3,3,0,0,2.0,13.0,31.0,30.0,0,1,1,1,11.0,11.0,11.0,11.0,19.0,19.0,19.0,19.0,4171.0
34007,0,0,1979.75,0,2,2,2,1,1,1,1,1,1,1,1,0,1,1,0,3,6,0,22.0,1.0,22.0,15.0,0,0,0,0,28.0,28.0,28.0,28.0,61.0,61.0,61.0,61.0,4423.0
34055,1,0,1979.75,0,0,0,0,1,1,1,2,2,2,2,0,0,1,0,1,4,3,0,10.0,1.0,2.0,8.0,0,0,0,0,34.0,34.0,34.0,34.0,68.0,68.0,68.0,68.0,4226.0
34223,1,1,1980.0,2,0,1,2,0,0,0,0,0,0,0,0,0,0,0,3,6,0,0,1.0,3.0,31.0,26.0,0,1,1,1,11.0,11.0,11.0,11.0,19.0,19.0,19.0,19.0,4181.0
34429,0,0,1980.25,1,1,1,1,1,1,1,2,2,2,2,0,0,0,0,0,0,0,0,11.0,31.0,14.0,14.0,0,0,0,0,8.0,8.0,8.0,8.0,11.0,11.0,11.0,11.0,4828.0
34505,0,0,1979.5,0,0,1,1,0,0,0,2,2,2,2,0,0,1,0,0,0,0,0,11.0,20.0,15.0,13.0,0,0,0,0,21.0,21.0,21.0,21.0,49.0,49.0,49.0,49.0,3987.0
34541,1,0,1980.25,0,0,0,0,1,0,1,2,2,2,2,1,1,0,0,0,0,0,0,15.0,13.0,18.0,24.0,0,0,0,0,5.0,5.0,5.0,5.0,7.0,7.0,7.0,7.0,4717.0
34560,1,0,1980.0,1,1,1,1,1,1,1,2,2,2,2,0,0,0,0,0,0,6,0,6.0,13.0,14.0,18.0,0,0,0,0,35.0,35.0,35.0,35.0,69.0,69.0,69.0,69.0,4898.0
34763,1,0,1980.5,1,1,1,1,1,0,1,2,2,2,2,3,0,1,0,0,2,0,2,6.0,18.0,9.0,23.0,0,0,0,0,5.0,5.0,5.0,5.0,7.0,7.0,7.0,7.0,4527.0
34955,1,0,1979.5,2,2,2,2,1,1,1,2,2,2,2,0,1,0,1,1,0,0,0,9.0,16.0,8.0,5.0,0,0,0,0,5.0,5.0,5.0,5.0,7.0,7.0,7.0,7.0,4321.0
35095,0,1,1979.75,1,1,1,1,1,1,1,0,0,0,0,0,1,0,0,0,4,3,0,9.0,2.0,1.0,5.0,0,0,0,0,22.0,22.0,22.0,22.0,53.0,53.0,53.0,53.0,4115.0
35192,0,0,1979.75,2,0,1,1,1,1,1,3,3,3,3,1,1,1,0,0,0,0,4,12.0,3.0,22.0,0.0,0,0,0,0,7.0,7.0,7.0,7.0,10.0,10.0,10.0,10.0,4906.0
35288,1,0,1979.75,2,0,1,1,0,1,1,2,2,2,2,1,1,0,0,0,0,0,0,11.0,5.0,5.0,22.0,0,0,0,0,39.0,39.0,39.0,39.0,75.0,75.0,75.0,75.0,4559.0
35359,0,1,1980.0,0,2,2,2,0,0,0,0,0,0,0,0,0,0,0,4,0,0,0,0.0,24.0,16.0,4.0,1,1,1,0,11.0,11.0,11.0,11.0,27.0,27.0,27.0,27.0,4273.0
35430,1,1,1979.75,0,2,2,2,0,0,0,0,0,0,0,1,0,0,0,4,6,0,0,6.0,36.0,31.0,18.0,0,1,1,1,11.0,11.0,11.0,11.0,33.0,33.0,33.0,33.0,4190.0
35470,1,0,1980.25,2,2,2,2,1,1,1,1,1,1,1,0,1,0,0,0,6,0,0,17.0,18.0,10.0,22.0,0,0,0,0,18.0,18.0,18.0,18.0,43.0,43.0,43.0,43.0,4806.0
35559,1,0,1979.75,2,0,0,0,1,1,1,2,2,2,2,1,0,0,0,0,4,0,0,13.0,0.0,20.0,28.0,0,0,0,0,40.0,40.0,40.0,40.0,76.0,77.0,77.0,77.0,4827.0
35709,1,0,1980.25,1,1,1,1,1,1,1,1,1,1,1,1,0,1,1,0,2,0,0,17.0,19.0,17.0,17.0,0,0,0,0,12.0,12.0,12.0,12.0,36.0,36.0,36.0,36.0,4690.0
35734,0,0,1979.75,0,0,0,0,0,0,0,2,2,2,2,0,0,0,0,0,0,0,0,16.0,10.0,26.0,17.0,0,0,0,0,29.0,29.0,29.0,29.0,62.0,62.0,62.0,62.0,4317.0
35817,1,0,1980.5,2,0,0,0,1,1,1,1,1,1,1,0,1,1,0,0,0,0,4,5.0,12.0,17.0,5.0,1,0,1,0,22.0,22.0,22.0,22.0,51.0,51.0,51.0,51.0,4444.0
36032,1,0,1980.0,1,1,1,1,0,0,0,2,2,2,2,0,0,0,0,0,0,3,4,10.0,4.0,1.0,1.0,0,0,0,0,32.0,32.0,32.0,32.0,66.0,66.0,66.0,66.0,4567.0
36185,1,0,1980.5,0,0,0,0,0,0,0,2,2,2,2,0,0,0,0,0,0,0,4,20.0,32.0,6.0,0.0,0,0,0,0,9.0,9.0,9.0,9.0,12.0,12.0,12.0,12.0,4401.0
36247,1,0,1979.75,1,2,2,2,0,0,0,2,2,2,2,0,1,1,1,0,0,6,0,12.0,13.0,20.0,19.0,0,0,0,1,38.0,38.0,38.0,38.0,74.0,74.0,74.0,74.0,4684.0
36374,0,1,1979.75,0,2,2,2,0,0,0,0,0,0,0,0,0,1,0,0,0,0,0,10.0,35.0,32.0,18.0,1,1,1,1,11.0,11.0,11.0,11.0,30.0,30.0,30.0,30.0,4254.0
36458,1,0,1980.5,2,0,0,0,1,1,1,2,2,2,2,0,0,0,1,0,0,0,0,5.0,4.0,18.0,6.0,0,0,0,0,31.0,31.0,31.0,31.0,64.0,64.0,64.0,64.0,4295.0
36504,1,0,1979.75,2,0,2,2,1,1,1,1,1,1,1,0,1,1,1,0,6,6,0,16.0,18.0,15.0,21.0,0,0,0,0,17.0,17.0,17.0,17.0,41.0,41.0,41.0,41.0,4703.0
36521,0,0,1979.5,0,2,2,2,1,1,1,2,2,2,2,1,0,0,0,0,0,0,0,6.0,9.0,15.0,15.0,0,0,0,0,30.0,30.0,30.0,30.0,63.0,63.0,63.0,63.0,4227.0
36540,1,0,1980.25,1,1,1,1,1,1,1,2,2,2,2,1,1,1,1,0,0,0,0,13.0,14.0,17.0,19.0,0,0,0,0,6.0,6.0,6.0,6.0,8.0,8.0,8.0,8.0,4177.0
36592,1,0,1980.0,0,0,0,0,1,1,1,2,2,2,2,1,1,0,2,0,0,6,0,8.0,13.0,18.0,13.0,0,0,0,0,41.0,41.0,41.0,41.0,78.0,78.0,78.0,78.0,4546.0
36649,0,0,1980.5,0,0,1,1,1,1,1,2,2,2,2,1,0,0,0,0,0,0,0,13.0,16.0,5.0,22.0,0,0,0,0,39.0,39.0,39.0,39.0,75.0,75.0,75.0,75.0,4555.0
36678,0,0,1979.75,2,2,2,2,1,1,1,1,1,1,1,0,1,0,1,0,0,0,3,7.0,29.0,33.0,2.0,0,0,0,0,4.0,4.0,4.0,4.0,4.0,4.0,4.0,4.0,4550.0
36742,0,0,1979.75,1,1,1,1,1,1,1,2,2,2,2,0,1,0,0,0,0,0,3,22.0,14.0,6.0,2.0,0,0,0,0,40.0,40.0,40.0,40.0,76.0,77.0,77.0,77.0,4205.0
36815,0,0,1980.0,0,0,0,0,1,1,1,2,2,2,2,0,0,0,1,0,0,0,0,11.0,19.0,18.0,6.0,0,0,0,0,31.0,31.0,31.0,31.0,64.0,64.0,64.0,64.0,4172.0
36877,0,0,1980.25,1,1,1,1,1,1,1,2,2,2,2,1,0,0,1,0,3,3,0,8.0,1.0,5.0,12.0,0,0,1,0,34.0,34.0,34.0,34.0,68.0,68.0,68.0,68.0,4816.0
36908,1,0,1980.25,2,2,2,2,0,0,0,2,2,2,2,0,0,0,0,0,0,0,0,12.0,39.0,9.0,16.0,0,0,0,0,9.0,9.0,9.0,9.0,12.0,12.0,12.0,12.0,4717.0
37057,0,1,1980.0,2,0,2,2,0,0,0,0,0,0,0,0,1,0,0,0,0,0,0,10.0,25.0,16.0,4.0,1,0,1,0,11.0,11.0,11.0,11.0,27.0,27.0,27.0,27.0,4708.0
37130,0,0,1980.5,2,0,0,0,1,1,1,2,2,2,2,0,0,0,0,0,0,0,0,13.0,16.0,25.0,37.0,0,0,0,0,8.0,8.0,8.0,8.0,11.0,11.0,11.0,11.0,4693.0
37225,0,0,1980.5,1,1,1,1,0,0,0,2,2,2,2,2,0,1,0,1,4,0,0,8.0,1.0,8.0,9.0,0,0,0,0,14.0,14.0,14.0,14.0,38.0,38.0,38.0,38.0,4103.0
37351,0,0,1979.75,0,2,2,2,0,0,0,2,2,2,2,0,1,0,1,0,0,0,1,11.0,11.0,7.0,17.0,0,1,0,0,21.0,21.0,21.0,21.0,49.0,49.0,49.0,49.0,4513.0
37374,1,0,1980.25,0,0,0,0,0,0,0,2,2,2,2,0,0,1,1,0,0,3,0,4.0,12.0,1.0,18.0,0,0,0,0,15.0,15.0,15.0,15.0,39.0,39.0,39.0,39.0,4550.0
37386,0,0,1980.5,0,1,1,1,1,1,1,1,1,1,1,1,0,0,1,0,0,3,0,13.0,4.0,1.0,24.0,0,0,0,1,22.0,22.0,22.0,22.0,54.0,54.0,54.0,54.0,4529.0
37689,1,0,1979.5,0,0,0,0,1,1,1,3,3,3,3,0,1,0,1,4,0,3,0,0.0,8.0,1.0,7.0,0,0,0,0,26.0,26.0,26.0,26.0,59.0,59.0,59.0,59.0,4458.0
37771,1,0,1980.5,2,2,2,2,1,1,1,2,2,2,2,1,0,0,1,0,0,0,0,12.0,21.0,14.0,9.0,0,0,0,0,41.0,41.0,41.0,41.0,79.0,79.0,79.0,79.0,4972.0
38152,1,0,1979.75,0,2,2,2,0,0,0,2,2,2,2,0,1,1,1,0,0,6,0,13.0,13.0,20.0,19.0,0,0,0,1,38.0,38.0,38.0,38.0,74.0,74.0,74.0,74.0,4322.0
38224,1,0,1979.0,0,0,0,0,1,1,1,2,2,2,2,0,0,0,0,0,6,6,0,8.0,12.0,23.0,21.0,0,0,0,0,3.0,3.0,3.0,3.0,3.0,3.0,3.0,3.0,3989.0
38332,0,0,1980.25,0,0,0,1,1,1,1,2,2,2,2,1,0,0,1,0,0,0,0,13.0,7.0,8.0,15.0,0,0,0,1,21.0,21.0,21.0,21.0,50.0,50.0,50.0,50.0,4522.0
38343,1,0,1979.75,2,2,2,2,1,1,1,2,2,2,2,0,0,0,1,0,0,0,0,10.0,9.0,23.0,19.0,0,0,0,0,34.0,34.0,34.0,34.0,68.0,68.0,68.0,68.0,4700.0
38471,1,0,1979.75,2,2,2,2,1,1,1,2,2,2,2,1,1,0,0,0,6,6,4,20.0,20.0,5.0,3.0,0,0,0,0,3.0,3.0,3.0,3.0,3.0,3.0,3.0,3.0,4939.0
38558,0,0,1980.25,0,2,2,2,1,1,1,1,1,1,1,0,0,0,0,0,3,0,2,12.0,3.0,25.0,12.0,0,0,0,0,18.0,18.0,18.0,18.0,46.0,46.0,46.0,46.0,4572.0
38742,0,1,1979.75,0,0,0,0,0,0,0,2,2,2,2,1,0,0,0,1,0,0,0,11.0,16.0,13.0,37.0,0,0,0,0,8.0,8.0,8.0,8.0,11.0,11.0,11.0,11.0,4326.0
38799,0,0,1980.0,0,2,2,2,1,1,1,2,2,2,2,1,0,0,0,0,3,6,4,5.0,2.0,19.0,0.0,0,0,0,0,19.0,19.0,19.0,19.0,47.0,47.0,47.0,47.0,4337.0
38844,0,0,1980.25,1,1,1,1,0,0,0,2,2,2,2,1,1,1,0,0,0,0,0,13.0,14.0,17.0,10.0,0,0,0,0,6.0,6.0,6.0,6.0,8.0,8.0,8.0,8.0,4921.0
38992,1,0,1980.0,2,2,2,2,1,1,1,1,1,1,1,1,3,0,0,0,0,0,6,14.0,11.0,12.0,29.0,0,0,0,0,12.0,12.0,12.0,12.0,36.0,36.0,36.0,36.0,4799.0
39018,1,0,1979.5,0,0,0,0,0,1,1,2,2,2,2,1,1,1,0,0,0,0,0,12.0,9.0,10.0,22.0,0,0,0,0,6.0,6.0,6.0,6.0,8.0,8.0,8.0,8.0,4447.0
39190,0,0,1979.75,0,2,2,2,1,1,1,2,2,2,2,0,0,1,1,0,3,0,0,19.0,1.0,8.0,15.0,0,0,0,0,37.0,37.0,37.0,37.0,73.0,73.0,73.0,73.0,4877.0
39212,0,0,1980.25,0,0,0,0,1,1,1,2,2,2,2,1,0,1,0,0,0,0,0,13.0,16.0,11.0,19.0,0,0,0,0,39.0,39.0,39.0,39.0,75.0,75.0,75.0,75.0,4412.0
39281,0,1,1980.0,1,1,1,1,0,0,0,0,0,0,0,0,0,0,1,3,6,0,0,2.0,9.0,31.0,18.0,0,1,1,1,11.0,11.0,11.0,11.0,19.0,19.0,19.0,19.0,3996.0
39305,1,1,1980.5,2,0,0,0,0,0,0,0,0,0,0,1,1,1,0,0,0,4,4,5.0,32.0,0.0,0.0,0,1,1,1,11.0,11.0,11.0,11.0,33.0,33.0,33.0,33.0,4530.0
39342,0,0,1980.25,1,1,1,1,0,0,0,2,2,2,2,0,0,0,0,0,3,3,3,6.0,1.0,5.0,3.0,0,0,1,0,34.0,34.0,34.0,34.0,68.0,68.0,68.0,68.0,4260.0
39392,0,0,1980.0,0,0,0,1,1,1,1,2,2,2,2,0,0,1,1,0,0,0,0,11.0,20.0,11.0,4.0,0,0,0,0,21.0,21.0,21.0,21.0,49.0,49.0,49.0,49.0,4860.0
39422,0,0,1980.25,1,1,1,1,1,1,1,2,2,2,2,3,0,1,0,0,2,0,0,6.0,18.0,9.0,5.0,0,0,0,0,5.0,5.0,5.0,5.0,7.0,7.0,7.0,7.0,4552.0
39453,0,0,1980.25,2,0,0,2,1,1,1,2,2,2,2,0,0,0,1,0,4,3,0,3.0,0.0,1.0,4.0,0,0,0,0,32.0,32.0,32.0,32.0,66.0,66.0,66.0,66.0,4535.0
39495,0,0,1979.75,0,1,1,1,1,1,1,0,0,0,0,1,1,0,0,4,0,4,3,3.0,36.0,0.0,1.0,1,0,0,0,22.0,22.0,22.0,22.0,53.0,53.0,53.0,53.0,4329.0
39613,1,0,1980.25,1,1,1,1,1,1,1,1,1,1,1,1,0,0,0,0,0,0,1,20.0,16.0,23.0,14.0,0,0,0,1,11.0,11.0,11.0,11.0,17.0,17.0,17.0,17.0,4945.0
39911,1,0,1979.75,0,0,0,1,1,1,0,2,2,2,2,1,0,1,0,0,3,0,6,10.0,2.0,12.0,28.0,0,0,1,0,1.0,1.0,1.0,1.0,1.0,1.0,1.0,1.0,4444.0
40064,0,0,1980.0,1,1,1,1,1,1,1,3,3,3,3,0,0,1,0,0,0,3,0,13.0,20.0,23.0,9.0,0,0,0,0,6.0,6.0,6.0,6.0,9.0,9.0,9.0,9.0,5024.0
40093,0,0,1980.25,1,1,1,1,1,0,1,2,2,2,2,0,0,0,0,0,0,0,4,10.0,8.0,7.0,1.0,0,0,0,0,32.0,32.0,32.0,32.0,66.0,66.0,66.0,66.0,4715.0
40390,1,0,1979.75,1,1,1,1,1,1,1,2,2,2,2,0,0,0,0,0,3,3,3,6.0,1.0,5.0,3.0,0,0,1,0,34.0,34.0,34.0,34.0,68.0,68.0,68.0,68.0,4673.0
40417,1,0,1980.0,2,2,2,2,1,1,1,1,1,1,1,0,1,0,1,0,0,0,3,7.0,29.0,33.0,2.0,0,0,0,0,4.0,4.0,4.0,4.0,4.0,4.0,4.0,4.0,4691.0
40445,0,1,1980.25,1,1,1,1,0,0,0,0,0,0,0,0,0,1,1,0,6,0,0,6.0,9.0,33.0,18.0,1,1,1,1,11.0,11.0,11.0,11.0,19.0,19.0,19.0,19.0,4225.0
40455,1,0,1980.75,2,2,2,2,1,1,1,2,2,2,2,0,1,0,1,0,0,3,0,14.0,11.0,2.0,15.0,0,0,0,0,37.0,37.0,37.0,37.0,73.0,73.0,73.0,73.0,4276.0
40607,0,1,1980.0,1,1,1,1,1,1,1,0,0,0,0,0,0,1,1,0,3,0,6,5.0,2.0,13.0,31.0,0,1,1,0,11.0,11.0,11.0,11.0,29.0,29.0,29.0,29.0,5060.0
40746,0,0,1980.5,2,2,2,2,1,1,1,2,2,2,2,1,0,0,0,0,0,0,6,9.0,20.0,19.0,2.0,0,0,0,0,31.0,31.0,31.0,31.0,65.0,65.0,65.0,65.0,4480.0
40785,1,1,1980.0,2,0,0,0,1,1,1,0,0,0,0,0,0,1,1,0,0,0,0,9.0,14.0,13.0,19.0,0,1,0,1,22.0,22.0,22.0,22.0,53.0,53.0,53.0,53.0,4526.0
40814,0,0,1980.25,2,0,0,0,1,0,0,2,2,2,2,1,1,0,2,0,0,6,0,3.0,13.0,18.0,13.0,0,0,0,0,41.0,41.0,41.0,41.0,78.0,78.0,78.0,78.0,4054.0
40824,1,0,1979.75,1,1,1,1,1,1,1,1,1,1,1,1,0,1,0,4,0,3,0,8.0,20.0,15.0,5.0,0,0,1,0,17.0,17.0,17.0,17.0,41.0,41.0,41.0,41.0,4387.0
40870,0,0,1979.75,1,1,1,0,1,1,1,2,2,2,2,2,0,0,0,0,0,0,0,10.0,8.0,16.0,17.0,0,0,0,0,3.0,3.0,3.0,29.0,3.0,3.0,3.0,62.0,4940.0
40905,1,0,1980.5,1,1,1,1,0,1,0,2,2,2,2,0,0,0,1,0,0,0,0,8.0,7.0,15.0,13.0,0,0,0,0,4.0,4.0,4.0,4.0,5.0,5.0,5.0,5.0,4292.0
40918,0,1,1979.75,0,0,0,0,0,0,0,1,1,1,1,0,0,0,1,0,0,6,0,6.0,3.0,4.0,19.0,0,1,1,1,11.0,11.0,11.0,11.0,24.0,24.0,24.0,24.0,4428.0
41084,1,0,1980.25,2,2,2,2,0,0,0,2,2,2,2,1,0,0,2,0,0,4,1,21.0,5.0,3.0,12.0,0,0,0,0,16.0,16.0,16.0,16.0,40.0,40.0,40.0,40.0,4158.0
41146,1,0,1980.5,0,0,0,0,0,0,0,2,2,2,2,0,0,0,0,0,2,0,0,16.0,11.0,31.0,7.0,0,0,0,0,35.0,35.0,35.0,35.0,69.0,69.0,69.0,69.0,4531.0
41162,0,1,1980.5,0,2,2,2,0,0,0,2,2,2,2,1,1,1,1,0,0,0,0,17.0,23.0,8.0,16.0,0,0,0,0,12.0,12.0,12.0,12.0,34.0,34.0,34.0,34.0,4431.0
41238,1,0,1979.75,2,2,2,2,1,1,1,2,2,2,2,0,0,0,1,0,0,6,0,13.0,16.0,4.0,14.0,0,0,1,0,8.0,8.0,8.0,8.0,11.0,11.0,11.0,11.0,5052.0
41287,0,1,1979.75,1,1,1,1,0,0,0,0,0,0,0,0,1,0,0,3,1,0,0,1.0,25.0,4.0,22.0,1,1,1,1,11.0,11.0,11.0,11.0,16.0,16.0,16.0,16.0,4398.0
41482,0,1,1980.5,2,0,0,2,0,0,0,0,0,0,0,1,0,0,1,0,0,6,2,17.0,5.0,1.0,23.0,0,0,1,1,11.0,11.0,11.0,11.0,16.0,16.0,16.0,16.0,4227.0
41513,1,0,1979.5,1,1,1,1,1,1,1,2,2,2,2,1,0,0,0,0,0,3,3,4.0,7.0,3.0,1.0,0,0,0,0,30.0,30.0,30.0,30.0,63.0,63.0,63.0,63.0,4769.0
41568,1,0,1980.0,2,2,2,2,0,0,1,2,2,2,2,1,1,1,1,0,0,0,0,5.0,15.0,8.0,16.0,0,0,0,0,12.0,12.0,12.0,12.0,34.0,34.0,34.0,34.0,4293.0
41590,1,0,1980.75,0,2,2,2,0,0,0,2,2,2,2,0,0,0,1,1,0,0,0,10.0,9.0,23.0,19.0,0,0,0,0,34.0,34.0,34.0,34.0,68.0,68.0,68.0,68.0,4262.0
41790,0,0,1980.25,1,2,2,2,1,1,1,2,2,2,2,0,0,1,1,0,6,0,0,14.0,23.0,21.0,36.0,0,0,1,0,38.0,38.0,38.0,38.0,74.0,74.0,74.0,74.0,4882.0
41847,1,0,1979.75,0,2,2,2,1,1,1,2,2,2,2,0,0,1,1,3,0,0,1,1.0,18.0,15.0,15.0,0,0,0,0,40.0,40.0,40.0,40.0,76.0,77.0,77.0,77.0,4506.0
41920,1,0,1980.0,1,1,1,1,1,1,1,1,1,1,1,0,0,0,1,0,0,0,2,16.0,9.0,8.0,17.0,1,0,0,0,22.0,22.0,22.0,22.0,51.0,51.0,51.0,51.0,4474.0
42125,0,0,1980.25,2,0,0,0,1,1,1,2,2,2,2,1,0,0,1,0,3,4,0,13.0,2.0,2.0,13.0,0,0,0,0,42.0,42.0,42.0,42.0,80.0,80.0,80.0,80.0,4328.0
42207,0,0,1980.0,0,0,0,0,1,1,1,2,2,2,2,0,0,0,0,0,0,6,0,8.0,23.0,23.0,21.0,0,0,0,0,3.0,3.0,3.0,3.0,3.0,3.0,3.0,3.0,4313.0
42217,0,1,1980.5,2,0,0,0,1,1,1,0,1,1,1,0,0,0,0,0,0,6,0,10.0,11.0,4.0,7.0,1,0,1,1,11.0,11.0,11.0,11.0,27.0,20.0,20.0,20.0,4532.0
42384,1,1,1980.0,0,2,2,2,0,0,0,0,0,0,0,0,0,0,1,0,3,3,1,12.0,1.0,1.0,11.0,0,1,0,1,18.0,18.0,18.0,18.0,45.0,45.0,45.0,45.0,4100.0
42506,1,1,1980.5,2,0,2,2,0,0,1,0,0,0,0,0,0,0,0,0,4,0,0,20.0,5.0,35.0,4.0,1,0,1,0,11.0,11.0,11.0,11.0,27.0,27.0,27.0,27.0,4503.0
42601,0,1,1979.5,2,2,2,2,0,0,0,0,0,0,0,1,0,1,0,3,0,0,0,24.0,35.0,32.0,18.0,0,1,1,1,11.0,11.0,11.0,11.0,30.0,30.0,30.0,30.0,4368.0
42678,1,0,1979.75,0,0,0,0,0,0,0,2,2,2,2,0,0,0,0,0,0,0,0,16.0,10.0,26.0,17.0,0,0,0,0,29.0,29.0,29.0,29.0,62.0,62.0,62.0,62.0,4228.0
42752,0,1,1980.0,0,0,0,0,1,1,1,1,1,1,1,0,0,0,1,0,0,6,0,0.0,5.0,12.0,19.0,0,1,0,1,11.0,11.0,11.0,11.0,17.0,17.0,17.0,17.0,4252.0
42847,0,0,1980.0,2,2,2,2,1,1,1,1,1,1,1,0,0,1,0,0,0,0,0,3.0,27.0,9.0,8.0,0,0,0,0,25.0,25.0,25.0,25.0,58.0,58.0,58.0,58.0,4349.0
42877,0,1,1980.25,1,1,1,1,0,0,0,3,3,3,3,1,1,1,0,0,0,0,3,14.0,19.0,12.0,2.0,0,0,0,0,26.0,26.0,26.0,26.0,59.0,59.0,59.0,59.0,4595.0
42895,1,0,1980.0,2,2,2,2,0,0,0,2,2,2,2,0,1,0,1,1,0,0,0,9.0,16.0,31.0,5.0,0,0,1,0,5.0,5.0,5.0,5.0,7.0,7.0,7.0,7.0,4638.0
43036,1,1,1980.25,2,0,1,1,1,1,1,1,1,1,1,1,0,1,1,0,4,6,0,10.0,2.0,10.0,10.0,0,1,1,1,11.0,11.0,11.0,11.0,24.0,24.0,24.0,24.0,4167.0
43070,0,0,1980.25,2,2,2,2,0,0,0,2,2,2,2,0,0,1,1,0,0,0,2,13.0,10.0,27.0,19.0,0,0,0,0,33.0,33.0,33.0,33.0,67.0,67.0,67.0,67.0,4459.0
43209,0,0,1980.5,0,2,2,2,1,1,1,1,1,1,1,1,0,1,1,2,4,6,0,15.0,3.0,15.0,21.0,0,0,0,0,17.0,17.0,17.0,17.0,41.0,41.0,41.0,41.0,4599.0
43226,1,0,1980.5,2,2,2,2,1,1,1,2,2,2,2,0,1,0,1,0,0,0,1,9.0,11.0,7.0,17.0,0,1,0,0,21.0,21.0,21.0,21.0,49.0,49.0,49.0,49.0,4395.0
43271,1,0,1979.75,1,1,1,1,0,0,0,2,2,2,2,3,1,1,1,0,0,0,0,8.0,3.0,12.0,14.0,0,0,0,0,41.0,41.0,41.0,41.0,78.0,78.0,78.0,78.0,4454.0
43294,1,0,1980.25,2,1,1,1,0,0,0,2,2,2,2,0,0,0,0,0,3,0,0,15.0,0.0,9.0,34.0,0,0,0,0,19.0,19.0,19.0,19.0,47.0,47.0,47.0,47.0,4342.0
43325,0,0,1980.25,1,1,1,1,1,1,1,1,1,1,1,1,0,0,1,0,0,6,0,12.0,23.0,15.0,20.0,0,0,1,0,22.0,22.0,22.0,22.0,54.0,54.0,54.0,54.0,4734.0
43473,0,0,1980.0,1,1,1,1,1,1,1,2,2,2,2,3,1,1,1,0,0,0,0,8.0,3.0,12.0,14.0,0,0,0,0,41.0,41.0,41.0,41.0,78.0,78.0,78.0,78.0,4821.0
43607,0,1,1979.75,1,1,1,1,0,0,0,2,2,2,2,1,1,1,0,0,0,0,0,6.0,12.0,14.0,10.0,0,0,0,0,36.0,36.0,36.0,36.0,72.0,72.0,72.0,72.0,4802.0
43724,1,0,1980.25,0,2,2,2,1,1,1,2,2,2,2,0,0,0,1,0,0,0,0,13.0,21.0,14.0,9.0,0,0,0,0,41.0,41.0,41.0,41.0,79.0,79.0,79.0,79.0,4557.0
43898,0,0,1980.5,1,1,1,1,0,0,0,2,2,2,2,0,0,1,0,0,3,1,0,27.0,2.0,28.0,36.0,0,0,0,0,16.0,16.0,16.0,16.0,40.0,40.0,40.0,40.0,4382.0
44043,1,0,1979.5,0,2,2,2,0,0,0,2,2,2,2,0,1,0,1,0,0,0,1,11.0,11.0,7.0,17.0,0,1,0,0,21.0,21.0,21.0,21.0,49.0,49.0,49.0,49.0,4510.0
44214,0,0,1979.75,2,2,2,2,0,1,0,2,2,2,2,0,1,0,1,1,0,0,0,9.0,16.0,31.0,5.0,0,0,1,0,5.0,5.0,5.0,5.0,7.0,7.0,7.0,7.0,4698.0
44302,1,0,1980.25,0,2,2,2,1,1,1,2,2,2,2,0,1,0,0,3,0,0,0,2.0,11.0,6.0,7.0,0,0,1,0,24.0,24.0,24.0,24.0,57.0,57.0,57.0,57.0,4165.0
44379,1,1,1979.5,0,0,1,1,0,0,0,1,1,1,1,0,0,0,0,0,0,0,0,11.0,7.0,33.0,15.0,0,0,0,0,22.0,22.0,22.0,22.0,51.0,51.0,51.0,51.0,4285.0
44512,1,1,1980.0,1,1,1,1,0,0,0,0,0,0,0,0,0,0,1,4,0,0,1,9.0,6.0,14.0,33.0,1,1,1,1,11.0,11.0,11.0,11.0,22.0,22.0,22.0,22.0,4506.0
44561,1,1,1980.0,2,2,2,2,1,1,1,2,2,2,2,1,0,1,1,0,6,6,0,8.0,23.0,20.0,19.0,0,0,0,1,38.0,38.0,38.0,38.0,74.0,74.0,74.0,74.0,4643.0
44638,0,0,1980.25,1,1,1,1,1,1,1,1,1,1,1,1,0,0,0,0,0,4,0,8.0,6.0,3.0,19.0,0,0,0,0,25.0,25.0,25.0,25.0,58.0,58.0,58.0,58.0,4732.0
44753,0,0,1980.0,1,1,1,1,0,1,1,2,2,2,2,1,1,1,1,0,0,0,0,5.0,11.0,18.0,10.0,0,0,0,0,12.0,12.0,12.0,12.0,35.0,35.0,35.0,35.0,4867.0
44797,0,0,1979.25,0,0,0,0,1,1,1,1,1,1,1,0,1,0,1,0,0,0,1,15.0,5.0,23.0,9.0,0,0,0,0,12.0,12.0,12.0,12.0,36.0,36.0,36.0,36.0,4343.0
44891,0,0,1980.5,2,2,2,2,0,0,0,2,2,2,2,1,1,0,0,0,0,0,0,8.0,18.0,6.0,17.0,0,0,0,0,14.0,14.0,14.0,14.0,38.0,38.0,38.0,38.0,4331.0
44998,1,0,1979.75,2,1,1,1,1,1,1,1,1,1,1,0,0,0,0,0,3,0,0,7.0,0.0,14.0,6.0,0,0,0,0,4.0,4.0,4.0,4.0,4.0,4.0,4.0,4.0,4393.0
45287,1,0,1979.75,0,2,2,2,1,0,0,2,2,2,2,0,0,1,1,4,0,0,2,0.0,10.0,27.0,19.0,0,0,0,0,33.0,33.0,33.0,33.0,67.0,67.0,67.0,67.0,4411.0
45351,1,0,1979.75,2,2,2,2,0,1,1,2,2,2,2,0,0,0,1,0,0,6,0,13.0,16.0,4.0,14.0,0,0,1,0,8.0,8.0,8.0,8.0,11.0,11.0,11.0,11.0,4273.0
45440,1,0,1980.0,2,2,2,2,1,1,1,2,2,2,2,1,0,1,1,0,6,0,0,8.0,23.0,21.0,36.0,0,0,1,0,38.0,38.0,38.0,38.0,74.0,74.0,74.0,74.0,4338.0
45497,0,0,1980.5,2,0,2,2,0,0,0,2,2,2,2,1,0,0,0,0,0,0,0,8.0,19.0,6.0,17.0,0,0,0,0,14.0,14.0,14.0,14.0,38.0,38.0,38.0,38.0,4882.0
45548,1,0,1980.25,1,1,1,1,1,1,1,2,2,2,2,1,1,1,0,0,0,0,0,6.0,12.0,14.0,10.0,0,0,0,0,36.0,36.0,36.0,36.0,72.0,72.0,72.0,72.0,5127.0
45831,1,1,1979.75,1,1,1,1,0,0,0,0,0,0,0,0,0,0,1,0,4,4,0,6.0,0.0,1.0,14.0,0,1,0,1,11.0,11.0,11.0,11.0,31.0,31.0,31.0,31.0,4317.0
45934,1,0,1980.25,1,1,1,1,0,0,0,1,1,1,1,1,0,0,0,0,0,0,0,4.0,18.0,15.0,12.0,0,0,0,0,18.0,18.0,18.0,18.0,46.0,46.0,46.0,46.0,4288.0
46143,1,0,1980.0,1,1,1,1,1,1,1,2,2,2,2,0,1,1,0,0,2,0,0,4.0,26.0,9.0,5.0,0,0,0,0,5.0,5.0,5.0,5.0,7.0,7.0,7.0,7.0,4981.0
46174,0,0,1980.25,0,0,1,1,1,1,1,2,2,2,2,0,0,1,0,0,0,0,0,8.0,15.0,14.0,10.0,0,0,0,0,36.0,36.0,36.0,36.0,72.0,72.0,72.0,72.0,4967.0
46252,0,1,1980.25,1,1,1,1,1,1,1,1,1,1,1,0,0,0,0,0,3,0,0,21.0,3.0,4.0,13.0,0,0,0,1,11.0,11.0,11.0,11.0,20.0,20.0,20.0,20.0,4291.0
46263,1,1,1979.75,1,1,1,0,0,1,0,0,0,0,0,0,1,0,1,4,0,0,2,1.0,17.0,5.0,14.0,0,0,0,0,11.0,11.0,11.0,11.0,27.0,27.0,27.0,27.0,4193.0
46283,0,1,1980.5,1,1,1,1,0,0,0,0,0,0,0,0,1,0,0,4,0,6,0,9.0,9.0,2.0,8.0,1,1,1,1,11.0,11.0,11.0,11.0,22.0,22.0,22.0,22.0,4395.0
46315,1,0,1980.5,1,1,1,1,0,0,0,2,2,2,2,1,0,0,0,5,3,0,0,11.0,0.0,9.0,34.0,0,0,0,0,19.0,19.0,19.0,19.0,47.0,47.0,47.0,47.0,4241.0
46400,0,0,1980.0,1,1,1,1,1,1,1,2,2,2,2,1,0,0,0,0,0,4,0,9.0,5.0,0.0,15.0,0,0,0,0,9.0,9.0,9.0,9.0,12.0,12.0,12.0,12.0,4419.0
46476,1,0,1980.25,2,2,2,2,1,1,1,2,2,2,2,0,0,0,0,0,0,0,0,12.0,39.0,9.0,16.0,0,0,0,0,9.0,9.0,9.0,9.0,12.0,12.0,12.0,12.0,4629.0
46617,1,1,1980.5,0,2,2,2,0,0,0,0,0,0,0,0,0,1,0,0,0,0,0,10.0,35.0,32.0,18.0,1,1,1,1,11.0,11.0,11.0,11.0,30.0,30.0,30.0,30.0,3941.0
46686,0,1,1980.25,0,0,0,2,1,1,1,1,1,1,1,0,0,0,1,0,3,0,0,20.0,2.0,2.0,20.0,1,0,1,1,11.0,11.0,11.0,11.0,23.0,23.0,23.0,23.0,4571.0
46758,1,0,1979.75,0,2,2,2,0,0,0,2,2,2,2,1,0,0,0,0,3,6,4,5.0,2.0,19.0,0.0,0,0,0,0,19.0,19.0,19.0,19.0,47.0,47.0,47.0,47.0,4272.0
46858,0,0,1980.5,0,2,2,2,1,1,1,2,2,2,2,1,0,0,0,0,3,6,4,5.0,2.0,19.0,0.0,0,0,0,0,19.0,19.0,19.0,19.0,47.0,47.0,47.0,47.0,4305.0
47038,1,0,1980.25,2,2,2,2,1,1,0,2,2,2,2,0,1,0,0,1,0,0,4,9.0,9.0,8.0,0.0,0,0,0,0,5.0,5.0,5.0,5.0,7.0,7.0,7.0,7.0,4400.0
47258,0,0,1980.5,0,0,0,0,0,1,1,2,2,2,2,1,0,0,0,0,0,0,0,17.0,6.0,12.0,14.0,0,0,0,0,12.0,12.0,12.0,12.0,34.0,34.0,34.0,34.0,3995.0
47271,1,0,1979.75,0,0,0,0,1,1,1,2,2,2,2,1,0,0,1,0,0,6,0,12.0,15.0,10.0,13.0,0,0,1,0,36.0,36.0,36.0,36.0,72.0,72.0,72.0,72.0,4608.0
47447,1,0,1979.75,2,1,1,1,1,1,1,1,1,1,1,0,0,0,1,0,3,3,0,18.0,13.0,2.0,6.0,0,0,0,0,22.0,22.0,22.0,22.0,52.0,52.0,52.0,52.0,4403.0
47548,0,0,1980.25,0,2,2,2,1,1,1,1,1,1,1,1,0,1,1,0,3,6,0,22.0,1.0,22.0,15.0,0,0,0,0,28.0,28.0,28.0,28.0,61.0,61.0,61.0,61.0,4982.0
47598,0,1,1980.25,1,1,1,1,0,0,0,1,1,1,1,0,0,0,0,0,0,6,0,11.0,4.0,28.0,11.0,1,0,0,0,11.0,11.0,11.0,11.0,23.0,23.0,23.0,23.0,4308.0
47655,1,1,1979.75,0,0,0,0,1,1,1,2,2,2,2,0,0,0,0,0,0,6,0,8.0,23.0,23.0,21.0,0,0,0,0,3.0,3.0,3.0,3.0,3.0,3.0,3.0,3.0,4466.0
47902,1,0,1980.25,2,2,2,2,1,1,1,2,2,2,2,0,0,0,1,0,0,0,0,3.0,8.0,13.0,4.0,0,0,0,0,32.0,32.0,32.0,32.0,66.0,66.0,66.0,66.0,4620.0
47963,0,0,1980.5,0,0,0,0,1,1,1,2,2,2,2,0,0,1,0,0,0,0,0,20.0,4.0,19.0,22.0,0,0,0,0,31.0,31.0,31.0,31.0,64.0,64.0,64.0,64.0,4566.0
47975,1,0,1979.75,0,2,2,2,1,1,1,2,2,2,2,1,0,0,0,0,0,0,0,6.0,9.0,15.0,15.0,0,0,0,0,30.0,30.0,30.0,30.0,63.0,63.0,63.0,63.0,4602.0
47993,1,1,1979.5,2,0,0,1,0,0,0,1,1,1,1,0,1,0,0,0,0,0,0,5.0,13.0,17.0,9.0,1,0,0,0,22.0,22.0,22.0,22.0,51.0,51.0,51.0,51.0,4136.0
48054,1,0,1979.75,1,1,1,1,1,1,1,2,2,2,2,1,1,1,1,0,0,0,0,8.0,10.0,18.0,11.0,0,0,1,0,24.0,24.0,24.0,24.0,57.0,57.0,57.0,57.0,4322.0
48091,0,0,1980.5,0,2,2,2,1,1,1,1,1,1,1,3,1,0,0,0,0,0,0,13.0,20.0,12.0,14.0,0,0,0,1,22.0,22.0,22.0,22.0,51.0,51.0,51.0,51.0,4768.0
48113,0,0,1980.0,1,1,1,1,1,1,1,1,1,1,1,1,0,0,0,0,0,4,0,8.0,9.0,3.0,19.0,0,0,0,0,25.0,25.0,25.0,25.0,58.0,58.0,58.0,58.0,4231.0
48231,0,0,1981.75,0,1,1,1,1,1,1,2,2,2,2,1,0,2,2,0,0,2,0,11.0,14.0,17.0,13.0,0,0,0,0,39.0,39.0,39.0,39.0,75.0,75.0,75.0,75.0,5277.0
48282,0,0,1980.5,2,0,0,0,1,1,1,1,1,1,1,0,1,2,1,0,6,0,0,16.0,18.0,15.0,20.0,0,0,0,0,17.0,17.0,17.0,17.0,41.0,41.0,41.0,41.0,4514.0
48321,0,0,1980.0,1,1,1,1,1,1,1,2,2,2,2,2,0,0,0,0,0,0,3,14.0,39.0,8.0,0.0,0,1,0,0,1.0,1.0,1.0,1.0,1.0,1.0,1.0,1.0,4805.0
48337,0,0,1980.0,0,0,1,1,1,1,1,2,2,2,2,1,1,0,0,0,0,0,0,13.0,5.0,5.0,22.0,0,0,0,0,39.0,39.0,39.0,39.0,75.0,75.0,75.0,75.0,4381.0
48625,1,0,1980.0,0,0,0,0,1,1,1,2,2,2,2,0,0,0,0,0,0,0,4,20.0,32.0,9.0,0.0,0,0,0,0,9.0,9.0,9.0,9.0,12.0,12.0,12.0,12.0,4472.0
48635,0,1,1980.5,1,1,1,1,0,0,0,0,0,0,0,0,0,0,1,3,0,0,0,2.0,38.0,10.0,29.0,1,1,1,1,11.0,11.0,11.0,11.0,16.0,16.0,16.0,16.0,4544.0
48653,1,1,1980.25,0,2,0,2,0,0,1,0,0,0,0,0,0,1,0,0,0,4,0,12.0,24.0,24.0,25.0,1,1,1,1,11.0,11.0,11.0,11.0,27.0,27.0,27.0,27.0,4446.0
48668,0,0,1980.25,1,1,1,1,1,1,1,2,2,2,2,0,0,1,0,0,3,1,0,4.0,2.0,28.0,36.0,0,0,0,0,16.0,16.0,16.0,16.0,40.0,40.0,40.0,40.0,4840.0
48702,0,0,1980.25,0,2,2,2,1,1,1,1,1,1,1,1,1,1,1,0,0,0,0,22.0,29.0,12.0,6.0,0,0,0,0,28.0,28.0,28.0,28.0,61.0,61.0,61.0,61.0,4911.0
48843,1,0,1980.5,0,0,0,0,1,1,1,2,2,2,2,0,0,0,0,0,0,6,0,8.0,23.0,23.0,21.0,0,0,0,0,3.0,3.0,3.0,3.0,3.0,3.0,3.0,3.0,4571.0
48893,1,0,1979.25,0,2,2,2,0,0,0,1,1,1,1,1,1,1,1,0,0,0,0,22.0,29.0,12.0,6.0,0,0,0,0,28.0,28.0,28.0,28.0,61.0,61.0,61.0,61.0,4430.0
48985,0,0,1980.5,0,0,0,1,1,0,1,2,2,2,2,0,1,0,0,0,0,0,1,19.0,13.0,19.0,9.0,0,0,0,0,37.0,37.0,37.0,37.0,73.0,73.0,73.0,73.0,4656.0
49050,0,0,1980.5,0,0,0,0,1,1,1,2,2,2,2,1,0,0,1,0,0,6,0,12.0,15.0,10.0,13.0,0,0,1,0,36.0,36.0,36.0,36.0,72.0,72.0,72.0,72.0,4797.0
49118,0,0,1980.25,0,0,0,0,1,0,1,2,2,2,2,0,0,0,0,0,2,0,0,16.0,11.0,31.0,7.0,0,0,0,0,35.0,35.0,35.0,35.0,69.0,69.0,69.0,69.0,4520.0
49153,0,0,1980.0,0,0,0,0,0,1,0,2,2,2,2,0,0,0,1,0,0,6,0,8.0,8.0,10.0,13.0,0,0,1,0,36.0,36.0,36.0,36.0,72.0,72.0,72.0,72.0,4061.0
49162,1,1,1980.5,0,2,2,0,0,0,0,0,0,0,0,0,1,0,0,0,2,0,0,24.0,24.0,11.0,20.0,1,1,0,0,11.0,11.0,11.0,11.0,22.0,22.0,22.0,22.0,3932.0
49196,1,0,1980.25,1,1,1,1,0,0,0,2,2,2,2,0,0,0,0,0,0,0,2,19.0,7.0,32.0,17.0,0,0,0,0,31.0,31.0,31.0,31.0,64.0,64.0,64.0,64.0,4184.0
49354,0,0,1980.5,1,1,1,1,1,1,1,3,3,3,3,1,0,0,1,0,0,0,0,7.0,20.0,12.0,19.0,0,0,0,0,6.0,6.0,6.0,6.0,9.0,9.0,9.0,9.0,4454.0
49585,1,0,1980.0,2,2,2,2,1,1,1,1,1,1,1,0,0,1,0,0,0,0,0,17.0,27.0,9.0,8.0,0,0,0,0,25.0,25.0,25.0,25.0,58.0,58.0,58.0,58.0,4442.0
49755,0,0,1980.5,0,2,2,2,0,0,0,3,3,3,3,3,1,1,0,0,0,0,0,13.0,15.0,20.0,20.0,0,0,0,0,27.0,27.0,27.0,27.0,60.0,60.0,60.0,60.0,4646.0
49820,1,0,1980.25,2,0,0,0,1,1,1,2,2,2,2,3,0,0,0,0,0,4,6,12.0,21.0,0.0,23.0,0,0,0,0,30.0,30.0,30.0,30.0,63.0,63.0,63.0,63.0,4814.0
49897,1,0,1980.5,0,2,2,2,0,0,0,3,3,3,3,1,0,0,1,0,0,1,0,6.0,7.0,12.0,19.0,0,1,0,0,2.0,2.0,2.0,2.0,2.0,2.0,2.0,2.0,4377.0
49926,1,1,1979.75,0,2,2,2,0,0,0,0,0,0,0,3,1,1,1,0,0,2,0,8.0,4.0,16.0,11.0,0,0,0,1,11.0,11.0,11.0,11.0,16.0,16.0,16.0,16.0,4120.0
49942,0,0,1979.75,0,2,2,2,1,1,1,3,3,3,3,0,1,1,1,0,0,0,0,3.0,14.0,18.0,36.0,0,0,0,0,7.0,7.0,7.0,7.0,10.0,10.0,10.0,10.0,4935.0
49965,1,0,1980.25,2,0,0,0,1,1,1,1,1,1,1,1,1,0,1,0,0,0,1,14.0,5.0,23.0,9.0,0,0,0,0,12.0,12.0,12.0,12.0,36.0,36.0,36.0,36.0,4614.0
50027,1,1,1980.5,0,2,0,0,0,0,0,1,1,1,1,1,0,0,1,0,3,0,6,24.0,2.0,3.0,14.0,0,1,1,1,18.0,18.0,18.0,18.0,44.0,44.0,44.0,44.0,4191.0
50078,0,0,1980.25,2,0,0,0,1,1,1,2,2,2,2,1,0,1,0,0,0,0,0,9.0,8.0,9.0,24.0,0,0,0,0,31.0,31.0,31.0,31.0,65.0,65.0,65.0,65.0,4327.0
50095,0,1,1980.0,0,0,0,1,0,0,0,2,2,2,2,0,0,0,0,1,0,0,4,10.0,5.0,31.0,0.0,0,0,0,0,34.0,34.0,34.0,34.0,68.0,68.0,68.0,68.0,4251.0
50103,1,0,1979.75,0,2,2,2,0,0,0,2,2,2,2,1,0,0,0,0,0,0,0,6.0,16.0,8.0,15.0,0,0,0,0,30.0,30.0,30.0,30.0,63.0,63.0,63.0,63.0,4465.0
50234,1,0,1980.5,2,0,1,1,1,1,1,1,1,1,1,3,0,0,0,0,0,0,0,12.0,7.0,16.0,9.0,0,0,1,0,22.0,22.0,22.0,22.0,51.0,51.0,51.0,51.0,4706.0
50399,0,0,1980.0,0,0,0,0,1,1,1,2,2,2,2,1,0,0,1,0,0,0,0,13.0,5.0,15.0,9.0,0,0,0,0,24.0,24.0,24.0,24.0,56.0,56.0,56.0,56.0,4217.0
50459,1,1,1980.5,0,2,0,2,0,1,0,0,0,0,1,0,0,0,0,3,0,0,0,1.0,27.0,7.0,25.0,1,1,1,1,11.0,11.0,11.0,11.0,22.0,22.0,22.0,21.0,4334.0
50493,0,0,1980.25,0,0,0,0,1,1,1,1,1,1,1,0,1,1,1,0,0,0,0,8.0,8.0,22.0,15.0,0,0,0,0,4.0,4.0,4.0,4.0,4.0,4.0,4.0,4.0,4543.0
50665,1,0,1980.5,1,0,0,0,1,1,1,1,1,1,1,1,1,0,1,0,0,3,4,7.0,10.0,4.0,4.0,0,0,0,0,28.0,28.0,28.0,28.0,61.0,61.0,61.0,61.0,4624.0
50734,0,0,1980.25,2,2,2,2,1,1,1,1,1,1,1,0,0,1,1,0,4,6,0,16.0,3.0,15.0,21.0,0,0,0,0,17.0,17.0,17.0,17.0,41.0,41.0,41.0,41.0,4490.0
50753,0,1,1980.0,2,2,2,2,0,0,0,0,0,0,0,1,1,0,0,0,0,6,0,22.0,7.0,6.0,5.0,0,0,0,0,11.0,11.0,11.0,11.0,33.0,33.0,33.0,33.0,3982.0
50893,1,0,1980.25,1,1,1,1,0,0,0,2,2,2,2,1,1,1,0,0,0,0,0,6.0,12.0,14.0,10.0,0,0,0,0,36.0,36.0,36.0,36.0,72.0,72.0,72.0,72.0,4985.0
50907,0,0,1980.5,1,1,1,1,1,1,1,2,2,2,2,1,1,1,0,5,0,6,3,11.0,4.0,35.0,2.0,0,0,0,0,19.0,19.0,19.0,19.0,47.0,47.0,47.0,47.0,4203.0
50951,1,1,1979.75,2,2,0,1,0,0,0,0,0,0,0,0,0,0,0,0,3,0,1,20.0,3.0,4.0,15.0,1,0,1,1,11.0,11.0,11.0,11.0,27.0,27.0,27.0,27.0,4227.0
51038,0,0,1980.25,0,2,2,2,1,1,1,2,2,2,2,0,1,0,0,0,0,0,0,16.0,8.0,34.0,10.0,0,0,0,0,29.0,29.0,29.0,29.0,62.0,62.0,62.0,62.0,4447.0
51147,1,0,1980.5,1,1,1,1,1,1,1,2,2,2,2,0,0,0,0,0,0,0,6,9.0,8.0,16.0,6.0,0,0,0,0,3.0,3.0,3.0,3.0,3.0,3.0,3.0,3.0,4658.0
51177,1,0,1979.5,2,0,0,0,0,0,1,2,2,2,2,1,1,0,0,0,0,0,4,8.0,11.0,19.0,3.0,0,0,0,0,24.0,24.0,24.0,24.0,57.0,57.0,57.0,57.0,4301.0
51200,1,0,1980.0,2,0,1,1,1,1,1,3,3,3,3,0,0,1,0,3,0,0,0,5.0,11.0,14.0,14.0,0,0,0,0,27.0,27.0,27.0,27.0,60.0,60.0,60.0,60.0,4953.0
51263,1,0,1980.0,0,0,0,0,1,1,1,2,2,2,2,1,0,0,0,0,0,4,3,5.0,12.0,2.0,1.0,0,0,0,0,19.0,19.0,19.0,19.0,47.0,47.0,47.0,47.0,4233.0
51321,0,0,1980.5,2,2,2,2,1,1,1,2,2,2,2,3,0,0,0,0,0,0,0,12.0,16.0,15.0,15.0,0,0,0,0,30.0,30.0,30.0,30.0,63.0,63.0,63.0,63.0,4824.0
51335,1,0,1979.75,2,2,2,2,1,1,1,1,1,1,1,0,0,1,0,0,0,0,0,17.0,27.0,9.0,8.0,0,0,0,0,25.0,25.0,25.0,25.0,58.0,58.0,58.0,58.0,4273.0
51535,0,0,1980.0,0,2,2,2,0,0,1,3,3,3,3,0,1,1,1,0,0,0,0,5.0,8.0,19.0,16.0,0,0,0,0,6.0,6.0,6.0,6.0,9.0,9.0,9.0,9.0,4343.0
51544,1,1,1979.75,2,1,1,1,1,1,1,2,2,2,2,3,1,0,1,0,0,0,0,12.0,8.0,18.0,12.0,0,0,0,0,30.0,30.0,30.0,30.0,63.0,63.0,63.0,63.0,4405.0
51575,1,0,1979.75,0,0,0,0,1,1,1,2,2,2,2,0,1,0,0,3,0,0,4,2.0,11.0,19.0,3.0,0,0,0,0,24.0,24.0,24.0,24.0,57.0,57.0,57.0,57.0,4779.0
51595,1,0,1980.5,2,2,2,2,1,1,1,2,2,2,2,1,0,0,1,0,0,0,1,20.0,9.0,11.0,13.0,0,0,0,0,3.0,3.0,3.0,3.0,3.0,3.0,3.0,3.0,5134.0
51606,1,0,1979.75,0,2,2,2,0,0,0,2,2,2,2,0,1,1,1,0,0,6,0,13.0,13.0,20.0,19.0,0,0,0,1,38.0,38.0,38.0,38.0,74.0,74.0,74.0,74.0,4384.0
51841,1,0,1980.0,2,0,0,1,1,1,1,2,2,2,2,0,0,1,1,0,0,0,0,9.0,20.0,11.0,4.0,0,0,0,0,21.0,21.0,21.0,21.0,49.0,49.0,49.0,49.0,4185.0
51961,1,0,1980.5,2,2,2,2,1,1,1,2,2,2,2,1,0,0,1,0,0,0,0,12.0,21.0,14.0,9.0,0,0,0,0,41.0,41.0,41.0,41.0,79.0,79.0,79.0,79.0,4184.0
51979,0,1,1980.5,0,0,0,1,0,0,0,2,2,2,2,0,0,1,0,1,4,3,4,10.0,1.0,2.0,0.0,0,0,0,0,34.0,34.0,34.0,34.0,68.0,68.0,68.0,68.0,4474.0
51990,1,0,1979.75,0,0,0,0,1,1,1,3,3,3,3,0,1,0,1,4,0,3,0,0.0,8.0,1.0,7.0,0,0,0,0,26.0,26.0,26.0,26.0,59.0,59.0,59.0,59.0,4811.0
52012,0,0,1980.25,2,1,1,1,0,0,0,2,2,2,2,1,0,1,0,0,3,2,2,13.0,2.0,14.0,16.0,0,0,0,1,23.0,23.0,23.0,23.0,55.0,55.0,55.0,55.0,4255.0
52054,0,0,1979.75,2,2,2,2,1,1,1,2,2,2,2,1,1,0,0,0,0,0,0,8.0,11.0,6.0,7.0,0,0,1,0,24.0,24.0,24.0,24.0,57.0,57.0,57.0,57.0,5085.0
52074,0,0,1980.5,0,0,0,0,1,1,1,2,2,2,2,0,0,1,0,3,3,0,4,2.0,1.0,12.0,3.0,0,0,0,0,16.0,16.0,16.0,16.0,40.0,40.0,40.0,40.0,4376.0
52168,1,1,1979.75,1,1,1,1,0,0,0,0,0,0,0,0,0,0,1,3,6,0,2,2.0,9.0,8.0,21.0,0,1,1,1,11.0,11.0,11.0,11.0,19.0,19.0,19.0,19.0,4153.0
52406,0,1,1979.75,2,0,0,0,0,0,0,1,1,1,1,0,0,0,0,3,0,6,0,1.0,4.0,4.0,7.0,1,0,1,1,11.0,11.0,11.0,11.0,20.0,20.0,20.0,20.0,4371.0
52470,1,0,1979.75,1,1,1,1,1,1,1,2,2,2,2,0,0,0,0,0,0,3,6,10.0,4.0,1.0,24.0,0,0,0,0,32.0,32.0,32.0,32.0,66.0,66.0,66.0,66.0,4483.0
52558,0,0,1980.25,1,1,1,1,1,1,1,3,3,3,3,1,0,0,1,0,0,0,0,7.0,27.0,12.0,19.0,0,0,0,0,6.0,6.0,6.0,6.0,9.0,9.0,9.0,9.0,4760.0
52664,1,1,1979.75,1,1,1,1,0,0,1,2,2,2,2,0,1,1,1,3,0,0,0,1.0,10.0,18.0,11.0,0,0,1,0,24.0,24.0,24.0,24.0,57.0,57.0,57.0,57.0,4243.0
52714,0,0,1980.5,2,2,2,2,0,0,0,3,3,3,3,0,0,0,1,0,0,6,0,11.0,10.0,17.0,38.0,0,0,0,0,6.0,6.0,6.0,6.0,9.0,9.0,9.0,9.0,4639.0
52810,1,1,1980.5,1,1,1,1,1,0,0,0,0,0,0,0,0,1,1,0,4,0,0,3.0,2.0,8.0,14.0,1,1,1,1,11.0,11.0,11.0,11.0,28.0,28.0,28.0,28.0,4474.0
52862,1,1,1980.25,0,2,2,2,0,0,0,0,1,1,1,1,0,1,1,0,0,0,2,7.0,19.0,18.0,19.0,0,0,1,0,11.0,11.0,11.0,11.0,28.0,21.0,21.0,21.0,4232.0
53004,1,1,1980.25,1,1,1,1,1,1,1,3,3,3,3,0,0,0,0,0,0,0,0,11.0,12.0,6.0,14.0,0,0,0,0,27.0,27.0,27.0,27.0,60.0,60.0,60.0,60.0,4229.0
53020,0,0,1980.25,0,2,2,2,1,1,1,1,1,1,1,1,0,1,1,2,4,6,0,15.0,3.0,15.0,21.0,0,0,0,0,17.0,17.0,17.0,17.0,41.0,41.0,41.0,41.0,5099.0
53054,0,0,1980.25,0,0,0,0,1,1,1,2,2,2,2,0,1,0,0,3,0,0,4,2.0,11.0,19.0,3.0,0,0,0,0,24.0,24.0,24.0,24.0,57.0,57.0,57.0,57.0,4072.0
53070,1,0,1980.25,1,1,1,1,0,0,0,2,2,2,2,1,0,0,0,0,0,1,3,12.0,8.0,33.0,2.0,0,0,0,0,42.0,42.0,42.0,42.0,80.0,80.0,80.0,80.0,4650.0
53135,1,1,1980.0,0,0,0,0,0,0,0,2,2,2,2,1,0,0,0,2,0,0,0,16.0,5.0,31.0,8.0,0,0,0,0,34.0,34.0,34.0,34.0,68.0,68.0,68.0,68.0,4336.0
53169,1,0,1980.0,1,1,1,1,1,1,1,2,2,2,2,0,1,1,0,3,3,0,0,2.0,2.0,15.0,14.0,0,0,0,0,12.0,12.0,12.0,12.0,34.0,34.0,34.0,34.0,4278.0
53179,0,0,1980.5,2,1,1,1,1,0,0,2,2,2,2,1,1,1,1,0,0,0,0,12.0,14.0,17.0,19.0,0,0,0,0,6.0,6.0,6.0,6.0,8.0,8.0,8.0,8.0,4269.0
53279,0,1,1980.0,2,0,0,0,1,1,1,1,1,1,1,1,0,0,0,0,0,6,0,10.0,11.0,4.0,7.0,0,0,1,1,11.0,11.0,11.0,11.0,24.0,20.0,20.0,20.0,4634.0
53358,1,1,1980.25,1,1,1,1,1,1,1,1,1,1,1,0,0,0,0,0,0,0,0,12.0,21.0,4.0,18.0,1,0,0,1,11.0,11.0,11.0,11.0,25.0,25.0,25.0,25.0,4327.0
53480,1,1,1981.75,1,1,1,1,1,1,1,0,0,0,0,0,0,1,1,0,4,0,0,3.0,2.0,8.0,14.0,1,1,1,1,11.0,11.0,11.0,11.0,28.0,28.0,28.0,28.0,4197.0
53513,0,0,1980.5,2,0,0,0,1,1,1,1,1,1,1,0,0,0,0,0,4,0,0,3.0,0.0,8.0,22.0,0,0,0,0,25.0,25.0,25.0,25.0,58.0,58.0,58.0,58.0,4481.0
53591,1,0,1979.75,1,1,1,1,1,1,1,2,2,2,2,0,1,1,1,0,0,2,0,8.0,13.0,15.0,17.0,0,0,0,0,21.0,21.0,21.0,21.0,49.0,49.0,49.0,49.0,4557.0
53646,0,1,1980.25,2,0,0,1,0,0,0,0,0,0,0,0,1,1,0,0,0,0,0,3.0,11.0,11.0,11.0,1,0,0,0,11.0,11.0,11.0,11.0,15.0,15.0,15.0,15.0,4359.0
53825,0,0,1980.0,1,1,1,1,1,0,0,3,3,3,3,0,0,1,0,0,0,3,0,13.0,20.0,23.0,9.0,0,0,0,0,6.0,6.0,6.0,6.0,9.0,9.0,9.0,9.0,4542.0
53857,1,1,1980.0,1,1,1,1,0,0,0,0,0,0,0,0,0,1,1,0,3,0,6,5.0,2.0,13.0,31.0,0,1,1,0,11.0,11.0,11.0,11.0,29.0,29.0,29.0,29.0,4559.0
53863,1,1,1979.75,0,2,2,2,0,0,0,2,2,2,2,0,1,0,1,0,0,0,1,11.0,11.0,7.0,17.0,0,1,0,0,21.0,21.0,21.0,21.0,49.0,49.0,49.0,49.0,4402.0
53998,1,1,1980.25,0,0,0,0,0,0,0,1,1,1,1,1,1,0,1,0,0,0,6,24.0,7.0,3.0,14.0,0,1,1,1,18.0,18.0,18.0,18.0,44.0,44.0,44.0,44.0,4167.0
54070,1,0,1979.75,1,1,1,1,1,1,1,2,2,2,2,0,0,0,1,0,0,0,0,8.0,7.0,15.0,13.0,0,0,0,0,4.0,4.0,4.0,4.0,5.0,5.0,5.0,5.0,4599.0
54108,1,0,1980.25,2,1,1,1,1,1,1,3,3,3,3,0,0,0,0,0,0,0,0,11.0,27.0,22.0,8.0,0,0,0,0,6.0,6.0,6.0,6.0,9.0,9.0,9.0,9.0,4269.0
54240,0,0,1980.0,0,2,2,2,1,1,1,2,2,2,2,1,2,0,0,0,0,0,0,13.0,18.0,33.0,7.0,0,0,0,0,39.0,39.0,39.0,39.0,75.0,75.0,75.0,75.0,4571.0
54265,1,0,1979.5,1,0,0,0,1,1,1,2,2,2,2,0,1,0,1,0,0,0,0,12.0,9.0,19.0,11.0,0,0,0,0,38.0,38.0,38.0,38.0,74.0,74.0,74.0,74.0,4656.0
54365,1,0,1980.25,0,1,1,1,1,1,1,1,1,1,1,0,0,0,1,0,3,0,0,8.0,0.0,14.0,18.0,0,0,0,0,4.0,4.0,4.0,4.0,4.0,4.0,4.0,4.0,4313.0
54417,1,0,1980.0,0,2,2,2,1,1,1,2,2,2,2,0,0,1,0,0,3,0,1,19.0,1.0,8.0,19.0,0,0,0,0,37.0,37.0,37.0,37.0,73.0,73.0,73.0,73.0,5049.0
54473,1,0,1980.5,0,0,0,0,1,1,1,2,2,2,2,1,0,0,0,0,0,0,0,17.0,6.0,12.0,14.0,0,0,0,0,12.0,12.0,12.0,12.0,34.0,34.0,34.0,34.0,4236.0
54593,1,0,1980.0,1,1,1,1,1,1,1,2,2,2,2,0,1,1,1,0,0,2,0,8.0,13.0,15.0,17.0,0,0,0,0,21.0,21.0,21.0,21.0,49.0,49.0,49.0,49.0,4711.0
54811,0,0,1980.5,2,0,0,0,1,1,1,2,2,2,2,0,0,0,1,0,4,3,0,3.0,0.0,1.0,5.0,0,0,0,0,32.0,32.0,32.0,32.0,66.0,66.0,66.0,66.0,4734.0
54838,0,1,1979.75,2,0,2,2,0,0,0,0,0,0,0,0,0,0,0,0,0,6,0,11.0,37.0,0.0,30.0,0,1,0,1,11.0,11.0,11.0,11.0,31.0,31.0,31.0,19.0,4170.0
55035,1,0,1980.5,1,1,1,1,1,1,1,3,3,3,3,0,0,1,0,0,0,3,0,14.0,18.0,23.0,9.0,0,0,0,0,6.0,6.0,6.0,6.0,9.0,9.0,9.0,9.0,4543.0
55054,1,1,1980.25,2,0,0,0,0,0,1,0,0,0,0,0,0,0,0,0,4,3,3,11.0,0.0,1.0,3.0,0,1,0,0,18.0,18.0,18.0,18.0,45.0,45.0,45.0,45.0,4283.0
55145,0,0,1980.5,0,2,2,2,1,1,1,2,2,2,2,1,0,0,1,1,0,6,0,11.0,16.0,4.0,14.0,0,0,1,0,8.0,8.0,8.0,8.0,11.0,11.0,11.0,11.0,4833.0
55249,0,1,1980.0,1,1,1,1,0,0,0,0,0,0,0,1,0,0,0,0,6,6,6,13.0,18.0,19.0,30.0,1,0,0,1,11.0,11.0,11.0,11.0,14.0,14.0,14.0,14.0,4932.0
55322,0,1,1980.5,0,2,2,2,0,0,0,0,0,0,0,0,0,1,0,0,0,0,0,10.0,35.0,32.0,18.0,1,1,1,1,11.0,11.0,11.0,11.0,30.0,30.0,30.0,30.0,4170.0
55358,0,0,1980.25,1,1,1,1,0,0,1,2,2,2,2,1,0,0,0,0,0,4,0,9.0,5.0,0.0,15.0,0,0,0,0,9.0,9.0,9.0,9.0,12.0,12.0,12.0,12.0,4597.0
55518,0,1,1980.25,0,2,0,2,0,0,0,0,0,0,0,0,0,0,0,0,3,0,0,12.0,3.0,4.0,4.0,1,0,1,0,11.0,11.0,11.0,11.0,27.0,27.0,27.0,27.0,4338.0
55596,0,0,1980.25,0,2,2,2,1,1,1,2,2,2,2,0,1,0,1,4,0,0,0,0.0,16.0,8.0,5.0,0,0,0,0,5.0,5.0,5.0,5.0,7.0,7.0,7.0,7.0,4520.0
55753,0,1,1980.5,1,1,1,0,0,0,0,0,0,0,0,0,0,0,1,0,6,0,2,6.0,9.0,31.0,16.0,1,1,1,0,11.0,11.0,11.0,11.0,19.0,19.0,19.0,19.0,4591.0
55803,0,0,1980.5,0,0,0,0,0,0,0,2,2,2,2,0,0,0,0,4,0,3,6,0.0,7.0,1.0,7.0,0,0,0,0,33.0,33.0,33.0,33.0,67.0,67.0,67.0,67.0,4204.0
55883,0,0,1980.5,0,0,0,0,1,1,1,2,2,2,2,0,0,1,0,1,4,3,0,10.0,1.0,2.0,8.0,0,0,0,0,34.0,34.0,34.0,34.0,68.0,68.0,68.0,68.0,5028.0
55968,1,1,1980.0,2,0,0,0,1,1,1,1,1,1,1,1,0,0,1,0,0,6,0,10.0,3.0,4.0,19.0,0,1,1,1,11.0,11.0,11.0,11.0,24.0,24.0,24.0,24.0,4338.0
56081,0,1,1979.0,0,0,0,0,0,0,1,3,3,3,3,1,0,1,1,0,0,0,0,6.0,5.0,8.0,15.0,0,0,0,0,2.0,2.0,2.0,2.0,2.0,2.0,2.0,2.0,3997.0
56102,0,0,1979.75,2,0,0,0,1,1,1,2,2,2,2,1,0,0,0,0,2,0,0,6.0,11.0,31.0,7.0,0,0,0,0,35.0,35.0,35.0,35.0,69.0,69.0,69.0,69.0,4782.0
56240,1,0,1980.0,2,0,0,0,1,1,1,2,2,2,2,0,0,0,0,0,0,0,4,12.0,32.0,6.0,0.0,0,0,0,0,9.0,9.0,9.0,9.0,12.0,12.0,12.0,12.0,4573.0
56431,0,0,1981.0,0,2,2,2,1,1,1,3,3,3,3,0,0,0,1,0,0,6,0,8.0,10.0,17.0,38.0,0,0,0,0,6.0,6.0,6.0,6.0,9.0,9.0,9.0,9.0,4690.0
56463,0,0,1980.0,2,0,0,0,1,1,0,2,2,2,2,1,0,0,0,0,0,6,0,20.0,23.0,23.0,21.0,0,0,0,0,3.0,3.0,3.0,3.0,3.0,3.0,3.0,3.0,4375.0
56614,1,0,1979.75,2,2,2,2,1,1,1,1,1,1,1,0,1,1,0,0,0,0,0,3.0,6.0,9.0,8.0,0,0,0,0,25.0,25.0,25.0,25.0,58.0,58.0,58.0,58.0,4501.0
56795,0,0,1980.5,0,2,2,2,1,1,1,2,2,2,2,1,0,1,0,0,0,0,0,12.0,13.0,16.0,10.0,0,0,0,0,6.0,6.0,6.0,6.0,8.0,8.0,8.0,8.0,4864.0
56839,1,1,1979.75,1,1,1,1,0,0,0,0,0,0,0,0,1,0,0,3,1,0,0,2.0,25.0,4.0,22.0,1,1,1,1,11.0,11.0,11.0,11.0,16.0,16.0,16.0,16.0,4462.0
56860,1,1,1979.25,0,1,1,1,0,0,0,3,3,3,3,1,0,1,1,0,0,0,0,6.0,12.0,16.0,9.0,0,0,0,0,2.0,2.0,2.0,2.0,2.0,2.0,2.0,2.0,4240.0
57211,1,0,1980.5,1,1,1,1,1,1,1,3,3,3,3,3,1,1,0,0,0,0,0,12.0,15.0,14.0,36.0,0,0,0,0,7.0,7.0,7.0,7.0,10.0,10.0,10.0,10.0,4513.0
57232,0,0,1980.0,0,2,2,2,1,0,1,2,2,2,2,1,0,0,0,0,0,0,6,12.0,20.0,19.0,2.0,0,0,0,0,31.0,31.0,31.0,31.0,65.0,65.0,65.0,65.0,4645.0
57345,1,0,1980.0,2,0,0,0,1,1,1,2,2,2,2,0,0,0,0,0,0,0,4,12.0,32.0,6.0,0.0,0,0,0,0,9.0,9.0,9.0,9.0,12.0,12.0,12.0,12.0,4742.0
57393,0,0,1980.0,0,0,0,0,1,1,1,2,2,2,2,1,1,1,0,0,0,0,0,10.0,2.0,12.0,5.0,0,0,0,0,1.0,1.0,1.0,1.0,1.0,1.0,1.0,1.0,4170.0
57405,1,0,1980.25,0,2,2,2,1,1,1,2,2,2,2,0,0,1,1,3,4,0,0,3.0,2.0,29.0,11.0,1,0,0,0,24.0,24.0,24.0,24.0,56.0,56.0,56.0,56.0,4159.0
57577,0,0,1980.5,2,0,2,2,0,0,1,2,2,2,2,1,0,0,0,0,0,0,0,8.0,19.0,6.0,17.0,0,0,0,0,14.0,14.0,14.0,14.0,38.0,38.0,38.0,38.0,4352.0
57920,1,0,1980.0,0,2,2,2,1,1,1,2,2,2,2,0,1,0,1,0,0,0,1,11.0,11.0,7.0,17.0,0,1,0,0,21.0,21.0,21.0,21.0,49.0,49.0,49.0,49.0,4691.0
58015,0,0,1980.0,2,0,0,0,1,1,1,2,2,2,2,1,0,0,1,0,0,0,0,12.0,7.0,8.0,8.0,0,0,0,0,21.0,21.0,21.0,21.0,50.0,50.0,50.0,50.0,4289.0
58139,1,1,1980.5,2,2,2,0,0,0,0,0,0,0,0,0,1,1,1,4,6,2,2,0.0,27.0,16.0,16.0,0,1,0,0,11.0,11.0,11.0,11.0,19.0,19.0,16.0,19.0,4086.0
58158,0,0,1980.25,0,1,1,1,1,1,1,2,2,2,2,1,0,0,0,0,0,0,0,11.0,14.0,5.0,22.0,0,0,0,0,39.0,39.0,39.0,39.0,75.0,75.0,75.0,75.0,4984.0
58184,1,0,1979.75,0,0,0,0,1,1,1,2,2,2,2,1,1,1,0,0,0,0,0,13.0,9.0,10.0,15.0,0,0,0,0,6.0,6.0,6.0,6.0,8.0,8.0,8.0,8.0,4604.0
58305,1,0,1980.0,1,1,1,1,1,1,1,2,2,2,2,0,1,1,0,0,2,0,0,4.0,26.0,9.0,5.0,0,0,0,0,5.0,5.0,5.0,5.0,7.0,7.0,7.0,7.0,4742.0
58493,0,0,1980.25,0,0,0,0,1,1,1,2,2,2,2,1,0,0,1,0,0,6,0,12.0,8.0,10.0,13.0,0,0,1,0,36.0,36.0,36.0,36.0,72.0,72.0,72.0,72.0,4599.0
58536,1,0,1979.75,1,0,0,0,1,1,1,1,1,1,1,0,1,0,1,4,6,0,0,0.0,22.0,20.0,19.0,0,0,1,0,18.0,18.0,18.0,18.0,43.0,43.0,43.0,43.0,4890.0
58558,1,0,1980.25,2,2,2,2,1,1,1,2,2,2,2,1,0,1,0,0,0,0,0,12.0,13.0,16.0,10.0,0,0,0,0,6.0,6.0,6.0,6.0,8.0,8.0,8.0,8.0,4779.0
58566,1,0,1979.75,1,1,1,1,1,1,1,2,2,2,2,0,1,1,1,3,0,0,0,1.0,15.0,18.0,11.0,0,0,1,0,24.0,24.0,24.0,24.0,57.0,57.0,57.0,57.0,4772.0
58701,0,0,1980.25,0,0,0,0,1,1,0,2,2,2,2,0,0,1,1,0,0,3,0,4.0,12.0,1.0,18.0,0,0,0,0,15.0,15.0,15.0,15.0,39.0,39.0,39.0,39.0,4372.0
58732,1,0,1980.25,0,0,0,0,1,1,1,2,2,2,2,1,1,0,0,0,0,0,0,15.0,13.0,18.0,24.0,0,0,0,0,5.0,5.0,5.0,5.0,7.0,7.0,7.0,7.0,4997.0
58791,1,0,1979.75,0,0,0,0,1,1,1,2,2,2,2,0,0,1,0,0,0,0,0,10.0,21.0,15.0,9.0,0,0,0,0,30.0,30.0,30.0,30.0,63.0,63.0,63.0,63.0,4346.0
58825,0,0,1979.5,0,0,1,1,1,1,1,2,2,2,2,1,1,0,0,0,0,0,0,13.0,5.0,5.0,22.0,0,0,0,0,39.0,39.0,39.0,39.0,75.0,75.0,75.0,75.0,4413.0
58894,0,0,1980.25,0,0,0,1,1,1,1,2,2,2,2,0,1,0,0,0,0,0,1,19.0,13.0,19.0,9.0,0,0,0,0,37.0,37.0,37.0,37.0,73.0,73.0,73.0,73.0,4782.0
58909,1,0,1980.25,2,0,0,0,1,1,1,2,2,2,2,0,0,0,0,0,0,3,6,13.0,7.0,1.0,7.0,0,0,0,0,33.0,33.0,33.0,33.0,67.0,67.0,67.0,67.0,4865.0
59030,0,0,1979.75,2,1,1,1,1,1,1,1,1,1,1,0,0,0,1,4,0,3,0,0.0,8.0,1.0,8.0,0,0,0,0,18.0,18.0,18.0,18.0,46.0,46.0,46.0,46.0,4751.0
59088,1,1,1980.0,1,1,1,1,0,0,1,1,1,1,1,0,0,0,0,0,3,0,0,3.0,1.0,12.0,7.0,0,0,1,1,18.0,18.0,18.0,18.0,44.0,44.0,44.0,44.0,4576.0
59244,0,0,1980.25,0,0,0,0,1,1,1,2,2,2,2,1,0,0,1,0,0,6,0,12.0,15.0,10.0,13.0,0,0,1,0,36.0,36.0,36.0,36.0,72.0,72.0,72.0,72.0,4418.0
59329,0,0,1979.0,1,1,1,1,0,0,0,2,2,2,2,0,0,1,1,3,0,6,0,3.0,21.0,39.0,6.0,0,0,0,1,24.0,24.0,24.0,24.0,56.0,56.0,56.0,56.0,3951.0
59402,1,0,1980.5,0,2,2,2,1,1,1,2,2,2,2,1,0,0,1,0,0,0,0,8.0,8.0,13.0,4.0,1,0,0,0,32.0,32.0,32.0,32.0,66.0,66.0,66.0,66.0,4178.0
59510,1,0,1979.75,2,2,2,2,0,0,1,2,2,2,2,0,1,0,1,0,0,3,0,14.0,11.0,2.0,15.0,0,0,0,0,37.0,37.0,37.0,37.0,73.0,73.0,73.0,73.0,4581.0
59569,1,0,1980.0,1,1,1,1,1,1,1,2,2,2,2,0,2,2,2,0,0,2,0,3.0,17.0,17.0,13.0,0,0,0,0,39.0,39.0,39.0,39.0,75.0,75.0,75.0,75.0,5143.0
59601,1,1,1980.0,2,1,1,1,0,0,0,0,0,0,0,0,0,1,1,0,0,0,0,7.0,3.0,14.0,19.0,0,1,0,1,11.0,11.0,11.0,11.0,22.0,22.0,22.0,22.0,4038.0
59689,1,0,1979.5,2,0,0,0,1,1,1,2,2,2,2,0,0,0,1,0,0,0,0,7.0,5.0,15.0,9.0,0,0,0,0,24.0,24.0,24.0,24.0,56.0,56.0,56.0,56.0,4337.0
59881,1,0,1980.5,2,0,0,0,0,0,0,2,2,2,2,0,0,1,0,0,0,0,0,5.0,19.0,19.0,22.0,0,0,0,0,31.0,31.0,31.0,31.0,64.0,64.0,64.0,64.0,4184.0
59918,1,0,1980.25,1,1,1,1,0,0,0,2,2,2,2,0,0,0,0,0,0,0,0,2.0,3.0,13.0,8.0,0,0,0,0,37.0,37.0,37.0,37.0,73.0,73.0,73.0,73.0,4516.0
60317,0,0,1980.25,0,2,2,2,1,1,1,2,2,2,2,0,0,1,1,0,0,0,1,2.0,18.0,15.0,15.0,0,0,0,0,40.0,40.0,40.0,40.0,76.0,77.0,77.0,77.0,4659.0
60475,1,1,1980.5,2,2,2,2,0,0,0,0,0,0,0,0,0,1,1,0,3,6,6,5.0,5.0,13.0,3.0,1,0,0,1,11.0,11.0,11.0,11.0,28.0,28.0,28.0,28.0,4146.0
60656,0,0,1980.0,1,1,1,1,0,0,0,2,2,2,2,0,1,1,0,3,3,0,0,2.0,2.0,15.0,14.0,0,0,0,0,12.0,12.0,12.0,12.0,34.0,34.0,34.0,34.0,4428.0
60687,0,0,1980.0,2,2,2,2,1,1,1,2,2,2,2,1,0,0,0,0,2,0,2,6.0,16.0,8.0,12.0,0,0,0,0,35.0,35.0,35.0,35.0,69.0,69.0,69.0,69.0,5229.0
60737,1,0,1980.0,2,2,2,2,1,1,1,1,1,1,1,3,1,0,0,0,0,0,0,12.0,20.0,12.0,14.0,0,0,0,1,22.0,22.0,22.0,22.0,51.0,51.0,51.0,51.0,4874.0
60767,0,0,1980.0,0,2,2,2,1,0,0,2,2,2,2,1,0,0,0,0,3,6,4,5.0,2.0,19.0,0.0,0,0,0,0,19.0,19.0,19.0,19.0,47.0,47.0,47.0,47.0,4268.0
60774,1,1,1979.75,1,1,1,1,0,0,0,0,0,0,0,1,0,0,0,0,6,6,6,13.0,18.0,19.0,30.0,1,0,0,1,11.0,11.0,11.0,11.0,14.0,14.0,14.0,14.0,4360.0
60895,0,0,1980.0,2,0,0,0,1,1,1,2,2,2,2,0,1,0,0,0,0,0,0,13.0,11.0,25.0,37.0,0,0,0,0,8.0,8.0,8.0,8.0,11.0,11.0,11.0,11.0,4399.0
60973,0,1,1980.25,2,0,0,2,0,0,0,0,0,0,0,1,0,1,0,3,6,0,0,24.0,3.0,10.0,30.0,0,1,0,1,11.0,11.0,11.0,11.0,30.0,19.0,19.0,19.0,4716.0
61032,0,0,1979.75,0,0,1,1,1,1,1,2,2,2,2,1,1,0,0,0,0,0,0,13.0,5.0,5.0,22.0,0,0,0,0,39.0,39.0,39.0,39.0,75.0,75.0,75.0,75.0,4798.0
61048,1,1,1979.75,1,1,1,1,0,0,0,0,0,0,0,0,0,0,1,3,0,0,0,1.0,38.0,10.0,29.0,1,1,1,1,11.0,11.0,11.0,11.0,16.0,16.0,16.0,16.0,4615.0
61068,0,0,1980.25,2,2,2,2,0,1,0,2,2,2,2,0,0,0,1,0,0,0,0,10.0,9.0,23.0,19.0,0,0,0,0,34.0,34.0,34.0,34.0,68.0,68.0,68.0,68.0,4434.0
61101,1,0,1980.25,1,1,1,1,1,0,1,2,2,2,2,1,0,0,0,0,0,0,0,6.0,15.0,5.0,31.0,0,0,0,0,15.0,15.0,15.0,15.0,39.0,39.0,39.0,39.0,4720.0
61133,1,0,1980.25,2,0,0,0,0,1,0,1,1,1,1,0,1,1,0,0,0,0,4,5.0,12.0,17.0,5.0,1,0,1,0,22.0,22.0,22.0,22.0,51.0,51.0,51.0,51.0,4675.0
61295,0,0,1980.0,2,2,2,2,1,1,1,1,1,1,1,1,1,1,1,0,0,0,0,8.0,29.0,12.0,6.0,0,0,0,0,28.0,28.0,28.0,28.0,61.0,61.0,61.0,61.0,4631.0
61328,1,1,1980.0,2,2,2,2,0,0,0,0,0,0,0,0,0,0,0,3,4,0,4,1.0,17.0,10.0,0.0,1,1,1,0,11.0,11.0,11.0,11.0,14.0,14.0,14.0,14.0,4211.0
61393,1,0,1980.0,2,2,2,2,0,0,0,2,2,2,2,3,0,0,0,0,0,0,0,12.0,9.0,8.0,15.0,0,0,0,0,30.0,30.0,30.0,30.0,63.0,63.0,63.0,63.0,4526.0
61424,0,0,1980.0,2,2,2,2,1,1,1,2,2,2,2,1,0,1,1,0,0,1,0,13.0,3.0,11.0,4.0,0,0,0,0,23.0,23.0,23.0,23.0,55.0,55.0,55.0,55.0,4095.0
61450,1,1,1980.5,1,1,1,1,0,0,0,0,0,0,0,0,0,0,1,0,4,4,0,6.0,0.0,1.0,14.0,0,1,0,1,11.0,11.0,11.0,11.0,31.0,31.0,31.0,31.0,4780.0
61516,1,0,1980.25,1,1,1,1,1,1,1,1,1,1,1,0,0,0,0,0,0,4,0,5.0,9.0,3.0,19.0,0,0,0,0,25.0,25.0,25.0,25.0,58.0,58.0,58.0,58.0,4519.0
61744,1,0,1980.0,0,2,2,2,1,1,0,2,2,2,2,0,1,0,0,0,0,0,0,16.0,8.0,34.0,10.0,0,0,0,0,29.0,29.0,29.0,29.0,62.0,62.0,62.0,62.0,4168.0
61777,1,0,1980.0,0,1,1,1,1,1,1,1,1,1,1,1,0,0,0,0,0,0,0,12.0,12.0,5.0,27.0,0,0,0,0,22.0,22.0,22.0,22.0,52.0,52.0,52.0,52.0,4546.0
61849,0,1,1980.5,1,1,1,1,0,0,0,0,0,0,0,0,0,0,0,3,4,0,0,1.0,1.0,14.0,8.0,1,1,0,0,11.0,11.0,11.0,11.0,32.0,32.0,32.0,32.0,4241.0
61872,0,0,1980.0,2,2,2,2,1,0,1,0,0,0,0,0,0,1,0,0,0,0,0,9.0,7.0,10.0,7.0,0,0,0,0,22.0,22.0,22.0,22.0,53.0,53.0,53.0,53.0,4185.0
61883,1,0,1980.5,1,1,1,1,1,1,1,2,2,2,2,0,0,1,1,0,3,2,1,15.0,2.0,14.0,10.0,0,0,0,0,23.0,23.0,23.0,23.0,55.0,55.0,55.0,55.0,4348.0
61921,0,0,1980.0,0,0,0,0,1,1,1,2,2,2,2,1,1,0,0,0,0,4,6,6.0,42.0,0.0,23.0,0,0,0,0,30.0,30.0,30.0,30.0,63.0,63.0,63.0,63.0,4719.0
61949,1,0,1980.25,2,2,2,2,1,1,1,1,1,1,1,0,0,0,1,0,0,4,0,17.0,27.0,1.0,16.0,0,0,0,0,25.0,25.0,25.0,25.0,58.0,58.0,58.0,58.0,4523.0
62017,0,0,1980.0,2,2,2,2,1,1,1,3,3,3,3,1,1,1,1,0,0,0,0,8.0,12.0,13.0,7.0,0,0,0,0,26.0,26.0,26.0,26.0,59.0,59.0,59.0,59.0,4725.0
62057,0,0,1980.5,2,0,0,0,0,0,0,2,2,2,2,1,1,0,2,0,0,6,0,3.0,13.0,18.0,13.0,0,0,0,0,41.0,41.0,41.0,41.0,78.0,78.0,78.0,78.0,4586.0
62142,0,0,1979.25,0,0,0,0,1,1,1,2,2,2,2,0,1,0,0,0,0,0,0,2.0,13.0,6.0,8.0,0,0,0,0,40.0,40.0,40.0,40.0,76.0,77.0,77.0,77.0,3969.0
62161,1,0,1980.0,2,2,2,2,1,1,1,2,2,2,2,1,0,1,0,0,0,0,0,10.0,14.0,8.0,11.0,0,1,0,0,36.0,36.0,36.0,36.0,72.0,72.0,72.0,72.0,4858.0
62219,0,0,1980.5,1,1,1,1,1,1,1,2,2,2,2,0,0,1,0,0,2,0,0,4.0,18.0,9.0,5.0,0,0,0,0,5.0,5.0,5.0,5.0,7.0,7.0,7.0,7.0,4700.0
62254,1,1,1980.25,2,0,0,0,0,0,0,0,0,0,0,0,0,0,1,4,6,0,2,0.0,3.0,4.0,16.0,0,1,0,0,11.0,11.0,11.0,11.0,19.0,19.0,19.0,19.0,4106.0
62272,0,0,1980.0,2,0,0,0,1,1,1,2,2,2,2,1,0,0,0,0,4,0,0,13.0,0.0,6.0,8.0,0,0,0,0,40.0,40.0,40.0,40.0,76.0,77.0,77.0,77.0,4978.0
62337,0,0,1980.0,0,2,2,2,0,0,0,2,2,2,2,1,0,1,0,0,0,0,0,12.0,14.0,8.0,11.0,0,1,0,0,36.0,36.0,36.0,36.0,72.0,72.0,72.0,72.0,4371.0
62447,0,0,1980.0,0,1,1,1,0,0,0,2,2,2,2,1,0,1,0,0,3,2,2,13.0,2.0,14.0,16.0,0,0,0,1,23.0,23.0,23.0,23.0,55.0,55.0,55.0,55.0,4199.0
62556,0,0,1980.25,0,1,1,1,1,0,0,2,2,2,2,1,1,1,1,0,0,0,0,8.0,3.0,12.0,14.0,0,0,0,0,41.0,41.0,41.0,41.0,78.0,78.0,78.0,78.0,4459.0
62685,0,0,1980.25,0,0,0,0,0,0,0,0,0,0,0,1,0,1,1,4,0,0,0,3.0,14.0,13.0,19.0,1,1,0,1,22.0,22.0,22.0,22.0,53.0,53.0,53.0,53.0,4458.0
62702,0,1,1980.25,0,0,0,0,0,0,0,0,0,0,0,0,0,0,0,0,3,3,6,10.0,2.0,1.0,3.0,1,0,0,0,11.0,11.0,11.0,11.0,30.0,30.0,30.0,30.0,4214.0
62778,0,0,1980.5,0,2,2,2,1,1,1,2,2,2,2,1,0,0,0,0,0,0,0,8.0,8.0,13.0,13.0,1,0,0,0,32.0,32.0,32.0,32.0,66.0,66.0,66.0,66.0,4662.0
62811,0,0,1980.5,1,0,0,0,0,1,1,2,2,2,2,0,0,0,0,3,0,0,0,2.0,6.0,12.0,14.0,0,0,0,0,12.0,12.0,12.0,12.0,34.0,34.0,34.0,34.0,4513.0
62887,0,0,1979.75,1,0,0,0,0,0,0,3,2,2,2,0,0,0,1,3,3,4,0,1.0,2.0,2.0,13.0,0,0,0,0,27.0,42.0,42.0,42.0,60.0,80.0,80.0,80.0,4443.0
63022,0,0,1980.25,0,2,2,2,1,1,1,1,1,1,1,1,0,1,1,0,3,6,0,22.0,1.0,22.0,15.0,0,0,0,0,28.0,28.0,28.0,28.0,61.0,61.0,61.0,61.0,4762.0
63120,1,0,1980.0,2,2,2,2,1,0,0,2,2,2,2,0,0,1,1,0,4,0,0,7.0,2.0,29.0,11.0,0,0,0,0,24.0,24.0,24.0,24.0,56.0,56.0,56.0,56.0,4515.0
63233,0,1,1980.0,2,0,2,2,1,1,1,1,1,1,1,0,0,0,0,3,0,0,0,1.0,11.0,4.0,4.0,1,0,1,0,11.0,11.0,11.0,11.0,20.0,20.0,20.0,20.0,4388.0
63279,1,1,1980.0,2,0,1,1,1,1,0,2,2,2,2,0,0,0,0,0,0,0,0,9.0,20.0,10.0,14.0,0,0,0,0,21.0,21.0,21.0,21.0,49.0,49.0,50.0,50.0,4445.0
63390,1,0,1980.25,0,2,2,2,0,0,0,2,2,2,2,0,0,0,0,0,0,0,0,20.0,39.0,9.0,16.0,0,0,0,0,9.0,9.0,9.0,9.0,12.0,12.0,12.0,12.0,4403.0
63404,0,1,1980.25,0,0,2,2,1,1,1,1,1,1,1,0,0,0,1,0,6,0,0,20.0,25.0,5.0,20.0,1,1,1,1,11.0,11.0,11.0,11.0,23.0,23.0,23.0,23.0,4499.0
63504,0,0,1980.0,2,2,2,2,1,1,1,2,2,2,2,1,1,1,1,0,0,0,0,5.0,23.0,8.0,16.0,0,0,0,0,12.0,12.0,12.0,12.0,34.0,34.0,34.0,34.0,4791.0
63533,1,0,1980.25,0,0,0,2,1,1,1,2,2,2,2,0,0,0,0,0,4,0,2,8.0,0.0,9.0,23.0,0,0,0,0,4.0,4.0,4.0,4.0,5.0,5.0,5.0,5.0,4801.0
63591,0,0,1979.75,0,0,0,0,0,0,0,2,2,2,2,0,0,0,0,0,0,0,4,20.0,32.0,6.0,0.0,0,0,0,0,9.0,9.0,9.0,9.0,12.0,12.0,12.0,12.0,4921.0
63614,0,0,1980.25,1,1,1,1,1,0,0,2,2,2,2,1,0,0,0,5,3,0,0,11.0,0.0,9.0,34.0,0,0,0,0,19.0,19.0,19.0,19.0,47.0,47.0,47.0,47.0,4107.0
63697,1,1,1980.0,0,0,0,0,0,0,0,0,0,0,0,0,0,0,0,0,3,3,6,10.0,2.0,1.0,3.0,1,0,0,0,11.0,11.0,11.0,11.0,30.0,30.0,30.0,30.0,4179.0
63742,1,0,1980.25,2,2,2,2,0,0,0,2,2,2,2,0,0,0,0,0,0,0,0,3.0,8.0,13.0,13.0,0,0,0,0,32.0,32.0,32.0,32.0,66.0,66.0,66.0,66.0,4116.0
63769,1,0,1980.5,2,0,1,1,0,0,0,1,1,1,1,0,1,0,0,0,0,0,6,5.0,33.0,25.0,21.0,1,0,1,0,11.0,11.0,11.0,11.0,21.0,21.0,21.0,21.0,4321.0
63819,1,0,1980.5,2,0,0,0,1,1,1,1,1,1,1,0,1,1,1,0,0,0,0,7.0,8.0,22.0,15.0,0,0,0,0,4.0,4.0,4.0,4.0,4.0,4.0,4.0,4.0,4550.0
63847,0,1,1979.75,1,1,1,1,0,0,0,0,0,0,0,0,0,1,1,0,0,0,6,3.0,8.0,21.0,11.0,1,0,1,2,11.0,11.0,11.0,11.0,28.0,28.0,28.0,28.0,4425.0
64059,0,0,1980.5,1,1,1,1,0,1,1,2,2,2,2,0,1,0,0,0,2,0,0,15.0,13.0,11.0,4.0,0,0,0,0,31.0,31.0,31.0,31.0,65.0,65.0,65.0,65.0,4479.0
64190,0,0,1980.25,2,0,0,0,1,1,0,3,3,2,2,1,1,0,1,0,0,0,0,8.0,8.0,15.0,9.0,0,0,0,0,26.0,26.0,24.0,24.0,59.0,59.0,56.0,56.0,4847.0
64321,1,0,1980.0,1,1,1,1,1,0,0,2,2,2,2,2,0,0,0,0,0,0,3,14.0,39.0,8.0,0.0,0,1,0,0,1.0,1.0,1.0,1.0,1.0,1.0,1.0,1.0,4728.0
64455,0,1,1979.75,1,0,1,1,1,0,0,1,1,1,1,0,0,1,1,1,4,6,0,13.0,2.0,10.0,10.0,0,1,1,1,11.0,11.0,11.0,11.0,24.0,24.0,24.0,24.0,4552.0
64473,0,0,1980.5,2,0,0,0,1,1,1,2,2,2,2,0,0,0,0,0,0,4,3,15.0,12.0,2.0,1.0,0,0,0,0,19.0,19.0,19.0,19.0,47.0,47.0,47.0,47.0,4400.0
64550,1,0,1979.75,2,1,1,1,1,1,1,2,2,2,2,0,1,1,0,0,0,6,3,15.0,4.0,35.0,2.0,0,0,0,0,19.0,19.0,19.0,19.0,47.0,47.0,47.0,47.0,4305.0
64682,1,0,1980.5,0,0,0,0,1,1,1,2,2,2,2,0,0,1,0,0,0,0,0,10.0,21.0,15.0,9.0,0,0,0,0,30.0,30.0,30.0,30.0,63.0,63.0,63.0,63.0,4514.0
64694,0,1,1980.75,1,1,1,1,0,0,0,0,0,0,0,0,1,0,0,3,1,0,0,1.0,25.0,4.0,22.0,1,1,1,1,11.0,11.0,11.0,11.0,16.0,16.0,16.0,16.0,4476.0
64794,0,1,1980.5,2,0,0,0,0,0,0,0,0,0,0,1,0,1,1,0,3,0,0,17.0,2.0,9.0,26.0,0,0,0,1,11.0,11.0,11.0,11.0,16.0,16.0,16.0,16.0,4291.0
64887,0,0,1979.75,0,2,2,2,0,1,1,2,2,2,2,0,1,0,1,4,0,0,0,0.0,16.0,31.0,5.0,0,0,1,0,5.0,5.0,5.0,5.0,7.0,7.0,7.0,7.0,4830.0
65008,0,0,1980.0,0,1,1,1,1,1,1,1,1,1,1,0,0,0,1,0,3,0,0,8.0,0.0,14.0,18.0,0,0,0,0,4.0,4.0,4.0,4.0,4.0,4.0,4.0,4.0,4476.0
65033,0,0,1980.5,0,1,1,1,1,1,1,1,1,1,1,0,0,0,0,0,0,0,0,8.0,9.0,15.0,6.0,0,0,0,0,4.0,4.0,4.0,4.0,4.0,4.0,4.0,4.0,4363.0
65325,0,1,1980.25,0,2,2,2,0,0,0,2,2,2,2,0,1,0,0,3,0,0,0,2.0,11.0,6.0,7.0,0,0,1,0,24.0,24.0,24.0,24.0,57.0,57.0,57.0,57.0,4101.0
65406,1,0,1980.25,0,2,2,2,1,1,1,3,3,3,3,0,0,0,1,0,0,6,0,8.0,10.0,17.0,38.0,0,0,0,0,6.0,6.0,6.0,6.0,9.0,9.0,9.0,9.0,4669.0
65513,1,0,1979.5,0,0,1,1,1,1,1,3,3,3,3,3,0,1,0,0,0,0,6,13.0,11.0,14.0,29.0,0,0,0,0,27.0,27.0,27.0,27.0,60.0,60.0,60.0,60.0,4238.0
65532,1,0,1980.25,2,0,0,2,0,0,0,2,2,2,3,0,0,0,1,0,0,3,0,13.0,7.0,1.0,19.0,0,0,0,0,33.0,33.0,33.0,2.0,67.0,67.0,67.0,2.0,4143.0
65644,0,1,1980.25,0,0,0,1,0,1,1,2,2,2,2,1,0,1,0,2,4,3,4,16.0,1.0,2.0,0.0,0,0,0,0,34.0,34.0,34.0,34.0,68.0,68.0,68.0,68.0,4354.0
65694,1,0,1980.25,2,2,2,2,0,0,0,2,2,2,2,1,0,0,0,0,0,0,0,7.0,16.0,8.0,15.0,0,0,0,0,30.0,30.0,30.0,30.0,63.0,63.0,63.0,63.0,4847.0
65728,0,0,1980.0,1,1,1,1,1,1,1,2,2,2,2,1,1,0,0,0,0,0,2,6.0,7.0,10.0,18.0,0,0,0,0,36.0,36.0,36.0,36.0,72.0,72.0,72.0,72.0,4746.0
65856,1,0,1980.0,1,1,1,1,1,1,1,2,2,2,2,0,0,0,0,0,0,0,6,15.0,8.0,7.0,24.0,0,0,0,0,32.0,32.0,32.0,32.0,66.0,66.0,66.0,66.0,5011.0
66044,1,0,1980.25,2,0,0,0,1,1,1,2,2,2,2,1,0,1,1,0,0,1,2,13.0,11.0,13.0,17.0,0,0,0,0,23.0,23.0,23.0,23.0,55.0,55.0,55.0,55.0,4495.0
66060,0,0,1980.25,2,2,2,2,1,1,1,1,1,1,1,1,3,0,0,0,0,0,6,14.0,11.0,12.0,29.0,0,0,0,0,12.0,12.0,12.0,12.0,36.0,36.0,36.0,36.0,4579.0
66141,1,1,1980.25,2,2,2,2,0,0,0,0,0,0,0,1,0,1,1,0,3,6,6,10.0,5.0,13.0,3.0,1,0,0,1,11.0,11.0,11.0,11.0,28.0,28.0,28.0,28.0,4221.0
66689,0,0,1980.0,0,2,2,2,1,1,1,1,1,1,1,1,0,1,1,2,4,6,0,15.0,3.0,15.0,21.0,0,0,0,0,17.0,17.0,17.0,17.0,41.0,41.0,41.0,41.0,4863.0
66700,1,0,1980.25,1,1,1,1,1,1,1,2,2,2,2,1,1,0,0,0,0,0,2,6.0,7.0,10.0,18.0,0,0,0,0,36.0,36.0,36.0,36.0,72.0,72.0,72.0,72.0,4893.0
66812,0,1,1980.25,0,0,2,2,0,0,0,0,0,0,0,0,0,0,0,4,0,6,6,0.0,37.0,0.0,17.0,0,1,0,1,11.0,11.0,11.0,11.0,31.0,31.0,31.0,31.0,4256.0
66841,1,1,1980.5,0,1,1,1,0,0,0,0,0,0,0,3,0,0,1,0,0,0,0,8.0,38.0,10.0,29.0,0,1,1,1,11.0,11.0,11.0,11.0,16.0,16.0,16.0,16.0,4173.0
66955,0,0,1980.5,0,2,2,2,1,1,1,2,2,2,2,0,0,0,1,1,0,0,0,10.0,9.0,23.0,19.0,0,0,0,0,34.0,34.0,34.0,34.0,68.0,68.0,68.0,68.0,4199.0
66985,0,0,1980.5,1,1,1,1,1,1,1,1,1,1,1,1,0,0,1,0,0,0,0,12.0,20.0,19.0,13.0,0,0,0,0,22.0,17.0,17.0,17.0,54.0,41.0,41.0,41.0,4463.0
67052,0,0,1980.25,1,1,1,1,1,1,1,1,1,1,1,1,0,0,1,0,0,3,0,12.0,4.0,1.0,24.0,0,0,0,1,22.0,22.0,22.0,22.0,54.0,54.0,54.0,54.0,4205.0
67063,0,1,1979.75,2,1,1,1,1,1,1,1,1,1,1,0,1,0,1,3,4,0,0,1.0,32.0,7.0,9.0,1,1,1,0,11.0,11.0,11.0,11.0,20.0,20.0,20.0,20.0,4313.0
67196,1,0,1980.25,0,2,2,2,1,0,0,2,2,2,2,0,1,1,1,0,0,4,0,8.0,7.0,13.0,7.0,0,0,0,0,36.0,36.0,36.0,36.0,72.0,72.0,72.0,72.0,4679.0
67231,1,0,1980.0,0,2,2,2,1,1,1,1,1,1,1,1,0,1,1,2,4,6,0,15.0,3.0,15.0,21.0,0,0,0,0,17.0,17.0,17.0,17.0,41.0,41.0,41.0,41.0,4560.0
67278,0,0,1980.25,1,1,1,1,1,1,1,2,2,2,2,0,0,1,1,3,0,6,0,3.0,21.0,39.0,6.0,0,0,0,1,24.0,24.0,24.0,24.0,56.0,56.0,56.0,56.0,4098.0
67371,1,0,1980.5,2,2,2,2,1,1,1,1,1,1,1,0,0,1,0,0,0,0,0,3.0,27.0,9.0,8.0,0,0,0,0,25.0,25.0,25.0,25.0,58.0,58.0,58.0,58.0,4192.0
67392,1,0,1980.0,0,2,2,2,0,0,0,2,2,2,2,0,0,0,0,0,0,0,0,20.0,39.0,9.0,16.0,0,0,0,0,9.0,9.0,9.0,9.0,12.0,12.0,12.0,12.0,4492.0
67421,0,0,1980.25,2,0,0,0,1,1,1,2,2,2,2,0,0,0,0,0,0,4,3,15.0,12.0,2.0,1.0,0,0,0,0,19.0,19.0,19.0,19.0,47.0,47.0,47.0,47.0,4600.0
67590,1,0,1979.75,0,1,1,1,1,1,1,1,1,1,1,1,0,0,1,2,0,0,0,15.0,20.0,19.0,13.0,0,0,0,0,17.0,17.0,17.0,17.0,41.0,41.0,41.0,41.0,5029.0
67649,1,0,1980.0,2,2,2,2,1,1,1,2,2,2,2,0,0,1,1,0,0,0,2,13.0,10.0,27.0,19.0,0,0,0,0,33.0,33.0,33.0,33.0,67.0,67.0,67.0,67.0,4440.0
67686,0,0,1979.75,0,1,1,1,1,1,1,2,2,2,2,1,1,1,1,0,0,0,1,13.0,11.0,14.0,10.0,0,0,0,0,23.0,23.0,23.0,23.0,55.0,55.0,55.0,55.0,4124.0
67727,1,0,1980.0,2,2,2,2,1,1,1,2,2,2,2,1,0,0,0,0,2,0,2,6.0,16.0,8.0,12.0,0,0,0,0,35.0,35.0,35.0,35.0,69.0,69.0,69.0,69.0,4418.0
67823,0,0,1980.0,0,2,2,2,0,0,0,2,2,2,2,0,1,0,1,0,6,0,1,8.0,20.0,11.0,13.0,0,0,0,0,3.0,3.0,3.0,3.0,3.0,3.0,3.0,3.0,4335.0
67846,1,0,1979.75,1,1,1,1,1,1,1,2,2,2,2,1,0,0,0,0,0,0,0,13.0,6.0,20.0,10.0,0,0,0,0,6.0,6.0,6.0,6.0,8.0,8.0,8.0,8.0,4483.0
67889,0,0,1980.0,2,2,2,2,0,0,0,2,2,2,2,1,1,0,1,0,3,0,1,5.0,2.0,22.0,10.0,0,0,0,0,15.0,15.0,15.0,15.0,39.0,39.0,39.0,39.0,4581.0
67950,0,0,1980.25,1,1,1,1,1,1,1,1,1,1,1,1,0,1,1,0,2,0,0,7.0,19.0,17.0,17.0,0,0,0,0,12.0,12.0,12.0,12.0,36.0,36.0,36.0,36.0,4281.0
68110,1,1,1980.25,0,0,0,0,1,1,1,2,2,2,2,0,0,0,1,3,0,0,0,3.0,5.0,15.0,9.0,1,0,0,0,24.0,24.0,24.0,24.0,56.0,56.0,56.0,56.0,4134.0
68150,0,0,1979.75,1,1,1,1,1,1,1,1,1,1,1,0,0,0,0,0,0,0,0,14.0,12.0,5.0,27.0,0,0,0,0,22.0,22.0,22.0,22.0,52.0,52.0,52.0,52.0,4773.0
68236,0,0,1980.25,2,0,0,0,1,1,1,2,2,2,2,0,1,0,0,0,0,0,2,3.0,13.0,15.0,21.0,0,0,0,0,5.0,5.0,5.0,5.0,7.0,7.0,7.0,7.0,4689.0
68286,0,1,1980.25,2,1,1,1,0,0,0,0,0,0,0,1,0,0,1,0,4,4,0,10.0,0.0,1.0,14.0,1,1,0,1,11.0,11.0,11.0,11.0,28.0,31.0,31.0,31.0,4095.0
68380,0,0,1980.25,2,2,2,2,1,1,1,2,2,2,2,3,0,0,0,0,0,0,0,12.0,16.0,8.0,15.0,0,0,0,0,30.0,30.0,30.0,30.0,63.0,63.0,63.0,63.0,4499.0
68407,0,1,1979.75,0,0,0,1,0,0,0,0,0,0,0,1,1,1,0,0,0,0,0,11.0,11.0,11.0,11.0,1,0,0,0,11.0,11.0,11.0,11.0,15.0,15.0,15.0,15.0,4232.0
68432,1,0,1980.0,0,0,0,0,1,1,1,2,2,2,2,1,0,1,0,2,4,3,0,16.0,1.0,2.0,8.0,0,0,0,0,34.0,34.0,34.0,34.0,68.0,68.0,68.0,68.0,4633.0
68715,1,0,1980.5,2,0,0,0,1,1,1,2,2,2,2,1,0,1,1,0,0,1,2,13.0,11.0,13.0,17.0,0,0,0,0,23.0,23.0,23.0,23.0,55.0,55.0,55.0,55.0,4724.0
68776,1,2,1979.75,0,2,2,2,1,1,1,1,1,1,1,0,0,2,1,0,0,0,1,11.0,4.0,9.0,15.0,0,0,0,0,22.0,22.0,22.0,22.0,51.0,51.0,51.0,51.0,4776.0
68817,1,1,1980.0,2,2,0,2,0,0,0,0,0,0,0,0,0,0,1,0,0,0,4,16.0,27.0,7.0,12.0,1,1,1,0,11.0,11.0,11.0,11.0,22.0,22.0,22.0,22.0,4309.0
68842,1,1,1980.5,2,0,0,0,0,0,0,2,2,2,2,1,0,1,0,0,0,0,0,9.0,8.0,9.0,24.0,0,0,0,0,31.0,31.0,31.0,31.0,65.0,65.0,65.0,65.0,4747.0
68939,1,0,1980.5,0,0,0,0,1,1,1,2,2,2,2,1,0,0,0,0,0,6,0,13.0,15.0,13.0,15.0,0,0,0,0,6.0,6.0,6.0,6.0,8.0,8.0,8.0,8.0,4294.0
69021,0,0,1980.25,2,2,2,2,1,1,1,1,1,1,1,1,0,1,1,0,3,6,0,8.0,1.0,22.0,15.0,0,0,0,0,28.0,28.0,28.0,28.0,61.0,61.0,61.0,61.0,4977.0
69047,0,1,1980.75,1,0,1,1,1,1,1,1,1,1,1,0,0,1,1,1,4,6,0,13.0,2.0,10.0,10.0,0,1,1,1,11.0,11.0,11.0,11.0,24.0,24.0,24.0,24.0,4415.0
69144,1,1,1980.75,1,1,1,1,0,0,0,0,0,0,0,0,0,1,0,3,0,0,0,1.0,4.0,26.0,7.0,0,1,1,0,11.0,11.0,11.0,11.0,33.0,33.0,33.0,33.0,4214.0
69225,1,0,1980.5,2,0,0,0,1,1,1,3,2,2,2,0,1,1,0,0,0,0,0,14.0,9.0,10.0,15.0,0,0,0,0,6.0,6.0,6.0,6.0,9.0,8.0,8.0,8.0,4384.0
69356,1,0,1980.25,2,2,2,2,0,0,1,2,2,2,2,0,1,0,1,1,0,0,0,9.0,16.0,31.0,5.0,0,0,1,0,5.0,5.0,5.0,5.0,7.0,7.0,7.0,7.0,4727.0
69420,0,0,1980.25,2,0,2,2,1,1,1,2,2,2,2,1,0,0,0,0,6,6,4,9.0,12.0,5.0,3.0,0,0,0,0,3.0,3.0,3.0,3.0,3.0,3.0,3.0,3.0,4978.0
69515,0,0,1979.5,2,2,2,2,1,1,1,2,2,2,2,1,1,1,1,0,0,6,0,8.0,13.0,20.0,19.0,0,0,0,1,38.0,38.0,38.0,38.0,74.0,74.0,74.0,74.0,4675.0
69535,1,0,1980.0,0,0,0,0,1,1,1,2,2,2,2,1,0,0,1,0,6,6,0,13.0,12.0,13.0,8.0,0,0,0,0,21.0,21.0,21.0,21.0,50.0,50.0,50.0,50.0,4386.0
69623,0,0,1979.75,2,0,1,1,1,1,1,1,1,1,1,0,0,0,0,0,3,0,0,18.0,1.0,27.0,23.0,0,0,1,0,22.0,22.0,22.0,22.0,52.0,52.0,52.0,52.0,4619.0
69645,1,0,1980.25,2,2,2,2,0,0,0,2,2,2,2,0,0,1,1,0,0,0,2,13.0,10.0,27.0,19.0,0,0,0,0,33.0,33.0,33.0,33.0,67.0,67.0,67.0,67.0,3978.0
69675,1,0,1980.5,1,1,1,1,0,0,0,2,2,2,2,0,2,2,2,0,0,2,0,3.0,17.0,17.0,13.0,0,0,0,0,39.0,39.0,39.0,39.0,75.0,75.0,75.0,75.0,4352.0
69792,0,0,1980.0,2,0,0,1,1,1,1,2,2,2,2,1,0,0,1,0,0,0,0,12.0,7.0,8.0,15.0,0,0,0,1,21.0,21.0,21.0,21.0,50.0,50.0,50.0,50.0,4416.0
69904,0,0,1980.0,0,2,2,2,1,1,1,2,2,2,2,1,0,1,1,0,0,0,0,8.0,4.0,14.0,4.0,1,0,0,0,32.0,32.0,32.0,32.0,66.0,66.0,66.0,66.0,4490.0
70059,0,1,1980.5,1,1,1,1,1,1,1,1,1,1,1,0,1,0,0,0,2,0,0,16.0,14.0,16.0,9.0,1,0,1,0,22.0,22.0,22.0,22.0,51.0,51.0,51.0,51.0,4669.0
70234,1,1,1980.5,1,1,1,1,1,1,1,2,2,2,2,3,1,1,0,0,2,0,0,6.0,26.0,4.0,5.0,0,0,0,0,5.0,5.0,5.0,5.0,7.0,7.0,7.0,7.0,4499.0
70257,0,0,1980.0,2,0,0,0,1,1,1,2,2,2,2,0,0,0,1,0,4,0,0,7.0,3.0,15.0,9.0,0,0,0,0,24.0,24.0,24.0,24.0,56.0,56.0,56.0,56.0,4170.0
70284,0,0,1980.25,1,1,1,1,1,1,1,2,2,2,2,0,0,0,0,0,0,0,2,19.0,7.0,32.0,17.0,0,0,0,0,31.0,31.0,31.0,31.0,64.0,64.0,64.0,64.0,4855.0
70588,0,0,1980.25,2,0,0,1,1,1,1,2,2,2,2,0,0,1,1,0,0,0,0,9.0,20.0,11.0,4.0,0,0,0,0,21.0,21.0,21.0,21.0,49.0,49.0,49.0,49.0,4544.0
70784,1,0,1980.0,2,0,0,0,1,1,1,3,3,3,3,1,1,0,1,0,0,3,0,8.0,8.0,1.0,7.0,0,0,0,0,26.0,26.0,26.0,26.0,59.0,59.0,59.0,59.0,4389.0
70839,0,1,1979.75,0,0,0,0,1,1,1,1,1,1,1,0,0,0,1,0,6,2,0,20.0,0.0,22.0,26.0,1,1,0,0,11.0,11.0,11.0,11.0,23.0,23.0,23.0,23.0,4840.0
70890,1,1,1980.5,0,1,1,1,0,0,0,0,0,0,0,0,0,1,1,3,0,0,0,1.0,3.0,14.0,19.0,1,1,0,1,11.0,11.0,11.0,11.0,22.0,22.0,22.0,22.0,4260.0
70923,1,1,1980.5,2,2,2,2,0,0,0,0,0,0,0,0,1,0,1,0,0,0,2,5.0,6.0,4.0,12.0,1,1,0,0,11.0,11.0,11.0,11.0,28.0,28.0,28.0,28.0,4183.0
70941,1,0,1980.25,2,1,1,1,1,1,1,1,1,1,1,1,0,0,1,0,0,0,0,8.0,9.0,15.0,18.0,0,0,0,0,28.0,4.0,4.0,4.0,61.0,4.0,4.0,4.0,4696.0
70989,1,1,1980.25,1,1,1,1,1,1,1,0,0,0,0,1,0,1,1,0,4,0,6,6.0,2.0,8.0,11.0,0,1,1,2,11.0,11.0,11.0,11.0,28.0,28.0,28.0,28.0,4455.0
71046,1,1,1979.75,1,1,1,1,0,0,0,0,0,0,0,0,1,0,0,3,0,6,4,2.0,17.0,2.0,3.0,0,1,0,1,11.0,11.0,11.0,11.0,30.0,30.0,30.0,30.0,4293.0
71329,0,0,1980.0,1,1,1,1,1,1,1,1,1,1,1,1,0,0,0,0,0,4,0,8.0,9.0,3.0,19.0,0,0,0,0,25.0,25.0,25.0,25.0,58.0,58.0,58.0,58.0,4657.0
71414,1,0,1979.75,1,1,1,1,1,1,1,1,1,1,1,0,0,0,0,0,0,6,0,11.0,4.0,28.0,11.0,1,0,0,0,11.0,11.0,11.0,11.0,23.0,23.0,23.0,23.0,4778.0
71517,0,0,1980.25,2,2,2,2,1,1,1,2,2,2,2,1,1,1,1,0,0,4,0,10.0,7.0,13.0,7.0,0,0,0,0,36.0,36.0,36.0,36.0,72.0,72.0,72.0,72.0,4618.0
71595,0,1,1980.5,2,2,2,2,0,0,1,0,0,0,0,0,0,1,0,0,0,0,0,9.0,7.0,10.0,7.0,0,0,0,0,22.0,22.0,22.0,22.0,53.0,53.0,53.0,53.0,4422.0
71766,0,0,1979.75,0,2,2,2,1,1,1,2,2,2,2,0,1,1,0,0,3,0,2,8.0,8.0,13.0,23.0,0,0,1,0,4.0,4.0,4.0,4.0,5.0,5.0,5.0,5.0,4200.0
71807,0,0,1980.0,0,2,2,2,1,1,1,2,2,2,2,0,0,0,0,0,0,0,0,10.0,16.0,8.0,15.0,0,0,0,0,30.0,30.0,30.0,30.0,63.0,63.0,63.0,63.0,4936.0
71895,1,1,1979.75,1,1,1,1,0,0,0,0,0,0,0,0,0,1,1,0,3,0,6,5.0,2.0,13.0,31.0,0,1,1,0,11.0,11.0,11.0,11.0,29.0,29.0,29.0,29.0,4637.0
72044,0,0,1980.25,0,0,0,0,0,1,0,2,2,2,2,0,0,1,0,3,3,0,4,2.0,1.0,12.0,3.0,0,0,0,0,16.0,16.0,16.0,16.0,40.0,40.0,40.0,40.0,4148.0
72127,0,1,1980.0,1,1,2,1,0,0,0,0,0,0,0,0,0,0,1,0,6,0,1,11.0,32.0,35.0,9.0,0,1,1,1,11.0,11.0,11.0,11.0,27.0,27.0,27.0,27.0,4196.0
72394,1,0,1980.5,1,1,1,1,1,1,1,2,2,2,2,0,1,0,0,0,0,0,2,16.0,7.0,10.0,18.0,0,0,0,0,36.0,36.0,36.0,36.0,72.0,72.0,72.0,72.0,4848.0
72411,0,0,1980.5,1,1,1,2,1,1,1,2,2,2,2,1,0,1,0,0,0,6,0,6.0,12.0,6.0,10.0,0,0,0,0,29.0,29.0,29.0,29.0,62.0,62.0,62.0,62.0,4393.0
72490,1,0,1980.5,1,1,1,1,1,1,1,1,1,1,1,0,0,1,0,0,0,0,3,5.0,6.0,9.0,6.0,0,0,0,0,25.0,25.0,25.0,25.0,58.0,58.0,58.0,58.0,4713.0
72503,1,1,1979.75,1,1,1,1,0,0,0,0,0,0,0,0,0,0,1,0,3,0,6,6.0,13.0,31.0,31.0,1,1,1,0,11.0,11.0,11.0,11.0,19.0,19.0,19.0,29.0,4238.0
72663,0,0,1979.75,2,2,2,2,1,1,1,2,2,2,2,1,0,0,1,0,0,0,0,12.0,17.0,9.0,9.0,0,0,0,0,21.0,21.0,21.0,21.0,50.0,50.0,50.0,50.0,4904.0
72742,0,0,1979.75,2,2,2,2,1,1,1,2,2,2,2,0,0,1,0,0,3,0,1,14.0,1.0,8.0,19.0,0,0,0,0,37.0,37.0,37.0,37.0,73.0,73.0,73.0,73.0,4810.0
72799,1,0,1980.0,0,2,2,2,1,1,1,2,2,2,2,1,1,0,0,0,1,0,0,10.0,10.0,13.0,30.0,0,0,0,0,1.0,1.0,1.0,1.0,1.0,1.0,1.0,1.0,4296.0
73054,1,0,1980.25,0,0,0,0,1,1,1,2,2,2,2,1,1,0,2,0,0,6,0,8.0,13.0,18.0,13.0,0,0,0,0,41.0,41.0,41.0,41.0,78.0,78.0,78.0,78.0,4214.0
73117,0,0,1980.25,0,2,2,2,0,0,0,2,2,2,2,0,0,1,1,3,4,0,0,3.0,2.0,29.0,11.0,1,0,0,0,24.0,24.0,24.0,24.0,56.0,56.0,56.0,56.0,4333.0
73193,0,0,1980.5,2,2,2,2,1,1,1,2,2,2,2,1,0,0,0,0,0,0,6,9.0,20.0,19.0,2.0,0,0,0,0,31.0,31.0,31.0,31.0,65.0,65.0,65.0,65.0,4572.0
73222,0,0,1979.75,1,1,1,1,1,1,1,2,2,2,2,0,0,0,0,0,0,6,0,6.0,13.0,14.0,18.0,0,0,0,0,35.0,35.0,35.0,35.0,69.0,69.0,69.0,69.0,4843.0
73248,0,0,1980.0,2,0,0,0,1,1,1,2,2,2,2,0,1,0,0,0,0,0,0,13.0,11.0,25.0,4.0,0,0,0,0,8.0,8.0,8.0,8.0,11.0,11.0,11.0,11.0,4740.0
73275,1,1,1980.5,1,1,1,1,1,1,1,0,0,0,0,0,0,1,1,0,6,0,0,6.0,9.0,33.0,18.0,1,1,1,1,11.0,11.0,11.0,11.0,19.0,19.0,19.0,19.0,4284.0
73311,1,1,1980.0,2,0,0,1,0,0,0,2,2,2,2,0,0,1,0,0,4,3,4,10.0,1.0,2.0,0.0,0,0,0,0,34.0,34.0,34.0,34.0,68.0,68.0,68.0,68.0,3986.0
73515,1,0,1979.5,2,2,2,2,1,1,1,2,2,2,2,1,1,0,0,0,0,0,0,8.0,11.0,6.0,7.0,0,0,1,0,24.0,24.0,24.0,24.0,57.0,57.0,57.0,57.0,4003.0
73641,0,0,1980.5,0,2,0,0,0,0,0,2,2,2,2,1,1,0,0,0,0,2,0,13.0,18.0,14.0,3.0,0,0,0,0,14.0,14.0,14.0,14.0,38.0,38.0,38.0,38.0,3987.0
73663,0,0,1980.0,2,2,2,2,1,1,1,2,2,2,2,1,0,0,1,0,0,0,0,12.0,21.0,14.0,9.0,0,0,0,0,41.0,41.0,41.0,41.0,79.0,79.0,79.0,79.0,4567.0
73727,1,1,1980.0,1,1,1,1,1,1,1,2,2,2,2,1,1,1,1,0,0,0,0,8.0,10.0,18.0,11.0,0,0,1,0,24.0,24.0,24.0,24.0,57.0,57.0,57.0,57.0,4442.0
73776,0,1,1980.0,2,0,0,0,0,0,0,0,0,0,0,1,1,1,0,0,4,0,4,17.0,5.0,9.0,2.0,0,0,0,0,11.0,11.0,11.0,11.0,29.0,29.0,29.0,29.0,4284.0
73885,0,0,1980.25,0,1,1,1,1,1,1,1,1,1,1,0,0,0,1,0,3,0,0,8.0,0.0,14.0,18.0,0,0,0,0,4.0,4.0,4.0,4.0,4.0,4.0,4.0,4.0,4517.0
73979,0,0,1980.5,2,2,2,2,1,1,1,2,2,2,2,1,0,0,0,0,0,6,4,20.0,9.0,5.0,3.0,0,0,0,0,3.0,3.0,3.0,3.0,3.0,3.0,3.0,3.0,4715.0
74023,1,0,1979.75,2,2,2,2,1,0,1,2,2,2,2,1,1,1,1,0,0,0,0,5.0,15.0,8.0,16.0,0,0,0,0,12.0,12.0,12.0,12.0,34.0,34.0,34.0,34.0,4615.0
74042,0,0,1980.5,0,0,0,0,1,1,1,2,2,2,2,1,0,1,0,0,0,0,0,13.0,15.0,10.0,22.0,0,0,0,0,6.0,6.0,6.0,6.0,8.0,8.0,8.0,8.0,4428.0
74119,0,0,1979.75,2,0,0,0,1,1,1,2,2,2,2,1,1,0,0,0,0,0,0,13.0,13.0,20.0,28.0,0,0,0,0,40.0,40.0,40.0,40.0,76.0,77.0,77.0,77.0,4346.0
74221,1,0,1980.25,1,1,1,1,0,0,0,3,3,3,3,0,0,1,0,0,0,3,0,14.0,20.0,23.0,9.0,0,0,0,0,6.0,6.0,6.0,6.0,9.0,9.0,9.0,9.0,4098.0
74353,0,1,1980.0,1,1,1,2,0,0,0,0,0,0,0,0,0,0,1,0,0,0,6,21.0,6.0,28.0,25.0,1,0,1,0,11.0,11.0,11.0,11.0,15.0,15.0,15.0,15.0,3927.0
74382,0,1,1980.25,1,1,1,1,0,0,0,0,0,0,0,0,0,0,1,0,0,0,1,3.0,6.0,14.0,33.0,1,1,1,1,11.0,11.0,11.0,11.0,22.0,22.0,22.0,22.0,4385.0
74455,0,0,1979.75,0,2,2,2,1,1,1,2,2,2,2,0,0,0,0,0,4,0,4,2.0,0.0,16.0,1.0,0,0,0,0,40.0,40.0,40.0,40.0,76.0,77.0,77.0,77.0,4989.0
74473,1,0,1980.5,1,1,1,1,1,1,1,2,2,2,2,0,0,0,0,0,0,3,0,22.0,9.0,0.0,7.0,0,0,0,0,40.0,40.0,40.0,40.0,76.0,77.0,77.0,77.0,4798.0
74510,0,0,1980.25,1,1,1,1,1,1,1,1,1,1,1,1,0,0,1,0,0,0,2,15.0,9.0,8.0,17.0,0,0,0,0,22.0,22.0,22.0,22.0,51.0,51.0,51.0,51.0,4329.0
74554,0,0,1980.5,2,2,2,2,1,1,1,2,2,2,2,1,1,0,0,0,0,0,0,8.0,11.0,6.0,7.0,0,0,1,0,24.0,24.0,24.0,24.0,57.0,57.0,57.0,57.0,4459.0
74608,1,0,1980.0,2,2,2,2,1,1,1,2,2,2,2,1,0,0,1,0,0,0,0,12.0,17.0,9.0,9.0,0,0,0,0,21.0,21.0,21.0,21.0,50.0,50.0,50.0,50.0,4753.0
74635,1,0,1979.5,2,0,0,0,1,1,1,2,2,2,2,1,1,0,1,0,0,0,0,8.0,9.0,19.0,11.0,0,0,0,0,38.0,38.0,38.0,38.0,74.0,74.0,74.0,74.0,4709.0
74671,1,1,1980.0,0,1,1,0,0,0,1,0,0,0,0,1,1,0,1,0,0,4,0,15.0,30.0,3.0,22.0,1,1,0,0,11.0,11.0,11.0,11.0,26.0,26.0,26.0,26.0,4301.0
74826,0,0,1979.5,2,0,0,0,1,0,0,1,1,1,1,0,0,0,0,0,3,0,0,7.0,3.0,14.0,30.0,0,0,0,0,22.0,22.0,22.0,22.0,54.0,54.0,54.0,54.0,4600.0
74878,0,0,1980.25,1,1,1,1,1,1,1,3,3,3,3,3,1,1,0,0,0,0,0,12.0,15.0,14.0,36.0,0,0,0,0,7.0,7.0,7.0,7.0,10.0,10.0,10.0,10.0,4689.0
75037,0,0,1980.25,0,0,0,0,1,1,1,2,2,2,2,0,0,0,1,0,0,0,0,11.0,19.0,18.0,6.0,0,0,0,0,31.0,31.0,31.0,31.0,64.0,64.0,64.0,64.0,4895.0
75262,1,0,1980.25,0,0,0,0,1,1,1,2,2,2,2,1,0,0,0,1,0,0,0,11.0,16.0,13.0,37.0,0,0,0,0,8.0,8.0,8.0,8.0,11.0,11.0,11.0,11.0,4413.0
75454,1,0,1980.25,2,0,0,0,1,1,1,2,2,2,2,0,0,0,0,0,0,3,6,13.0,7.0,1.0,7.0,0,0,0,0,33.0,33.0,33.0,33.0,67.0,67.0,67.0,67.0,4243.0
75550,0,1,1980.25,2,0,0,0,0,0,0,1,1,1,1,1,1,0,0,0,0,0,3,15.0,23.0,10.0,4.0,1,0,1,0,11.0,11.0,11.0,11.0,21.0,21.0,21.0,21.0,4501.0
75590,1,0,1979.75,1,1,1,1,1,1,1,2,2,2,2,0,0,0,0,0,0,0,6,9.0,8.0,16.0,6.0,0,0,0,0,3.0,3.0,3.0,3.0,3.0,3.0,3.0,3.0,4306.0
75613,1,0,1980.25,0,2,2,2,1,1,1,2,2,2,2,0,0,0,0,0,2,0,2,16.0,16.0,8.0,12.0,0,0,0,0,35.0,35.0,35.0,35.0,69.0,69.0,69.0,69.0,4584.0
75647,1,0,1980.0,1,1,1,1,0,0,0,2,2,2,2,0,0,0,0,0,0,6,0,6.0,13.0,14.0,18.0,0,0,0,0,35.0,35.0,35.0,35.0,69.0,69.0,69.0,69.0,4309.0
75657,1,0,1980.5,2,0,0,0,1,0,0,1,1,1,1,0,1,1,1,0,0,0,0,7.0,8.0,22.0,15.0,0,0,0,0,4.0,4.0,4.0,4.0,4.0,4.0,4.0,4.0,4464.0
75720,1,0,1979.75,1,1,1,1,1,1,1,2,2,2,2,0,0,0,0,0,0,0,6,19.0,7.0,11.0,31.0,0,0,0,0,31.0,31.0,31.0,31.0,64.0,64.0,64.0,64.0,4918.0
75751,0,0,1979.75,2,2,2,2,1,1,1,1,1,1,1,0,0,2,1,0,0,0,1,5.0,4.0,9.0,15.0,1,0,0,0,22.0,22.0,22.0,22.0,51.0,51.0,51.0,51.0,4959.0
75830,1,0,1979.75,0,2,2,2,1,1,1,2,2,2,2,0,1,1,0,0,3,0,2,8.0,8.0,13.0,23.0,0,0,1,0,4.0,4.0,4.0,4.0,5.0,5.0,5.0,5.0,4055.0
75856,1,0,1980.0,1,1,1,1,0,0,0,3,3,3,3,0,0,0,0,0,0,0,0,13.0,18.0,22.0,8.0,0,0,0,0,6.0,6.0,6.0,6.0,9.0,9.0,9.0,9.0,4615.0
75904,1,0,1980.0,0,2,2,2,0,0,1,2,2,2,2,0,0,1,0,0,3,0,1,19.0,1.0,8.0,19.0,0,0,0,0,37.0,37.0,37.0,37.0,73.0,73.0,73.0,73.0,4643.0
76011,0,0,1980.5,2,0,0,0,1,1,1,2,2,2,2,0,1,0,0,0,0,0,2,3.0,13.0,15.0,21.0,0,0,0,0,5.0,5.0,5.0,5.0,7.0,7.0,7.0,7.0,4620.0
76080,1,0,1980.0,2,2,2,2,0,1,1,2,2,2,2,0,1,0,0,0,0,3,0,12.0,6.0,2.0,10.0,0,0,0,0,12.0,12.0,12.0,12.0,35.0,35.0,35.0,35.0,4234.0
76123,0,1,1980.5,1,1,1,1,0,0,1,3,3,3,3,1,0,1,1,0,0,0,0,12.0,12.0,16.0,9.0,0,0,0,0,2.0,2.0,2.0,2.0,2.0,2.0,2.0,2.0,3925.0
76349,0,0,1980.25,2,2,2,2,1,1,1,1,1,1,1,0,0,1,0,0,0,0,0,3.0,27.0,9.0,8.0,0,0,0,0,25.0,25.0,25.0,25.0,58.0,58.0,58.0,58.0,4302.0
76374,0,0,1979.75,0,0,0,0,1,1,1,1,1,1,1,0,0,0,0,5,4,4,0,3.0,0.0,3.0,11.0,0,0,0,0,25.0,25.0,25.0,25.0,58.0,58.0,58.0,58.0,4404.0
76465,0,1,1980.0,2,1,1,0,0,0,0,0,0,0,0,0,0,0,0,3,0,0,0,1.0,6.0,31.0,5.0,1,0,1,0,11.0,11.0,11.0,11.0,14.0,15.0,19.0,19.0,4251.0
76544,0,0,1980.0,1,1,1,1,1,1,1,1,1,1,1,1,0,0,1,0,0,0,0,18.0,20.0,19.0,13.0,0,0,0,0,17.0,17.0,17.0,17.0,41.0,41.0,41.0,41.0,4440.0
76572,0,0,1980.25,2,2,2,2,1,1,1,1,1,1,1,0,1,1,0,0,0,0,0,3.0,6.0,9.0,8.0,0,0,0,0,25.0,25.0,25.0,25.0,58.0,58.0,58.0,58.0,4767.0
76657,0,0,1980.0,0,0,0,0,0,0,0,2,2,2,2,0,0,0,1,0,0,0,0,20.0,19.0,18.0,6.0,0,0,0,0,31.0,31.0,31.0,31.0,64.0,64.0,64.0,64.0,3959.0
76991,1,1,1980.0,0,1,1,1,0,0,0,0,0,0,0,0,0,0,1,0,3,0,2,6.0,13.0,8.0,21.0,1,1,1,1,11.0,11.0,11.0,11.0,19.0,19.0,19.0,19.0,4103.0
77018,1,1,1980.5,2,0,0,0,1,1,1,1,1,1,1,0,0,0,1,0,6,2,0,21.0,0.0,22.0,26.0,1,1,0,0,11.0,11.0,11.0,11.0,23.0,23.0,23.0,23.0,4904.0
77068,1,1,1980.25,2,2,0,0,0,1,0,0,0,0,0,0,0,0,1,0,3,0,2,20.0,3.0,4.0,14.0,1,0,1,0,11.0,11.0,11.0,11.0,27.0,27.0,27.0,27.0,4425.0
77110,1,0,1979.75,0,0,0,0,1,1,1,1,1,1,1,0,0,0,1,0,4,0,0,11.0,1.0,8.0,15.0,0,1,0,1,22.0,22.0,22.0,22.0,51.0,51.0,51.0,51.0,4554.0
77169,0,0,1980.0,1,1,1,2,0,0,0,2,2,2,2,0,1,1,1,0,0,6,0,21.0,4.0,29.0,15.0,0,0,1,0,24.0,24.0,24.0,24.0,56.0,56.0,56.0,56.0,4471.0
77361,1,1,1980.0,2,0,0,0,0,0,0,0,0,0,0,0,1,1,1,0,6,0,0,6.0,3.0,30.0,22.0,1,0,1,0,11.0,11.0,11.0,11.0,26.0,26.0,26.0,26.0,4013.0
77424,1,0,1980.0,1,1,1,1,0,0,0,2,2,2,2,0,1,1,0,3,3,0,0,2.0,2.0,15.0,14.0,0,0,0,0,12.0,12.0,12.0,12.0,34.0,34.0,34.0,34.0,4524.0
77449,0,0,1980.5,0,2,2,2,0,1,1,1,1,1,1,1,0,1,1,0,4,0,0,13.0,4.0,19.0,19.0,0,0,0,1,22.0,22.0,22.0,22.0,54.0,54.0,54.0,54.0,4377.0
77488,0,0,1980.0,2,0,0,0,1,1,1,2,2,2,2,0,0,1,1,0,2,2,6,12.0,20.0,18.0,17.0,0,0,0,0,12.0,12.0,12.0,12.0,35.0,35.0,35.0,35.0,4361.0
77949,1,0,1980.25,0,2,2,2,1,1,1,3,3,3,3,0,1,1,1,0,0,0,0,8.0,8.0,19.0,16.0,0,0,0,0,6.0,6.0,6.0,6.0,9.0,9.0,9.0,9.0,4189.0
78008,0,0,1979.75,0,0,0,0,1,1,1,2,2,2,2,0,1,0,1,0,0,0,0,13.0,9.0,19.0,11.0,0,0,0,0,38.0,38.0,38.0,38.0,74.0,74.0,74.0,74.0,4494.0
78030,1,0,1980.25,0,2,2,2,0,0,0,2,2,2,2,1,0,1,0,0,0,0,0,12.0,13.0,16.0,10.0,0,0,0,0,6.0,6.0,6.0,6.0,8.0,8.0,8.0,8.0,4871.0
78095,1,0,1980.0,1,1,1,1,1,1,1,2,2,2,2,0,0,0,0,0,0,0,0,2.0,15.0,5.0,31.0,0,0,0,0,15.0,15.0,15.0,15.0,39.0,39.0,39.0,39.0,4598.0
78161,1,0,1980.0,1,1,1,1,0,0,0,0,0,0,0,0,1,0,0,0,4,4,3,9.0,2.0,0.0,1.0,0,0,0,0,22.0,22.0,22.0,22.0,53.0,53.0,53.0,53.0,4416.0
78215,0,1,1979.75,0,1,1,0,0,0,0,0,0,0,0,0,1,0,1,0,0,0,2,12.0,17.0,5.0,14.0,1,0,0,0,11.0,11.0,11.0,11.0,27.0,27.0,27.0,27.0,4462.0
78281,1,1,1979.5,0,0,0,0,0,0,0,2,2,2,2,1,1,0,0,0,0,0,0,15.0,13.0,18.0,24.0,0,0,0,0,5.0,5.0,5.0,5.0,7.0,7.0,7.0,7.0,4287.0
78328,1,0,1980.75,2,0,0,2,0,1,1,2,2,2,2,1,0,0,0,0,0,2,0,8.0,19.0,14.0,17.0,0,0,0,0,14.0,14.0,14.0,14.0,38.0,38.0,38.0,38.0,4567.0
78358,0,0,1979.75,1,1,1,1,1,1,1,3,3,3,3,1,1,1,0,0,0,0,3,14.0,19.0,12.0,2.0,0,0,0,0,26.0,26.0,26.0,26.0,59.0,59.0,59.0,59.0,4708.0
78385,1,0,1980.0,2,1,1,1,1,1,1,2,2,2,2,0,0,0,1,0,0,0,0,8.0,7.0,15.0,13.0,0,0,0,0,4.0,4.0,4.0,4.0,5.0,5.0,5.0,5.0,4283.0
78473,1,1,1980.5,2,1,1,2,1,1,1,0,0,0,1,0,0,0,1,3,6,6,1,1.0,18.0,19.0,28.0,1,0,0,0,11.0,11.0,11.0,11.0,14.0,14.0,14.0,20.0,4753.0
78525,0,0,1980.25,1,1,1,1,1,1,1,2,2,2,2,0,1,1,0,0,0,0,0,5.0,15.0,14.0,14.0,0,0,0,0,41.0,41.0,41.0,41.0,79.0,79.0,79.0,79.0,4415.0
78538,0,1,1980.5,1,1,1,1,0,0,0,0,0,0,0,0,0,0,1,3,0,0,0,2.0,38.0,10.0,29.0,1,1,1,1,11.0,11.0,11.0,11.0,16.0,16.0,16.0,16.0,4471.0
78593,1,2,1980.0,2,0,0,0,1,0,1,2,2,2,2,0,0,0,1,0,4,0,0,7.0,3.0,15.0,9.0,0,0,0,0,24.0,24.0,24.0,24.0,56.0,56.0,56.0,56.0,4330.0
78726,1,0,1979.75,1,1,1,1,1,1,1,1,1,1,1,1,0,0,0,0,0,4,0,8.0,9.0,3.0,19.0,0,0,0,0,25.0,25.0,25.0,25.0,58.0,58.0,58.0,58.0,4589.0
78780,1,1,1980.25,0,0,0,2,0,0,1,0,0,0,0,3,1,0,0,0,0,4,0,8.0,19.0,2.0,5.0,0,0,0,0,11.0,11.0,11.0,11.0,16.0,33.0,33.0,33.0,4152.0
79066,0,0,1980.5,0,2,2,2,1,1,1,3,3,3,3,0,1,1,1,0,0,0,0,3.0,14.0,18.0,36.0,0,0,0,0,7.0,7.0,7.0,7.0,10.0,10.0,10.0,10.0,4811.0
79103,1,1,1980.0,2,1,1,1,0,0,0,0,0,0,0,0,1,0,0,0,0,6,0,7.0,9.0,2.0,8.0,0,1,1,1,11.0,11.0,11.0,11.0,22.0,22.0,22.0,22.0,4246.0
79291,0,0,1980.5,2,2,2,2,1,1,1,2,2,2,2,0,0,1,0,0,0,0,0,13.0,4.0,14.0,13.0,0,0,0,0,32.0,32.0,32.0,32.0,66.0,66.0,66.0,66.0,4731.0
79324,0,0,1980.25,0,0,0,0,1,1,1,2,2,2,2,1,0,1,0,0,0,0,0,13.0,16.0,11.0,19.0,0,0,0,0,39.0,39.0,39.0,39.0,75.0,75.0,75.0,75.0,4777.0
79359,1,0,1979.0,2,0,0,0,0,0,0,2,2,2,2,1,0,0,0,0,0,6,0,12.0,15.0,13.0,15.0,0,0,0,0,6.0,6.0,6.0,6.0,8.0,8.0,8.0,8.0,4012.0
79630,0,0,1980.25,0,2,2,2,1,1,1,2,2,2,2,1,2,0,0,0,0,0,0,13.0,18.0,33.0,7.0,0,0,0,0,39.0,39.0,39.0,39.0,75.0,75.0,75.0,75.0,4865.0
79648,1,0,1980.0,0,0,0,0,1,1,1,3,3,3,3,0,1,0,1,4,0,3,0,0.0,8.0,1.0,7.0,0,0,0,0,26.0,26.0,26.0,26.0,59.0,59.0,59.0,59.0,4569.0
79961,0,0,1980.5,1,1,1,1,1,0,0,1,1,1,1,0,0,0,0,0,0,0,0,12.0,21.0,4.0,18.0,1,0,0,1,11.0,11.0,11.0,11.0,25.0,25.0,25.0,25.0,4154.0
80046,1,0,1980.25,1,1,1,1,1,1,1,2,2,2,2,0,0,0,0,0,0,3,3,7.0,7.0,3.0,1.0,0,0,0,0,30.0,30.0,30.0,30.0,63.0,63.0,63.0,63.0,4666.0
80093,1,0,1980.25,2,0,0,0,0,0,0,2,2,2,2,1,0,0,0,0,0,6,0,12.0,15.0,13.0,15.0,0,0,0,0,6.0,6.0,6.0,6.0,8.0,8.0,8.0,8.0,4107.0
80158,0,0,1979.25,1,1,1,1,0,1,0,1,1,1,1,0,0,0,1,0,3,3,0,14.0,13.0,2.0,6.0,0,0,0,0,22.0,22.0,22.0,22.0,52.0,52.0,52.0,52.0,4119.0
80318,1,0,1980.25,2,2,2,2,1,1,1,1,1,1,1,0,1,0,1,0,0,4,0,3.0,6.0,1.0,16.0,0,0,0,0,25.0,25.0,25.0,25.0,58.0,58.0,58.0,58.0,4267.0
80385,0,1,1980.0,0,0,0,2,0,0,0,0,0,0,0,0,0,0,1,3,3,0,1,1.0,1.0,12.0,14.0,1,0,1,1,11.0,11.0,11.0,11.0,22.0,22.0,22.0,22.0,4014.0
80522,0,0,1980.5,0,2,2,2,0,0,0,2,2,2,2,0,0,0,0,0,0,0,0,20.0,39.0,9.0,16.0,0,0,0,0,9.0,9.0,9.0,9.0,12.0,12.0,12.0,12.0,4648.0
80535,1,0,1979.75,1,1,1,1,1,1,1,2,2,2,2,0,0,0,0,0,0,3,4,10.0,4.0,1.0,1.0,0,0,0,0,32.0,32.0,32.0,32.0,66.0,66.0,66.0,66.0,4404.0
80622,1,0,1980.25,2,0,0,0,1,1,1,1,1,1,1,1,1,0,1,0,0,0,1,14.0,5.0,23.0,9.0,0,0,0,0,12.0,12.0,12.0,12.0,36.0,36.0,36.0,36.0,4506.0
80641,0,1,1980.0,1,1,1,1,1,1,1,2,2,2,2,0,0,0,1,0,0,0,0,7.0,15.0,18.0,12.0,0,0,0,0,30.0,30.0,30.0,30.0,63.0,63.0,63.0,63.0,4635.0
80679,0,1,1979.75,0,1,1,1,0,1,1,0,0,0,0,1,0,1,1,0,0,0,6,7.0,8.0,21.0,11.0,0,0,1,2,11.0,11.0,11.0,11.0,28.0,28.0,28.0,28.0,5057.0
80735,0,1,1980.0,1,0,1,1,0,0,0,0,0,0,0,1,0,1,1,2,4,0,0,12.0,9.0,12.0,21.0,0,1,1,1,11.0,11.0,11.0,11.0,15.0,15.0,15.0,15.0,4316.0
80813,0,0,1980.25,0,2,2,1,1,1,1,1,1,1,2,0,3,0,0,0,0,0,0,15.0,11.0,12.0,14.0,0,0,0,0,12.0,12.0,12.0,12.0,36.0,36.0,36.0,34.0,4548.0
80857,0,0,1980.5,1,1,1,1,1,1,1,1,1,1,1,0,0,0,0,0,6,0,0,16.0,23.0,33.0,15.0,1,0,0,0,22.0,22.0,22.0,22.0,51.0,51.0,51.0,51.0,4465.0
80893,1,1,1980.25,1,1,1,1,0,0,0,0,0,0,0,0,1,0,0,3,3,0,4,1.0,21.0,5.0,2.0,0,0,0,1,11.0,11.0,11.0,11.0,26.0,26.0,26.0,26.0,4590.0
80973,0,1,1980.25,2,0,0,2,0,0,0,0,0,0,0,1,0,0,0,3,3,3,0,24.0,2.0,1.0,18.0,0,0,0,1,11.0,11.0,11.0,11.0,30.0,30.0,30.0,30.0,4215.0
80985,1,0,1980.5,2,2,2,2,0,1,1,2,2,2,2,0,1,0,0,0,0,3,0,12.0,6.0,2.0,10.0,0,0,0,0,12.0,12.0,12.0,12.0,35.0,35.0,35.0,35.0,4250.0
81094,0,0,1979.75,0,1,1,1,0,1,1,2,2,2,2,1,1,0,0,0,0,3,3,6.0,8.0,3.0,1.0,0,0,0,0,30.0,30.0,30.0,30.0,63.0,63.0,63.0,63.0,4894.0
81158,0,1,1979.75,2,2,2,2,0,0,0,0,0,0,0,0,0,0,0,3,4,0,4,1.0,17.0,10.0,0.0,1,1,1,0,11.0,11.0,11.0,11.0,14.0,14.0,14.0,14.0,4462.0
81196,1,0,1980.25,2,2,2,2,0,0,0,2,2,2,2,1,0,0,2,0,0,4,1,21.0,5.0,3.0,12.0,0,0,0,0,16.0,16.0,16.0,16.0,40.0,40.0,40.0,40.0,4758.0
81274,0,0,1980.5,1,1,1,1,1,1,1,2,2,2,2,1,1,0,0,0,0,0,3,8.0,14.0,6.0,2.0,0,0,0,0,40.0,40.0,40.0,40.0,76.0,77.0,77.0,77.0,4368.0
81303,0,1,1979.75,0,1,1,1,0,0,1,0,0,0,0,0,0,1,1,3,0,0,0,1.0,3.0,14.0,19.0,1,1,0,1,11.0,11.0,11.0,11.0,22.0,22.0,22.0,22.0,4490.0
81489,1,0,1980.0,2,2,2,2,1,1,1,2,2,2,2,0,1,1,0,0,3,0,2,8.0,8.0,13.0,23.0,0,0,1,0,4.0,4.0,4.0,4.0,5.0,5.0,5.0,5.0,4201.0
81514,0,1,1980.5,0,0,0,0,1,1,1,2,2,2,2,1,0,1,0,0,3,0,0,10.0,2.0,12.0,5.0,0,0,1,0,1.0,1.0,1.0,1.0,1.0,1.0,1.0,1.0,4354.0
81529,1,0,1979.5,0,0,0,0,0,0,0,2,2,2,2,0,0,1,0,3,3,0,4,2.0,1.0,12.0,3.0,0,0,0,0,16.0,16.0,16.0,16.0,40.0,40.0,40.0,40.0,4434.0
81549,1,0,1980.25,2,2,2,2,1,0,1,2,2,2,2,1,0,1,0,0,0,0,0,12.0,13.0,16.0,10.0,0,0,0,0,6.0,6.0,6.0,6.0,8.0,8.0,8.0,8.0,4297.0
81704,0,0,1979.75,2,0,0,0,1,1,1,2,2,2,2,1,0,0,0,0,4,0,0,13.0,0.0,20.0,28.0,0,0,0,0,40.0,40.0,40.0,40.0,76.0,77.0,77.0,77.0,4874.0
81744,0,0,1980.0,2,2,2,2,1,1,1,2,2,2,2,1,0,0,0,0,2,0,2,6.0,16.0,8.0,12.0,0,0,0,0,35.0,35.0,35.0,35.0,69.0,69.0,69.0,69.0,4689.0
81823,1,0,1980.0,2,0,0,0,1,0,0,2,2,2,2,1,0,1,1,0,0,3,0,5.0,12.0,1.0,18.0,0,0,0,0,15.0,15.0,15.0,15.0,39.0,39.0,39.0,39.0,4662.0
81833,1,0,1980.5,2,0,0,0,1,1,1,2,2,2,2,1,0,1,0,0,0,0,0,11.0,16.0,11.0,19.0,0,0,0,0,39.0,39.0,39.0,39.0,75.0,75.0,75.0,75.0,4214.0
81912,0,0,1979.75,0,2,2,2,1,1,1,3,3,3,3,0,1,1,1,4,0,0,0,0.0,12.0,13.0,7.0,0,0,0,0,26.0,26.0,26.0,26.0,59.0,59.0,59.0,59.0,4702.0
81936,0,1,1980.0,1,0,0,0,0,1,0,1,1,1,1,0,0,0,1,0,6,2,0,11.0,0.0,22.0,26.0,1,1,0,0,11.0,11.0,11.0,11.0,23.0,23.0,23.0,23.0,4478.0
81951,1,0,1980.0,1,1,1,1,1,1,1,2,2,2,2,0,0,0,0,0,0,3,4,15.0,4.0,1.0,1.0,0,0,0,0,32.0,32.0,32.0,32.0,66.0,66.0,66.0,66.0,4760.0
81990,0,0,1979.75,1,1,1,1,1,1,1,2,2,2,2,0,0,3,1,0,2,2,0,2.0,19.0,12.0,3.0,0,0,0,0,15.0,15.0,15.0,15.0,39.0,39.0,39.0,39.0,4940.0
82119,0,0,1979.75,2,2,2,2,1,1,1,2,2,2,2,0,0,0,0,0,3,6,4,15.0,2.0,19.0,0.0,0,0,0,0,19.0,19.0,19.0,19.0,47.0,47.0,47.0,47.0,5111.0
82330,1,0,1980.5,0,1,1,1,1,0,1,2,2,2,2,1,0,0,0,0,3,0,0,5.0,0.0,9.0,34.0,0,0,0,0,19.0,19.0,19.0,19.0,47.0,47.0,47.0,47.0,4374.0
82353,1,0,1980.0,1,1,1,1,1,1,1,3,3,3,3,3,1,1,0,0,0,0,0,12.0,15.0,14.0,36.0,0,0,0,0,7.0,7.0,7.0,7.0,10.0,10.0,10.0,10.0,4800.0
82369,1,0,1980.0,1,1,1,1,1,1,1,2,2,2,2,0,0,0,0,0,0,0,0,11.0,31.0,14.0,14.0,0,0,0,0,8.0,8.0,8.0,8.0,11.0,11.0,11.0,11.0,4900.0
82414,1,0,1980.25,0,1,1,1,0,0,0,2,2,2,2,1,0,1,0,0,4,0,0,13.0,1.0,8.0,9.0,0,0,0,0,14.0,14.0,14.0,14.0,38.0,38.0,38.0,38.0,4119.0
82545,0,0,1980.0,2,0,0,1,1,1,1,2,2,2,2,0,0,0,0,0,0,0,4,10.0,5.0,31.0,0.0,0,0,0,0,34.0,34.0,34.0,34.0,68.0,68.0,68.0,68.0,4531.0
82586,1,0,1980.5,2,2,2,2,1,1,1,1,1,1,1,0,1,0,1,0,0,0,3,7.0,29.0,33.0,2.0,0,0,0,0,4.0,4.0,4.0,4.0,4.0,4.0,4.0,4.0,4068.0
82631,1,0,1979.75,0,0,0,0,1,1,1,2,2,2,2,0,1,0,1,0,0,0,0,13.0,9.0,19.0,11.0,0,0,0,0,38.0,38.0,38.0,38.0,74.0,74.0,74.0,74.0,4430.0
82768,1,0,1980.0,0,2,2,2,1,1,1,2,2,2,2,1,0,0,1,1,0,6,0,11.0,16.0,4.0,14.0,0,0,1,0,8.0,8.0,8.0,8.0,11.0,11.0,11.0,11.0,4886.0
82783,0,0,1980.0,1,1,1,1,1,1,1,1,1,1,1,1,0,0,1,0,0,3,0,12.0,4.0,1.0,24.0,0,0,0,1,22.0,22.0,22.0,22.0,54.0,54.0,54.0,54.0,4385.0
82846,0,0,1980.25,0,0,0,0,1,1,1,1,1,1,1,3,1,1,0,0,0,0,4,13.0,12.0,17.0,5.0,0,0,1,0,22.0,22.0,22.0,22.0,51.0,51.0,51.0,51.0,4483.0
82969,1,0,1980.5,0,0,1,1,1,0,1,3,3,3,3,0,1,1,0,0,0,0,4,3.0,3.0,22.0,0.0,0,0,0,0,7.0,7.0,7.0,7.0,10.0,10.0,10.0,10.0,4631.0
83213,1,1,1980.25,1,1,1,1,1,1,1,2,2,2,2,2,0,0,0,0,0,0,3,14.0,39.0,8.0,0.0,0,1,0,0,1.0,1.0,1.0,1.0,1.0,1.0,1.0,1.0,4429.0
83231,1,1,1980.0,0,0,2,2,1,0,0,2,2,2,2,1,0,0,1,0,0,0,0,13.0,5.0,23.0,15.0,0,0,0,0,24.0,24.0,24.0,24.0,56.0,56.0,56.0,56.0,4319.0
83334,1,0,1979.75,0,0,1,2,1,1,1,3,3,3,3,0,1,1,1,0,0,0,0,3.0,3.0,14.0,36.0,0,0,0,0,7.0,7.0,7.0,7.0,10.0,10.0,10.0,10.0,4215.0
83358,0,0,1980.25,0,2,2,2,1,0,0,2,2,2,2,0,1,0,1,0,3,0,1,4.0,2.0,22.0,10.0,0,0,0,0,15.0,15.0,15.0,15.0,39.0,39.0,39.0,39.0,4768.0
83580,1,1,1980.25,2,0,0,0,0,0,0,0,0,0,0,1,0,1,1,0,3,0,0,17.0,2.0,9.0,26.0,0,0,0,1,11.0,11.0,11.0,11.0,16.0,16.0,16.0,16.0,4028.0
83631,0,0,1980.0,2,0,0,0,1,1,1,1,1,1,1,0,1,0,1,0,6,0,0,17.0,22.0,20.0,19.0,0,0,1,0,18.0,18.0,18.0,18.0,43.0,43.0,43.0,43.0,4795.0
83673,1,0,1980.5,0,2,2,2,1,1,1,1,1,1,1,3,0,1,1,0,0,0,0,13.0,6.0,21.0,32.0,0,0,0,0,22.0,22.0,22.0,22.0,51.0,51.0,51.0,51.0,4225.0
83724,1,0,1980.25,2,2,2,2,1,1,1,2,2,2,2,1,0,0,0,0,0,0,0,7.0,16.0,15.0,15.0,0,0,0,0,30.0,30.0,30.0,30.0,63.0,63.0,63.0,63.0,4980.0
83801,0,0,1980.5,1,1,1,1,1,1,1,1,1,1,1,1,0,1,1,0,2,0,0,7.0,19.0,17.0,17.0,0,0,0,0,12.0,12.0,12.0,12.0,36.0,36.0,36.0,36.0,4615.0
84026,1,0,1980.5,2,2,2,2,1,1,1,2,2,2,2,0,1,1,0,0,3,0,2,8.0,8.0,13.0,23.0,0,0,1,0,4.0,4.0,4.0,4.0,5.0,5.0,5.0,5.0,4077.0
84278,1,1,1979.75,0,0,0,0,0,0,0,0,0,0,1,0,0,0,0,0,3,3,0,10.0,2.0,1.0,8.0,1,0,0,1,11.0,11.0,11.0,11.0,30.0,30.0,30.0,25.0,4696.0
84385,1,0,1980.0,0,0,0,0,1,1,1,2,2,2,2,1,0,0,0,0,0,0,0,17.0,6.0,12.0,14.0,0,0,0,0,12.0,12.0,12.0,12.0,34.0,34.0,34.0,34.0,4298.0
84446,1,0,1980.25,1,1,1,1,0,0,0,2,2,2,2,1,1,0,1,0,0,0,0,4.0,8.0,18.0,12.0,0,0,0,0,30.0,30.0,30.0,30.0,63.0,63.0,63.0,63.0,4527.0
84497,1,0,1980.0,2,2,2,2,1,1,1,2,2,2,2,1,0,0,1,0,0,0,0,12.0,21.0,14.0,9.0,0,0,0,0,41.0,41.0,41.0,41.0,79.0,79.0,79.0,79.0,4591.0
84590,0,0,1980.25,0,2,2,2,1,0,0,2,2,2,2,1,0,1,0,0,0,0,0,12.0,13.0,16.0,10.0,0,0,0,0,6.0,6.0,6.0,6.0,8.0,8.0,8.0,8.0,4652.0
84634,0,0,1980.5,0,0,0,0,0,0,0,2,2,2,2,0,0,1,0,0,0,0,0,11.0,19.0,19.0,22.0,0,0,0,0,31.0,31.0,31.0,31.0,64.0,64.0,64.0,64.0,4773.0
84656,0,0,1980.0,1,1,1,1,0,0,1,2,2,2,2,0,0,0,0,0,0,0,0,11.0,31.0,14.0,14.0,0,0,0,0,8.0,8.0,8.0,8.0,11.0,11.0,11.0,11.0,4926.0
84785,1,0,1980.0,2,2,2,2,1,1,1,2,2,2,2,1,0,1,1,0,0,1,0,13.0,3.0,11.0,4.0,0,0,0,0,23.0,23.0,23.0,23.0,55.0,55.0,55.0,55.0,4375.0
84857,0,1,1980.5,1,1,1,1,0,0,0,0,0,0,0,0,0,0,1,3,0,0,0,1.0,38.0,10.0,29.0,1,1,1,1,11.0,11.0,11.0,11.0,16.0,16.0,16.0,16.0,4649.0
84919,0,0,1979.75,0,0,0,0,1,1,1,2,2,2,2,1,0,0,0,0,0,6,0,12.0,15.0,13.0,22.0,0,0,0,0,6.0,6.0,6.0,6.0,8.0,8.0,8.0,8.0,4188.0
84956,1,1,1980.25,0,2,2,2,0,0,0,2,2,2,2,1,0,0,1,0,4,0,0,13.0,2.0,23.0,15.0,0,0,0,0,24.0,24.0,24.0,24.0,56.0,56.0,56.0,56.0,4181.0
85031,0,0,1979.75,1,1,1,1,1,0,1,2,2,2,2,1,0,0,0,5,3,0,0,11.0,0.0,9.0,34.0,0,0,0,0,19.0,19.0,19.0,19.0,47.0,47.0,47.0,47.0,4179.0
85196,0,0,1980.25,2,0,0,0,1,1,1,2,2,2,2,1,1,0,2,0,0,6,0,3.0,13.0,18.0,13.0,0,0,0,0,41.0,41.0,41.0,41.0,78.0,78.0,78.0,78.0,4414.0
85209,1,0,1980.5,2,2,2,2,1,1,1,2,2,2,2,0,1,1,0,0,3,0,2,8.0,8.0,13.0,23.0,0,0,1,0,4.0,4.0,4.0,4.0,5.0,5.0,5.0,5.0,4264.0
85297,0,0,1980.0,1,1,1,1,1,1,1,2,2,2,2,2,0,0,0,0,0,0,3,14.0,39.0,8.0,0.0,0,1,0,0,1.0,1.0,1.0,1.0,1.0,1.0,1.0,1.0,4736.0
85423,1,0,1980.0,2,2,2,2,1,1,1,1,1,1,1,1,3,0,0,0,0,0,6,14.0,11.0,12.0,29.0,0,0,0,0,12.0,12.0,12.0,12.0,36.0,36.0,36.0,36.0,4234.0
85582,1,0,1980.25,0,0,0,0,1,1,1,2,2,2,2,1,0,0,0,0,0,6,0,13.0,15.0,13.0,22.0,0,0,0,0,6.0,6.0,6.0,6.0,8.0,8.0,8.0,8.0,4451.0
85639,0,0,1979.75,0,1,1,1,1,1,1,2,2,2,2,1,0,0,0,0,3,0,0,5.0,0.0,9.0,34.0,0,0,0,0,19.0,19.0,19.0,19.0,47.0,47.0,47.0,47.0,4521.0
85661,0,0,1980.25,0,2,2,2,1,1,1,2,2,2,2,1,0,0,0,0,0,0,0,6.0,16.0,8.0,15.0,0,0,0,0,30.0,30.0,30.0,30.0,63.0,63.0,63.0,63.0,4736.0
85718,1,0,1979.75,1,1,1,1,0,0,0,2,2,2,2,0,0,0,0,0,0,0,0,2.0,3.0,13.0,8.0,0,0,0,0,37.0,37.0,37.0,37.0,73.0,73.0,73.0,73.0,4609.0
85856,0,0,1980.0,2,1,1,1,1,1,1,1,1,1,1,0,0,0,1,0,3,3,0,18.0,13.0,2.0,6.0,0,0,0,0,22.0,22.0,22.0,22.0,52.0,52.0,52.0,52.0,4653.0
85873,0,0,1980.0,2,2,2,2,1,1,1,2,2,2,2,1,1,1,0,0,1,0,4,13.0,12.0,6.0,16.0,0,0,0,1,42.0,42.0,42.0,42.0,80.0,80.0,80.0,80.0,4268.0
85936,0,1,1980.0,1,1,1,1,0,0,0,0,0,0,0,0,1,0,0,3,1,0,0,1.0,25.0,4.0,22.0,1,1,1,1,11.0,11.0,11.0,11.0,16.0,16.0,16.0,16.0,4536.0
85963,0,0,1980.5,1,1,1,1,0,1,1,3,3,3,3,1,1,1,0,0,0,0,3,14.0,19.0,12.0,2.0,0,0,0,0,26.0,26.0,26.0,26.0,59.0,59.0,59.0,59.0,4491.0
86026,1,0,1980.5,0,1,1,1,1,1,1,2,2,2,2,1,0,2,2,0,0,2,0,11.0,14.0,17.0,13.0,0,0,0,0,39.0,39.0,39.0,39.0,75.0,75.0,75.0,75.0,4280.0
86045,0,0,1980.25,1,1,1,1,0,0,1,1,1,1,1,1,0,0,0,0,6,0,0,15.0,23.0,33.0,15.0,0,0,0,0,22.0,22.0,22.0,22.0,51.0,51.0,51.0,51.0,4671.0
86251,0,0,1980.5,1,1,1,1,0,0,0,2,2,2,2,3,1,1,1,0,0,0,0,8.0,3.0,12.0,14.0,0,0,0,0,41.0,41.0,41.0,41.0,78.0,78.0,78.0,78.0,4539.0
86416,0,0,1980.0,1,1,1,1,0,0,0,2,2,2,2,0,0,0,0,0,0,0,0,2.0,15.0,5.0,31.0,0,0,0,0,15.0,15.0,15.0,15.0,39.0,39.0,39.0,39.0,4471.0
86497,1,1,1980.0,1,1,1,1,0,0,0,0,0,0,0,0,0,0,1,0,4,4,0,6.0,0.0,1.0,14.0,0,1,0,1,11.0,11.0,11.0,11.0,31.0,31.0,31.0,31.0,4099.0
86637,1,1,1980.25,1,1,1,1,1,1,1,2,2,2,2,0,1,1,1,0,0,6,0,21.0,4.0,29.0,11.0,0,0,1,0,24.0,24.0,24.0,24.0,56.0,56.0,56.0,56.0,4337.0
86703,0,1,1980.0,0,0,1,1,0,0,0,0,0,0,0,1,0,1,1,0,4,0,0,11.0,9.0,12.0,21.0,1,1,1,1,11.0,11.0,11.0,11.0,15.0,15.0,15.0,15.0,4549.0
86838,1,0,1979.75,1,1,1,1,1,1,0,2,2,2,2,0,1,1,0,0,0,0,0,8.0,13.0,15.0,13.0,0,0,0,0,21.0,21.0,21.0,21.0,49.0,49.0,49.0,49.0,4541.0
86921,1,0,1980.5,0,0,0,0,1,1,1,2,2,2,2,1,0,0,0,0,2,0,0,15.0,7.0,18.0,24.0,0,0,0,0,5.0,5.0,5.0,5.0,7.0,7.0,7.0,7.0,4203.0
86938,0,1,1980.5,2,0,0,0,0,0,0,0,0,0,0,0,0,1,1,0,3,0,0,6.0,2.0,9.0,26.0,0,0,0,1,11.0,11.0,11.0,11.0,16.0,16.0,16.0,16.0,4099.0
87007,0,0,1980.0,2,0,0,0,1,1,1,2,2,2,2,1,0,0,0,0,0,6,0,9.0,23.0,23.0,21.0,0,0,0,0,3.0,3.0,3.0,3.0,3.0,3.0,3.0,3.0,4617.0
87133,1,1,1980.25,0,2,2,2,1,1,1,2,2,2,2,0,1,0,1,0,0,0,1,11.0,11.0,7.0,17.0,0,1,0,0,21.0,21.0,21.0,21.0,49.0,49.0,49.0,49.0,4495.0
87247,0,0,1980.0,0,2,2,2,1,1,1,2,2,2,2,0,0,1,0,0,0,0,0,8.0,14.0,8.0,11.0,0,1,0,0,36.0,36.0,36.0,36.0,72.0,72.0,72.0,72.0,4543.0
87293,0,0,1980.25,0,2,2,2,1,1,1,1,1,1,1,0,1,0,1,0,0,0,3,8.0,29.0,33.0,2.0,0,0,0,0,4.0,4.0,4.0,4.0,4.0,4.0,4.0,4.0,4309.0
87430,0,0,1979.75,0,0,2,2,1,1,1,1,1,1,1,1,0,0,0,0,3,0,0,12.0,1.0,18.0,21.0,0,0,0,0,22.0,22.0,22.0,22.0,52.0,52.0,52.0,52.0,5058.0
87642,0,0,1980.5,2,2,2,2,0,0,0,2,2,2,2,1,0,0,0,0,0,6,4,20.0,9.0,5.0,3.0,0,0,0,0,3.0,3.0,3.0,3.0,3.0,3.0,3.0,3.0,4706.0
87681,1,0,1980.0,2,2,2,2,1,1,1,0,0,0,0,0,0,1,0,0,0,0,0,9.0,7.0,10.0,7.0,0,0,0,0,22.0,22.0,22.0,22.0,53.0,53.0,53.0,53.0,4644.0
87791,1,0,1980.0,1,2,2,2,1,1,1,1,1,1,1,0,1,1,1,0,0,6,0,11.0,29.0,22.0,15.0,0,0,0,0,28.0,28.0,28.0,28.0,61.0,61.0,61.0,61.0,4535.0
87836,1,0,1980.25,2,2,2,2,1,1,1,2,2,2,2,1,1,3,1,0,6,0,0,3.0,11.0,15.0,8.0,0,0,0,0,41.0,41.0,41.0,41.0,78.0,78.0,78.0,78.0,4550.0
87856,1,0,1980.0,0,0,0,1,1,1,1,2,2,2,2,0,0,0,0,1,0,0,4,10.0,5.0,31.0,0.0,0,0,0,0,34.0,34.0,34.0,34.0,68.0,68.0,68.0,68.0,4818.0
87894,0,0,1979.75,0,1,1,1,1,1,1,1,1,1,1,0,0,0,1,0,0,0,0,8.0,9.0,15.0,18.0,0,0,0,0,4.0,4.0,4.0,4.0,4.0,4.0,4.0,4.0,4499.0
88090,1,0,1979.5,1,1,1,1,1,1,1,2,2,2,2,0,0,0,0,0,0,3,4,15.0,4.0,1.0,1.0,0,0,0,0,32.0,32.0,32.0,32.0,66.0,66.0,66.0,66.0,4498.0
88106,0,1,1980.5,0,0,0,2,0,0,0,1,1,1,0,0,0,0,0,3,3,0,0,1.0,2.0,2.0,18.0,0,0,1,1,11.0,11.0,11.0,11.0,23.0,23.0,23.0,33.0,4181.0
88182,0,1,1979.75,1,1,1,1,0,0,0,1,1,1,1,1,0,0,0,0,0,0,1,20.0,16.0,23.0,14.0,0,0,0,1,11.0,11.0,11.0,11.0,17.0,17.0,17.0,17.0,4236.0
88528,1,0,1980.0,0,2,2,2,1,1,1,2,2,2,2,0,0,0,0,0,2,0,2,16.0,16.0,8.0,12.0,0,0,0,0,35.0,35.0,35.0,35.0,69.0,69.0,69.0,69.0,4405.0
88544,0,0,1980.0,0,2,2,2,1,1,1,2,2,2,2,1,0,0,0,0,0,0,0,6.0,9.0,15.0,15.0,0,0,0,0,30.0,30.0,30.0,30.0,63.0,63.0,63.0,63.0,4227.0
88582,1,0,1979.75,1,1,1,1,0,1,0,2,2,2,2,0,1,1,1,0,0,6,0,21.0,4.0,29.0,11.0,0,0,1,0,24.0,24.0,24.0,24.0,56.0,56.0,56.0,56.0,4118.0
88769,1,1,1980.0,2,0,0,0,0,0,0,2,2,2,2,1,1,0,1,0,0,0,0,8.0,9.0,19.0,11.0,0,0,0,0,38.0,38.0,38.0,38.0,74.0,74.0,74.0,74.0,4618.0
88895,0,0,1980.0,0,0,0,0,1,1,1,1,1,1,1,0,1,1,1,0,0,0,0,12.0,19.0,19.0,24.0,0,0,1,0,18.0,18.0,18.0,18.0,46.0,46.0,46.0,46.0,4399.0
89117,0,1,1980.25,0,0,0,0,0,0,0,0,0,0,0,1,1,1,1,0,6,0,0,15.0,3.0,30.0,22.0,1,0,1,0,11.0,11.0,11.0,11.0,26.0,26.0,26.0,26.0,3939.0
89194,0,0,1980.5,2,2,2,2,0,0,0,2,2,2,2,0,1,0,0,0,0,3,0,12.0,6.0,2.0,10.0,0,0,0,0,12.0,12.0,12.0,12.0,35.0,35.0,35.0,35.0,4146.0
89312,1,0,1980.0,0,0,0,1,1,1,1,2,2,2,2,1,0,0,1,0,6,6,0,13.0,12.0,13.0,15.0,0,0,0,1,21.0,21.0,21.0,21.0,50.0,50.0,50.0,50.0,4085.0
89372,1,0,1980.25,1,1,1,1,1,0,0,2,2,2,2,0,1,0,0,0,0,0,2,16.0,7.0,10.0,18.0,0,0,0,0,36.0,36.0,36.0,36.0,72.0,72.0,72.0,72.0,4794.0
89384,0,0,1979.75,0,0,0,1,1,1,0,2,2,2,2,0,1,0,0,0,0,0,1,19.0,13.0,19.0,9.0,0,0,0,0,37.0,37.0,37.0,37.0,73.0,73.0,73.0,73.0,5142.0
89408,0,0,1980.0,2,0,0,0,1,1,1,2,2,2,2,0,0,0,1,0,0,3,0,13.0,12.0,2.0,5.0,0,0,0,0,32.0,32.0,32.0,32.0,66.0,66.0,66.0,66.0,4863.0
89542,1,0,1979.75,2,1,1,1,1,1,1,2,2,2,2,1,0,1,0,0,4,0,0,8.0,1.0,8.0,9.0,0,0,0,0,14.0,14.0,14.0,14.0,38.0,38.0,38.0,38.0,5023.0
89646,0,1,1980.25,0,0,2,2,0,0,0,2,2,2,2,0,0,0,1,3,4,0,0,3.0,3.0,23.0,15.0,1,0,0,0,24.0,24.0,24.0,24.0,56.0,56.0,56.0,56.0,4496.0
89655,0,1,1979.75,2,2,2,2,0,1,0,0,0,0,0,0,1,0,1,0,0,0,2,16.0,6.0,4.0,12.0,1,1,0,0,11.0,11.0,11.0,11.0,22.0,28.0,28.0,28.0,4170.0
89719,0,0,1979.75,2,2,2,2,1,1,1,2,2,2,2,0,0,0,0,0,0,0,0,12.0,39.0,9.0,16.0,0,0,0,0,9.0,9.0,9.0,9.0,12.0,12.0,12.0,12.0,4471.0
89743,0,1,1980.0,0,2,2,2,0,0,1,1,1,1,1,1,0,1,0,0,3,0,0,24.0,2.0,8.0,18.0,0,1,0,0,18.0,18.0,18.0,18.0,44.0,44.0,44.0,44.0,4292.0
89792,0,0,1980.0,1,1,1,1,1,1,1,2,2,2,2,0,1,1,0,0,0,0,0,8.0,13.0,15.0,13.0,0,0,0,0,21.0,21.0,21.0,21.0,49.0,49.0,49.0,49.0,4638.0
89854,0,0,1980.25,1,1,1,1,0,0,0,1,1,1,1,0,0,1,0,0,4,0,4,12.0,1.0,11.0,8.0,1,1,0,0,11.0,11.0,11.0,11.0,25.0,25.0,25.0,25.0,4424.0
89935,0,1,1980.0,2,1,1,1,0,0,0,0,0,0,0,0,1,0,0,0,0,4,4,6.0,30.0,3.0,2.0,1,1,0,1,11.0,11.0,11.0,11.0,26.0,26.0,26.0,26.0,4382.0
89998,1,1,1980.25,2,0,0,2,0,0,0,0,0,0,0,0,1,1,1,0,0,0,2,3.0,11.0,11.0,23.0,1,0,0,1,11.0,11.0,11.0,11.0,15.0,15.0,15.0,16.0,4313.0
90073,0,0,1980.5,2,0,0,0,1,1,1,2,2,2,2,1,0,1,0,0,0,0,0,7.0,21.0,15.0,9.0,0,0,0,0,30.0,30.0,30.0,30.0,63.0,63.0,63.0,63.0,4625.0
90256,0,0,1980.0,2,0,0,0,0,0,0,2,2,2,2,1,0,1,1,0,0,1,2,13.0,11.0,13.0,17.0,0,0,0,0,23.0,23.0,23.0,23.0,55.0,55.0,55.0,55.0,4385.0
90315,0,0,1980.5,1,1,1,1,1,1,1,2,2,2,2,0,0,1,0,0,2,0,0,4.0,18.0,9.0,5.0,0,0,0,0,5.0,5.0,5.0,5.0,7.0,7.0,7.0,7.0,4624.0
90379,0,1,1980.5,1,1,1,1,0,0,0,0,0,0,0,0,0,0,1,3,6,0,2,2.0,9.0,8.0,21.0,0,1,1,1,11.0,11.0,11.0,11.0,19.0,19.0,19.0,19.0,4170.0
90524,0,0,1980.25,2,0,0,0,0,0,0,2,2,2,2,1,0,0,0,0,0,6,0,20.0,23.0,23.0,21.0,0,0,0,0,3.0,3.0,3.0,3.0,3.0,3.0,3.0,3.0,4322.0
90748,0,0,1980.25,0,0,0,0,0,0,0,2,2,2,2,0,0,1,1,0,0,3,0,4.0,12.0,1.0,18.0,0,0,0,0,15.0,15.0,15.0,15.0,39.0,39.0,39.0,39.0,4846.0
90783,0,1,1980.0,2,1,1,1,0,0,0,0,1,1,1,1,1,0,1,3,4,0,0,24.0,32.0,7.0,9.0,0,1,1,0,11.0,11.0,11.0,11.0,30.0,20.0,20.0,20.0,4418.0
90922,1,0,1980.5,1,1,1,1,1,1,1,2,2,2,2,3,1,1,1,0,0,0,0,8.0,3.0,12.0,14.0,0,0,0,0,41.0,41.0,41.0,41.0,78.0,78.0,78.0,78.0,5031.0
90961,0,0,1980.0,1,1,1,1,1,1,1,2,2,2,2,0,0,0,1,0,0,0,0,8.0,7.0,15.0,13.0,0,0,0,0,4.0,4.0,4.0,4.0,5.0,5.0,5.0,5.0,4395.0
91022,0,0,1980.25,2,2,2,2,1,1,1,2,2,2,2,1,0,0,1,0,0,0,0,12.0,21.0,14.0,9.0,0,0,0,0,41.0,41.0,41.0,41.0,79.0,79.0,79.0,79.0,4775.0
91441,1,1,1980.0,2,0,0,2,0,0,0,0,0,0,0,0,1,1,0,4,4,0,0,0.0,3.0,10.0,30.0,0,0,0,1,11.0,11.0,11.0,11.0,19.0,19.0,19.0,19.0,4090.0
91453,1,0,1980.25,0,2,2,2,1,1,1,1,1,1,1,0,1,0,0,0,0,0,0,11.0,20.0,12.0,14.0,0,0,0,1,22.0,22.0,22.0,22.0,51.0,51.0,51.0,51.0,4605.0
91500,0,0,1980.25,1,1,1,1,1,1,1,1,1,1,1,1,0,1,0,0,0,0,3,8.0,6.0,9.0,6.0,0,0,0,0,25.0,25.0,25.0,25.0,58.0,58.0,58.0,58.0,4583.0
91655,1,0,1979.75,2,0,0,0,1,1,1,1,1,1,1,0,1,0,1,0,6,0,0,16.0,18.0,4.0,19.0,0,0,0,0,17.0,17.0,17.0,17.0,41.0,41.0,41.0,41.0,4468.0
91742,1,0,1980.25,2,2,2,2,1,1,1,2,2,2,2,0,0,0,0,0,0,0,0,12.0,39.0,9.0,16.0,0,0,0,0,9.0,9.0,9.0,9.0,12.0,12.0,12.0,12.0,4613.0
91951,1,0,1980.0,0,0,0,0,0,0,0,2,2,2,2,1,1,0,2,0,0,6,0,8.0,13.0,18.0,13.0,0,0,0,0,41.0,41.0,41.0,41.0,78.0,78.0,78.0,78.0,4370.0
92073,1,0,1979.5,2,2,2,2,1,1,1,2,2,2,2,0,1,0,0,0,0,0,4,3.0,9.0,8.0,0.0,0,0,0,0,5.0,5.0,5.0,5.0,7.0,7.0,7.0,7.0,4318.0
92198,0,0,1979.75,2,2,2,2,1,1,1,2,2,2,2,1,0,0,2,0,0,4,1,21.0,5.0,3.0,12.0,0,0,0,0,16.0,16.0,16.0,16.0,40.0,40.0,40.0,40.0,4693.0
92401,0,0,1980.0,0,1,1,1,1,1,1,2,2,2,2,0,0,0,0,0,0,3,0,10.0,15.0,3.0,20.0,0,0,0,0,30.0,30.0,30.0,30.0,63.0,63.0,63.0,63.0,4673.0
92526,0,2,1980.25,0,0,0,0,1,1,1,2,2,2,2,0,0,0,1,0,0,0,0,11.0,19.0,18.0,6.0,0,0,0,0,31.0,31.0,31.0,31.0,64.0,64.0,64.0,64.0,4598.0
92544,0,0,1980.0,1,1,1,1,1,1,1,2,2,2,2,0,0,0,0,0,3,3,3,6.0,1.0,5.0,3.0,0,0,1,0,34.0,34.0,34.0,34.0,68.0,68.0,68.0,68.0,4696.0
92698,0,0,1980.5,1,1,1,1,1,1,1,1,1,1,1,1,0,1,0,0,0,3,0,18.0,18.0,15.0,5.0,0,0,1,0,17.0,17.0,17.0,17.0,41.0,41.0,41.0,41.0,4264.0
92783,1,0,1980.0,2,1,1,1,0,1,1,1,1,1,1,0,0,0,0,4,0,0,0,0.0,18.0,15.0,12.0,0,0,0,0,18.0,18.0,18.0,18.0,46.0,46.0,46.0,46.0,4278.0
93020,1,0,1980.25,2,2,2,2,1,1,1,2,2,2,2,1,0,0,0,0,0,0,6,9.0,20.0,19.0,2.0,0,0,0,0,31.0,31.0,31.0,31.0,65.0,65.0,65.0,65.0,4340.0
93089,1,1,1980.0,1,1,1,1,0,0,0,0,0,0,0,0,0,0,1,3,3,0,2,2.0,13.0,8.0,21.0,0,1,1,1,11.0,11.0,11.0,11.0,19.0,19.0,19.0,19.0,4330.0
93100,1,1,1980.25,1,1,2,2,0,0,0,0,0,0,0,0,0,1,0,3,4,0,4,1.0,1.0,12.0,2.0,1,1,0,0,11.0,11.0,11.0,11.0,32.0,32.0,29.0,29.0,4147.0
93136,0,0,1980.0,0,2,2,2,1,1,1,2,2,2,2,1,1,1,0,0,1,0,4,4.0,12.0,6.0,16.0,0,0,0,1,42.0,42.0,42.0,42.0,80.0,80.0,80.0,80.0,4432.0
93162,0,1,1980.5,0,0,0,1,0,0,0,0,0,0,0,1,1,1,0,0,0,0,0,11.0,11.0,11.0,11.0,1,0,0,0,11.0,11.0,11.0,11.0,15.0,15.0,15.0,15.0,4121.0
93178,1,0,1980.5,2,0,0,0,1,1,1,2,2,2,2,1,0,0,0,0,0,0,0,5.0,6.0,12.0,14.0,0,0,0,0,12.0,12.0,12.0,12.0,34.0,34.0,34.0,34.0,4334.0
93216,1,0,1980.0,2,0,0,0,1,1,1,2,2,2,2,1,0,1,1,0,0,0,1,12.0,17.0,17.0,12.0,0,0,0,0,41.0,41.0,41.0,41.0,79.0,79.0,79.0,79.0,4606.0
93229,1,0,1979.25,1,1,1,1,1,1,1,2,2,2,2,3,1,1,0,0,2,0,2,6.0,26.0,4.0,23.0,0,0,0,0,5.0,5.0,5.0,5.0,7.0,7.0,7.0,7.0,4079.0
93351,0,0,1979.75,2,2,2,2,1,1,1,1,1,1,1,0,1,0,1,0,0,0,3,7.0,29.0,33.0,2.0,0,0,0,0,4.0,4.0,4.0,4.0,4.0,4.0,4.0,4.0,4475.0
93383,1,0,1979.75,0,0,0,0,1,0,1,2,2,2,2,1,1,1,0,0,0,0,0,6.0,42.0,15.0,9.0,0,0,0,0,30.0,30.0,30.0,30.0,63.0,63.0,63.0,63.0,4398.0
93535,0,0,1980.0,0,2,2,2,1,1,0,2,2,2,2,1,1,0,0,0,0,0,4,15.0,16.0,8.0,0.0,0,0,0,0,5.0,5.0,5.0,5.0,7.0,7.0,7.0,7.0,4418.0
93590,0,0,1979.75,0,0,0,0,1,1,1,2,2,2,2,0,0,0,0,4,0,3,6,0.0,7.0,1.0,7.0,0,0,0,0,33.0,33.0,33.0,33.0,67.0,67.0,67.0,67.0,5034.0
93804,0,0,1980.25,2,1,1,1,0,0,1,1,1,1,1,0,0,1,0,0,0,3,0,16.0,20.0,15.0,5.0,0,0,1,0,17.0,17.0,17.0,17.0,41.0,41.0,41.0,41.0,4619.0
93849,1,1,1980.5,1,1,1,1,0,0,0,0,0,0,0,0,0,0,1,0,4,0,0,14.0,1.0,30.0,33.0,0,1,1,1,11.0,11.0,11.0,11.0,32.0,32.0,32.0,32.0,4287.0
93862,1,0,1979.75,0,0,0,0,1,1,1,2,2,2,2,0,0,1,1,0,0,0,1,13.0,17.0,17.0,12.0,0,0,0,0,41.0,41.0,41.0,41.0,79.0,79.0,79.0,79.0,4752.0
93885,0,0,1980.25,1,0,0,0,0,0,0,1,1,1,1,1,0,0,1,0,0,6,0,20.0,16.0,12.0,19.0,0,0,0,1,11.0,11.0,11.0,11.0,17.0,17.0,17.0,17.0,4142.0
93895,1,0,1979.75,2,0,0,0,1,1,1,2,2,2,2,0,0,0,0,0,0,0,0,5.0,19.0,18.0,22.0,0,0,0,0,31.0,31.0,31.0,31.0,64.0,64.0,64.0,64.0,4589.0
94094,1,0,1980.25,0,2,2,2,1,1,1,2,2,2,2,0,1,0,0,0,0,0,0,16.0,8.0,34.0,10.0,0,0,0,0,29.0,29.0,29.0,29.0,62.0,62.0,62.0,62.0,4532.0
94175,1,0,1980.0,1,1,1,1,1,0,1,1,1,1,1,0,0,1,0,0,4,0,4,12.0,1.0,11.0,8.0,1,1,0,0,11.0,11.0,11.0,11.0,25.0,25.0,25.0,25.0,4645.0
94231,0,0,1979.75,0,2,2,2,0,0,0,2,2,2,2,0,0,0,2,3,0,4,1,2.0,5.0,3.0,12.0,0,0,0,0,16.0,16.0,16.0,16.0,40.0,40.0,40.0,40.0,4620.0
94304,0,0,1980.0,1,1,1,1,1,1,1,1,1,1,1,1,0,0,0,0,0,0,1,20.0,16.0,23.0,14.0,0,0,0,1,11.0,11.0,11.0,11.0,17.0,17.0,17.0,17.0,4472.0
94330,1,1,1980.5,2,0,0,0,1,1,1,2,2,2,2,1,1,0,0,0,0,0,4,8.0,11.0,19.0,3.0,0,0,0,0,24.0,24.0,24.0,24.0,57.0,57.0,57.0,57.0,4438.0
94409,0,0,1979.5,1,1,1,1,1,1,1,2,2,2,2,1,0,0,1,0,0,1,0,12.0,8.0,33.0,12.0,0,0,0,0,42.0,42.0,42.0,42.0,80.0,80.0,80.0,80.0,4703.0
94537,1,1,1980.5,2,2,2,2,1,1,1,2,2,2,2,1,1,1,1,0,0,0,0,8.0,13.0,21.0,36.0,0,0,1,0,38.0,38.0,38.0,38.0,74.0,74.0,74.0,74.0,4327.0
94651,0,0,1980.5,0,2,2,2,1,1,1,2,2,2,2,1,0,0,0,0,0,0,6,12.0,20.0,19.0,2.0,0,0,0,0,31.0,31.0,31.0,31.0,65.0,65.0,65.0,65.0,4400.0
94809,1,0,1980.5,2,2,2,2,0,0,0,2,2,2,2,1,1,0,0,0,0,0,0,8.0,18.0,6.0,17.0,0,0,0,0,14.0,14.0,14.0,14.0,38.0,38.0,38.0,38.0,4220.0
95128,1,0,1979.75,0,0,0,0,1,1,1,2,2,2,2,1,1,1,0,0,0,0,0,13.0,9.0,10.0,22.0,0,0,0,0,6.0,6.0,6.0,6.0,8.0,8.0,8.0,8.0,4508.0
95153,0,0,1980.0,1,2,2,2,1,1,1,2,2,2,2,0,0,1,0,0,3,0,1,2.0,1.0,8.0,19.0,0,0,0,0,37.0,37.0,37.0,37.0,73.0,73.0,73.0,73.0,4609.0
95190,0,0,1979.75,0,2,2,2,1,1,1,2,2,2,2,1,0,1,1,0,0,0,0,8.0,4.0,14.0,4.0,1,0,0,0,32.0,32.0,32.0,32.0,66.0,66.0,66.0,66.0,4765.0
95343,1,0,1980.0,0,2,2,2,1,1,1,2,2,2,2,0,1,0,1,1,0,3,0,10.0,9.0,2.0,15.0,0,0,0,0,34.0,34.0,34.0,34.0,68.0,68.0,68.0,68.0,4715.0
95450,0,0,1979.5,0,0,0,0,1,1,1,2,2,2,2,1,0,0,0,0,2,0,2,15.0,7.0,18.0,21.0,0,0,0,0,5.0,5.0,5.0,5.0,7.0,7.0,7.0,7.0,4746.0
95562,0,0,1980.5,0,2,2,2,0,0,1,2,2,2,2,1,0,1,0,0,0,0,0,13.0,13.0,16.0,10.0,0,0,0,0,6.0,6.0,6.0,6.0,8.0,8.0,8.0,8.0,4466.0
95649,1,1,1980.0,1,1,1,1,1,1,1,0,0,0,0,0,1,0,0,3,0,6,4,2.0,17.0,2.0,3.0,0,1,0,1,11.0,11.0,11.0,11.0,30.0,30.0,30.0,30.0,4318.0
95658,0,0,1979.5,2,2,2,2,1,1,1,1,1,1,1,0,1,0,0,0,6,0,0,17.0,18.0,10.0,22.0,0,0,0,0,18.0,18.0,18.0,18.0,43.0,43.0,43.0,43.0,4327.0
95680,0,0,1980.0,2,2,2,2,1,1,1,2,2,2,2,1,0,0,0,0,0,0,6,9.0,20.0,19.0,2.0,0,0,0,0,31.0,31.0,31.0,31.0,65.0,65.0,65.0,65.0,4851.0
95776,1,0,1980.0,0,0,0,0,1,1,1,2,2,2,2,0,0,0,0,0,0,6,0,8.0,23.0,23.0,21.0,0,0,0,0,3.0,3.0,3.0,3.0,3.0,3.0,3.0,3.0,4700.0
95879,1,0,1979.75,0,0,2,2,1,1,1,1,1,1,1,1,0,0,0,0,3,0,0,12.0,2.0,18.0,21.0,0,1,0,0,22.0,22.0,22.0,22.0,52.0,52.0,52.0,52.0,4462.0
95911,0,0,1979.75,1,1,1,1,1,1,1,2,2,2,2,1,1,0,0,0,0,3,3,4.0,8.0,3.0,1.0,0,0,0,0,30.0,30.0,30.0,30.0,63.0,63.0,63.0,63.0,4875.0
96076,0,0,1980.25,1,1,1,1,1,1,1,2,2,2,2,1,0,0,0,0,0,3,3,4.0,7.0,3.0,1.0,0,0,0,0,30.0,30.0,30.0,30.0,63.0,63.0,63.0,63.0,4535.0
96218,1,0,1980.5,1,1,1,1,0,1,0,2,2,2,2,0,1,0,0,0,3,0,6,19.0,1.0,11.0,31.0,0,0,0,0,31.0,31.0,31.0,31.0,64.0,64.0,64.0,64.0,4354.0
96554,0,0,1980.5,2,0,0,0,1,1,1,1,1,1,1,1,1,0,1,0,0,3,4,8.0,10.0,4.0,4.0,0,0,0,0,28.0,28.0,28.0,28.0,61.0,61.0,61.0,61.0,4664.0
96575,1,1,1980.0,2,0,0,2,0,0,0,0,0,0,0,0,0,0,1,0,0,6,2,6.0,5.0,1.0,23.0,0,0,1,1,11.0,11.0,11.0,11.0,16.0,16.0,16.0,16.0,4414.0
96745,0,1,1980.5,1,1,1,0,0,0,0,0,0,0,0,0,1,0,1,4,0,0,2,1.0,17.0,5.0,14.0,0,0,0,0,11.0,11.0,11.0,11.0,27.0,27.0,27.0,27.0,4531.0
96758,0,0,1979.75,0,2,2,2,1,1,1,2,2,2,2,0,1,0,0,4,0,0,4,0.0,9.0,8.0,0.0,0,0,0,0,5.0,5.0,5.0,5.0,7.0,7.0,7.0,7.0,4788.0
96782,0,0,1980.25,2,0,0,0,1,1,1,1,1,1,1,0,0,0,0,0,3,0,0,7.0,3.0,14.0,30.0,0,0,0,0,22.0,22.0,22.0,22.0,54.0,54.0,54.0,54.0,4344.0
96810,0,0,1980.5,1,1,1,1,1,1,1,2,2,2,2,0,1,1,1,0,0,0,0,8.0,14.0,17.0,19.0,0,0,0,0,6.0,6.0,6.0,6.0,8.0,8.0,8.0,8.0,4469.0
96826,0,0,1980.5,0,1,1,1,1,1,1,0,0,0,0,1,1,0,0,4,4,3,0,3.0,2.0,1.0,5.0,1,0,0,0,22.0,22.0,22.0,22.0,53.0,53.0,53.0,53.0,3880.0
96937,1,0,1980.5,1,1,1,1,1,0,1,1,1,1,1,1,0,0,1,0,0,6,0,12.0,23.0,15.0,20.0,0,0,1,0,22.0,22.0,22.0,22.0,54.0,54.0,54.0,54.0,4657.0
96998,1,0,1979.75,0,2,2,2,1,1,1,2,2,2,2,0,0,0,1,0,0,0,0,13.0,21.0,14.0,9.0,0,0,0,0,41.0,41.0,41.0,41.0,79.0,79.0,79.0,79.0,4372.0
97047,0,0,1979.75,0,2,2,2,1,1,1,2,2,2,2,1,1,0,1,2,0,3,0,16.0,9.0,2.0,15.0,0,0,0,0,34.0,34.0,34.0,34.0,68.0,68.0,68.0,68.0,4395.0
97168,1,0,1980.0,1,1,1,1,1,1,1,2,2,2,2,2,0,0,0,0,0,0,3,14.0,39.0,8.0,0.0,0,1,0,0,1.0,1.0,1.0,1.0,1.0,1.0,1.0,1.0,4746.0
97211,1,1,1980.5,0,0,2,2,0,0,0,0,0,0,0,0,0,0,0,4,0,6,6,0.0,37.0,0.0,17.0,0,1,0,1,11.0,11.0,11.0,11.0,31.0,31.0,31.0,31.0,4102.0
97367,1,0,1979.75,1,1,1,1,0,0,0,2,2,2,2,0,1,0,1,0,0,0,0,5.0,16.0,18.0,12.0,0,0,0,0,41.0,41.0,41.0,41.0,79.0,79.0,79.0,79.0,4241.0
97390,0,0,1980.25,0,2,2,2,1,1,1,2,2,2,2,1,1,1,0,0,0,0,0,17.0,23.0,20.0,9.0,0,0,0,0,12.0,12.0,12.0,12.0,34.0,34.0,34.0,34.0,4553.0
97405,1,0,1980.25,1,1,1,1,1,1,1,2,2,2,2,1,1,1,1,0,0,0,0,5.0,11.0,18.0,10.0,0,0,0,0,12.0,12.0,12.0,12.0,35.0,35.0,35.0,35.0,4646.0
97423,1,0,1980.0,2,2,2,2,1,1,1,2,2,2,2,0,0,0,0,0,3,6,4,15.0,2.0,19.0,0.0,0,0,0,0,19.0,19.0,19.0,19.0,47.0,47.0,47.0,47.0,4183.0
97441,0,0,1980.0,2,0,0,0,0,0,0,2,2,2,2,1,0,1,0,0,3,0,4,21.0,1.0,12.0,3.0,0,0,0,0,16.0,16.0,16.0,16.0,40.0,40.0,40.0,40.0,4349.0
97485,0,1,1980.25,1,1,1,1,0,0,0,0,0,0,0,0,1,0,0,3,1,0,0,2.0,25.0,4.0,22.0,1,1,1,1,11.0,11.0,11.0,11.0,16.0,16.0,16.0,16.0,4532.0
97495,0,0,1979.75,1,1,1,1,1,1,0,2,2,2,2,0,0,0,0,0,0,0,4,5.0,10.0,25.0,2.0,0,0,0,0,33.0,33.0,33.0,33.0,67.0,67.0,67.0,67.0,4737.0
98000,1,0,1980.0,0,0,0,1,1,1,0,2,2,2,3,1,0,0,1,0,3,4,0,4.0,2.0,2.0,19.0,0,0,0,0,42.0,42.0,42.0,6.0,80.0,80.0,80.0,9.0,4203.0
98158,1,1,1980.25,2,0,0,0,1,1,1,1,1,1,1,0,0,0,1,0,3,0,0,21.0,2.0,2.0,26.0,1,0,1,0,11.0,11.0,11.0,11.0,23.0,23.0,23.0,23.0,4884.0
98429,1,0,1980.25,0,2,2,0,1,1,1,1,1,1,1,0,3,0,0,0,0,0,4,15.0,11.0,12.0,22.0,0,0,0,1,12.0,12.0,12.0,12.0,36.0,36.0,36.0,36.0,4499.0
98440,1,0,1979.75,1,1,1,1,0,0,0,2,2,2,2,0,1,1,1,3,0,0,0,1.0,15.0,18.0,11.0,0,0,1,0,24.0,24.0,24.0,24.0,57.0,57.0,57.0,57.0,4423.0
98471,0,0,1979.75,0,0,0,0,1,1,1,2,2,2,2,1,1,0,0,1,0,0,0,11.0,11.0,13.0,37.0,0,0,0,0,8.0,8.0,8.0,8.0,11.0,11.0,11.0,11.0,4872.0
98511,0,1,1980.0,2,2,2,2,0,0,0,0,0,0,0,1,1,0,0,0,0,6,0,22.0,7.0,6.0,5.0,0,0,0,0,11.0,11.0,11.0,11.0,33.0,33.0,33.0,33.0,4455.0
98519,1,0,1979.75,2,0,0,0,1,1,0,2,2,2,2,1,0,1,0,0,0,0,0,9.0,8.0,9.0,24.0,0,0,0,0,31.0,31.0,31.0,31.0,65.0,65.0,65.0,65.0,5065.0
98557,1,1,1980.25,2,0,0,0,1,1,1,1,1,1,1,0,0,0,1,0,6,2,0,21.0,0.0,22.0,26.0,1,1,0,0,11.0,11.0,11.0,11.0,23.0,23.0,23.0,23.0,4505.0
98654,1,1,1980.25,2,0,0,0,0,0,0,0,0,0,0,1,1,1,0,0,0,4,4,5.0,32.0,0.0,0.0,0,1,1,1,11.0,11.0,11.0,11.0,33.0,33.0,33.0,33.0,4168.0
98663,0,0,1979.75,1,1,1,1,1,1,1,2,2,2,2,2,0,0,0,0,0,0,3,14.0,39.0,8.0,0.0,0,1,0,0,1.0,1.0,1.0,1.0,1.0,1.0,1.0,1.0,4799.0
98906,1,1,1980.5,0,1,1,1,0,0,0,0,0,0,0,0,0,0,1,0,4,0,2,12.0,1.0,8.0,18.0,0,0,0,1,18.0,18.0,18.0,18.0,45.0,45.0,45.0,45.0,3958.0
98941,1,0,1980.25,2,2,2,2,1,1,1,2,2,2,2,1,0,0,0,0,2,0,2,6.0,16.0,8.0,12.0,0,0,0,0,35.0,35.0,35.0,35.0,69.0,69.0,69.0,69.0,4372.0
98955,1,0,1980.5,2,2,2,2,1,1,1,2,2,2,2,1,1,3,1,0,6,0,0,3.0,11.0,15.0,8.0,0,0,0,0,41.0,41.0,41.0,41.0,78.0,78.0,78.0,78.0,4476.0
99038,0,1,1980.25,1,1,1,1,0,0,0,0,0,0,0,0,0,0,1,0,4,4,0,6.0,0.0,1.0,14.0,0,1,0,1,11.0,11.0,11.0,11.0,31.0,31.0,31.0,31.0,4432.0
99051,0,0,1980.5,1,1,1,1,0,1,1,2,2,2,2,0,0,0,0,0,0,0,0,2.0,3.0,13.0,8.0,0,0,0,0,37.0,37.0,37.0,37.0,73.0,73.0,73.0,73.0,4649.0
99087,1,0,1980.0,1,1,1,1,1,1,1,2,2,2,2,0,0,0,0,0,0,0,4,5.0,10.0,25.0,2.0,0,0,0,0,33.0,33.0,33.0,33.0,67.0,67.0,67.0,67.0,4350.0
99152,1,0,1979.0,1,1,1,1,0,0,0,2,2,2,2,0,0,0,0,0,0,0,0,12.0,12.0,23.0,12.0,0,1,0,0,21.0,21.0,21.0,21.0,50.0,50.0,50.0,50.0,4198.0
99160,1,0,1979.75,2,2,2,2,1,1,1,2,2,2,2,0,1,0,1,1,0,0,0,9.0,16.0,8.0,5.0,0,0,0,0,5.0,5.0,5.0,5.0,7.0,7.0,7.0,7.0,5192.0
99232,0,0,1980.0,1,1,1,1,1,1,1,2,2,2,2,0,1,1,1,3,0,0,0,1.0,10.0,18.0,11.0,0,0,1,0,24.0,24.0,24.0,24.0,57.0,57.0,57.0,57.0,4190.0
99270,1,0,1979.75,2,2,2,2,1,1,1,3,3,3,3,1,1,1,1,0,0,0,0,12.0,14.0,18.0,36.0,0,0,0,0,7.0,7.0,7.0,7.0,10.0,10.0,10.0,10.0,4836.0
99342,1,0,1980.25,1,1,1,1,1,1,1,2,2,2,2,0,0,0,0,0,0,6,0,6.0,13.0,14.0,18.0,0,0,0,0,35.0,35.0,35.0,35.0,69.0,69.0,69.0,69.0,5075.0
99463,1,0,1979.75,0,2,2,2,1,1,1,1,1,1,1,0,1,0,0,4,6,0,0,14.0,18.0,10.0,22.0,0,0,0,0,18.0,18.0,18.0,18.0,42.0,43.0,43.0,43.0,3940.0
99498,1,0,1980.5,0,2,2,2,1,1,1,2,2,2,2,1,1,3,1,0,6,0,0,8.0,11.0,15.0,8.0,0,0,0,0,41.0,41.0,41.0,41.0,78.0,78.0,78.0,78.0,4145.0
99548,0,1,1980.25,2,2,2,2,0,0,0,2,2,2,2,0,1,0,1,0,0,0,0,9.0,11.0,7.0,9.0,0,1,0,0,21.0,21.0,21.0,21.0,49.0,49.0,49.0,50.0,4288.0
99728,0,0,1980.0,0,0,0,0,1,1,1,2,2,2,2,1,0,0,1,0,3,4,0,4.0,2.0,2.0,13.0,0,0,0,0,42.0,42.0,42.0,42.0,80.0,80.0,80.0,80.0,4469.0
99821,0,0,1980.25,2,2,2,2,1,1,1,2,2,2,2,0,0,1,1,0,0,0,2,13.0,10.0,27.0,19.0,0,0,0,0,33.0,33.0,33.0,33.0,67.0,67.0,67.0,67.0,4724.0
99901,0,0,1980.25,1,1,1,1,1,1,1,2,2,2,2,0,1,0,0,0,0,0,3,22.0,14.0,6.0,2.0,0,0,0,0,40.0,40.0,40.0,40.0,76.0,77.0,77.0,77.0,4738.0
99967,0,0,1980.0,1,1,1,1,1,1,1,1,1,1,1,1,0,0,0,0,0,4,0,8.0,6.0,3.0,19.0,0,0,0,0,25.0,25.0,25.0,25.0,58.0,58.0,58.0,58.0,4408.0
99992,0,0,1979.75,2,1,2,2,0,1,1,2,2,3,3,0,1,1,1,0,0,0,0,12.0,11.0,13.0,7.0,0,0,0,0,12.0,12.0,26.0,26.0,35.0,35.0,59.0,59.0,4163.0
100302,0,1,1980.25,2,0,0,0,1,1,1,1,1,1,1,0,0,0,0,3,0,6,0,1.0,4.0,4.0,7.0,1,0,1,1,11.0,11.0,11.0,11.0,20.0,20.0,20.0,20.0,4496.0
100361,0,0,1980.5,1,0,1,1,0,1,0,1,1,1,1,1,1,0,0,0,0,0,6,14.0,33.0,25.0,21.0,1,0,1,0,11.0,11.0,11.0,11.0,21.0,21.0,21.0,21.0,4236.0
100375,1,0,1979.75,2,0,0,0,1,1,1,1,1,1,1,0,0,0,0,0,4,4,0,17.0,0.0,3.0,11.0,0,0,0,0,25.0,25.0,25.0,25.0,58.0,58.0,58.0,58.0,4808.0
100810,1,0,1980.5,0,1,1,1,1,1,1,2,2,2,2,1,0,0,0,0,0,0,0,11.0,14.0,5.0,22.0,0,0,0,0,39.0,39.0,39.0,39.0,75.0,75.0,75.0,75.0,4814.0
100854,0,0,1979.75,2,0,0,0,1,1,1,2,2,2,2,1,0,0,0,0,4,0,0,13.0,0.0,20.0,28.0,0,0,0,0,40.0,40.0,40.0,40.0,76.0,77.0,77.0,77.0,4550.0
100925,0,0,1980.25,0,2,2,2,1,1,1,2,2,2,2,0,1,1,1,0,0,4,0,8.0,7.0,13.0,7.0,0,0,0,0,36.0,36.0,36.0,36.0,72.0,72.0,72.0,72.0,5040.0
101047,0,0,1979.75,1,1,1,1,1,1,1,1,1,1,1,1,0,0,1,0,0,6,0,12.0,23.0,15.0,20.0,0,0,1,0,22.0,22.0,22.0,22.0,54.0,54.0,54.0,54.0,4501.0
101130,0,1,1980.5,1,1,1,1,0,0,0,0,0,0,0,1,0,1,1,0,0,0,6,8.0,8.0,21.0,11.0,0,0,1,2,11.0,11.0,11.0,11.0,28.0,28.0,28.0,28.0,4749.0
101198,1,0,1980.25,2,2,2,2,1,1,1,2,2,2,2,1,1,1,1,0,0,4,0,10.0,7.0,13.0,7.0,0,0,0,0,36.0,36.0,36.0,36.0,72.0,72.0,72.0,72.0,4528.0
101229,1,1,1980.25,1,1,1,0,0,0,0,0,0,0,0,0,1,0,1,0,0,0,2,11.0,17.0,5.0,14.0,0,0,0,0,11.0,11.0,11.0,11.0,27.0,27.0,27.0,27.0,4176.0
101243,0,1,1980.5,0,0,0,0,0,0,0,0,0,0,0,0,0,0,0,0,3,3,6,10.0,2.0,1.0,3.0,1,0,0,0,11.0,11.0,11.0,11.0,30.0,30.0,30.0,30.0,4445.0
101255,1,0,1979.75,0,2,2,2,1,1,1,1,1,1,1,0,0,2,1,0,0,0,1,11.0,4.0,9.0,15.0,0,0,0,0,22.0,22.0,22.0,22.0,51.0,51.0,51.0,51.0,4459.0
101374,0,0,1979.25,1,2,2,2,1,1,1,2,2,2,2,0,0,1,1,0,6,0,0,12.0,23.0,21.0,36.0,0,0,1,0,38.0,38.0,38.0,38.0,74.0,74.0,74.0,74.0,4163.0
101470,0,0,1980.25,2,2,2,2,1,1,1,0,0,0,0,0,0,1,0,0,0,0,0,9.0,7.0,10.0,7.0,0,0,0,0,22.0,22.0,22.0,22.0,53.0,53.0,53.0,53.0,4364.0
101502,0,1,1980.25,2,1,1,1,0,0,0,0,0,0,0,0,1,0,0,0,0,4,4,6.0,30.0,3.0,2.0,1,1,0,1,11.0,11.0,11.0,11.0,26.0,26.0,26.0,26.0,4160.0
101724,0,0,1980.25,1,1,1,1,1,1,1,2,2,2,2,1,1,1,0,5,0,6,3,11.0,4.0,35.0,2.0,0,0,0,0,19.0,19.0,19.0,19.0,47.0,47.0,47.0,47.0,4451.0
101757,0,0,1980.25,1,1,1,1,1,1,1,2,2,2,2,1,1,1,0,0,0,0,0,8.0,15.0,11.0,18.0,0,0,0,0,24.0,24.0,24.0,24.0,57.0,57.0,57.0,57.0,4220.0
101774,0,1,1980.25,2,0,0,0,0,0,0,0,0,0,0,1,0,0,0,3,3,3,6,24.0,2.0,1.0,3.0,0,0,0,0,11.0,11.0,11.0,11.0,30.0,30.0,30.0,30.0,4118.0
101803,0,1,1980.5,1,1,1,1,0,0,0,0,0,0,0,0,0,0,1,3,4,0,0,1.0,1.0,30.0,33.0,1,1,1,1,11.0,11.0,11.0,11.0,32.0,32.0,32.0,32.0,4135.0
101825,0,1,1980.0,0,0,2,2,1,1,1,1,1,1,1,0,0,0,1,0,3,0,0,20.0,2.0,5.0,20.0,1,0,1,1,11.0,11.0,11.0,11.0,23.0,23.0,23.0,23.0,4600.0
101854,1,0,1980.25,1,1,1,1,1,1,1,1,1,1,1,1,0,0,0,0,6,0,0,15.0,23.0,33.0,15.0,0,0,0,0,22.0,22.0,22.0,22.0,51.0,51.0,51.0,51.0,4562.0
101919,1,0,1980.0,0,0,0,0,1,1,1,2,2,2,2,1,0,1,1,0,0,1,2,13.0,11.0,13.0,17.0,0,0,0,0,23.0,23.0,23.0,23.0,55.0,55.0,55.0,55.0,4056.0
102112,0,0,1980.0,2,0,1,1,1,0,1,1,1,1,1,0,0,0,0,0,3,0,0,18.0,1.0,27.0,23.0,0,0,1,0,22.0,22.0,22.0,22.0,52.0,52.0,52.0,52.0,4128.0
102362,1,0,1980.5,0,0,0,1,1,1,1,2,2,2,2,1,0,1,0,2,4,3,4,16.0,1.0,2.0,0.0,0,0,0,0,34.0,34.0,34.0,34.0,68.0,68.0,68.0,68.0,4545.0
102448,1,0,1980.0,1,1,1,1,1,1,1,2,2,2,2,1,0,0,0,0,0,3,0,8.0,9.0,0.0,7.0,0,0,0,0,40.0,40.0,40.0,40.0,76.0,77.0,77.0,77.0,4247.0
102671,1,1,1980.0,2,2,2,2,1,1,1,1,1,1,1,3,0,1,1,0,0,0,0,12.0,6.0,15.0,18.0,0,0,0,0,22.0,22.0,22.0,22.0,51.0,51.0,51.0,51.0,4379.0
102701,1,0,1980.25,2,0,0,1,1,1,1,2,2,2,2,0,0,1,1,0,0,0,0,9.0,20.0,11.0,4.0,0,0,0,0,21.0,21.0,21.0,21.0,49.0,49.0,49.0,49.0,4773.0
102814,0,0,1980.25,0,0,2,2,1,1,1,1,1,1,1,0,0,2,1,0,4,0,1,11.0,1.0,9.0,15.0,0,1,0,0,22.0,22.0,22.0,22.0,51.0,51.0,51.0,51.0,4425.0
102967,1,0,1979.75,1,1,1,1,1,1,1,2,2,2,2,1,1,0,0,0,0,0,3,8.0,14.0,6.0,2.0,0,0,0,0,40.0,40.0,40.0,40.0,76.0,77.0,77.0,77.0,4293.0
103007,0,0,1980.0,2,2,2,2,1,1,1,2,2,2,2,1,2,0,0,0,0,0,0,11.0,18.0,33.0,7.0,0,0,0,0,39.0,39.0,39.0,39.0,75.0,75.0,75.0,75.0,4438.0
103067,1,0,1979.5,0,0,2,2,0,0,0,1,1,1,1,0,1,0,1,0,0,0,3,8.0,8.0,33.0,2.0,0,0,0,0,4.0,4.0,4.0,4.0,4.0,4.0,4.0,4.0,3820.0
103086,0,0,1980.25,2,2,2,2,1,1,1,2,2,2,2,1,0,0,0,0,2,0,2,6.0,16.0,8.0,12.0,0,0,0,0,35.0,35.0,35.0,35.0,69.0,69.0,69.0,69.0,4473.0
103137,0,2,1980.0,0,0,1,1,1,1,1,1,1,1,1,0,0,0,0,0,0,0,6,0.0,16.0,18.0,8.0,0,0,0,1,11.0,11.0,11.0,11.0,17.0,17.0,17.0,17.0,4573.0
103143,0,0,1979.75,1,1,1,1,0,1,0,2,2,2,2,0,0,3,1,0,2,2,0,2.0,19.0,12.0,3.0,0,0,0,0,15.0,15.0,15.0,15.0,39.0,39.0,39.0,39.0,4590.0
103247,0,1,1980.0,0,2,0,0,0,0,0,0,0,0,0,3,1,1,1,0,0,0,0,8.0,4.0,9.0,26.0,0,0,0,1,11.0,11.0,11.0,11.0,16.0,16.0,16.0,16.0,4042.0
103265,1,0,1980.0,2,2,2,2,0,0,0,2,2,2,2,1,0,1,0,0,0,0,0,10.0,14.0,8.0,11.0,0,1,0,0,36.0,36.0,36.0,36.0,72.0,72.0,72.0,72.0,4571.0
103431,1,0,1979.75,1,1,1,1,1,1,1,2,2,2,2,1,1,1,1,0,0,0,0,5.0,11.0,18.0,10.0,0,0,0,0,12.0,12.0,12.0,12.0,35.0,35.0,35.0,35.0,4786.0
103473,1,1,1980.0,1,1,1,1,0,0,0,0,0,0,0,0,0,0,1,3,0,0,0,1.0,4.0,30.0,33.0,1,0,1,1,11.0,11.0,11.0,11.0,32.0,32.0,32.0,32.0,4593.0
103519,0,0,1980.0,1,1,1,1,1,1,1,2,2,2,2,1,0,1,0,0,0,6,0,6.0,12.0,6.0,15.0,0,0,0,1,29.0,29.0,29.0,29.0,62.0,62.0,62.0,62.0,4350.0
103552,1,0,1980.0,2,2,2,2,1,1,1,1,1,1,1,0,0,1,1,0,4,6,0,16.0,3.0,15.0,21.0,0,0,0,0,17.0,17.0,17.0,17.0,41.0,41.0,41.0,41.0,4648.0
103576,0,0,1979.75,0,2,2,2,1,1,1,2,2,2,2,0,1,0,1,4,0,0,0,0.0,16.0,8.0,5.0,0,0,0,0,5.0,5.0,5.0,5.0,7.0,7.0,7.0,7.0,4743.0
103647,0,1,1980.0,1,1,1,0,1,1,1,0,0,0,0,0,0,0,0,0,6,0,0,11.0,32.0,4.0,5.0,0,1,0,0,11.0,11.0,11.0,11.0,27.0,27.0,27.0,27.0,4890.0
103697,0,0,1980.0,0,0,0,0,1,1,1,2,2,2,2,0,1,0,0,3,0,0,4,2.0,11.0,19.0,3.0,0,0,0,0,24.0,24.0,24.0,24.0,57.0,57.0,57.0,57.0,4444.0
103755,0,1,1979.5,1,1,1,1,0,0,0,0,0,0,0,0,0,0,1,0,4,4,0,6.0,0.0,1.0,14.0,0,1,0,1,11.0,11.0,11.0,11.0,31.0,31.0,31.0,31.0,4096.0
103769,0,0,1980.5,0,0,0,0,1,1,1,2,2,2,2,1,0,0,1,0,4,3,0,8.0,0.0,1.0,5.0,1,0,0,0,32.0,32.0,32.0,32.0,66.0,66.0,66.0,66.0,4444.0
103951,1,0,1980.0,2,2,2,2,0,0,0,2,2,2,2,1,1,1,1,0,0,0,0,5.0,15.0,8.0,16.0,0,0,0,0,12.0,12.0,12.0,12.0,34.0,34.0,34.0,34.0,4338.0
103999,0,0,1980.0,1,1,1,1,0,0,0,2,2,2,2,2,0,1,0,1,4,0,0,8.0,1.0,8.0,9.0,0,0,0,0,14.0,14.0,14.0,14.0,38.0,38.0,38.0,38.0,4649.0
104065,0,0,1980.0,0,2,2,2,1,1,1,2,2,2,2,1,1,1,0,0,1,0,4,4.0,12.0,6.0,16.0,0,0,0,1,42.0,42.0,42.0,42.0,80.0,80.0,80.0,80.0,4724.0
104231,1,0,1979.75,2,2,2,2,1,1,1,1,1,1,1,3,0,1,1,0,0,0,0,12.0,6.0,21.0,32.0,0,0,0,0,22.0,22.0,22.0,22.0,51.0,51.0,51.0,51.0,4241.0
104351,1,0,1980.0,2,2,2,2,0,0,0,2,2,2,2,0,0,0,1,0,0,0,0,3.0,8.0,13.0,4.0,0,0,0,0,32.0,32.0,32.0,32.0,66.0,66.0,66.0,66.0,4355.0
104396,1,0,1980.25,0,2,2,2,1,1,1,2,2,2,2,0,0,0,1,1,0,0,0,10.0,9.0,23.0,15.0,0,0,0,0,34.0,34.0,34.0,34.0,68.0,68.0,68.0,68.0,4460.0
104481,1,0,1980.0,2,2,2,2,1,1,1,2,2,2,2,1,0,0,0,0,0,0,0,7.0,9.0,15.0,15.0,0,0,0,0,30.0,30.0,30.0,30.0,63.0,63.0,63.0,63.0,4669.0
104554,1,0,1980.5,2,2,2,2,1,1,1,2,2,2,2,0,1,0,0,0,0,0,0,4.0,8.0,34.0,10.0,0,0,0,0,29.0,29.0,29.0,29.0,62.0,62.0,62.0,62.0,4518.0
104592,1,0,1980.0,1,1,1,1,0,0,1,2,2,2,2,0,0,0,0,0,0,0,0,15.0,8.0,7.0,5.0,0,0,0,0,32.0,32.0,32.0,32.0,66.0,66.0,66.0,66.0,4434.0
104624,0,0,1980.0,2,2,2,2,1,1,1,2,2,2,2,1,0,0,0,0,0,0,0,7.0,9.0,15.0,15.0,0,0,0,0,30.0,30.0,30.0,30.0,63.0,63.0,63.0,63.0,4886.0
104654,1,0,1980.25,1,1,1,1,0,1,0,3,3,3,3,0,0,0,0,0,0,0,0,13.0,27.0,22.0,8.0,0,0,0,0,6.0,6.0,6.0,6.0,9.0,9.0,9.0,9.0,4593.0
104727,1,1,1979.75,2,0,0,0,1,1,1,1,1,1,1,1,0,0,1,0,0,6,0,10.0,3.0,4.0,19.0,0,1,1,1,11.0,11.0,11.0,11.0,24.0,24.0,24.0,24.0,4246.0
104744,1,0,1979.75,0,0,0,0,1,1,1,2,2,2,2,1,0,1,0,0,0,0,0,13.0,15.0,10.0,22.0,0,0,0,0,6.0,6.0,6.0,6.0,8.0,8.0,8.0,8.0,4579.0
104857,1,0,1979.5,1,1,1,1,1,1,1,2,2,2,2,0,1,1,1,0,0,2,0,8.0,13.0,15.0,17.0,0,0,0,0,21.0,21.0,21.0,21.0,49.0,49.0,49.0,49.0,4360.0
104959,0,0,1980.0,0,2,2,2,1,1,1,2,2,2,2,0,1,0,0,0,6,6,4,8.0,20.0,5.0,3.0,0,0,0,0,3.0,3.0,3.0,3.0,3.0,3.0,3.0,3.0,4592.0
105022,0,0,1980.25,1,1,1,1,1,1,1,2,2,2,2,0,1,1,1,0,0,6,0,21.0,4.0,29.0,11.0,0,0,1,0,24.0,24.0,24.0,24.0,56.0,56.0,56.0,56.0,4184.0
105088,0,1,1980.0,1,1,1,1,0,0,0,2,2,2,2,0,1,1,0,0,0,0,0,16.0,12.0,14.0,10.0,0,0,0,0,36.0,36.0,36.0,36.0,72.0,72.0,72.0,72.0,4358.0
105222,0,0,1979.75,0,1,1,1,1,1,1,2,2,2,2,0,0,0,0,3,6,0,0,2.0,27.0,10.0,4.0,0,0,0,0,16.0,16.0,16.0,16.0,40.0,40.0,40.0,40.0,5085.0
105255,1,0,1979.75,1,1,1,1,1,1,1,2,2,2,2,3,0,1,0,0,2,0,2,6.0,18.0,4.0,23.0,0,0,0,0,5.0,5.0,5.0,5.0,7.0,7.0,7.0,7.0,4267.0
105279,1,0,1980.0,1,1,1,1,1,1,1,2,2,2,2,0,1,0,0,0,3,0,6,19.0,1.0,11.0,31.0,0,0,0,0,31.0,31.0,31.0,31.0,64.0,64.0,64.0,64.0,4443.0
105289,0,1,1980.5,1,1,1,1,0,0,0,2,2,2,2,0,1,0,0,0,3,0,2,19.0,1.0,32.0,17.0,0,0,0,0,31.0,31.0,31.0,31.0,64.0,64.0,64.0,64.0,4140.0
105430,0,0,1979.75,1,1,1,1,0,0,1,2,2,2,2,0,0,0,1,0,0,0,2,9.0,21.0,10.0,17.0,0,0,0,0,3.0,3.0,3.0,3.0,3.0,3.0,3.0,3.0,4385.0
105517,0,0,1980.25,0,0,0,0,0,0,1,2,2,2,2,1,1,0,0,0,0,6,0,12.0,9.0,13.0,15.0,0,0,0,0,6.0,6.0,6.0,6.0,8.0,8.0,8.0,8.0,4589.0
105729,0,0,1980.0,1,1,1,1,0,1,1,2,2,2,2,0,1,0,1,0,0,0,0,12.0,16.0,18.0,12.0,0,0,0,0,41.0,41.0,41.0,41.0,79.0,79.0,79.0,79.0,4923.0
105734,0,1,1979.75,0,0,0,0,0,0,0,0,0,0,0,1,1,1,1,0,6,0,0,15.0,3.0,30.0,22.0,1,0,1,0,11.0,11.0,11.0,11.0,26.0,26.0,26.0,26.0,4250.0
105820,0,0,1980.25,2,0,0,1,1,1,1,2,2,2,2,0,0,0,0,0,4,3,6,3.0,0.0,1.0,24.0,0,0,0,0,32.0,32.0,32.0,32.0,66.0,66.0,66.0,66.0,4513.0
105830,0,0,1979.75,2,0,0,0,0,1,1,2,2,2,2,0,1,0,0,0,0,0,0,3.0,13.0,18.0,24.0,0,0,0,0,5.0,5.0,5.0,5.0,7.0,7.0,7.0,7.0,4510.0
106000,1,1,1980.0,0,1,1,1,1,1,1,1,1,1,1,0,0,0,1,0,0,3,0,12.0,8.0,1.0,8.0,0,0,0,0,18.0,18.0,18.0,18.0,46.0,46.0,46.0,46.0,4473.0
106073,1,0,1980.5,0,0,0,2,0,1,1,2,2,2,2,1,0,0,0,0,0,4,4,5.0,12.0,2.0,0.0,0,0,0,0,19.0,19.0,19.0,19.0,47.0,47.0,47.0,47.0,3888.0
106123,1,0,1980.5,2,2,2,2,1,1,1,2,2,2,2,1,0,0,0,0,0,0,6,9.0,20.0,19.0,2.0,0,0,0,0,31.0,31.0,31.0,31.0,65.0,65.0,65.0,65.0,4565.0
106176,1,1,1980.0,0,2,2,2,0,0,0,2,2,2,2,1,0,0,0,0,0,0,0,6.0,9.0,15.0,15.0,0,0,0,0,30.0,30.0,30.0,30.0,63.0,63.0,63.0,63.0,4237.0
106409,0,0,1980.5,1,1,1,1,0,0,0,2,2,2,2,0,1,0,0,0,0,0,2,16.0,7.0,10.0,18.0,0,0,0,0,36.0,36.0,36.0,36.0,72.0,72.0,72.0,72.0,4407.0
106439,0,0,1979.75,1,1,1,1,1,1,1,1,1,1,1,1,0,1,1,0,2,0,0,17.0,19.0,17.0,17.0,0,0,0,0,12.0,12.0,12.0,12.0,36.0,36.0,36.0,36.0,5141.0
106473,1,0,1980.5,1,1,1,1,1,1,1,2,2,2,2,0,0,0,0,0,6,0,0,12.0,6.0,10.0,14.0,0,0,0,0,21.0,21.0,21.0,21.0,50.0,50.0,50.0,50.0,4491.0
106522,0,0,1980.5,2,0,1,1,1,1,1,3,3,3,3,1,1,1,0,0,0,0,4,12.0,3.0,22.0,0.0,0,0,0,0,7.0,7.0,7.0,7.0,10.0,10.0,10.0,10.0,4729.0
106537,0,0,1979.5,2,2,2,2,1,1,1,2,2,2,2,0,0,1,0,0,0,0,0,3.0,4.0,14.0,13.0,0,0,0,0,32.0,32.0,32.0,32.0,66.0,66.0,66.0,66.0,4215.0
106638,0,0,1980.25,0,2,2,2,1,1,1,3,3,3,3,0,1,1,1,4,0,0,0,0.0,12.0,13.0,7.0,0,0,0,0,26.0,26.0,26.0,26.0,59.0,59.0,59.0,59.0,4595.0
106816,0,0,1980.0,1,1,1,1,1,1,1,2,2,2,2,0,0,1,0,0,3,1,0,4.0,2.0,28.0,36.0,0,0,0,0,16.0,16.0,16.0,16.0,40.0,40.0,40.0,40.0,4406.0
106989,1,0,1979.25,1,1,1,1,1,1,1,2,2,2,2,0,1,1,0,3,0,0,0,1.0,15.0,11.0,18.0,0,0,0,0,24.0,24.0,24.0,24.0,57.0,57.0,57.0,57.0,4123.0
107036,1,0,1980.25,2,2,2,2,1,1,1,1,1,1,1,0,0,1,0,0,0,0,0,17.0,27.0,9.0,8.0,0,0,0,0,25.0,25.0,25.0,25.0,58.0,58.0,58.0,58.0,4506.0
107110,1,0,1979.75,0,2,2,2,0,0,0,2,2,2,2,1,0,0,1,0,0,0,0,13.0,17.0,9.0,9.0,0,0,0,0,21.0,21.0,21.0,21.0,50.0,50.0,50.0,50.0,4689.0
107249,0,0,1980.0,2,2,2,2,1,1,1,2,2,2,2,1,0,0,1,0,0,0,0,12.0,21.0,14.0,9.0,0,0,0,0,41.0,41.0,41.0,41.0,79.0,79.0,79.0,79.0,4710.0
107329,0,0,1980.0,0,2,2,2,1,1,1,3,3,3,3,0,1,0,1,0,0,6,0,5.0,8.0,17.0,38.0,0,0,0,0,6.0,6.0,6.0,6.0,9.0,9.0,9.0,9.0,4438.0
107625,1,0,1980.5,0,2,2,2,1,1,1,2,2,2,2,1,1,3,1,0,6,0,0,8.0,11.0,15.0,8.0,0,0,0,0,41.0,41.0,41.0,41.0,78.0,78.0,78.0,78.0,4486.0
107657,1,1,1980.5,1,1,1,1,0,0,0,0,0,0,0,1,0,0,1,2,0,0,0,12.0,6.0,28.0,21.0,0,0,1,1,11.0,11.0,11.0,11.0,15.0,15.0,15.0,15.0,4193.0
108080,0,0,1980.0,0,2,2,2,1,1,1,2,2,2,2,1,1,0,1,0,0,0,0,15.0,9.0,8.0,5.0,0,0,0,0,5.0,5.0,5.0,5.0,7.0,7.0,7.0,7.0,4730.0
108247,1,1,1979.75,2,2,0,2,0,0,0,0,0,0,0,1,0,1,0,0,6,0,0,22.0,36.0,10.0,30.0,0,1,0,1,11.0,11.0,11.0,11.0,33.0,33.0,19.0,19.0,3915.0
108315,0,0,1980.5,1,1,1,1,0,0,0,2,2,2,2,0,0,0,1,0,0,0,0,7.0,15.0,18.0,12.0,0,0,0,0,30.0,30.0,30.0,30.0,63.0,63.0,63.0,63.0,4229.0
108376,0,1,1979.75,2,0,0,0,0,0,0,1,1,1,1,3,0,1,1,0,0,0,0,12.0,7.0,31.0,15.0,0,0,0,1,22.0,22.0,22.0,22.0,51.0,51.0,51.0,51.0,4088.0
108503,0,2,1980.75,1,1,1,1,1,1,1,3,3,3,3,1,0,1,1,0,0,0,0,12.0,12.0,16.0,9.0,0,0,0,0,2.0,2.0,2.0,2.0,2.0,2.0,2.0,2.0,4251.0
108583,1,1,1979.75,1,1,1,1,0,0,0,0,0,0,0,0,0,0,0,3,6,4,0,1.0,26.0,4.0,29.0,0,1,0,1,11.0,11.0,11.0,11.0,33.0,33.0,33.0,33.0,4184.0
108655,1,0,1980.0,2,2,2,2,1,1,1,2,2,2,2,1,1,1,0,0,1,0,4,13.0,12.0,6.0,16.0,0,0,0,1,42.0,42.0,42.0,42.0,80.0,80.0,80.0,80.0,4381.0
108703,1,0,1980.0,2,2,2,2,1,1,1,2,2,2,2,1,0,1,1,0,6,0,0,8.0,23.0,21.0,36.0,0,0,1,0,38.0,38.0,38.0,38.0,74.0,74.0,74.0,74.0,5102.0
108817,1,0,1980.0,2,2,2,2,1,1,1,2,2,2,2,1,1,1,1,0,0,0,0,5.0,23.0,8.0,16.0,0,0,0,0,12.0,12.0,12.0,12.0,34.0,34.0,34.0,34.0,4700.0
108928,0,0,1980.0,0,0,0,0,1,0,1,2,2,2,2,1,0,1,0,0,0,0,0,11.0,16.0,11.0,19.0,0,0,0,0,39.0,39.0,39.0,39.0,75.0,75.0,75.0,75.0,4584.0
109104,1,0,1980.0,0,2,2,2,1,1,1,1,1,1,1,0,0,1,0,5,0,0,0,3.0,27.0,9.0,8.0,0,0,0,0,25.0,25.0,25.0,25.0,58.0,58.0,58.0,58.0,4858.0
109131,0,0,1980.5,1,1,1,1,0,0,0,3,3,3,3,0,1,1,0,0,0,0,3,11.0,19.0,12.0,2.0,0,0,0,0,26.0,26.0,26.0,26.0,59.0,59.0,59.0,59.0,4070.0
109168,1,0,1980.0,2,2,2,2,1,1,1,2,2,2,2,1,0,0,0,0,4,0,4,13.0,0.0,16.0,1.0,0,0,0,0,40.0,40.0,40.0,40.0,76.0,77.0,77.0,77.0,4571.0
109223,0,1,1979.75,2,0,0,0,0,0,0,0,0,0,0,0,0,0,1,3,0,0,2,0.0,4.0,7.0,25.0,0,0,1,1,11.0,11.0,11.0,11.0,32.0,32.0,32.0,32.0,4163.0
109356,0,0,1980.25,2,2,2,2,1,1,1,2,2,2,2,1,2,0,0,0,0,0,0,11.0,18.0,33.0,7.0,0,0,0,0,39.0,39.0,39.0,39.0,75.0,75.0,75.0,75.0,4576.0
109499,1,0,1980.5,2,2,2,2,0,0,0,2,2,2,2,1,1,0,1,0,3,0,1,5.0,2.0,22.0,10.0,0,0,0,0,15.0,15.0,15.0,15.0,39.0,39.0,39.0,39.0,4244.0
109647,0,1,1980.0,2,0,2,2,0,0,0,0,0,0,0,0,0,0,0,3,4,0,0,0.0,0.0,31.0,18.0,0,0,1,1,11.0,11.0,11.0,11.0,32.0,32.0,33.0,33.0,3919.0
109655,0,0,1979.75,0,0,0,0,1,1,1,2,2,2,2,0,0,0,0,0,4,0,0,2.0,0.0,20.0,28.0,0,0,0,0,40.0,40.0,40.0,40.0,76.0,77.0,77.0,77.0,4604.0
109713,0,0,1980.0,2,2,2,2,1,0,0,2,2,2,2,1,0,0,1,0,0,0,0,12.0,17.0,9.0,9.0,0,0,0,0,21.0,21.0,21.0,21.0,50.0,50.0,50.0,50.0,4253.0
109767,1,0,1979.75,0,2,2,2,1,1,1,2,2,2,2,0,0,1,1,3,4,0,0,3.0,2.0,29.0,11.0,1,0,0,0,24.0,24.0,24.0,24.0,56.0,56.0,56.0,56.0,4156.0
109814,1,0,1979.75,0,2,2,2,1,1,1,1,1,1,1,1,1,1,1,0,0,0,0,22.0,29.0,12.0,6.0,0,0,0,0,28.0,28.0,28.0,28.0,61.0,61.0,61.0,61.0,4809.0
110090,0,1,1980.5,2,0,0,1,0,1,0,0,0,0,0,0,1,1,0,0,0,0,0,3.0,11.0,11.0,11.0,1,0,0,0,11.0,11.0,11.0,11.0,15.0,15.0,15.0,15.0,4625.0
110342,0,0,1979.75,2,2,2,2,1,1,1,3,3,3,3,0,0,0,1,0,0,6,0,14.0,10.0,17.0,38.0,0,0,0,0,6.0,6.0,6.0,6.0,9.0,9.0,9.0,9.0,4970.0
110364,1,0,1980.25,2,0,0,0,1,1,1,2,2,2,2,1,1,0,0,0,0,6,0,12.0,9.0,13.0,15.0,0,0,0,0,6.0,6.0,6.0,6.0,8.0,8.0,8.0,8.0,4458.0
110557,1,0,1980.25,1,1,1,1,1,1,1,2,2,2,2,1,0,0,0,0,0,1,3,12.0,8.0,33.0,2.0,0,0,0,0,42.0,42.0,42.0,42.0,80.0,80.0,80.0,80.0,4699.0
110570,0,1,1980.5,1,1,1,1,0,0,0,0,0,0,0,0,1,0,0,3,3,0,4,1.0,21.0,5.0,2.0,0,0,0,1,11.0,11.0,11.0,11.0,26.0,26.0,26.0,26.0,4203.0
110634,0,0,1980.5,2,0,0,0,1,1,1,1,1,1,1,0,1,1,1,4,0,0,0,0.0,19.0,19.0,24.0,0,0,1,0,18.0,18.0,18.0,18.0,46.0,46.0,46.0,46.0,4248.0
110703,0,0,1980.0,2,2,2,2,0,0,0,2,2,2,2,1,0,0,1,0,0,0,0,12.0,17.0,9.0,9.0,0,0,0,0,21.0,21.0,21.0,21.0,50.0,50.0,50.0,50.0,4310.0
110775,1,0,1979.75,0,2,2,2,0,0,0,2,2,2,2,0,1,0,1,0,0,3,0,19.0,11.0,2.0,15.0,0,0,0,0,37.0,37.0,37.0,37.0,73.0,73.0,73.0,73.0,4427.0
110810,1,0,1980.5,1,1,1,1,1,1,1,2,2,2,2,1,1,0,0,0,0,0,0,4.0,8.0,20.0,20.0,0,0,0,0,30.0,30.0,30.0,30.0,63.0,63.0,63.0,63.0,4497.0
110906,1,0,1980.5,1,1,1,1,0,0,0,2,2,2,2,1,0,0,0,0,0,4,0,9.0,5.0,0.0,15.0,0,0,0,0,9.0,9.0,9.0,9.0,12.0,12.0,12.0,12.0,4612.0
110924,1,0,1980.25,1,1,1,2,1,1,1,2,2,2,2,1,0,1,0,0,0,6,0,6.0,12.0,6.0,10.0,0,0,0,0,29.0,29.0,29.0,29.0,62.0,62.0,62.0,62.0,4489.0
110967,0,0,1979.75,1,1,1,1,1,1,1,3,3,3,3,0,0,0,1,0,0,0,0,14.0,27.0,12.0,19.0,0,0,0,0,6.0,6.0,6.0,6.0,9.0,9.0,9.0,9.0,4443.0
111079,1,0,1979.75,2,2,2,2,1,1,1,2,2,2,2,1,0,0,1,0,0,0,0,12.0,21.0,14.0,9.0,0,0,0,0,41.0,41.0,41.0,41.0,79.0,79.0,79.0,79.0,4243.0
111257,0,0,1980.5,2,0,0,0,1,1,1,2,2,2,2,1,1,0,2,0,0,6,0,3.0,13.0,18.0,13.0,0,0,0,0,41.0,41.0,41.0,41.0,78.0,78.0,78.0,78.0,4255.0
111351,1,0,1979.75,2,2,2,2,1,1,1,2,2,2,2,1,2,0,0,0,0,0,0,11.0,18.0,33.0,7.0,0,0,0,0,39.0,39.0,39.0,39.0,75.0,75.0,75.0,75.0,4975.0
111598,0,0,1980.25,1,1,1,1,0,0,0,2,2,2,2,1,0,0,0,0,0,3,0,8.0,9.0,0.0,7.0,0,0,0,0,40.0,40.0,40.0,40.0,76.0,77.0,77.0,77.0,4611.0
111622,1,1,1979.75,1,1,1,1,0,0,1,1,1,1,1,0,0,0,0,0,3,0,0,21.0,3.0,4.0,13.0,0,0,0,1,11.0,11.0,11.0,11.0,20.0,20.0,20.0,20.0,4611.0
111639,1,0,1979.75,1,1,1,1,1,1,1,1,1,1,1,0,0,1,0,0,0,0,3,5.0,9.0,9.0,6.0,0,0,0,0,25.0,25.0,25.0,25.0,58.0,58.0,58.0,58.0,4709.0
111804,0,1,1980.25,2,0,2,1,1,1,0,0,0,0,0,0,0,0,1,0,4,0,1,20.0,5.0,35.0,9.0,1,0,1,1,11.0,11.0,11.0,11.0,27.0,27.0,27.0,27.0,4286.0
111863,0,0,1979.75,0,1,1,1,1,1,1,3,3,3,3,0,1,1,0,0,0,0,0,3.0,15.0,14.0,36.0,0,0,0,0,7.0,7.0,7.0,7.0,10.0,10.0,10.0,10.0,4943.0
111894,0,1,1979.75,0,0,0,0,1,1,1,1,1,1,1,0,0,0,1,0,3,2,0,20.0,2.0,22.0,26.0,1,0,0,0,11.0,11.0,11.0,11.0,23.0,23.0,23.0,23.0,4605.0
112087,1,0,1979.75,1,1,1,1,1,1,1,2,2,2,2,0,2,2,2,0,0,2,0,3.0,17.0,17.0,13.0,0,0,0,0,39.0,39.0,39.0,39.0,75.0,75.0,75.0,75.0,4590.0
112121,0,0,1980.5,2,2,2,2,1,0,0,2,2,2,2,1,0,1,0,0,0,0,0,12.0,13.0,16.0,10.0,0,0,0,0,6.0,6.0,6.0,6.0,8.0,8.0,8.0,8.0,4313.0
112159,1,0,1980.0,1,1,1,1,1,1,1,2,2,2,2,0,0,1,1,3,0,6,0,3.0,21.0,39.0,6.0,0,0,0,1,24.0,24.0,24.0,24.0,56.0,56.0,56.0,56.0,4396.0
112253,0,1,1980.25,1,1,1,1,0,0,0,1,1,1,1,0,0,0,0,0,3,0,0,3.0,1.0,12.0,7.0,0,0,1,1,18.0,18.0,18.0,18.0,44.0,44.0,44.0,44.0,4532.0
112284,1,0,1980.25,0,2,2,2,1,1,1,2,2,2,2,1,1,3,1,0,6,0,0,8.0,11.0,15.0,8.0,0,0,0,0,41.0,41.0,41.0,41.0,78.0,78.0,78.0,78.0,4254.0
112348,0,0,1980.25,1,1,1,1,1,1,1,2,2,2,2,0,0,0,0,0,0,0,0,11.0,31.0,14.0,14.0,0,0,0,0,8.0,8.0,8.0,8.0,11.0,11.0,11.0,11.0,4238.0
112566,0,0,1979.75,1,1,1,1,1,1,1,3,3,3,3,0,0,0,0,0,0,0,0,14.0,20.0,22.0,8.0,0,0,0,0,6.0,6.0,6.0,6.0,9.0,9.0,9.0,9.0,4615.0
112625,1,1,1980.0,0,2,2,2,1,1,1,1,1,1,1,3,1,0,0,0,0,0,0,13.0,20.0,12.0,14.0,0,0,0,1,22.0,22.0,22.0,22.0,51.0,51.0,51.0,51.0,4468.0
112763,0,0,1980.5,0,2,2,2,1,1,1,1,1,1,1,0,0,0,1,5,0,4,0,3.0,27.0,1.0,16.0,0,0,0,0,25.0,25.0,25.0,25.0,58.0,58.0,58.0,58.0,4441.0
112846,0,0,1980.25,0,2,2,2,1,1,1,2,2,2,2,1,1,0,0,0,0,0,0,13.0,18.0,6.0,17.0,0,0,0,0,14.0,14.0,14.0,14.0,38.0,38.0,38.0,38.0,4474.0
112860,1,0,1980.25,1,1,1,1,0,0,0,2,2,2,2,0,2,2,2,0,0,2,0,3.0,17.0,17.0,13.0,0,0,0,0,39.0,39.0,39.0,39.0,75.0,75.0,75.0,75.0,4448.0
112943,1,0,1980.0,1,1,1,1,1,1,1,2,2,2,2,3,1,1,1,0,0,0,0,8.0,3.0,12.0,14.0,0,0,0,0,41.0,41.0,41.0,41.0,78.0,78.0,78.0,78.0,4695.0
113006,0,0,1980.25,0,2,2,2,1,1,1,3,3,3,3,0,0,1,1,0,0,0,0,5.0,10.0,19.0,16.0,0,0,0,0,6.0,6.0,6.0,6.0,9.0,9.0,9.0,9.0,4732.0
113053,0,1,1980.25,1,0,1,1,0,1,1,1,1,1,1,0,0,1,1,3,4,6,0,5.0,2.0,10.0,10.0,1,1,1,1,11.0,11.0,11.0,11.0,24.0,24.0,24.0,24.0,4555.0
113082,0,0,1980.5,2,2,2,2,1,1,1,3,3,3,3,0,1,1,0,3,0,0,0,5.0,15.0,20.0,20.0,0,0,0,0,27.0,27.0,27.0,27.0,60.0,60.0,60.0,60.0,4685.0
113143,1,0,1979.75,1,1,1,1,1,1,1,1,1,1,1,0,1,0,0,0,2,0,0,16.0,14.0,16.0,9.0,1,0,1,0,22.0,22.0,22.0,22.0,51.0,51.0,51.0,51.0,4786.0
113291,1,0,1980.5,1,1,1,1,1,1,1,1,1,1,1,1,0,1,1,0,2,0,0,7.0,19.0,17.0,17.0,0,0,0,0,12.0,12.0,12.0,12.0,36.0,36.0,36.0,36.0,4432.0
113318,0,0,1979.75,1,1,1,1,1,1,1,2,2,2,2,1,1,0,1,0,0,0,0,4.0,8.0,18.0,12.0,0,0,0,0,30.0,30.0,30.0,30.0,63.0,63.0,63.0,63.0,4637.0
113422,1,0,1980.25,1,1,1,1,0,0,0,2,2,2,2,0,0,0,0,0,6,0,0,4.0,27.0,10.0,4.0,0,0,0,0,16.0,16.0,16.0,16.0,40.0,40.0,40.0,40.0,4747.0
113488,0,0,1980.0,1,1,1,1,1,1,1,2,2,2,2,0,2,2,2,0,0,2,0,3.0,17.0,17.0,13.0,0,0,0,0,39.0,39.0,39.0,39.0,75.0,75.0,75.0,75.0,4943.0
113856,1,0,1980.0,1,1,1,1,1,1,1,2,2,2,2,1,0,3,1,0,2,2,0,6.0,19.0,12.0,3.0,0,0,0,0,15.0,15.0,15.0,15.0,39.0,39.0,39.0,39.0,5118.0
113904,1,0,1980.0,1,1,1,1,0,0,0,2,2,2,2,0,0,0,0,0,0,0,0,2.0,15.0,5.0,31.0,0,0,0,0,15.0,15.0,15.0,15.0,39.0,39.0,39.0,39.0,4503.0
114046,1,0,1980.25,1,1,1,1,1,1,1,2,2,2,2,1,1,0,0,0,0,0,2,6.0,7.0,10.0,18.0,0,0,0,0,36.0,36.0,36.0,36.0,72.0,72.0,72.0,72.0,4476.0
114102,0,0,1979.75,1,1,1,1,0,0,0,2,2,2,2,0,0,0,0,0,6,0,0,27.0,27.0,10.0,4.0,0,0,0,0,16.0,16.0,16.0,16.0,40.0,40.0,40.0,40.0,4188.0
114343,0,0,1979.75,1,1,1,1,1,1,1,2,2,2,2,0,1,1,1,0,0,2,0,8.0,13.0,15.0,17.0,0,0,0,0,21.0,21.0,21.0,21.0,49.0,49.0,49.0,49.0,4866.0
114416,1,0,1980.0,0,2,2,2,0,0,0,2,2,2,2,0,0,0,0,0,2,0,2,16.0,16.0,8.0,12.0,0,0,0,0,35.0,35.0,35.0,35.0,69.0,69.0,69.0,69.0,4851.0
114575,0,0,1980.0,2,0,0,0,1,1,1,2,2,2,2,1,0,1,1,0,0,1,2,13.0,11.0,13.0,17.0,0,0,0,0,23.0,23.0,23.0,23.0,55.0,55.0,55.0,55.0,4282.0
114684,0,0,1980.25,2,0,0,0,1,1,1,2,2,2,2,0,0,0,0,1,2,0,0,9.0,7.0,15.0,24.0,0,0,0,0,5.0,5.0,5.0,5.0,7.0,7.0,7.0,7.0,4434.0
114713,1,1,1980.5,0,0,1,1,1,1,1,1,1,1,1,0,0,1,1,0,4,6,0,6.0,2.0,10.0,10.0,0,1,1,1,11.0,11.0,11.0,11.0,24.0,24.0,24.0,24.0,4195.0
114742,0,0,1979.75,0,2,0,0,1,1,1,2,2,2,2,1,1,0,0,0,0,2,0,13.0,18.0,14.0,3.0,0,0,0,0,14.0,14.0,14.0,14.0,38.0,38.0,38.0,38.0,4327.0
114775,1,0,1979.75,1,1,1,1,1,1,1,2,2,2,2,0,0,0,0,0,0,0,0,7.0,15.0,20.0,20.0,0,0,0,0,30.0,30.0,30.0,30.0,63.0,63.0,63.0,63.0,4689.0
114790,0,0,1979.75,0,2,2,2,0,0,0,2,2,2,2,1,0,0,0,0,0,0,0,6.0,16.0,15.0,15.0,0,0,0,0,30.0,30.0,30.0,30.0,63.0,63.0,63.0,63.0,4289.0
115084,0,0,1980.25,2,2,2,2,1,1,1,3,3,3,3,0,0,1,1,0,0,0,0,14.0,10.0,19.0,16.0,0,0,0,0,6.0,6.0,6.0,6.0,9.0,9.0,9.0,9.0,4326.0
115119,1,0,1980.0,0,2,2,2,1,1,1,2,2,2,2,1,0,0,0,0,3,6,4,5.0,2.0,19.0,0.0,0,0,0,0,19.0,19.0,19.0,19.0,47.0,47.0,47.0,47.0,4545.0
115231,1,0,1980.0,1,1,1,1,0,1,1,2,2,2,2,1,0,1,0,0,0,6,0,6.0,12.0,6.0,15.0,0,0,0,1,29.0,29.0,29.0,29.0,62.0,62.0,62.0,62.0,4311.0
115270,0,0,1979.75,2,2,2,2,1,1,0,2,2,2,2,0,0,0,1,0,0,6,0,13.0,16.0,4.0,14.0,0,0,1,0,8.0,8.0,8.0,8.0,11.0,11.0,11.0,11.0,4831.0
115293,0,0,1980.25,1,1,1,1,0,0,0,2,2,2,2,1,0,0,0,0,0,4,0,9.0,5.0,0.0,15.0,0,0,0,0,9.0,9.0,9.0,9.0,12.0,12.0,12.0,12.0,4391.0
115335,1,0,1979.75,1,1,1,1,1,1,1,2,2,2,2,1,0,0,0,0,0,0,0,4.0,15.0,20.0,20.0,0,0,0,0,30.0,30.0,30.0,30.0,63.0,63.0,63.0,63.0,5125.0
115511,0,0,1979.75,1,1,1,1,1,1,1,2,2,2,2,2,0,0,0,0,0,0,6,10.0,8.0,16.0,6.0,0,0,0,0,3.0,3.0,3.0,3.0,3.0,3.0,3.0,3.0,5093.0
115533,1,0,1980.25,0,0,0,0,1,1,1,2,2,2,2,1,0,0,1,0,3,4,0,4.0,2.0,2.0,13.0,0,0,0,0,42.0,42.0,42.0,42.0,80.0,80.0,80.0,80.0,4345.0
115690,1,0,1980.5,0,2,2,2,1,1,1,1,1,1,1,0,0,0,0,0,3,0,2,12.0,3.0,25.0,12.0,0,0,0,0,18.0,18.0,18.0,18.0,46.0,46.0,46.0,46.0,4428.0
115711,0,0,1980.0,2,0,0,0,1,1,1,2,2,2,2,1,0,0,0,0,2,0,0,6.0,11.0,31.0,7.0,0,0,0,0,35.0,35.0,35.0,35.0,69.0,69.0,69.0,69.0,4620.0
115751,0,1,1979.75,1,1,1,1,0,0,0,0,0,0,0,0,0,1,1,0,3,0,6,5.0,2.0,13.0,31.0,0,1,1,0,11.0,11.0,11.0,11.0,29.0,29.0,29.0,29.0,4688.0
115801,0,0,1980.5,2,2,2,2,1,1,1,2,2,2,2,1,1,0,1,0,3,0,1,5.0,2.0,22.0,10.0,0,0,0,0,15.0,15.0,15.0,15.0,39.0,39.0,39.0,39.0,4524.0
115977,0,0,1980.5,2,2,2,2,0,0,0,2,2,2,2,1,1,0,1,0,3,0,1,5.0,2.0,22.0,10.0,0,0,0,0,15.0,15.0,15.0,15.0,39.0,39.0,39.0,39.0,4203.0
116016,1,0,1980.0,0,2,2,2,1,1,1,2,2,2,2,0,1,0,1,1,0,3,0,10.0,9.0,2.0,15.0,0,0,0,0,34.0,34.0,34.0,34.0,68.0,68.0,68.0,68.0,4834.0
116183,1,1,1979.75,0,0,0,0,0,0,0,0,0,0,0,0,0,0,0,0,4,3,3,12.0,0.0,1.0,3.0,0,1,0,0,18.0,18.0,18.0,18.0,45.0,45.0,45.0,45.0,4859.0
116247,0,0,1979.75,0,2,2,2,0,0,0,2,2,2,2,1,1,1,0,0,1,0,4,4.0,12.0,6.0,16.0,0,0,0,1,42.0,42.0,42.0,42.0,80.0,80.0,80.0,80.0,4341.0
116280,0,0,1979.75,0,0,2,2,1,1,1,1,1,1,1,0,0,0,1,0,0,0,0,0.0,16.0,12.0,18.0,0,0,1,0,11.0,11.0,11.0,11.0,17.0,17.0,17.0,17.0,4182.0
116310,0,0,1979.75,1,1,1,1,1,0,0,3,3,3,3,1,0,0,1,0,0,0,0,7.0,27.0,12.0,19.0,0,0,0,0,6.0,6.0,6.0,6.0,9.0,9.0,9.0,9.0,4279.0
116432,0,0,1980.0,2,0,0,0,0,1,0,2,2,2,2,1,0,1,0,0,3,0,4,21.0,1.0,12.0,3.0,0,0,0,0,16.0,16.0,16.0,16.0,40.0,40.0,40.0,40.0,4348.0
116633,1,0,1979.5,2,2,2,2,0,0,0,2,2,2,2,1,0,0,2,0,0,4,1,21.0,5.0,3.0,12.0,0,0,0,0,16.0,16.0,16.0,16.0,40.0,40.0,40.0,40.0,4269.0
116711,0,1,1979.75,2,0,0,0,1,1,1,1,1,1,1,0,0,0,1,0,0,6,0,8.0,16.0,12.0,19.0,1,0,0,1,11.0,11.0,11.0,11.0,17.0,17.0,17.0,17.0,4538.0
116751,1,0,1980.0,2,2,2,2,1,1,1,2,2,2,2,3,0,0,0,0,0,0,0,12.0,16.0,15.0,15.0,0,0,0,0,30.0,30.0,30.0,30.0,63.0,63.0,63.0,63.0,4460.0
116780,1,1,1980.25,1,1,1,1,0,0,0,0,0,0,0,0,1,0,0,3,1,0,0,2.0,25.0,4.0,22.0,1,1,1,1,11.0,11.0,11.0,11.0,16.0,16.0,16.0,16.0,4193.0
116817,1,1,1980.0,1,1,1,1,1,1,1,1,1,1,1,0,0,0,0,4,0,6,0,0.0,4.0,28.0,11.0,0,0,0,0,11.0,11.0,11.0,11.0,23.0,23.0,23.0,23.0,4828.0
116937,0,0,1980.5,1,1,1,1,1,1,1,2,2,2,2,0,1,0,1,0,2,4,3,15.0,13.0,0.0,2.0,0,0,0,0,31.0,31.0,31.0,31.0,65.0,65.0,65.0,65.0,4525.0
116954,1,0,1980.5,1,1,1,1,1,1,1,3,3,3,3,0,1,1,0,0,0,0,3,11.0,19.0,12.0,2.0,0,0,0,0,26.0,26.0,26.0,26.0,59.0,59.0,59.0,59.0,4472.0
117006,0,0,1980.25,2,0,0,0,1,1,1,1,1,1,1,3,1,0,1,0,0,0,0,12.0,12.0,8.0,15.0,0,0,0,1,22.0,22.0,22.0,22.0,51.0,51.0,51.0,51.0,4541.0
117073,1,0,1980.0,0,0,0,0,1,1,1,2,2,2,2,0,0,0,0,3,4,0,0,1.0,0.0,20.0,28.0,0,0,0,0,40.0,40.0,40.0,40.0,76.0,77.0,77.0,77.0,4555.0
117160,1,0,1979.75,1,0,0,0,1,1,1,2,2,2,2,0,1,0,1,0,0,0,0,14.0,9.0,19.0,11.0,0,0,0,0,38.0,38.0,38.0,38.0,74.0,74.0,74.0,74.0,5006.0
117198,1,0,1980.25,0,2,2,2,1,1,1,2,2,2,2,1,1,0,0,0,0,0,4,15.0,9.0,8.0,0.0,0,0,0,0,5.0,5.0,5.0,5.0,7.0,7.0,7.0,7.0,4756.0
117307,0,0,1980.5,1,1,1,1,1,1,1,2,2,2,2,2,0,0,0,0,0,0,3,14.0,39.0,8.0,0.0,0,1,0,0,1.0,1.0,1.0,1.0,1.0,1.0,1.0,1.0,4473.0
117342,1,0,1980.25,2,2,2,2,1,1,1,2,2,2,2,0,1,0,1,0,0,0,0,3.0,16.0,31.0,5.0,0,0,1,0,5.0,5.0,5.0,5.0,7.0,7.0,7.0,7.0,4336.0
117415,0,0,1979.75,0,2,2,2,0,0,1,2,2,2,2,1,1,0,0,0,0,0,0,13.0,18.0,6.0,17.0,0,0,0,0,14.0,14.0,14.0,14.0,38.0,38.0,38.0,38.0,4669.0
117565,0,0,1980.25,2,2,2,2,0,0,0,2,2,2,2,0,0,0,0,0,3,6,4,15.0,2.0,19.0,0.0,0,0,0,0,19.0,19.0,19.0,19.0,47.0,47.0,47.0,47.0,4078.0
117581,1,1,1980.25,1,1,1,1,0,0,0,0,0,0,0,0,0,0,1,0,4,4,0,6.0,0.0,1.0,14.0,0,1,0,1,11.0,11.0,11.0,11.0,31.0,31.0,31.0,31.0,4350.0
117591,0,0,1979.75,2,2,2,2,0,0,0,3,3,3,3,1,1,1,1,0,0,0,0,12.0,14.0,18.0,36.0,0,0,0,0,7.0,7.0,7.0,7.0,10.0,10.0,10.0,10.0,4430.0
117887,0,0,1980.0,1,1,1,1,1,1,1,1,1,1,1,0,0,0,1,0,3,3,0,14.0,13.0,2.0,6.0,0,0,0,0,22.0,22.0,22.0,22.0,52.0,52.0,52.0,52.0,4864.0
117961,0,0,1980.5,0,0,0,0,1,1,1,1,1,1,1,1,1,0,1,0,0,3,4,22.0,10.0,4.0,4.0,0,0,0,0,28.0,28.0,28.0,28.0,61.0,61.0,61.0,61.0,4459.0
118124,0,0,1980.25,0,0,0,1,1,1,1,1,1,1,1,3,1,0,0,0,0,0,0,13.0,13.0,17.0,15.0,0,0,0,0,22.0,22.0,22.0,22.0,51.0,51.0,51.0,51.0,4872.0
118262,1,0,1979.75,1,1,1,1,1,1,1,1,1,1,1,1,0,0,1,0,0,0,2,15.0,9.0,8.0,17.0,0,0,0,0,22.0,22.0,22.0,22.0,51.0,51.0,51.0,51.0,4932.0
118368,1,0,1980.0,1,1,1,1,1,1,1,2,2,2,2,0,1,0,0,0,0,0,3,22.0,14.0,6.0,2.0,0,0,0,0,40.0,40.0,40.0,40.0,76.0,77.0,77.0,77.0,4368.0
118393,0,0,1980.5,0,0,0,0,1,1,1,2,2,2,2,0,1,0,0,0,0,0,0,2.0,13.0,20.0,28.0,0,0,0,0,40.0,40.0,40.0,40.0,76.0,77.0,77.0,77.0,4383.0
118620,1,0,1980.25,1,1,1,1,1,1,1,2,2,2,2,0,1,0,0,0,2,0,0,15.0,13.0,11.0,4.0,0,0,0,0,31.0,31.0,31.0,31.0,65.0,65.0,65.0,65.0,4792.0
118699,0,0,1980.5,2,0,0,0,1,1,1,2,2,2,2,1,0,0,1,0,3,4,0,13.0,2.0,2.0,13.0,0,0,0,0,42.0,42.0,42.0,42.0,80.0,80.0,80.0,80.0,4296.0
118750,1,0,1980.25,0,1,1,1,1,1,1,2,2,2,2,1,1,1,1,0,0,0,1,13.0,11.0,14.0,10.0,0,0,0,0,23.0,23.0,23.0,23.0,55.0,55.0,55.0,55.0,4619.0
118827,0,0,1980.5,2,0,0,0,1,1,1,2,2,2,2,1,1,0,0,0,0,0,4,8.0,11.0,19.0,3.0,0,0,0,0,24.0,24.0,24.0,24.0,57.0,57.0,57.0,57.0,4000.0
118922,1,0,1980.5,2,2,2,2,1,1,1,1,1,1,1,0,0,2,1,0,0,0,1,5.0,4.0,9.0,15.0,1,0,0,0,22.0,22.0,22.0,22.0,51.0,51.0,51.0,51.0,4281.0
119161,1,0,1979.5,0,0,2,2,0,0,1,2,2,2,2,1,0,0,1,2,4,3,0,16.0,1.0,2.0,19.0,0,0,0,0,34.0,34.0,34.0,34.0,68.0,68.0,68.0,68.0,4233.0
119225,0,0,1979.5,2,0,0,1,1,1,1,2,2,2,2,0,0,0,0,0,4,3,4,3.0,0.0,1.0,1.0,0,0,0,0,32.0,32.0,32.0,32.0,66.0,66.0,66.0,66.0,4223.0
119421,0,1,1980.25,0,2,0,2,0,0,0,0,0,0,0,0,0,0,1,0,0,0,4,11.0,27.0,7.0,12.0,0,1,1,0,11.0,11.0,11.0,11.0,22.0,22.0,22.0,22.0,4038.0
119447,1,0,1979.75,0,2,2,2,0,0,0,2,2,2,2,1,0,0,1,1,0,6,0,11.0,16.0,4.0,14.0,0,0,1,0,8.0,8.0,8.0,8.0,11.0,11.0,11.0,11.0,4302.0
119472,0,0,1980.0,2,0,0,0,1,0,0,2,2,2,2,1,0,0,1,0,0,0,0,12.0,7.0,8.0,8.0,0,0,0,0,21.0,21.0,21.0,21.0,50.0,50.0,50.0,50.0,4323.0
119486,1,0,1980.25,0,2,2,2,1,0,0,2,2,2,2,0,1,0,0,3,0,0,0,2.0,11.0,6.0,7.0,0,0,1,0,24.0,24.0,24.0,24.0,57.0,57.0,57.0,57.0,4558.0
119518,1,0,1980.25,1,1,1,1,1,0,0,2,2,2,2,1,0,0,0,0,0,0,0,6.0,15.0,5.0,31.0,0,0,0,0,15.0,15.0,15.0,15.0,39.0,39.0,39.0,39.0,4591.0
119552,1,0,1980.0,2,2,2,2,1,1,1,2,2,2,2,0,0,1,0,0,3,0,1,14.0,1.0,8.0,19.0,0,0,0,0,37.0,37.0,37.0,37.0,73.0,73.0,73.0,73.0,4368.0
119563,1,0,1980.5,0,2,2,2,1,0,0,2,2,2,2,1,1,3,1,0,6,0,0,8.0,11.0,15.0,8.0,0,0,0,0,41.0,41.0,41.0,41.0,78.0,78.0,78.0,78.0,4625.0
119626,0,1,1980.5,1,1,1,1,0,1,1,2,2,2,2,2,0,0,1,0,0,0,2,10.0,21.0,10.0,17.0,0,0,0,0,3.0,3.0,3.0,3.0,3.0,3.0,3.0,3.0,4183.0
119712,0,0,1980.0,1,1,1,1,1,1,1,2,2,2,2,0,0,0,0,0,0,0,0,11.0,31.0,14.0,14.0,0,0,0,0,8.0,8.0,8.0,8.0,11.0,11.0,11.0,11.0,4340.0
119803,1,0,1980.5,2,0,0,0,1,1,1,2,2,2,2,1,1,0,0,0,0,0,4,8.0,11.0,19.0,3.0,0,0,0,0,24.0,24.0,24.0,24.0,57.0,57.0,57.0,57.0,4250.0
119840,0,0,1980.0,2,2,2,2,1,0,0,2,2,2,2,0,1,0,1,0,0,3,0,14.0,11.0,2.0,15.0,0,0,0,0,37.0,37.0,37.0,37.0,73.0,73.0,73.0,73.0,4330.0
119851,1,1,1980.5,2,2,2,2,0,0,0,2,2,2,2,0,1,0,0,0,0,3,0,12.0,6.0,2.0,10.0,0,0,0,0,12.0,12.0,12.0,12.0,35.0,35.0,35.0,35.0,4329.0
120071,1,0,1979.75,2,0,0,0,1,1,1,2,2,2,2,1,1,0,1,0,0,0,0,8.0,9.0,19.0,11.0,0,0,0,0,38.0,38.0,38.0,38.0,74.0,74.0,74.0,74.0,4783.0
120192,0,0,1980.0,2,0,0,0,1,1,1,2,2,2,2,0,0,1,1,0,2,2,6,12.0,20.0,18.0,17.0,0,0,0,0,12.0,12.0,12.0,12.0,35.0,35.0,35.0,35.0,4199.0
120321,0,1,1980.0,0,0,0,0,0,0,0,1,0,0,0,1,0,0,0,0,4,3,3,24.0,0.0,1.0,3.0,0,1,0,0,18.0,18.0,18.0,18.0,44.0,45.0,45.0,45.0,4393.0
120528,0,0,1980.0,0,1,1,1,1,1,1,2,2,2,2,0,1,0,1,0,0,0,0,13.0,16.0,18.0,12.0,0,0,0,0,41.0,41.0,41.0,41.0,79.0,79.0,79.0,79.0,5080.0
120541,1,1,1980.25,0,2,2,0,1,0,0,0,0,0,0,0,0,1,0,0,0,0,0,24.0,6.0,9.0,26.0,1,0,1,1,11.0,11.0,11.0,11.0,22.0,22.0,22.0,22.0,4266.0
120671,1,0,1980.0,2,2,2,2,1,1,1,1,1,1,1,3,1,0,0,0,0,0,0,12.0,20.0,12.0,14.0,0,0,0,1,22.0,22.0,22.0,22.0,51.0,51.0,51.0,51.0,4679.0
120681,1,0,1979.5,1,1,1,1,1,1,1,3,3,3,3,3,1,1,0,0,0,0,0,12.0,15.0,14.0,36.0,0,0,0,0,7.0,7.0,7.0,7.0,10.0,10.0,10.0,10.0,4795.0
120774,1,0,1979.75,2,0,0,0,1,1,1,1,1,1,1,0,0,0,0,0,4,0,0,17.0,0.0,8.0,22.0,0,0,0,0,25.0,25.0,25.0,25.0,58.0,58.0,58.0,58.0,4076.0
121050,1,1,1980.5,0,2,2,2,0,0,0,0,0,0,0,0,0,1,1,3,0,0,4,1.0,6.0,9.0,12.0,1,0,1,0,11.0,11.0,11.0,11.0,22.0,22.0,22.0,22.0,4160.0
121110,1,0,1979.75,1,1,1,1,1,1,1,2,2,2,2,0,0,0,0,0,6,0,0,4.0,27.0,10.0,4.0,0,0,0,0,16.0,16.0,16.0,16.0,40.0,40.0,40.0,40.0,4932.0
121134,0,0,1980.25,0,0,2,2,1,1,1,1,1,1,1,1,0,0,0,0,3,0,0,12.0,2.0,18.0,21.0,0,1,0,0,22.0,22.0,22.0,22.0,52.0,52.0,52.0,52.0,4350.0
121185,0,1,1980.0,2,0,0,0,1,1,1,0,0,0,0,1,1,1,0,0,0,4,4,5.0,32.0,0.0,0.0,0,1,1,1,11.0,11.0,11.0,11.0,33.0,33.0,33.0,33.0,4523.0
121306,1,0,1980.5,0,0,0,0,0,0,0,2,2,2,2,1,0,0,0,0,0,4,3,5.0,12.0,2.0,1.0,0,0,0,0,19.0,19.0,19.0,19.0,47.0,47.0,47.0,47.0,3933.0
121318,0,1,1979.75,1,1,1,2,0,0,0,0,0,0,0,0,0,0,0,3,3,0,0,2.0,13.0,31.0,26.0,0,1,1,1,11.0,11.0,11.0,11.0,19.0,19.0,19.0,19.0,4248.0
121391,1,0,1980.0,0,2,2,2,1,1,1,2,2,2,2,1,2,0,0,0,0,0,0,13.0,18.0,33.0,7.0,0,0,0,0,39.0,39.0,39.0,39.0,75.0,75.0,75.0,75.0,4795.0
121499,1,0,1980.5,0,0,0,1,1,1,1,2,2,2,2,0,0,1,1,0,0,0,0,11.0,20.0,11.0,4.0,0,0,0,0,21.0,21.0,21.0,21.0,49.0,49.0,49.0,49.0,4339.0
121582,0,0,1980.25,0,2,2,2,0,0,0,2,2,2,2,0,1,0,1,0,3,0,1,4.0,2.0,22.0,10.0,0,0,0,0,15.0,15.0,15.0,15.0,39.0,39.0,39.0,39.0,4177.0
121633,0,1,1980.0,1,1,1,1,1,0,0,1,1,1,1,0,0,0,0,0,3,3,3,3.0,1.0,2.0,3.0,0,0,0,0,18.0,18.0,18.0,18.0,44.0,44.0,44.0,44.0,4653.0
121711,0,0,1980.0,0,2,2,2,0,0,0,2,2,2,2,0,0,0,0,0,0,0,0,20.0,39.0,9.0,16.0,0,0,0,0,9.0,9.0,9.0,9.0,12.0,12.0,12.0,12.0,4532.0
121727,0,0,1980.0,0,2,2,2,1,1,1,1,1,1,1,1,1,1,1,0,0,0,0,22.0,29.0,12.0,6.0,0,0,0,0,28.0,28.0,28.0,28.0,61.0,61.0,61.0,61.0,4327.0
121753,1,1,1980.5,2,2,2,2,0,0,0,0,0,0,0,0,0,0,1,0,3,3,1,11.0,1.0,1.0,11.0,0,1,0,1,18.0,18.0,18.0,18.0,45.0,45.0,45.0,45.0,4055.0
121774,1,0,1980.25,1,1,1,1,1,1,1,1,1,1,1,1,0,0,1,4,0,0,0,8.0,20.0,19.0,13.0,0,0,0,0,17.0,17.0,17.0,17.0,41.0,41.0,41.0,41.0,4614.0
122032,1,0,1980.0,0,2,2,2,1,1,1,3,3,3,3,0,1,1,1,4,0,0,0,0.0,12.0,13.0,7.0,0,0,0,0,26.0,26.0,26.0,26.0,59.0,59.0,59.0,59.0,4493.0
122144,0,1,1980.0,1,1,1,1,1,1,1,1,1,1,1,0,0,0,0,0,3,0,0,21.0,3.0,4.0,13.0,0,0,0,1,11.0,11.0,11.0,11.0,20.0,20.0,20.0,20.0,4512.0
122174,0,0,1980.25,0,2,2,2,1,1,1,3,3,3,3,0,1,1,1,0,0,0,0,3.0,14.0,18.0,36.0,0,0,0,0,7.0,7.0,7.0,7.0,10.0,10.0,10.0,10.0,4443.0
122442,0,0,1980.5,2,2,2,2,1,1,1,2,2,2,2,1,0,0,0,0,0,0,0,7.0,9.0,8.0,15.0,0,0,0,0,30.0,30.0,30.0,30.0,63.0,63.0,63.0,63.0,4491.0
122495,1,0,1980.0,2,2,2,2,0,0,1,2,2,2,2,0,0,1,0,0,3,0,1,14.0,1.0,8.0,19.0,0,0,0,0,37.0,37.0,37.0,37.0,73.0,73.0,73.0,73.0,4620.0
122509,0,0,1980.25,2,2,2,2,1,1,1,2,2,2,2,1,1,1,1,0,0,4,0,10.0,7.0,13.0,7.0,0,0,0,0,36.0,36.0,36.0,36.0,72.0,72.0,72.0,72.0,4493.0
122582,0,0,1979.75,1,1,1,1,1,1,1,2,2,2,2,0,0,0,0,0,0,0,0,11.0,31.0,14.0,14.0,0,0,0,0,8.0,8.0,8.0,8.0,11.0,11.0,11.0,11.0,4744.0
122617,1,0,1980.5,2,0,0,0,1,1,1,2,2,2,2,1,0,0,0,0,0,6,0,20.0,23.0,23.0,21.0,0,0,0,0,3.0,3.0,3.0,3.0,3.0,3.0,3.0,3.0,4308.0
122656,0,0,1980.0,0,0,0,0,0,0,0,2,2,2,2,0,0,1,1,0,0,3,0,4.0,12.0,1.0,18.0,0,0,0,0,15.0,15.0,15.0,15.0,39.0,39.0,39.0,39.0,4541.0
122790,1,0,1979.75,1,1,1,1,1,1,1,2,2,2,2,0,0,0,0,0,0,0,0,10.0,8.0,7.0,5.0,0,0,0,0,32.0,32.0,32.0,32.0,66.0,66.0,66.0,66.0,4434.0
122940,1,0,1980.25,0,2,2,2,1,0,0,2,2,2,2,0,0,1,0,0,0,0,0,8.0,14.0,8.0,11.0,0,1,0,0,36.0,36.0,36.0,36.0,72.0,72.0,72.0,72.0,4663.0
122966,1,0,1979.75,2,2,2,2,1,1,1,2,2,2,2,0,1,0,0,0,0,0,0,4.0,8.0,34.0,10.0,0,0,0,0,29.0,29.0,29.0,29.0,62.0,62.0,62.0,62.0,4323.0
123022,0,0,1980.25,2,0,0,0,1,1,1,2,2,2,2,1,1,0,0,0,0,4,6,7.0,42.0,0.0,23.0,0,0,0,0,30.0,30.0,30.0,30.0,63.0,63.0,63.0,63.0,4580.0
123119,0,0,1980.0,2,0,0,0,1,1,1,1,1,1,1,0,1,2,1,0,6,0,0,16.0,18.0,15.0,20.0,0,0,0,0,17.0,17.0,17.0,17.0,41.0,41.0,41.0,41.0,4806.0
123311,0,0,1980.0,0,2,2,2,1,1,1,2,2,2,2,0,1,0,0,3,0,0,0,2.0,11.0,6.0,7.0,0,0,1,0,24.0,24.0,24.0,24.0,57.0,57.0,57.0,57.0,4605.0
123373,0,0,1980.25,2,0,1,1,1,1,1,2,2,2,2,1,0,0,0,0,2,0,0,6.0,11.0,7.0,6.0,0,0,0,0,35.0,35.0,35.0,35.0,69.0,69.0,69.0,69.0,4822.0
123479,0,0,1979.75,1,1,1,1,0,1,0,2,2,2,2,0,1,1,1,0,0,0,0,8.0,14.0,17.0,19.0,0,0,0,0,6.0,6.0,6.0,6.0,8.0,8.0,8.0,8.0,4481.0
123623,0,0,1979.75,0,2,2,2,1,1,1,2,2,2,2,0,0,1,0,0,3,0,1,19.0,1.0,8.0,19.0,0,0,0,0,37.0,37.0,37.0,37.0,73.0,73.0,73.0,73.0,5034.0
123703,0,0,1979.75,0,0,0,0,0,0,0,2,2,2,2,1,0,0,0,0,0,6,0,12.0,15.0,13.0,15.0,0,0,0,0,6.0,6.0,6.0,6.0,8.0,8.0,8.0,8.0,4193.0
123728,0,0,1980.0,2,0,0,0,1,1,1,1,1,1,1,0,0,0,0,0,4,4,0,17.0,0.0,3.0,11.0,0,0,0,0,25.0,25.0,25.0,25.0,58.0,58.0,58.0,58.0,4644.0
123756,0,0,1980.25,2,2,2,2,1,1,1,1,1,1,1,0,1,1,0,0,0,0,0,3.0,6.0,9.0,8.0,0,0,0,0,25.0,25.0,25.0,25.0,58.0,58.0,58.0,58.0,4548.0
123767,0,0,1979.75,0,0,0,0,0,0,0,2,2,2,2,1,0,0,0,0,0,2,0,13.0,19.0,14.0,3.0,0,0,0,0,14.0,14.0,14.0,14.0,38.0,38.0,38.0,38.0,4304.0
123806,1,0,1980.25,2,0,0,0,1,1,1,2,2,2,2,0,0,0,0,1,2,0,0,9.0,7.0,15.0,24.0,0,0,0,0,5.0,5.0,5.0,5.0,7.0,7.0,7.0,7.0,4458.0
123833,1,1,1980.5,1,1,1,1,0,0,0,2,2,2,2,0,1,1,1,0,0,2,0,8.0,13.0,15.0,17.0,0,0,0,0,21.0,21.0,21.0,21.0,49.0,49.0,49.0,49.0,4846.0
123992,1,1,1979.75,0,2,2,2,0,0,0,2,2,2,2,1,1,0,0,0,0,0,4,15.0,9.0,8.0,0.0,0,0,0,0,5.0,5.0,5.0,5.0,7.0,7.0,7.0,7.0,4468.0
124013,1,0,1980.25,2,1,1,1,1,1,1,2,2,2,2,1,0,0,0,0,6,0,0,21.0,27.0,10.0,4.0,0,0,0,0,16.0,16.0,16.0,16.0,40.0,40.0,40.0,40.0,4346.0
124107,1,0,1980.5,2,0,0,0,0,0,0,2,2,2,2,1,0,0,1,0,0,6,0,10.0,15.0,10.0,13.0,0,0,1,0,36.0,36.0,36.0,36.0,72.0,72.0,72.0,72.0,4493.0
124119,0,0,1979.75,2,1,1,1,0,0,0,2,2,2,2,3,1,0,0,0,0,0,0,12.0,8.0,20.0,20.0,0,0,0,0,30.0,30.0,30.0,30.0,63.0,63.0,63.0,63.0,4614.0
124182,1,1,1979.75,2,2,2,2,0,0,0,0,0,0,0,0,1,1,0,0,1,0,0,6.0,33.0,5.0,26.0,0,1,0,1,11.0,11.0,11.0,11.0,16.0,16.0,16.0,16.0,3952.0
124253,0,0,1980.25,1,1,1,1,1,1,1,2,2,2,2,0,2,2,2,0,0,2,0,3.0,17.0,17.0,13.0,0,0,0,0,39.0,39.0,39.0,39.0,75.0,75.0,75.0,75.0,4814.0
124337,1,0,1980.0,0,0,1,1,0,1,1,2,2,2,2,1,0,0,1,0,0,4,3,12.0,8.0,0.0,2.0,0,0,0,0,31.0,31.0,31.0,31.0,65.0,65.0,65.0,65.0,4889.0
124395,1,0,1980.5,1,1,1,1,1,1,1,3,3,3,3,1,0,0,1,0,0,0,0,7.0,27.0,12.0,19.0,0,0,0,0,6.0,6.0,6.0,6.0,9.0,9.0,9.0,9.0,4855.0
124519,0,0,1979.75,1,1,1,1,1,1,1,2,2,2,2,0,1,0,0,0,3,0,6,19.0,1.0,11.0,31.0,0,0,0,0,31.0,31.0,31.0,31.0,64.0,64.0,64.0,64.0,4753.0
124575,1,0,1980.0,2,1,1,1,1,1,1,1,1,1,1,0,0,0,1,0,3,0,0,7.0,0.0,14.0,18.0,0,0,0,0,4.0,4.0,4.0,4.0,4.0,4.0,4.0,4.0,4272.0
124748,0,0,1980.25,2,0,0,0,0,0,0,2,2,2,2,1,0,1,0,0,3,0,4,21.0,1.0,12.0,3.0,0,0,0,0,16.0,16.0,16.0,16.0,40.0,40.0,40.0,40.0,4486.0
124864,1,0,1980.0,1,1,1,1,0,0,0,2,2,2,2,0,0,0,0,0,0,0,0,12.0,12.0,23.0,12.0,0,1,0,0,21.0,21.0,21.0,21.0,50.0,50.0,50.0,50.0,4252.0
124887,1,0,1979.75,2,2,2,2,1,1,1,2,2,2,2,0,0,0,0,0,0,0,0,3.0,8.0,13.0,13.0,0,0,0,0,32.0,32.0,32.0,32.0,66.0,66.0,66.0,66.0,4725.0
124920,1,0,1980.75,1,1,1,1,1,1,1,2,2,2,2,1,0,0,0,0,0,3,0,8.0,9.0,0.0,7.0,0,0,0,0,40.0,40.0,40.0,40.0,76.0,77.0,77.0,77.0,4442.0
125002,0,0,1980.5,0,2,2,2,1,1,1,2,2,2,2,0,0,0,0,0,2,0,2,16.0,16.0,8.0,12.0,0,0,0,0,35.0,35.0,35.0,35.0,69.0,69.0,69.0,69.0,4410.0
125031,1,0,1979.75,2,0,0,0,1,1,1,2,2,2,2,0,0,0,1,0,4,0,0,7.0,3.0,15.0,9.0,0,0,0,0,24.0,24.0,24.0,24.0,56.0,56.0,56.0,56.0,4690.0
125119,0,0,1980.0,0,2,2,2,1,1,1,2,2,2,2,1,0,1,0,0,0,0,0,12.0,14.0,8.0,11.0,0,1,0,0,36.0,36.0,36.0,36.0,72.0,72.0,72.0,72.0,5004.0
125135,0,0,1980.0,0,0,0,0,1,1,1,2,2,2,2,1,0,0,0,0,0,0,0,17.0,6.0,12.0,14.0,0,0,0,0,12.0,12.0,12.0,12.0,34.0,34.0,34.0,34.0,4306.0
125183,1,1,1980.0,1,1,1,1,0,0,0,2,2,2,2,0,0,0,1,0,3,3,0,6.0,1.0,5.0,12.0,0,0,1,0,34.0,34.0,34.0,34.0,68.0,68.0,68.0,68.0,4672.0
125271,1,3,1979.75,1,1,1,1,1,1,1,2,2,2,2,0,0,0,0,0,0,0,4,10.0,8.0,7.0,1.0,0,0,0,0,32.0,32.0,32.0,32.0,66.0,66.0,66.0,66.0,4799.0
125356,1,1,1980.25,1,1,1,1,1,1,1,0,0,0,0,0,1,0,0,3,0,6,4,2.0,17.0,2.0,3.0,0,1,0,1,11.0,11.0,11.0,11.0,30.0,30.0,30.0,30.0,4483.0
125529,0,0,1979.5,0,0,0,0,1,1,1,2,2,2,2,1,0,0,0,0,0,0,0,17.0,6.0,12.0,14.0,0,0,0,0,12.0,12.0,12.0,12.0,34.0,34.0,34.0,34.0,4418.0
125631,1,0,1980.0,1,1,1,1,1,1,1,2,2,2,2,0,0,0,0,0,0,0,0,2.0,3.0,13.0,8.0,0,0,0,0,37.0,37.0,37.0,37.0,73.0,73.0,73.0,73.0,5041.0
125820,0,1,1980.25,2,0,1,1,0,0,0,1,1,1,1,0,0,0,0,3,0,0,0,1.0,11.0,7.0,11.0,1,0,1,0,11.0,11.0,11.0,11.0,20.0,20.0,20.0,23.0,4247.0
125847,1,0,1979.75,2,2,2,2,1,1,1,1,1,1,1,0,1,0,1,0,0,4,0,3.0,6.0,1.0,16.0,0,0,0,0,25.0,25.0,25.0,25.0,58.0,58.0,58.0,58.0,4555.0
125868,0,1,1980.25,1,1,1,1,0,1,0,3,3,3,3,0,0,0,0,3,0,0,0,1.0,12.0,6.0,14.0,0,0,0,0,27.0,27.0,27.0,27.0,60.0,60.0,60.0,60.0,4249.0
125947,0,0,1980.5,2,0,0,0,1,1,1,1,1,1,1,0,1,1,1,4,0,0,0,0.0,19.0,19.0,24.0,0,0,1,0,18.0,18.0,18.0,18.0,46.0,46.0,46.0,46.0,4452.0
126087,0,0,1979.75,1,1,1,1,0,0,0,2,2,2,2,1,0,0,0,0,0,4,0,9.0,5.0,0.0,15.0,0,0,0,0,9.0,9.0,9.0,9.0,12.0,12.0,12.0,12.0,4391.0
126207,1,0,1979.0,2,2,2,2,1,1,1,1,1,1,1,0,1,0,0,0,0,0,0,5.0,20.0,12.0,14.0,1,0,0,1,22.0,22.0,22.0,22.0,51.0,51.0,51.0,51.0,4173.0
126267,1,0,1980.5,1,1,1,1,1,1,1,2,2,2,2,0,1,1,0,0,0,0,0,12.0,15.0,14.0,14.0,0,0,0,0,41.0,41.0,41.0,41.0,79.0,79.0,79.0,79.0,4310.0
126334,0,0,1980.25,1,1,1,1,1,0,1,2,2,2,2,3,1,1,1,0,0,0,0,8.0,3.0,12.0,14.0,0,0,0,0,41.0,41.0,41.0,41.0,78.0,78.0,78.0,78.0,4326.0
126415,1,0,1980.0,2,2,2,2,1,1,1,1,1,1,1,0,1,0,0,0,6,0,0,17.0,18.0,10.0,22.0,0,0,0,0,18.0,18.0,18.0,18.0,43.0,43.0,43.0,43.0,4330.0
126699,1,0,1980.5,2,2,2,2,0,0,0,2,2,2,2,0,0,1,0,0,3,0,1,14.0,1.0,8.0,19.0,0,0,0,0,37.0,37.0,37.0,37.0,73.0,73.0,73.0,73.0,4425.0
126713,1,0,1980.5,0,2,2,2,1,1,1,1,1,1,1,0,1,0,1,0,0,0,3,8.0,29.0,33.0,2.0,0,0,0,0,4.0,4.0,4.0,4.0,4.0,4.0,4.0,4.0,4637.0
126858,0,0,1980.5,0,1,1,1,1,1,1,1,1,1,1,1,0,0,1,0,0,6,0,13.0,23.0,15.0,20.0,0,0,1,0,22.0,22.0,22.0,22.0,54.0,54.0,54.0,54.0,4619.0
126926,0,0,1980.25,1,1,1,1,1,1,1,2,2,2,2,0,0,0,0,0,0,3,6,15.0,4.0,1.0,24.0,0,0,0,0,32.0,32.0,32.0,32.0,66.0,66.0,66.0,66.0,4828.0
127007,0,1,1980.0,2,2,0,2,0,1,0,0,0,0,0,0,0,0,1,0,0,0,4,7.0,27.0,7.0,12.0,0,1,1,0,11.0,11.0,11.0,11.0,22.0,22.0,22.0,22.0,4211.0
127377,0,1,1980.0,0,0,0,0,0,0,0,0,1,1,1,0,0,0,0,4,3,0,0,0.0,2.0,2.0,10.0,0,0,1,1,11.0,11.0,11.0,11.0,31.0,23.0,23.0,23.0,4150.0
127408,0,1,1980.0,0,2,2,2,1,1,1,0,0,0,0,1,0,1,0,4,0,0,0,3.0,7.0,10.0,7.0,1,0,0,0,22.0,22.0,22.0,22.0,53.0,53.0,53.0,53.0,4309.0
127457,1,0,1980.0,1,1,1,1,1,1,1,2,2,2,2,3,0,1,0,0,2,0,0,6.0,18.0,9.0,5.0,0,0,0,0,5.0,5.0,5.0,5.0,7.0,7.0,7.0,7.0,4478.0
127478,1,0,1979.75,0,0,0,0,0,0,0,2,2,2,2,0,0,1,0,3,3,0,4,2.0,1.0,12.0,3.0,0,0,0,0,16.0,16.0,16.0,16.0,40.0,40.0,40.0,40.0,4816.0
127560,0,0,1979.75,0,2,2,2,1,1,1,2,2,2,2,0,0,1,1,0,6,0,0,13.0,23.0,21.0,36.0,0,0,1,0,38.0,38.0,38.0,38.0,74.0,74.0,74.0,74.0,4409.0
127584,1,0,1979.0,2,0,0,0,0,0,0,3,3,3,3,0,0,1,1,0,0,0,0,17.0,5.0,8.0,15.0,0,0,0,0,2.0,2.0,2.0,2.0,2.0,2.0,2.0,2.0,4081.0
127757,0,0,1980.25,0,0,1,1,1,1,1,3,3,3,3,0,1,1,0,0,0,0,4,3.0,3.0,22.0,0.0,0,0,0,0,7.0,7.0,7.0,7.0,10.0,10.0,10.0,10.0,4599.0
127772,1,0,1979.25,1,1,1,1,0,0,0,2,2,2,2,2,0,0,0,0,0,0,6,10.0,8.0,16.0,6.0,0,0,0,0,3.0,3.0,3.0,3.0,3.0,3.0,3.0,3.0,4080.0
127815,0,0,1979.75,0,0,0,0,1,1,1,2,2,2,2,1,0,1,0,0,0,0,0,12.0,8.0,9.0,24.0,0,0,0,0,31.0,31.0,31.0,31.0,65.0,65.0,65.0,65.0,4951.0
128006,1,0,1979.75,1,1,1,1,1,1,1,2,2,2,2,0,1,1,0,3,0,0,0,1.0,10.0,11.0,18.0,0,0,0,0,24.0,24.0,24.0,24.0,57.0,57.0,57.0,57.0,4222.0
128122,1,0,1980.5,0,0,0,0,1,1,1,2,2,2,2,0,0,1,0,0,0,0,0,10.0,21.0,15.0,9.0,0,0,0,0,30.0,30.0,30.0,30.0,63.0,63.0,63.0,63.0,4640.0
128351,0,0,1980.0,0,2,2,2,1,1,1,2,2,2,2,1,1,3,1,0,6,0,0,8.0,11.0,15.0,8.0,0,0,0,0,41.0,41.0,41.0,41.0,78.0,78.0,78.0,78.0,4180.0
128362,0,1,1980.5,1,1,1,1,0,0,0,0,0,0,0,0,0,0,1,0,4,4,0,6.0,0.0,1.0,14.0,0,1,0,1,11.0,11.0,11.0,11.0,31.0,31.0,31.0,31.0,4199.0
128543,1,0,1980.0,2,0,2,2,0,0,0,2,2,2,2,1,0,0,1,0,6,0,1,20.0,12.0,11.0,13.0,0,0,0,0,3.0,3.0,3.0,3.0,3.0,3.0,3.0,3.0,4378.0
128558,1,0,1980.25,1,1,1,1,1,1,1,3,3,3,3,1,1,1,0,0,0,0,3,14.0,19.0,12.0,2.0,0,0,0,0,26.0,26.0,26.0,26.0,59.0,59.0,59.0,59.0,4752.0
128909,0,0,1980.25,2,0,0,0,0,0,0,2,2,2,2,0,0,0,0,0,0,0,4,12.0,32.0,6.0,0.0,0,0,0,0,9.0,9.0,9.0,9.0,12.0,12.0,12.0,12.0,4821.0
129120,0,0,1980.0,1,1,1,1,0,0,1,2,2,2,2,1,0,1,0,0,0,6,0,6.0,12.0,6.0,15.0,0,0,0,1,29.0,29.0,29.0,29.0,62.0,62.0,62.0,62.0,4553.0
129129,1,0,1980.5,0,2,2,2,1,1,1,2,2,2,2,1,1,1,0,0,0,0,0,17.0,23.0,20.0,9.0,0,0,0,0,12.0,12.0,12.0,12.0,34.0,34.0,34.0,34.0,4332.0
129142,1,0,1979.75,2,2,2,2,1,1,1,2,2,2,2,1,0,0,0,0,4,0,4,13.0,0.0,16.0,1.0,0,0,0,0,40.0,40.0,40.0,40.0,76.0,77.0,77.0,77.0,4499.0
129387,1,1,1980.5,1,1,1,1,1,0,0,0,0,0,0,1,0,1,1,0,4,0,0,6.0,2.0,8.0,14.0,0,1,1,1,11.0,11.0,11.0,11.0,28.0,28.0,28.0,28.0,4195.0
129415,0,0,1978.75,2,2,2,2,1,1,1,2,2,2,2,1,1,1,0,0,0,0,0,5.0,15.0,20.0,9.0,0,0,0,0,12.0,12.0,12.0,12.0,34.0,34.0,34.0,34.0,4184.0
129472,0,1,1980.0,1,1,1,1,0,1,1,0,0,0,0,0,0,1,0,0,3,0,1,5.0,2.0,13.0,15.0,0,1,1,1,11.0,11.0,11.0,11.0,29.0,29.0,29.0,27.0,4597.0
129503,0,0,1980.0,0,0,0,1,1,1,1,2,2,2,2,0,0,1,1,0,0,0,0,11.0,20.0,11.0,4.0,0,0,0,0,21.0,21.0,21.0,21.0,49.0,49.0,49.0,49.0,4484.0
129600,0,0,1980.0,2,2,2,2,1,1,1,2,2,2,2,1,1,3,1,0,6,0,0,3.0,11.0,15.0,8.0,0,0,0,0,41.0,41.0,41.0,41.0,78.0,78.0,78.0,78.0,4376.0
129773,1,0,1980.25,1,1,1,1,1,1,1,1,1,1,1,1,0,0,1,4,0,0,0,8.0,18.0,19.0,13.0,0,0,0,0,17.0,17.0,17.0,17.0,41.0,41.0,41.0,41.0,4775.0
129872,0,0,1980.0,0,0,0,0,1,1,1,2,2,2,2,1,1,1,0,0,0,0,0,11.0,5.0,11.0,19.0,0,0,0,0,39.0,39.0,39.0,39.0,75.0,75.0,75.0,75.0,4231.0
129920,1,0,1980.0,2,2,2,2,1,1,1,1,1,1,1,1,0,1,1,0,3,6,0,8.0,1.0,22.0,15.0,0,0,0,0,28.0,28.0,28.0,28.0,61.0,61.0,61.0,61.0,4587.0
129982,0,0,1980.25,2,0,0,0,1,1,1,2,2,2,2,1,0,1,1,0,0,1,2,13.0,11.0,13.0,17.0,0,0,0,0,23.0,23.0,23.0,23.0,55.0,55.0,55.0,55.0,4585.0
130012,0,0,1980.25,1,1,1,1,0,0,0,3,3,3,3,1,0,0,0,0,0,0,0,7.0,27.0,22.0,8.0,0,0,0,0,6.0,6.0,6.0,6.0,9.0,9.0,9.0,9.0,4538.0
130046,0,0,1980.25,0,2,2,2,1,1,1,2,2,2,2,0,1,0,0,4,0,0,4,0.0,9.0,31.0,0.0,0,0,1,0,5.0,5.0,5.0,5.0,7.0,7.0,7.0,7.0,4807.0
130140,1,0,1980.25,1,1,1,1,1,1,1,2,2,2,2,1,0,0,0,0,0,4,0,9.0,5.0,0.0,15.0,0,0,0,0,9.0,9.0,9.0,9.0,12.0,12.0,12.0,12.0,4851.0
130314,1,0,1980.5,1,1,1,0,1,1,1,2,2,2,2,1,0,1,0,0,0,6,0,6.0,12.0,6.0,17.0,0,0,0,0,29.0,29.0,29.0,29.0,62.0,62.0,62.0,62.0,4401.0
130364,1,0,1979.25,1,1,1,1,1,1,1,3,3,3,3,0,0,0,0,0,0,0,0,11.0,12.0,6.0,14.0,0,0,0,0,27.0,27.0,27.0,27.0,60.0,60.0,60.0,60.0,4255.0
130535,1,0,1979.75,2,2,2,2,1,1,1,3,3,3,3,0,0,1,1,0,0,0,0,14.0,10.0,19.0,16.0,0,0,0,0,6.0,6.0,6.0,6.0,9.0,9.0,9.0,9.0,4335.0
130681,0,1,1979.5,2,0,0,0,0,0,0,0,0,0,0,0,1,0,1,4,4,0,2,0.0,3.0,4.0,16.0,0,0,0,0,11.0,11.0,11.0,11.0,19.0,19.0,19.0,19.0,4100.0
130906,0,0,1980.5,1,1,1,1,1,1,1,2,2,2,2,0,0,0,0,0,0,0,6,9.0,8.0,16.0,6.0,0,0,0,0,3.0,3.0,3.0,3.0,3.0,3.0,3.0,3.0,4837.0
131054,0,1,1980.25,2,2,2,2,0,0,0,0,0,0,0,0,0,0,0,3,6,0,6,0.0,31.0,19.0,23.0,0,1,0,0,11.0,11.0,11.0,11.0,32.0,32.0,32.0,32.0,4177.0
131116,0,1,1980.25,1,1,1,1,0,0,0,0,0,0,0,0,1,0,0,3,0,6,4,2.0,17.0,2.0,3.0,0,1,0,1,11.0,11.0,11.0,11.0,30.0,30.0,30.0,30.0,4351.0
131195,0,1,1980.5,0,1,1,1,0,0,0,0,0,0,0,0,0,1,1,0,0,0,0,24.0,3.0,14.0,19.0,1,1,0,1,11.0,11.0,11.0,11.0,22.0,22.0,22.0,22.0,4287.0
131307,0,0,1980.5,0,0,0,0,0,1,1,2,2,2,2,1,0,0,1,0,0,3,0,8.0,12.0,2.0,5.0,1,0,0,0,32.0,32.0,32.0,32.0,66.0,66.0,66.0,66.0,4344.0
131366,0,0,1979.75,2,0,0,0,1,1,1,2,2,2,2,0,1,0,0,1,0,0,2,9.0,13.0,18.0,21.0,0,0,0,0,5.0,5.0,5.0,5.0,7.0,7.0,7.0,7.0,5301.0
131408,1,1,1980.0,0,2,2,2,0,0,0,0,0,0,0,0,0,1,0,0,0,0,0,10.0,35.0,32.0,18.0,1,1,1,1,11.0,11.0,11.0,11.0,30.0,30.0,30.0,30.0,4374.0
131489,0,0,1980.0,2,0,0,0,1,1,1,2,2,2,2,0,0,0,1,0,0,3,0,3.0,12.0,2.0,5.0,0,0,0,0,32.0,32.0,32.0,32.0,66.0,66.0,66.0,66.0,4936.0
131597,0,0,1980.25,2,0,0,0,1,0,1,2,2,2,2,1,0,0,1,0,0,6,0,10.0,8.0,10.0,13.0,0,0,1,0,36.0,36.0,36.0,36.0,72.0,72.0,72.0,72.0,4639.0
131630,0,1,1980.25,0,0,0,0,0,0,0,0,0,0,0,1,0,1,1,4,0,0,0,3.0,14.0,13.0,19.0,1,1,0,1,22.0,22.0,22.0,22.0,53.0,53.0,53.0,53.0,4151.0
131696,1,0,1980.0,0,0,1,1,1,1,1,1,1,1,1,0,0,0,0,3,6,6,0,1.0,25.0,28.0,11.0,0,1,0,0,11.0,11.0,11.0,11.0,23.0,23.0,23.0,23.0,4327.0
131708,0,1,1980.25,2,2,2,2,0,0,0,0,0,0,0,0,1,1,0,0,1,0,0,6.0,33.0,5.0,26.0,0,1,0,1,11.0,11.0,11.0,11.0,16.0,16.0,16.0,16.0,3956.0
131807,1,0,1980.0,0,2,2,2,0,0,0,2,2,2,2,0,0,0,0,0,0,0,0,10.0,9.0,15.0,15.0,0,0,0,0,30.0,30.0,30.0,30.0,63.0,63.0,63.0,63.0,4540.0
131814,0,0,1979.75,1,1,1,1,1,1,1,2,2,2,2,2,0,0,1,0,0,0,2,10.0,21.0,10.0,17.0,0,0,0,0,3.0,3.0,3.0,3.0,3.0,3.0,3.0,3.0,4324.0
132025,0,1,1980.5,1,1,1,0,1,0,0,0,0,0,0,0,0,0,0,0,6,0,0,11.0,32.0,4.0,5.0,0,1,0,0,11.0,11.0,11.0,11.0,27.0,27.0,27.0,27.0,4237.0
132096,0,1,1980.0,1,1,1,1,0,1,1,0,0,0,0,0,0,1,1,0,3,0,0,6.0,13.0,33.0,18.0,1,1,1,1,11.0,11.0,11.0,11.0,19.0,19.0,19.0,19.0,4698.0
132127,0,0,1980.0,0,2,2,2,1,1,1,2,2,2,2,1,1,0,1,0,0,0,1,13.0,11.0,7.0,17.0,0,1,0,0,21.0,21.0,21.0,21.0,50.0,49.0,49.0,49.0,4604.0
132224,0,0,1980.0,2,0,0,1,1,1,1,2,2,2,2,0,0,0,0,0,0,0,4,10.0,5.0,31.0,0.0,0,0,0,0,34.0,34.0,34.0,34.0,68.0,68.0,68.0,68.0,4249.0
132429,1,0,1980.25,2,0,0,1,1,1,1,2,2,2,2,0,1,0,0,0,0,0,1,14.0,13.0,19.0,9.0,0,0,0,0,37.0,37.0,37.0,37.0,73.0,73.0,73.0,73.0,4529.0
132526,1,1,1980.25,0,1,1,1,1,0,1,0,0,0,0,1,1,0,0,4,4,4,3,3.0,2.0,0.0,1.0,1,0,0,0,22.0,22.0,22.0,22.0,53.0,53.0,53.0,53.0,4321.0
132551,0,1,1979.75,2,2,0,2,0,0,0,0,0,0,0,0,0,1,0,0,0,4,0,10.0,24.0,24.0,25.0,1,1,1,1,11.0,11.0,11.0,11.0,27.0,27.0,27.0,27.0,4226.0
132607,0,0,1980.0,0,2,2,2,1,0,0,2,2,2,2,1,1,3,1,0,6,0,0,8.0,11.0,15.0,8.0,0,0,0,0,41.0,41.0,41.0,41.0,78.0,78.0,78.0,78.0,4365.0
132830,1,0,1980.25,2,0,0,0,1,1,1,2,2,2,2,1,1,1,0,0,0,0,0,11.0,5.0,11.0,19.0,0,0,0,0,39.0,39.0,39.0,39.0,75.0,75.0,75.0,75.0,5082.0
132843,1,0,1980.5,0,0,2,2,1,1,1,2,2,2,2,1,1,0,0,0,0,0,0,13.0,5.0,33.0,7.0,0,0,0,0,39.0,39.0,39.0,39.0,75.0,75.0,75.0,75.0,4330.0
133094,1,0,1979.75,0,2,2,2,1,1,1,2,2,2,2,1,0,1,1,0,0,1,0,13.0,3.0,11.0,4.0,0,0,0,0,23.0,23.0,23.0,23.0,55.0,55.0,55.0,55.0,4200.0
133126,0,5,1979.75,2,2,2,2,1,1,1,2,2,2,2,3,0,0,0,0,0,0,0,12.0,16.0,15.0,15.0,0,0,0,0,30.0,30.0,30.0,30.0,63.0,63.0,63.0,63.0,4790.0
133194,0,0,1980.5,0,0,1,1,1,1,1,2,2,2,2,0,0,0,0,0,0,0,0,20.0,32.0,10.0,4.0,0,0,0,0,9.0,9.0,16.0,16.0,12.0,12.0,40.0,40.0,4534.0
133229,1,1,1980.25,1,1,1,1,0,0,0,0,0,0,0,0,0,1,0,3,0,0,0,1.0,4.0,26.0,7.0,0,1,1,0,11.0,11.0,11.0,11.0,33.0,33.0,33.0,33.0,4318.0
133438,0,0,1980.25,1,1,1,1,0,0,0,2,2,2,2,0,0,1,0,0,3,1,0,27.0,2.0,28.0,36.0,0,0,0,0,16.0,16.0,16.0,16.0,40.0,40.0,40.0,40.0,4774.0
133451,0,0,1980.5,2,0,0,0,1,1,1,2,2,2,2,1,1,0,0,0,0,4,6,7.0,42.0,0.0,23.0,0,0,0,0,30.0,30.0,30.0,30.0,63.0,63.0,63.0,63.0,4594.0
133469,0,0,1980.25,2,2,2,2,0,1,0,2,2,2,2,1,0,0,1,0,0,0,0,12.0,17.0,9.0,9.0,0,0,0,0,21.0,21.0,21.0,21.0,50.0,50.0,50.0,50.0,4450.0
133737,0,0,1980.5,0,0,0,0,1,1,1,2,2,2,2,0,0,0,0,0,2,0,0,16.0,11.0,31.0,7.0,0,0,0,0,35.0,35.0,35.0,35.0,69.0,69.0,69.0,69.0,4695.0
133790,1,0,1980.25,1,1,1,1,1,1,1,2,2,2,2,1,0,0,0,0,0,0,0,13.0,6.0,20.0,10.0,0,0,0,0,6.0,6.0,6.0,6.0,8.0,8.0,8.0,8.0,4490.0
133824,0,0,1980.0,2,0,0,0,1,1,1,1,1,1,1,0,1,0,0,0,0,0,3,5.0,23.0,10.0,4.0,1,0,1,0,11.0,11.0,11.0,11.0,21.0,21.0,21.0,21.0,4242.0
133839,1,0,1980.0,1,1,1,1,1,1,1,2,2,2,2,0,0,0,0,0,0,3,0,22.0,9.0,0.0,7.0,0,0,0,0,40.0,40.0,40.0,40.0,76.0,77.0,77.0,77.0,4929.0
133873,1,0,1980.0,1,1,1,1,1,1,1,2,2,2,2,1,0,3,1,0,2,2,0,6.0,19.0,12.0,3.0,0,0,0,0,15.0,15.0,15.0,15.0,39.0,39.0,39.0,39.0,4742.0
133953,0,0,1980.0,0,0,0,1,1,1,1,2,2,2,2,0,1,0,0,0,0,0,1,19.0,13.0,19.0,9.0,0,0,0,0,37.0,37.0,37.0,37.0,73.0,73.0,73.0,73.0,4505.0
133978,1,0,1980.5,0,0,0,0,0,0,0,3,3,3,3,0,1,0,1,4,0,3,0,0.0,8.0,1.0,7.0,0,0,0,0,26.0,26.0,26.0,26.0,59.0,59.0,59.0,59.0,4632.0
134168,1,1,1979.75,2,2,2,2,0,0,0,2,2,2,2,1,1,1,1,0,0,0,0,8.0,13.0,21.0,36.0,0,0,1,0,38.0,38.0,38.0,38.0,74.0,74.0,74.0,74.0,4358.0
134361,0,0,1980.5,1,1,1,1,1,1,1,3,3,3,3,0,0,0,1,0,0,0,0,14.0,27.0,12.0,19.0,0,0,0,0,6.0,6.0,6.0,6.0,9.0,9.0,9.0,9.0,4747.0
134385,1,0,1980.0,0,2,2,2,1,1,1,2,2,2,2,0,1,1,1,0,0,6,0,13.0,13.0,20.0,19.0,0,0,0,1,38.0,38.0,38.0,38.0,74.0,74.0,74.0,74.0,4276.0
134414,0,0,1981.25,0,0,0,0,1,1,0,2,2,2,2,0,0,0,0,0,0,6,0,8.0,23.0,23.0,21.0,0,0,0,0,3.0,3.0,3.0,3.0,3.0,3.0,3.0,3.0,4203.0
134620,0,1,1980.25,1,1,1,1,0,0,0,0,0,0,0,0,0,1,1,3,3,0,0,2.0,13.0,33.0,18.0,0,1,1,1,11.0,11.0,11.0,11.0,19.0,19.0,19.0,19.0,4665.0
134720,0,0,1980.0,0,1,1,1,1,1,1,3,3,3,3,0,0,1,0,4,0,0,0,0.0,5.0,9.0,13.0,0,0,1,0,26.0,26.0,26.0,26.0,59.0,59.0,59.0,59.0,4385.0
134782,1,0,1980.25,0,0,2,2,0,1,1,2,2,2,2,1,0,1,0,0,0,0,0,12.0,8.0,8.0,11.0,0,0,0,0,36.0,36.0,36.0,36.0,72.0,72.0,72.0,72.0,4727.0
134832,1,0,1980.0,0,0,0,0,1,1,1,1,1,1,1,3,1,0,1,0,0,0,0,13.0,7.0,8.0,15.0,0,1,0,1,22.0,22.0,22.0,22.0,51.0,51.0,51.0,51.0,4255.0
134872,0,1,1979.75,1,1,1,2,0,0,0,0,0,0,0,1,0,0,0,2,0,0,0,12.0,6.0,28.0,18.0,0,0,1,1,11.0,11.0,11.0,11.0,15.0,15.0,15.0,30.0,4001.0
134920,1,0,1979.75,0,2,2,2,0,1,0,2,2,2,2,0,0,1,1,0,6,0,0,13.0,23.0,21.0,36.0,0,0,1,0,38.0,38.0,38.0,38.0,74.0,74.0,74.0,74.0,4619.0
135111,0,1,1979.75,2,2,0,2,0,0,0,0,0,0,0,0,0,0,1,0,0,0,4,7.0,27.0,7.0,12.0,0,1,1,0,11.0,11.0,11.0,11.0,22.0,22.0,22.0,22.0,4566.0
135148,1,1,1980.25,0,0,2,2,1,0,0,3,3,3,3,3,0,1,0,0,0,0,0,13.0,11.0,20.0,20.0,0,0,0,0,27.0,27.0,27.0,27.0,60.0,60.0,60.0,60.0,4392.0
135291,1,0,1980.5,2,0,0,1,1,1,1,2,2,2,2,0,1,0,0,0,0,0,1,14.0,13.0,19.0,9.0,0,0,0,0,37.0,37.0,37.0,37.0,73.0,73.0,73.0,73.0,4426.0
135328,0,1,1980.0,2,2,2,2,1,1,1,2,2,2,2,1,1,1,1,0,0,6,0,8.0,13.0,20.0,19.0,0,0,0,1,38.0,38.0,38.0,38.0,74.0,74.0,74.0,74.0,4659.0
135334,0,0,1979.75,1,1,1,1,1,1,1,2,2,2,2,0,0,0,0,0,0,0,0,11.0,31.0,14.0,14.0,0,0,0,0,8.0,8.0,8.0,8.0,11.0,11.0,11.0,11.0,5135.0
135356,0,0,1980.25,2,2,2,2,0,0,0,2,2,2,2,0,1,0,1,0,0,0,1,9.0,11.0,7.0,17.0,0,1,0,0,21.0,21.0,21.0,21.0,49.0,49.0,49.0,49.0,4503.0
135374,0,0,1980.25,1,1,1,1,0,0,0,2,2,2,2,2,0,1,0,1,4,0,0,8.0,1.0,8.0,9.0,0,0,0,0,14.0,14.0,14.0,14.0,38.0,38.0,38.0,38.0,4708.0
135494,0,0,1979.75,2,1,1,1,1,0,0,0,0,0,0,0,1,0,0,0,4,4,3,9.0,2.0,0.0,1.0,0,0,0,0,22.0,22.0,22.0,22.0,53.0,53.0,53.0,53.0,4115.0
135553,1,0,1980.0,0,0,0,0,1,0,1,2,2,2,2,0,0,0,1,0,0,0,0,20.0,19.0,18.0,6.0,0,0,0,0,31.0,31.0,31.0,31.0,64.0,64.0,64.0,64.0,4430.0
135600,1,0,1980.0,2,2,2,2,1,1,1,1,1,1,1,1,0,1,1,0,3,6,0,8.0,1.0,22.0,15.0,0,0,0,0,28.0,28.0,28.0,28.0,61.0,61.0,61.0,61.0,4684.0
135658,0,0,1980.5,1,1,1,1,0,0,0,2,2,2,2,1,0,3,1,0,2,2,0,6.0,19.0,12.0,3.0,0,0,0,0,15.0,15.0,15.0,15.0,39.0,39.0,39.0,39.0,4359.0
135814,1,0,1979.75,0,2,2,2,1,1,1,1,1,1,1,1,0,1,1,0,3,6,0,22.0,1.0,22.0,15.0,0,0,0,0,28.0,28.0,28.0,28.0,61.0,61.0,61.0,61.0,4332.0
135866,1,0,1980.5,1,1,1,1,1,1,1,1,1,1,1,0,0,0,0,0,6,0,0,16.0,23.0,33.0,15.0,1,0,0,0,22.0,22.0,22.0,22.0,51.0,51.0,51.0,51.0,4962.0
135911,0,0,1979.75,1,1,1,1,0,0,1,2,2,2,2,0,1,1,0,0,2,0,0,4.0,26.0,4.0,5.0,0,0,0,0,5.0,5.0,5.0,5.0,7.0,7.0,7.0,7.0,4578.0
136096,1,0,1980.0,0,0,0,0,0,0,0,2,2,2,2,1,0,0,0,2,0,0,0,16.0,5.0,31.0,8.0,0,0,0,0,34.0,34.0,34.0,34.0,68.0,68.0,68.0,68.0,4707.0
136112,1,0,1980.0,2,0,0,0,0,1,1,2,2,2,2,1,0,1,1,0,0,3,0,5.0,12.0,1.0,18.0,0,0,0,0,15.0,15.0,15.0,15.0,39.0,39.0,39.0,39.0,4510.0
136236,0,0,1980.25,0,0,1,1,1,1,1,1,1,1,1,1,0,0,0,0,3,0,0,12.0,1.0,27.0,23.0,0,0,1,0,22.0,22.0,22.0,22.0,52.0,52.0,52.0,52.0,4222.0
136582,0,1,1979.75,2,0,0,0,0,0,0,0,0,0,0,0,0,0,0,0,4,3,3,11.0,0.0,1.0,3.0,0,1,0,0,18.0,18.0,18.0,18.0,45.0,45.0,45.0,45.0,4274.0
136635,0,0,1980.5,2,2,2,2,1,1,1,2,2,2,2,1,0,0,0,0,2,0,2,6.0,16.0,8.0,12.0,0,0,0,0,35.0,35.0,35.0,35.0,69.0,69.0,69.0,69.0,4634.0
136650,0,0,1980.5,0,2,2,2,1,1,1,2,2,2,2,0,0,0,0,0,0,0,0,10.0,16.0,8.0,15.0,0,0,0,0,30.0,30.0,30.0,30.0,63.0,63.0,63.0,63.0,4471.0
136827,1,0,1980.5,1,1,2,1,1,1,1,2,2,2,2,0,1,0,0,0,2,0,2,4.0,26.0,8.0,23.0,0,0,0,0,5.0,5.0,5.0,5.0,7.0,7.0,7.0,7.0,4966.0
136894,1,0,1980.25,2,2,2,2,1,1,1,2,2,2,2,1,1,3,1,0,6,0,0,3.0,11.0,15.0,8.0,0,0,0,0,41.0,41.0,41.0,41.0,78.0,78.0,78.0,78.0,4128.0
136998,0,0,1979.75,0,0,0,0,0,0,1,2,2,2,2,1,0,1,0,0,0,0,0,13.0,15.0,10.0,22.0,0,0,0,0,6.0,6.0,6.0,6.0,8.0,8.0,8.0,8.0,4385.0
137046,1,0,1979.75,0,0,0,0,1,1,1,2,2,2,2,1,0,0,1,0,3,4,0,4.0,2.0,2.0,13.0,0,0,0,0,42.0,42.0,42.0,42.0,80.0,80.0,80.0,80.0,4152.0
137089,1,0,1980.0,1,1,1,1,1,1,1,2,2,2,2,1,0,0,1,0,0,1,0,12.0,8.0,33.0,12.0,0,0,0,0,42.0,42.0,42.0,42.0,80.0,80.0,80.0,80.0,5058.0
137281,0,0,1980.0,1,1,1,1,1,1,1,2,2,2,2,0,1,1,0,0,0,0,0,8.0,14.0,17.0,10.0,0,0,0,0,6.0,6.0,6.0,6.0,8.0,8.0,8.0,8.0,4454.0
137306,0,1,1980.5,0,2,2,2,1,1,1,1,1,1,1,0,1,1,0,5,0,0,0,3.0,6.0,9.0,8.0,0,0,0,0,25.0,25.0,25.0,25.0,58.0,58.0,58.0,58.0,4177.0
137387,0,1,1980.5,1,1,1,1,1,1,1,1,1,1,1,0,0,0,0,0,3,0,0,21.0,3.0,4.0,13.0,0,0,0,1,11.0,11.0,11.0,11.0,20.0,20.0,20.0,20.0,4578.0
137454,0,0,1980.25,2,2,2,2,1,1,1,2,2,2,2,1,1,0,0,0,0,0,0,8.0,11.0,6.0,7.0,0,0,1,0,24.0,24.0,24.0,24.0,57.0,57.0,57.0,57.0,4320.0
137483,0,0,1980.5,1,1,1,1,1,1,1,2,2,2,2,0,1,1,0,0,0,0,0,12.0,15.0,14.0,14.0,0,0,0,0,41.0,41.0,41.0,41.0,79.0,79.0,79.0,79.0,4365.0
137644,1,1,1980.25,0,0,0,2,0,0,1,0,0,0,0,0,0,0,1,3,3,0,1,1.0,1.0,12.0,14.0,1,0,1,1,11.0,11.0,11.0,11.0,22.0,22.0,22.0,22.0,4135.0
137655,1,0,1979.75,0,0,0,2,1,1,1,1,1,1,1,0,0,1,0,0,0,0,0,11.0,7.0,31.0,14.0,0,0,0,1,22.0,22.0,22.0,22.0,51.0,51.0,51.0,51.0,4570.0
138054,0,0,1979.75,2,0,1,1,0,0,0,3,3,3,3,0,0,1,0,3,0,0,6,5.0,11.0,14.0,29.0,0,0,0,0,27.0,27.0,27.0,27.0,60.0,60.0,60.0,60.0,4355.0
138081,0,0,1980.0,1,1,1,1,0,0,0,2,2,2,2,2,0,1,0,1,4,0,0,8.0,1.0,8.0,9.0,0,0,0,0,14.0,14.0,14.0,14.0,38.0,38.0,38.0,38.0,4801.0
138119,1,0,1979.75,2,0,0,0,1,1,1,2,2,2,2,1,1,0,0,0,0,0,4,8.0,11.0,19.0,3.0,0,0,0,0,24.0,24.0,24.0,24.0,57.0,57.0,57.0,57.0,4371.0
138135,1,0,1979.75,2,0,0,0,1,1,1,2,2,2,2,0,0,1,1,0,2,2,6,12.0,20.0,18.0,17.0,0,0,0,0,12.0,12.0,12.0,12.0,35.0,35.0,35.0,35.0,4612.0
138219,0,1,1980.5,2,0,0,1,0,0,0,0,0,0,0,1,1,0,0,0,0,4,0,5.0,19.0,2.0,29.0,0,0,0,1,11.0,11.0,11.0,11.0,33.0,33.0,33.0,33.0,4105.0
138303,1,0,1980.0,2,0,0,0,1,1,1,2,2,2,2,0,1,0,0,0,0,0,0,13.0,11.0,13.0,37.0,0,0,0,0,8.0,8.0,8.0,8.0,11.0,11.0,11.0,11.0,4958.0
138667,1,0,1980.5,2,0,0,0,1,1,1,2,2,2,2,0,1,0,0,1,0,0,2,9.0,13.0,18.0,21.0,0,0,0,0,5.0,5.0,5.0,5.0,7.0,7.0,7.0,7.0,4928.0
138714,1,0,1980.5,0,0,0,0,0,0,1,2,2,2,2,1,0,0,0,0,0,2,0,13.0,19.0,14.0,3.0,0,0,0,0,14.0,14.0,14.0,14.0,38.0,38.0,38.0,38.0,4406.0
138929,1,0,1980.0,1,1,1,1,0,1,0,2,2,2,2,1,1,0,0,0,0,3,0,8.0,14.0,0.0,7.0,0,0,0,0,40.0,40.0,40.0,40.0,76.0,77.0,77.0,77.0,4640.0
139094,1,1,1980.75,2,2,0,0,0,0,0,0,0,0,0,0,0,0,0,0,3,3,3,11.0,1.0,1.0,3.0,0,1,0,0,18.0,18.0,18.0,18.0,45.0,45.0,45.0,45.0,4480.0
139152,0,0,1980.0,0,2,2,2,0,0,0,2,2,2,2,1,0,0,0,0,0,0,6,12.0,20.0,19.0,2.0,0,0,0,0,31.0,31.0,31.0,31.0,65.0,65.0,65.0,65.0,4520.0
139223,1,0,1979.75,0,0,0,0,1,1,1,2,2,2,2,0,1,0,0,0,0,0,0,2.0,13.0,6.0,8.0,0,0,0,0,40.0,40.0,40.0,40.0,76.0,77.0,77.0,77.0,5006.0
139245,1,0,1980.25,0,2,2,2,1,1,1,2,2,2,2,1,2,0,0,0,0,0,0,13.0,18.0,33.0,7.0,0,0,0,0,39.0,39.0,39.0,39.0,75.0,75.0,75.0,75.0,4397.0
139258,0,0,1980.5,0,2,2,2,0,0,0,2,2,2,2,1,0,1,1,0,4,0,0,13.0,2.0,29.0,11.0,0,0,0,0,24.0,24.0,24.0,24.0,56.0,56.0,56.0,56.0,4453.0
139393,0,0,1980.0,2,2,2,2,1,1,1,2,2,2,2,1,1,3,1,0,6,0,0,3.0,11.0,15.0,8.0,0,0,0,0,41.0,41.0,41.0,41.0,78.0,78.0,78.0,78.0,4309.0
139423,0,0,1980.0,2,0,1,1,1,1,1,3,3,3,3,1,1,1,0,0,0,0,4,12.0,3.0,22.0,0.0,0,0,0,0,7.0,7.0,7.0,7.0,10.0,10.0,10.0,10.0,4790.0
139546,0,0,1980.5,1,1,1,1,1,0,0,1,1,1,1,0,0,1,0,0,0,0,4,12.0,21.0,11.0,8.0,1,0,0,0,11.0,11.0,11.0,11.0,25.0,25.0,25.0,25.0,4340.0
139568,1,0,1980.0,2,2,2,2,0,0,0,2,2,2,2,1,0,1,0,0,0,0,0,10.0,14.0,8.0,11.0,0,1,0,0,36.0,36.0,36.0,36.0,72.0,72.0,72.0,72.0,4187.0
139617,1,0,1980.0,0,0,0,0,1,1,1,2,2,2,2,1,0,0,1,0,0,6,0,12.0,15.0,10.0,13.0,0,0,1,0,36.0,36.0,36.0,36.0,72.0,72.0,72.0,72.0,4910.0
139705,1,1,1980.5,2,2,0,0,0,0,0,0,0,0,0,0,0,0,0,3,0,0,0,0.0,10.0,30.0,31.0,0,0,1,1,11.0,11.0,11.0,11.0,32.0,32.0,32.0,32.0,3842.0
139951,0,0,1980.0,0,0,0,0,1,1,1,2,2,2,2,0,0,0,0,0,0,0,0,16.0,10.0,26.0,17.0,0,0,0,0,29.0,29.0,29.0,29.0,62.0,62.0,62.0,62.0,4533.0
140219,0,1,1980.5,2,2,2,0,0,0,0,0,0,0,0,0,0,1,0,0,0,0,0,7.0,6.0,9.0,26.0,0,0,1,1,11.0,11.0,11.0,11.0,22.0,22.0,22.0,22.0,4111.0
140249,1,0,1979.5,0,2,2,2,1,0,0,2,2,2,2,0,0,0,0,0,4,0,4,2.0,0.0,16.0,1.0,0,0,0,0,40.0,40.0,40.0,40.0,76.0,77.0,77.0,77.0,4163.0
140414,0,0,1980.25,0,1,1,1,1,1,1,1,1,1,1,1,0,0,0,0,0,0,0,12.0,12.0,5.0,27.0,0,0,0,0,22.0,22.0,22.0,22.0,52.0,52.0,52.0,52.0,4779.0
140481,0,0,1980.0,2,1,1,1,1,1,1,2,2,2,2,0,1,1,0,0,0,6,3,15.0,4.0,35.0,2.0,0,0,0,0,19.0,19.0,19.0,19.0,47.0,47.0,47.0,47.0,4975.0
140540,0,0,1980.25,2,0,0,2,1,1,1,1,1,1,1,3,1,0,1,0,0,0,0,12.0,13.0,17.0,32.0,0,0,0,0,22.0,22.0,22.0,22.0,51.0,51.0,51.0,51.0,4658.0
140558,0,0,1980.25,0,0,0,0,1,1,1,2,2,2,2,1,0,0,1,0,3,4,0,4.0,2.0,2.0,13.0,0,0,0,0,42.0,42.0,42.0,42.0,80.0,80.0,80.0,80.0,4765.0
140650,1,0,1979.5,1,1,1,1,0,0,0,2,2,2,2,0,0,0,0,0,0,0,2,19.0,7.0,32.0,17.0,0,0,0,0,31.0,31.0,31.0,31.0,64.0,64.0,64.0,64.0,4229.0
140682,1,1,1980.5,0,2,2,0,0,0,0,0,0,0,0,0,1,0,0,3,2,0,0,1.0,24.0,11.0,20.0,1,1,0,0,11.0,11.0,11.0,11.0,22.0,22.0,22.0,22.0,3887.0
140795,0,0,1980.5,0,2,2,2,1,1,1,2,2,2,2,0,0,1,0,0,0,0,0,8.0,14.0,8.0,11.0,0,1,0,0,36.0,36.0,36.0,36.0,72.0,72.0,72.0,72.0,4462.0
140874,1,0,1980.5,2,2,2,2,1,1,1,1,1,1,1,0,0,1,1,0,4,0,0,7.0,4.0,19.0,19.0,0,0,0,1,22.0,22.0,22.0,22.0,54.0,54.0,54.0,54.0,4410.0
140967,0,0,1979.75,2,2,2,2,0,0,1,2,2,2,2,1,0,0,0,0,2,0,2,6.0,16.0,8.0,12.0,0,0,0,0,35.0,35.0,35.0,35.0,69.0,69.0,69.0,69.0,4426.0
140985,0,0,1980.5,2,0,0,0,1,0,1,2,2,2,2,0,0,1,0,0,0,0,0,5.0,19.0,19.0,22.0,0,0,0,0,31.0,31.0,31.0,31.0,64.0,64.0,64.0,64.0,4180.0
141038,0,0,1980.25,1,1,1,1,1,1,1,2,2,2,2,0,2,2,2,0,0,2,0,3.0,17.0,17.0,13.0,0,0,0,0,39.0,39.0,39.0,39.0,75.0,75.0,75.0,75.0,4427.0
141070,1,0,1980.25,0,2,2,2,1,1,1,1,1,1,1,0,1,1,0,5,0,0,0,3.0,6.0,9.0,8.0,0,0,0,0,25.0,25.0,25.0,25.0,58.0,58.0,58.0,58.0,4236.0
141089,1,0,1980.0,2,1,1,1,0,0,0,2,2,2,2,1,0,0,1,0,0,0,0,7.0,7.0,18.0,12.0,0,0,0,0,30.0,30.0,30.0,30.0,63.0,63.0,63.0,63.0,4575.0
141131,0,0,1980.5,0,2,2,2,1,1,1,2,2,2,2,1,0,0,1,1,0,6,0,11.0,16.0,4.0,14.0,0,0,1,0,8.0,8.0,8.0,8.0,11.0,11.0,11.0,11.0,4288.0
141149,1,1,1980.25,0,0,2,2,0,0,0,0,0,0,0,0,0,0,0,4,0,6,6,0.0,37.0,0.0,17.0,0,1,0,1,11.0,11.0,11.0,11.0,31.0,31.0,31.0,31.0,3940.0
141194,0,0,1980.5,1,1,1,1,0,0,0,2,2,2,2,0,0,0,0,0,0,3,0,15.0,4.0,1.0,5.0,0,0,0,0,32.0,32.0,32.0,32.0,66.0,66.0,66.0,66.0,4627.0
141311,1,0,1980.0,2,2,2,2,1,1,1,2,2,2,2,0,1,0,1,0,0,3,0,14.0,11.0,2.0,15.0,0,0,0,0,37.0,37.0,37.0,37.0,73.0,73.0,73.0,73.0,4823.0
141375,0,0,1980.0,2,0,0,0,0,0,0,2,2,2,2,0,0,0,0,0,0,0,0,10.0,5.0,31.0,8.0,0,0,0,0,34.0,34.0,34.0,34.0,68.0,68.0,68.0,68.0,4259.0
141564,1,1,1980.25,2,0,0,0,0,0,0,0,0,0,0,1,1,1,0,0,0,4,4,5.0,32.0,0.0,0.0,0,1,1,1,11.0,11.0,11.0,11.0,33.0,33.0,33.0,33.0,4400.0
141611,0,1,1980.5,1,1,1,1,0,0,0,0,0,0,0,0,0,0,1,3,6,0,2,2.0,9.0,8.0,21.0,0,1,1,1,11.0,11.0,11.0,11.0,19.0,19.0,19.0,19.0,4358.0
141655,1,0,1979.75,1,1,1,1,1,1,1,2,2,2,2,1,1,1,0,5,0,6,3,11.0,4.0,35.0,2.0,0,0,0,0,19.0,19.0,19.0,19.0,47.0,47.0,47.0,47.0,4443.0
141757,0,0,1980.25,2,2,2,2,0,0,0,2,2,2,2,1,1,0,1,0,6,0,1,9.0,20.0,11.0,13.0,0,0,0,0,3.0,3.0,3.0,3.0,3.0,3.0,3.0,3.0,4496.0
142142,1,0,1980.25,0,0,0,0,1,1,1,2,2,2,2,1,0,0,1,0,3,4,0,4.0,2.0,2.0,13.0,0,0,0,0,42.0,42.0,42.0,42.0,80.0,80.0,80.0,80.0,4306.0
142151,0,1,1979.75,1,1,1,1,0,0,0,2,2,2,2,1,0,0,0,0,3,3,3,8.0,1.0,5.0,3.0,0,0,1,0,34.0,34.0,34.0,34.0,68.0,68.0,68.0,68.0,4540.0
142177,0,0,1980.0,2,0,0,0,1,1,1,2,2,2,2,0,0,0,0,0,0,3,6,13.0,7.0,1.0,7.0,0,0,0,0,33.0,33.0,33.0,33.0,67.0,67.0,67.0,67.0,4505.0
142183,1,0,1979.75,2,2,2,2,0,0,0,2,2,2,2,0,0,1,0,0,3,0,1,14.0,1.0,8.0,19.0,0,0,0,0,37.0,37.0,37.0,37.0,73.0,73.0,73.0,73.0,4481.0
142295,1,1,1978.75,2,1,1,1,0,0,0,0,0,0,0,1,1,0,1,0,1,0,0,17.0,25.0,4.0,29.0,0,1,1,1,11.0,11.0,11.0,11.0,16.0,16.0,16.0,16.0,4124.0
142399,1,0,1980.0,1,2,2,2,1,1,1,2,2,2,2,0,0,1,1,0,6,0,0,12.0,23.0,21.0,36.0,0,0,1,0,38.0,38.0,38.0,38.0,74.0,74.0,74.0,74.0,4526.0
142433,0,0,1980.0,0,2,2,2,1,1,1,2,2,2,2,1,1,3,1,0,6,0,0,8.0,11.0,15.0,8.0,0,0,0,0,41.0,41.0,41.0,41.0,78.0,78.0,78.0,78.0,4058.0
142522,0,0,1980.5,2,2,2,2,1,1,1,2,2,2,2,0,1,0,1,0,0,3,0,14.0,11.0,2.0,15.0,0,0,0,0,37.0,37.0,37.0,37.0,73.0,73.0,73.0,73.0,4815.0
142540,1,1,1980.25,0,2,2,2,1,1,1,2,2,2,2,1,0,0,0,0,0,0,0,6.0,16.0,15.0,15.0,0,0,0,0,30.0,30.0,30.0,30.0,63.0,63.0,63.0,63.0,4505.0
142710,0,0,1979.75,2,2,2,2,0,0,0,2,2,2,2,0,0,0,1,0,0,0,0,13.0,8.0,13.0,4.0,0,0,0,0,32.0,32.0,32.0,32.0,66.0,66.0,66.0,66.0,4336.0
142983,1,0,1979.75,2,2,2,2,1,1,1,1,1,1,1,0,1,0,1,0,0,0,3,7.0,29.0,33.0,2.0,0,0,0,0,4.0,4.0,4.0,4.0,4.0,4.0,4.0,4.0,4074.0
143130,0,0,1980.5,0,1,1,1,1,1,1,1,1,1,1,1,0,0,0,0,0,0,0,12.0,12.0,5.0,27.0,0,0,0,0,22.0,22.0,22.0,22.0,52.0,52.0,52.0,52.0,4865.0
143160,1,0,1979.75,1,1,1,1,1,1,1,2,2,2,2,1,0,0,0,0,0,0,0,5.0,13.0,21.0,3.0,0,0,0,0,12.0,12.0,12.0,12.0,35.0,35.0,35.0,35.0,4724.0
143258,0,0,1980.5,0,0,0,0,1,1,1,2,2,2,2,0,0,1,0,3,3,0,4,2.0,1.0,12.0,3.0,0,0,0,0,16.0,16.0,16.0,16.0,40.0,40.0,40.0,40.0,4379.0
143305,1,0,1980.5,2,0,0,0,1,1,0,2,2,2,2,1,0,0,1,0,3,4,0,13.0,2.0,2.0,13.0,0,0,0,0,42.0,42.0,42.0,42.0,80.0,80.0,80.0,80.0,4101.0
143471,0,0,1980.0,0,2,2,2,1,1,1,1,1,1,1,0,1,1,0,5,0,0,0,3.0,6.0,9.0,8.0,0,0,0,0,25.0,25.0,25.0,25.0,58.0,58.0,58.0,58.0,4729.0
143478,1,0,1979.75,0,2,2,2,0,0,0,2,2,2,2,0,0,0,2,3,0,4,1,2.0,5.0,3.0,12.0,0,0,0,0,16.0,16.0,16.0,16.0,40.0,40.0,40.0,40.0,4561.0
143520,1,0,1980.0,2,0,0,1,1,1,1,2,2,2,2,0,0,0,0,0,4,3,6,13.0,0.0,1.0,24.0,0,0,0,0,32.0,32.0,32.0,32.0,66.0,66.0,66.0,66.0,4500.0
143623,0,0,1979.75,1,1,1,1,0,0,0,2,2,2,2,0,1,1,0,0,2,0,0,4.0,26.0,4.0,5.0,0,0,0,0,5.0,5.0,5.0,5.0,7.0,7.0,7.0,7.0,4546.0
143678,0,1,1980.25,1,1,1,1,0,0,1,1,1,1,1,0,0,1,0,0,4,0,4,12.0,1.0,11.0,8.0,1,1,0,0,11.0,11.0,11.0,11.0,25.0,25.0,25.0,25.0,4323.0
143689,0,0,1980.5,1,1,1,1,1,1,1,3,3,3,3,0,0,1,0,0,0,3,0,13.0,18.0,23.0,9.0,0,0,0,0,6.0,6.0,6.0,6.0,9.0,9.0,9.0,9.0,4516.0
143719,0,1,1979.75,1,1,1,1,0,0,0,3,3,3,3,1,0,1,1,0,0,0,0,12.0,12.0,16.0,9.0,0,0,0,0,2.0,2.0,2.0,2.0,2.0,2.0,2.0,2.0,4555.0
143808,1,0,1980.0,1,1,1,1,1,1,1,2,2,2,2,0,0,0,0,0,0,0,2,19.0,7.0,32.0,17.0,0,0,0,0,31.0,31.0,31.0,31.0,64.0,64.0,64.0,64.0,4670.0
144033,1,1,1980.0,2,0,0,2,0,0,0,0,0,0,0,0,0,1,0,4,6,0,0,0.0,3.0,10.0,30.0,0,1,0,1,11.0,11.0,11.0,11.0,19.0,19.0,19.0,19.0,4239.0
144189,1,0,1980.25,2,0,0,0,1,0,1,2,2,2,2,0,0,0,0,0,0,4,3,15.0,12.0,2.0,1.0,0,0,0,0,19.0,19.0,19.0,19.0,47.0,47.0,47.0,47.0,4186.0
144240,1,1,1980.0,2,0,0,0,1,1,1,1,1,1,1,0,0,0,0,3,0,6,0,1.0,4.0,4.0,7.0,1,0,1,1,11.0,11.0,11.0,11.0,20.0,20.0,20.0,20.0,4495.0
144269,1,0,1980.25,2,2,2,2,0,0,0,2,2,2,2,1,0,1,0,0,0,0,0,12.0,13.0,16.0,10.0,0,0,0,0,6.0,6.0,6.0,6.0,8.0,8.0,8.0,8.0,3996.0
144368,0,1,1980.0,0,2,2,2,0,0,0,0,0,0,0,0,0,1,0,0,0,0,0,10.0,35.0,32.0,18.0,1,1,1,1,11.0,11.0,11.0,11.0,30.0,30.0,30.0,30.0,4167.0
144555,1,0,1980.5,0,0,0,0,1,1,1,2,2,2,2,1,1,0,0,0,0,0,2,15.0,13.0,15.0,21.0,0,0,0,0,5.0,5.0,5.0,5.0,7.0,7.0,7.0,7.0,4600.0
144589,0,1,1980.25,2,0,0,2,0,0,0,0,0,0,0,0,0,0,1,0,0,6,2,6.0,5.0,1.0,23.0,0,0,1,1,11.0,11.0,11.0,11.0,16.0,16.0,16.0,16.0,4048.0
144608,1,0,1980.0,0,2,2,2,1,1,1,2,2,2,2,1,0,0,1,0,0,0,0,13.0,17.0,9.0,9.0,0,0,0,0,21.0,21.0,21.0,21.0,50.0,50.0,50.0,50.0,4516.0
144705,0,0,1980.0,0,2,2,2,1,1,1,2,2,2,2,0,0,1,1,3,4,0,0,3.0,2.0,29.0,11.0,1,0,0,0,24.0,24.0,24.0,24.0,56.0,56.0,56.0,56.0,4699.0
144767,1,0,1979.0,0,2,2,2,0,0,0,2,2,2,2,0,1,0,1,1,0,3,0,10.0,9.0,2.0,19.0,0,0,0,0,34.0,34.0,34.0,34.0,68.0,68.0,68.0,68.0,4288.0
145088,0,0,1980.0,2,2,2,2,1,1,1,1,1,1,1,0,1,0,0,0,6,0,0,17.0,18.0,10.0,22.0,0,0,0,0,18.0,18.0,18.0,18.0,43.0,43.0,43.0,43.0,4376.0
145313,1,1,1980.0,2,0,0,0,0,0,0,0,0,0,0,0,1,1,0,3,0,4,4,1.0,21.0,0.0,0.0,1,0,1,1,11.0,11.0,11.0,11.0,14.0,14.0,33.0,33.0,4631.0
145468,0,0,1980.25,0,0,0,1,1,1,1,2,2,2,2,1,0,0,1,0,0,0,0,13.0,7.0,8.0,15.0,0,0,0,1,21.0,21.0,21.0,21.0,50.0,50.0,50.0,50.0,4505.0
145484,1,0,1980.25,2,0,0,0,1,1,1,2,2,2,2,0,0,0,0,0,0,3,6,13.0,7.0,1.0,7.0,0,0,0,0,33.0,33.0,33.0,33.0,67.0,67.0,67.0,67.0,4244.0
145593,1,0,1979.5,0,0,1,1,1,1,1,3,3,3,3,0,1,1,0,0,0,0,4,3.0,3.0,22.0,0.0,0,0,0,0,7.0,7.0,7.0,7.0,10.0,10.0,10.0,10.0,4797.0
145641,1,0,1980.5,2,2,2,2,0,1,1,2,2,2,2,1,0,0,1,0,0,0,1,20.0,9.0,11.0,13.0,0,0,0,0,3.0,3.0,3.0,3.0,3.0,3.0,3.0,3.0,4805.0
145678,1,0,1980.25,1,1,1,1,1,1,1,2,2,2,2,0,0,1,0,0,2,0,2,4.0,18.0,9.0,23.0,0,0,0,0,5.0,5.0,5.0,5.0,7.0,7.0,7.0,7.0,4212.0
145869,0,0,1980.25,2,0,0,0,1,1,1,2,2,2,2,1,0,0,0,0,4,0,0,13.0,0.0,20.0,28.0,0,0,0,0,40.0,40.0,40.0,40.0,76.0,77.0,77.0,77.0,4601.0
146011,0,0,1980.5,0,2,2,2,0,1,1,2,2,2,2,0,1,0,1,0,3,0,1,4.0,2.0,22.0,10.0,0,0,0,0,15.0,15.0,15.0,15.0,39.0,39.0,39.0,39.0,4081.0
146105,1,1,1980.5,0,1,1,1,0,0,0,2,2,2,2,1,0,1,1,0,0,6,0,13.0,21.0,39.0,6.0,0,0,0,1,24.0,24.0,24.0,24.0,56.0,56.0,56.0,56.0,4053.0
146304,0,1,1980.0,1,1,2,1,0,0,0,0,0,0,0,0,0,0,1,0,0,0,0,14.0,4.0,14.0,33.0,0,0,0,1,11.0,11.0,11.0,11.0,32.0,32.0,32.0,32.0,4229.0
146312,1,1,1979.75,1,1,1,1,0,1,1,1,1,1,1,1,0,0,0,0,0,0,0,4.0,18.0,15.0,12.0,0,0,0,0,18.0,18.0,18.0,18.0,46.0,46.0,46.0,46.0,4444.0
146328,0,0,1979.75,2,2,2,2,0,1,1,2,2,2,2,1,0,0,0,0,2,0,2,6.0,16.0,8.0,12.0,0,0,0,0,35.0,35.0,35.0,35.0,69.0,69.0,69.0,69.0,4495.0
146393,1,0,1979.5,2,2,2,2,1,1,1,2,2,2,2,3,0,0,0,0,0,0,0,12.0,16.0,8.0,15.0,0,0,0,0,30.0,30.0,30.0,30.0,63.0,63.0,63.0,63.0,4599.0
146429,0,0,1980.25,0,0,1,1,1,1,1,2,2,2,2,0,0,0,0,0,2,0,0,16.0,11.0,7.0,6.0,0,0,0,0,35.0,35.0,35.0,35.0,69.0,69.0,69.0,69.0,4995.0
146525,1,1,1980.25,2,0,0,0,0,0,0,0,0,0,0,0,0,0,1,3,4,0,2,0.0,0.0,7.0,25.0,0,0,1,1,11.0,11.0,11.0,11.0,32.0,32.0,32.0,32.0,4157.0
146806,0,0,1979.75,2,0,1,1,0,0,0,2,2,2,2,0,0,1,0,0,0,0,0,9.0,20.0,15.0,13.0,0,0,0,0,21.0,21.0,21.0,21.0,49.0,49.0,49.0,49.0,4232.0
146823,0,1,1979.75,2,0,2,2,0,0,0,0,0,0,0,0,0,0,0,0,0,6,6,11.0,37.0,0.0,17.0,0,1,0,1,11.0,11.0,11.0,11.0,31.0,31.0,31.0,31.0,4141.0
146929,1,0,1980.0,0,0,0,0,1,1,1,1,1,1,1,1,1,0,1,0,0,3,4,22.0,10.0,4.0,4.0,0,0,0,0,28.0,28.0,28.0,28.0,61.0,61.0,61.0,61.0,4302.0
146993,1,0,1980.0,2,0,0,0,1,1,1,1,1,1,1,0,0,0,0,0,3,0,0,7.0,3.0,14.0,30.0,0,0,0,0,22.0,22.0,22.0,22.0,54.0,54.0,54.0,54.0,4271.0
147051,0,0,1980.5,2,2,2,2,0,0,0,2,2,2,2,1,1,0,0,0,0,0,0,8.0,18.0,6.0,17.0,0,0,0,0,14.0,14.0,14.0,14.0,38.0,38.0,38.0,38.0,4667.0
147198,0,1,1980.25,2,0,0,0,1,1,1,1,1,1,1,1,0,0,1,0,0,6,0,10.0,3.0,4.0,19.0,0,1,1,1,11.0,11.0,11.0,11.0,24.0,24.0,24.0,24.0,4295.0
147223,0,0,1979.75,2,0,0,0,0,0,1,2,2,2,2,0,0,0,0,0,0,0,0,10.0,5.0,31.0,8.0,0,0,0,0,34.0,34.0,34.0,34.0,68.0,68.0,68.0,68.0,4266.0
147243,1,0,1980.5,2,0,0,0,1,0,0,2,2,2,2,1,0,0,1,0,0,6,0,10.0,15.0,10.0,13.0,0,0,1,0,36.0,36.0,36.0,36.0,72.0,72.0,72.0,72.0,4542.0
147447,0,0,1979.75,2,0,0,0,1,1,1,2,2,2,2,0,0,0,0,0,0,0,4,12.0,32.0,6.0,0.0,0,0,0,0,9.0,9.0,9.0,9.0,12.0,12.0,12.0,12.0,4674.0
147568,1,1,1980.0,2,0,0,0,0,0,0,2,2,2,2,0,0,0,0,0,0,0,0,10.0,5.0,31.0,8.0,0,0,0,0,34.0,34.0,34.0,34.0,68.0,68.0,68.0,68.0,4087.0
147662,1,1,1980.25,1,1,1,2,0,0,0,0,0,0,0,0,0,0,1,4,6,0,0,1.0,32.0,4.0,11.0,0,1,0,1,11.0,11.0,11.0,11.0,27.0,27.0,27.0,16.0,4309.0
147713,1,0,1980.0,2,2,2,2,1,1,1,1,1,1,1,0,1,0,1,0,0,0,3,7.0,29.0,33.0,2.0,0,0,0,0,4.0,4.0,4.0,4.0,4.0,4.0,4.0,4.0,4400.0
147789,1,0,1980.25,0,0,1,1,1,1,1,2,2,2,2,1,0,0,0,0,0,0,0,11.0,16.0,5.0,22.0,0,0,0,0,39.0,39.0,39.0,39.0,75.0,75.0,75.0,75.0,4389.0
148134,0,0,1979.75,2,2,2,2,1,1,1,2,2,2,2,1,0,1,0,0,0,0,0,10.0,14.0,8.0,11.0,0,1,0,0,36.0,36.0,36.0,36.0,72.0,72.0,72.0,72.0,4617.0
148155,0,1,1980.5,2,0,2,0,0,0,0,0,0,0,0,0,0,0,1,0,3,6,0,11.0,2.0,0.0,26.0,0,0,0,1,11.0,11.0,11.0,11.0,31.0,16.0,31.0,16.0,4302.0
148222,1,0,1980.25,0,2,2,2,1,1,1,1,1,1,1,0,0,0,0,0,3,0,2,12.0,3.0,25.0,12.0,0,0,0,0,18.0,18.0,18.0,18.0,46.0,46.0,46.0,46.0,4504.0
148230,0,0,1979.75,1,1,1,1,1,1,1,2,2,2,2,0,1,0,0,0,3,0,2,19.0,1.0,32.0,17.0,0,0,0,0,31.0,31.0,31.0,31.0,64.0,64.0,64.0,64.0,4385.0
148282,0,0,1980.5,1,1,1,1,0,0,0,2,2,2,2,0,0,0,0,0,6,0,0,27.0,27.0,10.0,4.0,0,0,0,0,16.0,16.0,16.0,16.0,40.0,40.0,40.0,40.0,4283.0
148377,0,1,1980.5,2,0,2,2,0,0,0,0,0,0,0,0,0,0,0,0,0,6,6,11.0,37.0,0.0,17.0,0,1,0,1,11.0,11.0,11.0,11.0,31.0,31.0,31.0,31.0,4267.0
148506,0,1,1980.5,1,1,1,1,1,1,1,1,1,1,1,0,0,0,0,0,3,0,0,21.0,3.0,4.0,13.0,0,0,0,1,11.0,11.0,11.0,11.0,20.0,20.0,20.0,20.0,4297.0
148678,1,0,1979.75,2,0,0,0,1,1,1,1,1,1,1,1,1,0,1,0,0,3,4,8.0,10.0,4.0,4.0,0,0,0,0,28.0,28.0,28.0,28.0,61.0,61.0,61.0,61.0,4359.0
148833,1,0,1980.0,0,0,0,0,1,1,1,2,2,2,2,1,1,0,2,0,0,6,0,8.0,13.0,18.0,13.0,0,0,0,0,41.0,41.0,41.0,41.0,78.0,78.0,78.0,78.0,4318.0
148971,0,0,1980.5,0,2,1,1,1,1,1,1,1,1,1,0,0,0,0,0,0,0,0,11.0,4.0,16.0,9.0,0,0,1,0,22.0,22.0,22.0,22.0,51.0,51.0,51.0,51.0,4867.0
148992,1,0,1980.0,0,2,2,2,1,1,1,2,2,2,2,1,0,0,0,0,0,0,0,8.0,8.0,13.0,13.0,1,0,0,0,32.0,32.0,32.0,32.0,66.0,66.0,66.0,66.0,4354.0
149072,1,0,1980.0,0,2,2,2,0,0,0,2,2,2,2,1,0,1,0,0,0,0,0,12.0,14.0,8.0,11.0,0,1,0,0,36.0,36.0,36.0,36.0,72.0,72.0,72.0,72.0,4750.0
149127,0,1,1979.75,2,2,2,2,0,0,0,0,0,0,0,1,1,0,0,0,0,6,0,5.0,7.0,6.0,5.0,0,0,0,0,11.0,11.0,11.0,11.0,33.0,33.0,33.0,33.0,4139.0
149166,1,0,1980.25,0,0,0,0,0,0,0,2,2,2,2,0,0,0,0,0,2,0,0,16.0,11.0,31.0,7.0,0,0,0,0,35.0,35.0,35.0,35.0,69.0,69.0,69.0,69.0,4530.0
149239,1,0,1979.75,1,1,1,1,1,1,1,2,2,2,2,0,0,0,1,0,3,3,0,6.0,1.0,5.0,12.0,0,0,1,0,34.0,34.0,34.0,34.0,68.0,68.0,68.0,68.0,4772.0
149280,0,1,1980.0,1,1,1,1,0,0,0,0,0,0,0,0,1,0,1,3,1,0,0,2.0,25.0,4.0,29.0,1,1,1,1,11.0,11.0,11.0,11.0,16.0,16.0,16.0,16.0,4586.0
149305,0,0,1980.5,0,2,2,2,1,1,1,2,2,2,2,1,1,0,0,0,1,0,0,10.0,10.0,13.0,30.0,0,0,0,0,1.0,1.0,1.0,1.0,1.0,1.0,1.0,1.0,4801.0
149629,0,0,1980.25,0,0,0,0,0,0,0,3,3,3,3,0,1,0,1,4,0,3,0,0.0,8.0,1.0,7.0,0,0,0,0,26.0,26.0,26.0,26.0,59.0,59.0,59.0,59.0,4627.0
149644,1,0,1980.25,2,0,2,2,1,1,1,2,2,2,2,0,1,1,0,0,0,0,1,14.0,13.0,8.0,19.0,0,0,0,0,37.0,37.0,37.0,37.0,73.0,73.0,73.0,73.0,4668.0
149703,0,1,1979.75,2,2,2,2,0,1,1,1,1,1,1,0,0,0,1,0,0,4,0,17.0,27.0,1.0,16.0,0,0,0,0,25.0,25.0,25.0,25.0,58.0,58.0,58.0,58.0,4254.0
149729,0,0,1980.0,0,0,0,0,1,1,1,2,2,2,2,0,0,0,0,3,4,0,0,1.0,0.0,20.0,28.0,0,0,0,0,40.0,40.0,40.0,40.0,76.0,77.0,77.0,77.0,4705.0
149833,0,0,1980.5,1,1,1,1,1,1,1,2,2,2,2,0,1,0,1,0,0,0,0,5.0,16.0,18.0,12.0,0,0,0,0,41.0,41.0,41.0,41.0,79.0,79.0,79.0,79.0,4783.0
149857,1,1,1980.0,0,0,0,0,0,0,0,2,2,2,2,0,0,0,0,4,2,0,2,0.0,7.0,18.0,21.0,0,0,0,0,5.0,5.0,5.0,5.0,7.0,7.0,7.0,7.0,4173.0
149965,1,0,1980.25,2,0,0,0,0,0,0,2,2,2,2,0,0,0,0,0,0,0,0,4.0,10.0,26.0,17.0,0,0,0,0,29.0,29.0,29.0,29.0,62.0,62.0,62.0,62.0,4640.0
150001,1,0,1980.0,0,2,2,2,1,1,1,3,3,3,3,0,0,1,1,0,0,0,0,8.0,10.0,19.0,16.0,0,0,0,0,6.0,6.0,6.0,6.0,9.0,9.0,9.0,9.0,4869.0
150014,1,0,1980.25,1,1,1,1,1,1,1,2,2,2,2,0,1,1,1,0,0,0,1,15.0,11.0,14.0,10.0,0,0,0,0,23.0,23.0,23.0,23.0,55.0,55.0,55.0,55.0,4805.0
150112,1,0,1980.0,2,2,2,2,1,1,1,2,2,2,2,1,1,0,0,0,0,0,0,8.0,11.0,6.0,7.0,0,0,1,0,24.0,24.0,24.0,24.0,57.0,57.0,57.0,57.0,4300.0
150155,0,0,1980.5,0,2,0,0,1,1,1,1,1,1,1,1,1,0,0,0,0,0,6,12.0,13.0,9.0,15.0,0,0,0,1,22.0,22.0,22.0,22.0,52.0,52.0,52.0,52.0,4500.0
150202,0,0,1980.5,1,1,1,1,1,1,1,1,1,1,1,0,0,0,0,0,0,4,0,5.0,9.0,3.0,19.0,0,0,0,0,25.0,25.0,25.0,25.0,58.0,58.0,58.0,58.0,4857.0
150218,0,0,1979.5,0,0,0,0,1,1,1,2,2,2,2,0,1,0,1,0,0,0,0,13.0,9.0,19.0,11.0,0,0,0,0,38.0,38.0,38.0,38.0,74.0,74.0,74.0,74.0,4556.0
150369,0,1,1980.0,0,2,2,0,1,1,1,0,0,0,0,0,1,0,0,0,2,0,0,24.0,24.0,11.0,20.0,1,1,0,0,11.0,11.0,11.0,11.0,22.0,22.0,22.0,22.0,4267.0
150414,0,0,1980.25,0,2,2,2,1,0,0,2,2,2,2,1,0,1,0,0,0,0,0,12.0,13.0,16.0,10.0,0,0,0,0,6.0,6.0,6.0,6.0,8.0,8.0,8.0,8.0,4169.0
150459,1,0,1980.5,2,0,0,0,0,0,0,2,2,2,2,1,1,0,0,0,0,0,0,13.0,13.0,6.0,8.0,0,0,0,0,40.0,40.0,40.0,40.0,76.0,77.0,77.0,77.0,4434.0
150650,1,0,1980.5,0,2,2,2,0,0,1,3,3,3,3,0,0,1,1,0,0,0,0,8.0,10.0,19.0,16.0,0,0,0,0,6.0,6.0,6.0,6.0,9.0,9.0,9.0,9.0,4338.0
150673,1,0,1980.0,0,2,2,2,1,1,1,2,2,2,2,0,1,0,0,3,0,0,0,2.0,11.0,6.0,7.0,0,0,1,0,24.0,24.0,24.0,24.0,57.0,57.0,57.0,57.0,4207.0
150743,0,0,1979.75,0,0,0,0,1,1,1,1,1,1,1,0,1,1,1,0,0,0,0,8.0,8.0,22.0,15.0,0,0,0,0,4.0,4.0,4.0,4.0,4.0,4.0,4.0,4.0,4535.0
150766,0,0,1980.25,2,0,0,0,0,0,0,2,2,2,2,1,0,1,1,0,0,1,2,13.0,11.0,13.0,17.0,0,0,0,0,23.0,23.0,23.0,23.0,55.0,55.0,55.0,55.0,4252.0
150777,0,0,1980.5,2,1,1,1,1,1,1,2,2,2,2,3,0,0,1,0,0,0,0,12.0,7.0,18.0,12.0,0,0,0,0,30.0,30.0,30.0,30.0,63.0,63.0,63.0,63.0,4641.0
151089,0,0,1980.0,1,0,0,0,1,1,1,2,2,2,2,0,1,0,1,0,0,0,0,14.0,9.0,19.0,11.0,0,0,0,0,38.0,38.0,38.0,38.0,74.0,74.0,74.0,74.0,4804.0
151114,0,0,1980.5,2,2,2,2,0,1,1,2,2,2,2,0,1,0,0,0,0,0,0,4.0,8.0,34.0,10.0,0,0,0,0,29.0,29.0,29.0,29.0,62.0,62.0,62.0,62.0,4408.0
151259,1,0,1980.5,2,2,2,2,1,0,0,2,2,2,2,0,0,1,1,0,0,0,2,13.0,10.0,27.0,19.0,0,0,0,0,33.0,33.0,33.0,33.0,67.0,67.0,67.0,67.0,4518.0
151290,1,0,1980.5,1,1,1,1,1,1,1,1,1,1,1,1,0,1,0,0,0,0,0,8.0,6.0,9.0,19.0,0,0,0,0,25.0,25.0,25.0,25.0,58.0,58.0,58.0,58.0,4555.0
151421,0,0,1979.25,0,0,0,0,0,0,0,2,2,2,2,0,0,0,0,3,4,0,0,1.0,0.0,20.0,28.0,0,0,0,0,40.0,40.0,40.0,40.0,76.0,77.0,77.0,77.0,4200.0
151504,1,0,1980.0,0,0,0,0,1,1,1,2,2,2,2,1,0,0,1,0,0,6,0,12.0,8.0,10.0,13.0,0,0,1,0,36.0,36.0,36.0,36.0,72.0,72.0,72.0,72.0,4998.0
151515,1,0,1980.5,1,1,1,1,1,1,1,2,2,2,2,1,0,3,1,0,2,2,0,6.0,19.0,12.0,3.0,0,0,0,0,15.0,15.0,15.0,15.0,39.0,39.0,39.0,39.0,4074.0
151802,1,0,1980.5,2,2,2,2,0,0,0,3,3,3,3,0,0,0,1,0,0,1,0,17.0,7.0,12.0,19.0,0,1,0,0,2.0,2.0,2.0,2.0,2.0,2.0,2.0,2.0,4329.0
151981,0,0,1980.25,1,1,1,1,1,1,1,1,1,1,1,0,1,0,0,0,2,0,0,16.0,14.0,16.0,9.0,1,0,1,0,22.0,22.0,22.0,22.0,51.0,51.0,51.0,51.0,4647.0
152048,1,0,1980.0,0,0,0,0,1,1,1,2,2,2,2,1,0,1,1,0,0,1,2,13.0,11.0,13.0,17.0,0,0,0,0,23.0,23.0,23.0,23.0,55.0,55.0,55.0,55.0,4031.0
152087,1,0,1979.75,2,2,2,2,1,1,1,2,2,2,2,1,1,1,1,0,0,6,0,8.0,13.0,20.0,19.0,0,0,0,1,38.0,38.0,38.0,38.0,74.0,74.0,74.0,74.0,4506.0
152126,0,0,1980.25,0,0,0,0,0,0,0,2,2,2,2,1,0,0,0,0,0,4,3,5.0,12.0,2.0,1.0,0,0,0,0,19.0,19.0,19.0,19.0,47.0,47.0,47.0,47.0,3894.0
152399,0,0,1980.0,2,2,2,2,1,1,1,2,2,2,2,0,1,0,0,1,0,0,4,9.0,9.0,31.0,0.0,0,0,1,0,5.0,5.0,5.0,5.0,7.0,7.0,7.0,7.0,4813.0
152411,0,0,1980.5,1,1,1,1,1,1,1,2,2,2,2,0,1,0,0,0,0,0,2,16.0,7.0,10.0,18.0,0,0,0,0,36.0,36.0,36.0,36.0,72.0,72.0,72.0,72.0,4969.0
152455,1,0,1979.75,2,2,2,2,1,1,1,2,2,2,2,1,0,1,1,0,0,1,0,13.0,3.0,11.0,4.0,0,0,0,0,23.0,23.0,23.0,23.0,55.0,55.0,55.0,55.0,4763.0
152524,0,0,1980.25,1,1,1,1,1,1,1,2,2,2,2,0,1,1,0,0,0,0,0,5.0,15.0,14.0,14.0,0,0,0,0,41.0,41.0,41.0,41.0,79.0,79.0,79.0,79.0,4472.0
152619,1,0,1980.5,0,0,0,0,1,1,1,2,2,2,2,0,0,0,1,0,0,6,0,8.0,8.0,10.0,13.0,0,0,1,0,36.0,36.0,36.0,36.0,72.0,72.0,72.0,72.0,4597.0
152735,0,1,1980.0,2,0,0,1,0,0,0,2,2,2,2,0,0,1,0,0,4,3,4,10.0,1.0,2.0,0.0,0,0,0,0,34.0,34.0,34.0,34.0,68.0,68.0,68.0,68.0,4150.0
152753,0,0,1980.0,0,0,0,1,1,1,1,2,2,2,2,1,0,1,1,0,3,0,3,10.0,2.0,12.0,1.0,0,0,1,0,1.0,1.0,1.0,1.0,1.0,1.0,1.0,1.0,4472.0
152799,0,0,1980.0,0,0,0,0,1,1,1,1,1,1,1,0,1,0,1,0,0,0,1,15.0,5.0,23.0,9.0,0,0,0,0,12.0,12.0,12.0,12.0,36.0,36.0,36.0,36.0,4336.0
152848,1,1,1980.0,2,2,2,2,1,1,1,1,1,1,1,0,0,0,1,3,4,0,1,1.0,2.0,9.0,28.0,1,1,0,0,11.0,11.0,11.0,11.0,20.0,20.0,20.0,20.0,4737.0
152929,1,0,1980.0,0,2,2,2,1,1,1,1,1,1,1,1,0,1,1,0,3,6,0,22.0,1.0,22.0,15.0,0,0,0,0,28.0,28.0,28.0,28.0,61.0,61.0,61.0,61.0,4853.0
153000,0,0,1980.75,0,1,1,1,1,1,1,1,1,1,1,0,0,0,1,0,0,3,0,12.0,8.0,1.0,8.0,0,0,0,0,18.0,18.0,18.0,18.0,46.0,46.0,46.0,46.0,4957.0
153031,1,0,1979.75,0,1,1,1,0,0,0,2,2,2,2,1,0,1,0,0,4,0,0,13.0,1.0,8.0,9.0,0,0,0,0,14.0,14.0,14.0,14.0,38.0,38.0,38.0,38.0,3968.0
153230,1,0,1980.25,2,0,0,0,1,1,1,1,1,1,1,0,1,2,1,0,6,0,0,16.0,18.0,15.0,20.0,0,0,0,0,17.0,17.0,17.0,17.0,41.0,41.0,41.0,41.0,4926.0
153239,1,0,1979.75,0,1,1,1,1,1,1,1,1,1,1,1,0,0,1,2,0,0,0,15.0,20.0,19.0,13.0,0,0,0,0,17.0,17.0,17.0,17.0,41.0,41.0,41.0,41.0,4755.0
153260,0,0,1980.25,2,0,0,0,1,1,1,1,1,1,1,0,0,0,0,0,4,0,0,3.0,0.0,8.0,22.0,0,0,0,0,25.0,25.0,25.0,25.0,58.0,58.0,58.0,58.0,4652.0
153274,1,0,1979.5,2,0,0,0,1,1,1,1,1,1,1,0,1,0,1,0,6,0,0,17.0,22.0,20.0,19.0,0,0,1,0,18.0,18.0,18.0,18.0,43.0,43.0,43.0,43.0,4436.0
153311,0,1,1980.0,0,0,0,0,0,0,0,2,2,2,2,1,0,0,0,2,0,0,0,16.0,5.0,31.0,8.0,0,0,0,0,34.0,34.0,34.0,34.0,68.0,68.0,68.0,68.0,4246.0
153319,1,0,1979.75,2,0,0,0,1,1,1,1,1,1,1,0,0,0,0,0,3,0,0,7.0,3.0,14.0,30.0,0,0,0,0,22.0,22.0,22.0,22.0,54.0,54.0,54.0,54.0,4412.0
153404,1,1,1980.25,1,1,1,1,0,0,0,0,0,0,0,0,0,0,0,3,4,0,0,1.0,1.0,14.0,8.0,1,1,0,0,11.0,11.0,11.0,11.0,32.0,32.0,32.0,32.0,4129.0
153481,0,0,1979.5,1,1,2,2,0,1,1,1,1,1,1,0,0,0,0,0,3,0,0,14.0,13.0,18.0,21.0,0,0,0,0,22.0,22.0,22.0,22.0,52.0,52.0,52.0,52.0,4686.0
153585,0,0,1980.0,1,0,1,1,0,0,1,1,1,1,1,1,1,0,0,0,0,0,6,14.0,33.0,25.0,21.0,1,0,1,0,11.0,11.0,11.0,11.0,21.0,21.0,21.0,21.0,4120.0
153607,0,0,1979.75,2,0,0,0,1,1,1,2,2,2,2,1,1,0,1,0,0,0,0,8.0,9.0,19.0,11.0,0,0,0,0,38.0,38.0,38.0,38.0,74.0,74.0,74.0,74.0,5014.0
153625,0,0,1980.5,1,1,1,1,1,1,1,2,2,2,2,3,1,1,1,0,0,0,0,8.0,3.0,12.0,14.0,0,0,0,0,41.0,41.0,41.0,41.0,78.0,78.0,78.0,78.0,4619.0
153674,1,0,1980.5,2,0,0,0,1,1,1,1,1,1,1,0,0,0,0,0,3,0,6,18.0,1.0,9.0,15.0,0,0,0,1,22.0,22.0,22.0,22.0,52.0,52.0,52.0,52.0,4216.0
153767,0,0,1979.75,2,0,0,0,0,0,0,2,2,2,2,1,1,0,1,0,0,0,0,8.0,9.0,19.0,11.0,0,0,0,0,38.0,38.0,38.0,38.0,74.0,74.0,74.0,74.0,4312.0
153801,1,1,1980.5,2,2,2,2,0,0,0,0,0,0,0,0,0,1,1,0,3,6,6,5.0,5.0,13.0,3.0,1,0,0,1,11.0,11.0,11.0,11.0,28.0,28.0,28.0,28.0,4099.0
154025,0,0,1980.5,0,2,2,2,0,0,0,2,2,2,2,0,0,0,1,1,0,0,0,10.0,9.0,23.0,19.0,0,0,0,0,34.0,34.0,34.0,34.0,68.0,68.0,68.0,68.0,4202.0
154234,0,0,1979.5,1,1,1,1,1,1,1,2,2,2,2,0,1,1,1,3,0,0,0,1.0,10.0,18.0,11.0,0,0,1,0,24.0,24.0,24.0,24.0,57.0,57.0,57.0,57.0,4216.0
154331,1,0,1980.5,0,0,0,1,1,0,0,2,2,2,2,1,0,0,1,0,0,0,0,13.0,7.0,8.0,17.0,0,0,0,0,21.0,21.0,21.0,21.0,50.0,50.0,50.0,49.0,4339.0
154422,0,0,1979.75,2,2,2,2,1,1,1,2,2,2,2,0,0,0,0,0,0,0,0,12.0,39.0,9.0,16.0,0,0,0,0,9.0,9.0,9.0,9.0,12.0,12.0,12.0,12.0,4616.0
154554,0,0,1980.5,2,0,0,0,1,1,1,2,2,2,2,0,0,0,0,1,2,0,2,9.0,7.0,15.0,21.0,0,0,0,0,5.0,5.0,5.0,5.0,7.0,7.0,7.0,7.0,5150.0
154589,0,1,1980.25,2,2,2,2,1,1,1,0,0,0,0,0,0,0,0,3,4,0,4,1.0,17.0,10.0,0.0,1,1,1,0,11.0,11.0,11.0,11.0,14.0,14.0,14.0,14.0,4419.0
154609,1,0,1980.0,0,2,0,0,0,0,1,2,2,2,2,1,0,1,0,0,0,0,0,12.0,13.0,10.0,22.0,0,0,0,0,6.0,6.0,6.0,6.0,8.0,8.0,8.0,8.0,4284.0
154715,0,0,1980.5,2,0,0,0,1,1,1,1,1,1,1,0,1,1,1,0,0,0,0,7.0,8.0,22.0,15.0,0,0,0,0,4.0,4.0,4.0,4.0,4.0,4.0,4.0,4.0,4339.0
154763,1,0,1980.5,1,1,1,1,0,0,0,2,2,2,2,1,0,0,0,0,0,4,0,9.0,5.0,0.0,15.0,0,0,0,0,9.0,9.0,9.0,9.0,12.0,12.0,12.0,12.0,4114.0
155115,0,0,1980.5,0,0,0,0,1,1,1,2,2,2,2,1,1,1,0,0,0,0,0,11.0,5.0,11.0,19.0,0,0,0,0,39.0,39.0,39.0,39.0,75.0,75.0,75.0,75.0,4486.0
155232,0,0,1980.0,2,0,0,0,1,1,1,2,2,2,2,0,0,1,1,0,2,2,6,12.0,20.0,18.0,17.0,0,0,0,0,12.0,12.0,12.0,12.0,35.0,35.0,35.0,35.0,4451.0
155245,1,0,1980.25,1,1,1,1,1,1,1,2,2,2,2,0,0,1,0,0,3,1,0,4.0,2.0,28.0,36.0,0,0,0,0,16.0,16.0,16.0,16.0,40.0,40.0,40.0,40.0,4485.0
155296,1,0,1980.0,0,2,2,2,1,1,1,2,2,2,2,0,0,0,0,0,0,6,4,8.0,9.0,5.0,3.0,0,0,0,0,3.0,3.0,3.0,3.0,3.0,3.0,3.0,3.0,4516.0
155313,1,1,1980.0,2,2,2,2,0,0,0,0,0,0,0,1,0,1,0,0,3,0,4,17.0,1.0,12.0,2.0,0,1,0,0,11.0,11.0,11.0,11.0,29.0,29.0,29.0,29.0,4239.0
155366,0,1,1979.75,2,2,2,2,0,0,0,0,0,0,0,1,0,1,1,0,3,6,6,10.0,5.0,13.0,3.0,1,0,0,1,11.0,11.0,11.0,11.0,28.0,28.0,28.0,28.0,4404.0
155533,1,0,1980.25,2,0,0,0,1,1,1,2,2,2,2,0,0,0,0,0,2,0,2,3.0,7.0,18.0,21.0,0,0,0,0,5.0,5.0,5.0,5.0,7.0,7.0,7.0,7.0,3996.0
155679,1,0,1980.0,1,1,1,1,1,1,1,2,2,2,2,0,0,0,1,0,0,0,0,8.0,7.0,15.0,13.0,0,0,0,0,4.0,4.0,4.0,4.0,5.0,5.0,5.0,5.0,4989.0
155767,1,0,1980.75,1,1,1,1,1,1,1,2,2,2,2,0,0,0,0,0,3,3,3,6.0,1.0,5.0,3.0,0,0,1,0,34.0,34.0,34.0,34.0,68.0,68.0,68.0,68.0,4516.0
155928,1,0,1979.75,2,2,2,2,0,0,1,2,2,2,2,0,1,0,0,0,0,0,0,4.0,8.0,34.0,10.0,0,0,0,0,29.0,29.0,29.0,29.0,62.0,62.0,62.0,62.0,4383.0
156001,0,0,1980.0,0,2,2,2,1,1,1,2,2,2,2,0,0,0,2,3,0,4,1,2.0,5.0,3.0,12.0,0,0,0,0,16.0,16.0,16.0,16.0,40.0,40.0,40.0,40.0,4897.0
156094,0,0,1980.25,2,2,2,2,1,1,1,2,2,2,2,1,0,0,0,0,0,6,4,20.0,9.0,5.0,3.0,0,0,0,0,3.0,3.0,3.0,3.0,3.0,3.0,3.0,3.0,4606.0
156120,1,0,1979.75,0,2,2,2,1,1,1,1,1,1,1,0,0,1,0,5,0,0,0,3.0,27.0,9.0,8.0,0,0,0,0,25.0,25.0,25.0,25.0,58.0,58.0,58.0,58.0,4754.0
156159,1,0,1980.0,2,2,2,2,1,1,1,3,3,3,3,1,1,1,1,0,0,0,0,8.0,12.0,13.0,7.0,0,0,0,0,26.0,26.0,26.0,26.0,59.0,59.0,59.0,59.0,4741.0
156175,0,1,1980.0,1,0,1,1,1,1,1,1,1,1,1,0,0,1,1,3,4,6,0,5.0,2.0,10.0,10.0,1,1,1,1,11.0,11.0,11.0,11.0,24.0,24.0,24.0,24.0,4062.0
156256,0,0,1980.0,2,0,1,1,1,1,1,2,2,2,2,1,0,0,0,0,2,0,0,6.0,11.0,7.0,6.0,0,0,0,0,35.0,35.0,35.0,35.0,69.0,69.0,69.0,69.0,4625.0
156263,1,1,1979.75,0,2,2,2,0,0,0,1,1,1,1,1,0,1,0,0,3,0,0,24.0,2.0,8.0,18.0,0,1,0,0,18.0,18.0,18.0,18.0,44.0,44.0,44.0,44.0,4167.0
156350,1,1,1980.25,0,0,1,2,0,0,0,0,0,0,0,0,0,1,0,4,0,0,6,0.0,37.0,12.0,17.0,0,1,1,1,11.0,11.0,11.0,11.0,31.0,31.0,15.0,31.0,4345.0
156518,0,0,1979.75,0,1,1,1,1,1,1,2,2,2,2,1,1,1,1,0,0,0,1,13.0,11.0,14.0,10.0,0,0,0,0,23.0,23.0,23.0,23.0,55.0,55.0,55.0,55.0,4651.0
156651,1,0,1980.5,0,0,1,1,0,0,0,3,3,3,3,3,0,1,0,0,0,0,6,13.0,11.0,14.0,29.0,0,0,0,0,27.0,27.0,27.0,27.0,60.0,60.0,60.0,60.0,4316.0
156719,1,0,1980.0,2,2,2,2,1,1,1,3,3,3,3,0,0,1,1,0,0,0,0,14.0,10.0,19.0,16.0,0,0,0,0,6.0,6.0,6.0,6.0,9.0,9.0,9.0,9.0,4229.0
156811,0,0,1980.5,2,0,0,2,1,1,1,1,1,1,1,3,0,1,1,0,0,0,0,12.0,7.0,31.0,18.0,0,0,0,0,22.0,22.0,22.0,22.0,51.0,51.0,51.0,51.0,4603.0
156844,1,0,1980.25,0,2,2,2,0,0,0,2,2,2,2,0,0,1,1,0,0,0,1,2.0,18.0,15.0,15.0,0,0,0,0,40.0,40.0,40.0,40.0,76.0,77.0,77.0,77.0,4426.0
156864,1,0,1980.0,2,1,1,1,0,0,0,0,1,1,1,0,0,0,1,0,0,3,0,9.0,4.0,1.0,24.0,0,0,0,1,22.0,22.0,22.0,22.0,53.0,54.0,54.0,54.0,4090.0
156913,1,0,1980.0,0,2,2,2,0,0,0,2,2,2,2,0,1,0,0,0,0,0,0,16.0,8.0,34.0,10.0,0,0,0,0,29.0,29.0,29.0,29.0,62.0,62.0,62.0,62.0,4198.0
156944,1,1,1980.0,0,0,2,2,1,1,1,0,0,0,0,0,1,0,0,4,0,0,0,0.0,25.0,16.0,4.0,1,0,1,0,11.0,11.0,11.0,11.0,27.0,27.0,27.0,27.0,4578.0
156972,1,0,1980.25,1,1,1,1,1,1,1,1,1,1,1,1,1,0,0,0,2,0,0,15.0,14.0,16.0,9.0,0,0,1,0,22.0,22.0,22.0,22.0,51.0,51.0,51.0,51.0,4837.0
157136,1,0,1980.0,1,1,1,1,1,1,1,1,1,1,1,0,1,0,0,4,6,0,0,0.0,16.0,10.0,6.0,0,0,0,0,18.0,18.0,18.0,18.0,43.0,43.0,43.0,43.0,4716.0
157311,1,0,1980.0,2,0,0,0,1,1,1,2,2,2,2,0,1,0,0,0,0,0,0,3.0,13.0,15.0,24.0,0,0,0,0,5.0,5.0,5.0,5.0,7.0,7.0,7.0,7.0,4545.0
157549,0,0,1980.25,0,0,0,0,1,1,1,2,2,2,2,0,0,1,1,0,0,0,1,13.0,17.0,17.0,12.0,0,0,0,0,41.0,41.0,41.0,41.0,79.0,79.0,79.0,79.0,4959.0
157559,0,1,1979.75,2,0,0,0,0,1,0,2,2,2,2,1,0,0,1,0,0,0,0,12.0,7.0,8.0,8.0,0,0,0,0,21.0,21.0,21.0,21.0,50.0,50.0,50.0,50.0,4364.0
157600,1,1,1980.0,2,2,2,2,1,1,1,1,1,1,1,0,1,0,1,0,0,4,0,17.0,6.0,1.0,16.0,0,0,0,0,25.0,25.0,25.0,25.0,58.0,58.0,58.0,58.0,4098.0
157622,0,1,1979.75,1,1,0,0,0,0,0,0,0,0,0,0,0,0,1,0,6,0,2,6.0,9.0,7.0,25.0,1,1,1,1,11.0,11.0,11.0,11.0,19.0,19.0,32.0,32.0,4411.0
157649,0,1,1980.0,2,0,1,0,0,0,0,0,0,0,0,0,0,0,0,4,6,0,0,0.0,3.0,31.0,5.0,0,1,1,0,11.0,11.0,11.0,11.0,19.0,19.0,19.0,19.0,4085.0
157821,1,1,1980.25,2,0,2,2,0,1,1,1,1,1,1,0,0,0,1,0,6,0,0,21.0,25.0,5.0,20.0,1,1,1,1,11.0,11.0,11.0,11.0,23.0,23.0,23.0,23.0,4409.0
157881,0,0,1980.5,2,0,0,0,0,1,1,3,3,3,3,1,1,0,1,0,0,3,0,8.0,8.0,1.0,7.0,0,0,0,0,26.0,26.0,26.0,26.0,59.0,59.0,59.0,59.0,4638.0
157910,1,0,1979.75,1,1,1,1,1,1,1,3,3,3,3,1,1,1,0,0,0,0,3,14.0,19.0,12.0,2.0,0,0,0,0,26.0,26.0,26.0,26.0,59.0,59.0,59.0,59.0,4798.0
157930,1,0,1980.5,2,0,0,0,1,1,1,2,2,2,2,0,0,0,0,0,0,0,0,13.0,16.0,25.0,37.0,0,0,0,0,8.0,8.0,8.0,8.0,11.0,11.0,11.0,11.0,4403.0
158086,0,0,1979.75,1,1,1,2,0,0,0,2,2,2,2,0,0,0,0,0,0,0,4,10.0,8.0,7.0,0.0,0,0,0,0,32.0,32.0,32.0,19.0,66.0,66.0,66.0,47.0,4384.0
158160,0,0,1980.0,1,1,1,1,0,0,0,2,2,2,2,0,0,3,1,0,2,2,0,2.0,19.0,12.0,3.0,0,0,0,0,15.0,15.0,15.0,15.0,39.0,39.0,39.0,39.0,4699.0
158188,0,0,1980.25,1,1,1,1,1,1,1,2,2,2,2,0,1,1,1,0,0,2,0,8.0,13.0,15.0,17.0,0,0,0,0,21.0,21.0,21.0,21.0,49.0,49.0,49.0,49.0,4607.0
158422,0,0,1979.75,1,1,1,1,0,0,0,2,2,2,2,0,1,0,0,0,3,0,6,19.0,1.0,11.0,31.0,0,0,0,0,31.0,31.0,31.0,31.0,64.0,64.0,64.0,64.0,4218.0
158461,1,0,1980.25,2,0,0,0,1,1,1,2,2,2,2,0,0,0,0,0,0,0,0,10.0,5.0,31.0,8.0,0,0,0,0,34.0,34.0,34.0,34.0,68.0,68.0,68.0,68.0,4659.0
158507,0,0,1980.5,0,0,0,0,1,1,1,2,2,2,2,0,0,0,0,0,0,0,0,16.0,10.0,26.0,17.0,0,0,0,0,29.0,29.0,29.0,29.0,62.0,62.0,62.0,62.0,4565.0
158518,1,0,1979.75,0,0,1,1,1,1,1,2,2,2,2,1,0,0,0,0,0,0,0,13.0,16.0,5.0,22.0,0,0,0,0,39.0,39.0,39.0,39.0,75.0,75.0,75.0,75.0,4270.0
158550,1,0,1979.75,2,0,0,0,1,1,1,1,1,1,1,0,0,0,0,0,4,0,0,17.0,0.0,8.0,22.0,0,0,0,0,25.0,25.0,25.0,25.0,58.0,58.0,58.0,58.0,4442.0
158571,0,0,1980.5,0,0,0,0,0,0,0,2,2,2,2,0,0,0,1,3,4,3,0,3.0,3.0,1.0,5.0,1,0,0,0,24.0,24.0,32.0,32.0,56.0,56.0,66.0,66.0,4691.0
158588,1,0,1980.25,0,2,2,2,1,1,1,2,2,2,2,1,0,0,1,2,0,0,0,16.0,9.0,23.0,15.0,0,0,0,0,34.0,34.0,34.0,34.0,68.0,68.0,68.0,68.0,4910.0
158638,1,1,1980.25,2,0,0,1,0,0,0,2,2,2,2,0,0,1,0,0,4,3,4,10.0,1.0,2.0,0.0,0,0,0,0,34.0,34.0,34.0,34.0,68.0,68.0,68.0,68.0,4182.0
158765,0,1,1980.25,2,2,2,0,0,0,0,0,0,0,0,0,0,1,0,0,0,0,0,16.0,6.0,9.0,26.0,1,0,1,1,11.0,11.0,11.0,11.0,22.0,22.0,22.0,22.0,4412.0
158843,1,1,1980.5,2,2,2,2,0,0,0,0,0,0,0,1,1,0,1,0,0,0,2,10.0,6.0,4.0,12.0,1,1,0,0,11.0,11.0,11.0,11.0,28.0,28.0,28.0,28.0,4351.0
158860,1,0,1980.25,1,1,1,1,1,1,1,1,1,1,1,1,0,0,1,4,0,0,0,8.0,20.0,19.0,13.0,0,0,0,0,17.0,17.0,17.0,17.0,41.0,41.0,41.0,41.0,4672.0
158987,0,0,1980.5,0,1,1,1,1,1,1,1,1,1,1,1,0,0,1,2,0,0,0,15.0,18.0,19.0,13.0,0,0,0,0,17.0,17.0,17.0,17.0,41.0,41.0,41.0,41.0,4558.0
159006,1,0,1980.25,1,2,2,2,1,0,0,1,1,1,1,1,0,0,0,0,3,0,2,4.0,3.0,25.0,12.0,0,0,0,0,18.0,18.0,18.0,18.0,46.0,46.0,46.0,46.0,4327.0
159024,0,0,1980.0,2,2,2,2,1,1,1,2,2,2,2,0,1,0,1,0,0,0,1,9.0,11.0,7.0,17.0,0,1,0,0,21.0,21.0,21.0,21.0,49.0,49.0,49.0,49.0,4492.0
159033,1,1,1980.5,1,1,1,1,0,0,0,0,0,0,0,0,1,0,0,3,1,0,0,2.0,25.0,4.0,22.0,1,1,1,1,11.0,11.0,11.0,11.0,16.0,16.0,16.0,16.0,4479.0
159047,0,0,1979.75,2,2,2,2,0,1,0,2,2,2,2,0,0,1,0,0,3,0,1,14.0,1.0,8.0,19.0,0,0,0,0,37.0,37.0,37.0,37.0,73.0,73.0,73.0,73.0,4561.0
159153,1,0,1980.0,0,2,2,2,0,0,0,2,2,2,2,0,0,0,0,0,0,0,0,10.0,16.0,15.0,15.0,0,0,0,0,30.0,30.0,30.0,30.0,63.0,63.0,63.0,63.0,4656.0
159193,1,0,1980.5,1,1,1,1,1,1,1,2,2,2,2,0,0,0,0,0,0,3,0,10.0,4.0,1.0,5.0,0,0,0,0,32.0,32.0,32.0,32.0,66.0,66.0,66.0,66.0,4486.0
159385,1,1,1980.5,0,1,1,1,0,0,0,3,3,3,3,1,0,1,1,0,0,0,0,6.0,12.0,16.0,9.0,0,0,0,0,2.0,2.0,2.0,2.0,2.0,2.0,2.0,2.0,4258.0
159402,0,1,1980.5,2,0,0,0,0,0,0,0,0,0,0,0,0,0,1,0,0,6,0,11.0,14.0,32.0,26.0,0,0,1,1,11.0,11.0,11.0,11.0,31.0,31.0,31.0,31.0,3892.0
159418,0,0,1980.5,0,2,2,2,1,1,1,2,2,2,2,0,1,0,1,4,0,0,0,0.0,9.0,8.0,5.0,0,0,0,0,5.0,5.0,5.0,5.0,7.0,7.0,7.0,7.0,4686.0
159472,1,0,1980.0,2,0,0,1,1,1,1,2,2,2,2,0,0,0,0,0,4,3,4,3.0,0.0,1.0,1.0,0,0,0,0,32.0,32.0,32.0,32.0,66.0,66.0,66.0,66.0,4826.0
159511,0,0,1979.75,0,2,2,2,0,0,1,2,2,2,2,0,0,1,1,0,0,0,1,2.0,18.0,15.0,15.0,0,0,0,0,40.0,40.0,40.0,40.0,76.0,77.0,77.0,77.0,4655.0
159633,1,0,1980.0,1,1,1,1,1,1,1,1,1,1,1,1,0,1,1,0,2,0,0,17.0,19.0,17.0,17.0,0,0,0,0,12.0,12.0,12.0,12.0,36.0,36.0,36.0,36.0,4452.0
159785,1,0,1980.5,0,0,1,1,1,1,1,1,1,1,1,0,0,0,0,0,0,0,0,11.0,7.0,16.0,9.0,0,0,1,0,22.0,22.0,22.0,22.0,51.0,51.0,51.0,51.0,5155.0
159803,0,0,1980.5,0,0,0,0,1,1,1,2,2,2,2,1,0,0,0,0,2,0,2,15.0,7.0,15.0,21.0,0,0,0,0,5.0,5.0,5.0,5.0,7.0,7.0,7.0,7.0,4565.0
159929,0,0,1979.5,2,2,2,2,1,1,1,2,2,2,2,0,1,0,1,0,0,0,0,3.0,16.0,31.0,5.0,0,0,1,0,5.0,5.0,5.0,5.0,7.0,7.0,7.0,7.0,4282.0
159946,1,0,1980.5,0,2,2,2,0,0,0,2,2,2,2,0,0,0,0,0,0,0,0,20.0,39.0,9.0,16.0,0,0,0,0,9.0,9.0,9.0,9.0,12.0,12.0,12.0,12.0,4793.0
160042,1,0,1980.5,2,0,0,0,0,0,0,2,2,2,2,1,0,1,1,0,0,3,0,5.0,12.0,1.0,18.0,0,0,0,0,15.0,15.0,15.0,15.0,39.0,39.0,39.0,39.0,4299.0
160076,0,0,1980.25,2,0,0,0,1,1,0,2,2,2,2,1,1,0,0,0,0,0,0,13.0,13.0,6.0,8.0,0,0,0,0,40.0,40.0,40.0,40.0,76.0,77.0,77.0,77.0,4730.0
160093,0,1,1980.25,2,1,1,1,0,0,0,0,0,0,0,0,1,0,0,0,0,4,4,6.0,30.0,3.0,2.0,1,1,0,1,11.0,11.0,11.0,11.0,26.0,26.0,26.0,26.0,4067.0
160214,1,0,1979.75,0,0,0,0,0,0,0,2,2,2,2,0,0,0,0,3,4,0,0,1.0,0.0,20.0,28.0,0,0,0,0,40.0,40.0,40.0,40.0,76.0,77.0,77.0,77.0,4424.0
160264,0,0,1979.75,1,1,1,1,1,1,1,1,1,1,1,1,0,1,0,4,0,3,0,8.0,20.0,15.0,5.0,0,0,1,0,17.0,17.0,17.0,17.0,41.0,41.0,41.0,41.0,4570.0
160285,1,0,1980.25,1,1,1,1,1,1,1,2,2,2,2,0,0,0,0,0,3,3,3,6.0,1.0,5.0,3.0,0,0,1,0,34.0,34.0,34.0,34.0,68.0,68.0,68.0,68.0,4765.0
160316,1,0,1980.25,1,1,1,1,1,1,1,1,1,1,1,1,0,1,0,0,0,0,3,8.0,9.0,9.0,6.0,0,0,0,0,25.0,25.0,25.0,25.0,58.0,58.0,58.0,58.0,4581.0
160347,0,0,1980.5,1,1,1,1,1,1,1,1,1,1,1,0,0,1,0,0,0,0,3,5.0,9.0,9.0,6.0,0,0,0,0,25.0,25.0,25.0,25.0,58.0,58.0,58.0,58.0,4562.0
160362,1,0,1980.5,1,1,1,1,1,1,1,1,1,1,1,1,0,0,1,0,0,0,2,15.0,9.0,8.0,17.0,0,0,0,0,22.0,22.0,22.0,22.0,51.0,51.0,51.0,51.0,4536.0
160393,1,0,1980.5,1,1,1,1,1,1,1,1,1,1,1,0,1,0,0,0,2,0,0,16.0,14.0,16.0,9.0,1,0,1,0,22.0,22.0,22.0,22.0,51.0,51.0,51.0,51.0,4763.0
160606,1,0,1980.25,1,1,1,1,0,0,1,3,3,3,3,0,0,0,1,0,0,0,0,13.0,27.0,12.0,19.0,0,0,0,0,6.0,6.0,6.0,6.0,9.0,9.0,9.0,9.0,4150.0
160621,1,0,1980.25,1,1,1,1,0,0,0,2,2,2,2,0,0,0,0,0,0,0,4,5.0,10.0,25.0,2.0,0,0,0,0,33.0,33.0,33.0,33.0,67.0,67.0,67.0,67.0,4084.0
160670,1,0,1980.25,1,1,1,1,1,1,1,1,1,1,1,1,0,0,1,0,0,0,0,18.0,18.0,19.0,13.0,0,0,0,0,17.0,17.0,17.0,17.0,41.0,41.0,41.0,41.0,4376.0
160721,1,0,1980.0,2,0,0,2,1,1,1,1,1,1,1,0,0,0,1,0,0,6,0,8.0,16.0,12.0,18.0,1,0,0,0,11.0,11.0,11.0,11.0,17.0,17.0,17.0,17.0,4351.0
160745,0,1,1980.5,0,2,2,2,0,0,0,0,0,0,0,0,1,0,0,4,0,6,0,0.0,7.0,6.0,5.0,0,0,0,0,11.0,11.0,11.0,11.0,31.0,33.0,33.0,33.0,4406.0
160798,0,0,1980.25,1,1,1,1,0,0,0,2,2,2,2,3,1,1,1,0,0,0,0,8.0,3.0,12.0,14.0,0,0,0,0,41.0,41.0,41.0,41.0,78.0,78.0,78.0,78.0,4298.0
160950,1,0,1979.75,1,1,1,1,1,1,1,0,0,0,0,0,1,0,0,0,0,4,3,9.0,36.0,0.0,1.0,0,0,0,0,22.0,22.0,22.0,22.0,53.0,53.0,53.0,53.0,4763.0
160967,0,0,1979.75,2,2,2,2,1,1,1,2,2,2,2,0,1,0,1,0,0,0,1,9.0,11.0,7.0,17.0,0,1,0,0,21.0,21.0,21.0,21.0,49.0,49.0,49.0,49.0,4074.0
160998,1,0,1979.75,0,0,0,0,1,1,1,2,2,2,2,0,0,1,1,0,0,0,1,13.0,17.0,17.0,12.0,0,0,0,0,41.0,41.0,41.0,41.0,79.0,79.0,79.0,79.0,4986.0
161087,1,0,1980.0,0,1,1,1,1,1,1,2,2,2,2,0,1,0,1,0,0,0,0,13.0,16.0,18.0,12.0,0,0,0,0,41.0,41.0,41.0,41.0,79.0,79.0,79.0,79.0,4422.0
161148,1,1,1980.25,0,0,2,2,0,0,0,1,1,1,1,0,0,0,1,3,6,0,0,1.0,25.0,5.0,20.0,0,1,1,1,11.0,11.0,11.0,11.0,23.0,23.0,23.0,23.0,4260.0
161264,1,1,1980.0,2,2,2,1,0,0,0,0,0,0,0,0,0,0,1,0,0,0,1,10.0,24.0,35.0,9.0,1,1,1,1,11.0,11.0,11.0,11.0,27.0,27.0,27.0,27.0,4123.0
161288,1,0,1979.75,0,0,0,0,1,1,1,2,2,2,2,1,0,1,0,0,0,0,0,13.0,15.0,10.0,22.0,0,0,0,0,6.0,6.0,6.0,6.0,8.0,8.0,8.0,8.0,4357.0
161318,0,0,1979.75,0,2,2,2,1,1,1,2,2,2,2,1,0,0,0,0,0,0,6,12.0,20.0,19.0,2.0,0,0,0,0,31.0,31.0,31.0,31.0,65.0,65.0,65.0,65.0,4844.0
161369,0,0,1980.5,1,1,1,1,1,1,1,2,2,2,2,1,0,0,0,0,0,1,3,12.0,8.0,33.0,2.0,0,0,0,0,42.0,42.0,42.0,42.0,80.0,80.0,80.0,80.0,4736.0
161482,1,1,1980.5,0,1,1,1,1,1,1,2,2,2,2,1,0,1,0,0,3,2,2,13.0,2.0,14.0,16.0,0,0,0,1,23.0,23.0,23.0,23.0,55.0,55.0,55.0,55.0,4306.0
161718,1,0,1979.75,1,1,1,1,1,1,1,2,2,2,2,0,2,2,2,0,0,2,0,3.0,17.0,17.0,13.0,0,0,0,0,39.0,39.0,39.0,39.0,75.0,75.0,75.0,75.0,4807.0
161745,0,1,1980.0,1,1,1,1,0,1,1,0,0,0,0,0,1,0,0,0,0,6,0,3.0,9.0,2.0,8.0,1,1,1,1,11.0,11.0,11.0,11.0,22.0,22.0,22.0,22.0,4792.0
161884,1,0,1980.25,2,0,0,0,0,0,0,2,2,2,2,1,0,1,1,0,0,3,0,5.0,12.0,1.0,18.0,0,0,0,0,15.0,15.0,15.0,15.0,39.0,39.0,39.0,39.0,4575.0
161934,1,0,1980.25,1,1,1,1,1,1,1,2,2,2,2,0,0,1,0,0,3,2,2,15.0,2.0,14.0,16.0,0,0,0,1,23.0,23.0,23.0,23.0,55.0,55.0,55.0,55.0,4255.0
161948,1,0,1980.25,0,0,0,0,0,0,0,2,2,2,2,1,0,1,0,0,0,0,0,12.0,8.0,9.0,24.0,0,0,0,0,31.0,31.0,31.0,31.0,65.0,65.0,65.0,65.0,4523.0
162092,0,1,1980.25,0,2,2,2,1,1,1,0,0,0,0,0,0,0,1,0,3,3,1,12.0,1.0,1.0,11.0,0,1,0,1,18.0,18.0,18.0,18.0,45.0,45.0,45.0,45.0,4776.0
162321,1,0,1980.0,1,1,1,1,0,0,1,2,2,2,2,0,0,0,0,0,0,3,0,22.0,9.0,0.0,7.0,0,0,0,0,40.0,40.0,40.0,40.0,76.0,77.0,77.0,77.0,4432.0
162481,0,1,1980.0,0,2,2,0,0,0,0,0,0,0,0,0,0,1,0,0,0,0,0,11.0,6.0,9.0,26.0,0,0,1,1,11.0,11.0,11.0,11.0,22.0,22.0,22.0,22.0,4362.0
162508,0,0,1980.25,1,1,1,1,1,1,1,1,1,1,1,1,0,1,1,0,2,0,0,7.0,19.0,17.0,17.0,0,0,0,0,12.0,12.0,12.0,12.0,36.0,36.0,36.0,36.0,4744.0
162636,1,0,1980.25,2,0,2,2,1,1,1,1,1,1,1,0,0,0,0,0,3,0,0,18.0,2.0,18.0,21.0,0,1,0,0,22.0,22.0,22.0,22.0,52.0,52.0,52.0,52.0,4375.0
162775,1,0,1979.75,2,0,0,0,1,1,1,2,2,2,2,1,0,0,1,0,6,6,0,12.0,12.0,13.0,8.0,0,0,0,0,21.0,21.0,21.0,21.0,50.0,50.0,50.0,50.0,4439.0
162845,0,0,1980.25,2,2,2,2,1,1,1,2,2,2,2,1,0,0,0,0,2,0,2,6.0,16.0,8.0,12.0,0,0,0,0,35.0,35.0,35.0,35.0,69.0,69.0,69.0,69.0,4837.0
162876,0,0,1980.25,0,2,2,2,1,1,1,2,2,2,2,0,0,0,0,0,4,0,4,2.0,0.0,16.0,1.0,0,0,0,0,40.0,40.0,40.0,40.0,76.0,77.0,77.0,77.0,4459.0
162910,0,0,1980.25,1,1,1,1,1,1,1,3,3,3,3,3,1,1,0,0,0,0,0,12.0,15.0,14.0,36.0,0,0,0,0,7.0,7.0,7.0,7.0,10.0,10.0,10.0,10.0,5176.0
162956,1,0,1980.25,2,0,0,0,1,1,1,2,2,2,2,1,0,1,0,0,3,0,4,21.0,1.0,12.0,3.0,0,0,0,0,16.0,16.0,16.0,16.0,40.0,40.0,40.0,40.0,4446.0
163057,1,0,1980.0,0,0,0,0,1,1,1,1,1,1,1,0,1,1,1,0,0,0,0,8.0,8.0,22.0,15.0,0,0,0,0,4.0,4.0,4.0,4.0,4.0,4.0,4.0,4.0,4309.0
163147,1,0,1980.5,1,1,1,1,1,1,0,2,2,2,2,0,0,0,0,0,6,0,0,12.0,6.0,10.0,14.0,0,0,0,0,21.0,21.0,21.0,21.0,50.0,50.0,50.0,50.0,4499.0
163158,0,0,1979.75,1,1,1,1,1,1,1,2,2,2,2,2,0,0,0,0,0,0,6,10.0,8.0,16.0,6.0,0,0,0,0,3.0,3.0,3.0,3.0,3.0,3.0,3.0,3.0,4830.0
163447,1,0,1979.75,1,1,1,1,1,1,1,2,2,2,2,0,1,1,0,0,0,0,0,16.0,12.0,14.0,10.0,0,0,0,0,36.0,36.0,36.0,36.0,72.0,72.0,72.0,72.0,4608.0
163462,0,0,1979.75,2,2,2,2,1,0,0,2,2,2,2,1,1,1,1,0,0,4,0,10.0,7.0,13.0,7.0,0,0,0,0,36.0,36.0,36.0,36.0,72.0,72.0,72.0,72.0,4686.0
163486,1,0,1980.25,1,1,1,1,1,1,1,1,1,1,1,1,0,1,1,0,2,0,0,17.0,19.0,17.0,17.0,0,0,0,0,12.0,12.0,12.0,12.0,36.0,36.0,36.0,36.0,4745.0
163527,0,0,1979.75,2,0,0,0,1,1,0,2,2,2,2,1,1,0,2,0,0,6,0,3.0,13.0,18.0,13.0,0,0,0,0,41.0,41.0,41.0,41.0,78.0,78.0,78.0,78.0,4859.0
163543,1,0,1979.75,2,2,2,2,1,1,1,1,1,1,1,0,0,1,1,0,4,0,0,7.0,4.0,19.0,19.0,0,0,0,1,22.0,22.0,22.0,22.0,54.0,54.0,54.0,54.0,4893.0
163600,1,0,1980.0,0,2,2,2,1,0,0,2,2,2,2,1,1,1,1,0,0,4,0,12.0,7.0,13.0,7.0,0,0,0,0,36.0,36.0,36.0,36.0,72.0,72.0,72.0,72.0,4367.0
163686,0,0,1979.75,0,2,2,2,1,1,1,2,2,2,2,0,1,0,1,0,0,3,0,19.0,11.0,2.0,15.0,0,0,0,0,37.0,37.0,37.0,37.0,73.0,73.0,73.0,73.0,4323.0
163726,1,0,1980.25,0,0,0,0,1,1,1,2,2,2,2,0,0,1,0,0,0,0,0,20.0,19.0,19.0,22.0,0,0,0,0,31.0,31.0,31.0,31.0,64.0,64.0,64.0,64.0,4588.0
163783,1,1,1979.75,2,2,2,2,0,0,0,0,0,0,0,1,1,0,0,0,0,6,0,22.0,7.0,6.0,5.0,0,0,0,0,11.0,11.0,11.0,11.0,33.0,33.0,33.0,33.0,4034.0
163927,0,0,1979.75,2,2,2,2,0,0,0,2,2,2,2,0,1,1,0,0,3,0,2,8.0,8.0,13.0,23.0,0,0,1,0,4.0,4.0,4.0,4.0,5.0,5.0,5.0,5.0,4116.0
164139,0,0,1980.5,0,0,0,0,0,0,0,2,2,2,2,0,0,1,0,0,0,0,0,20.0,4.0,19.0,22.0,0,0,0,0,31.0,31.0,31.0,31.0,64.0,64.0,64.0,64.0,4056.0
164236,0,0,1980.25,2,2,2,2,1,1,1,2,2,2,2,1,0,1,1,0,6,0,0,8.0,23.0,21.0,36.0,0,0,1,0,38.0,38.0,38.0,38.0,74.0,74.0,74.0,74.0,4678.0
164328,1,0,1979.75,0,2,2,2,1,1,1,2,2,2,2,0,0,1,0,0,3,0,1,19.0,1.0,8.0,19.0,0,0,0,0,37.0,37.0,37.0,37.0,73.0,73.0,73.0,73.0,4284.0
164347,1,0,1980.5,2,2,2,2,0,1,1,2,2,2,2,0,0,1,0,0,3,0,1,14.0,1.0,8.0,19.0,0,0,0,0,37.0,37.0,37.0,37.0,73.0,73.0,73.0,73.0,4784.0
164399,0,1,1980.0,2,1,1,1,0,1,0,1,1,1,1,0,1,0,1,3,4,0,0,1.0,32.0,7.0,9.0,1,1,1,0,11.0,11.0,11.0,11.0,20.0,20.0,20.0,20.0,4342.0
164429,1,0,1980.25,0,2,2,2,1,1,1,1,1,1,1,0,3,0,0,0,0,0,6,15.0,11.0,12.0,29.0,0,0,0,0,12.0,12.0,12.0,12.0,36.0,36.0,36.0,36.0,4405.0
164958,0,0,1980.25,0,0,0,0,0,0,0,2,2,2,2,0,0,1,0,3,3,0,4,2.0,1.0,12.0,3.0,0,0,0,0,16.0,16.0,16.0,16.0,40.0,40.0,40.0,40.0,4657.0
164984,0,0,1979.75,2,0,1,1,1,1,1,2,2,2,2,1,0,0,0,0,2,0,0,6.0,11.0,7.0,6.0,0,0,0,0,35.0,35.0,35.0,35.0,69.0,69.0,69.0,69.0,4564.0
165041,0,0,1980.0,0,0,0,0,1,1,1,2,2,2,2,0,0,0,0,0,0,0,4,20.0,32.0,6.0,0.0,0,0,0,0,9.0,9.0,9.0,9.0,12.0,12.0,12.0,12.0,4809.0
165305,0,0,1980.5,2,0,0,0,1,0,1,2,2,2,2,0,0,0,1,0,0,0,0,5.0,4.0,18.0,6.0,0,0,0,0,31.0,31.0,31.0,31.0,64.0,64.0,64.0,64.0,4368.0
165341,1,0,1980.25,0,0,0,0,1,1,1,2,2,2,2,0,1,0,0,3,0,0,0,1.0,13.0,6.0,8.0,0,0,0,0,40.0,40.0,40.0,40.0,76.0,77.0,77.0,77.0,4508.0
165374,0,1,1980.25,0,0,0,0,1,1,0,1,1,1,1,1,0,0,0,0,3,0,0,13.0,3.0,14.0,30.0,0,0,0,0,22.0,22.0,22.0,22.0,54.0,54.0,54.0,54.0,4307.0
165386,0,0,1979.5,0,0,0,0,0,0,0,2,2,2,2,1,0,0,0,0,0,6,0,13.0,15.0,13.0,15.0,0,0,0,0,6.0,6.0,6.0,6.0,8.0,8.0,8.0,8.0,4154.0
165569,1,1,1980.0,0,0,0,0,0,0,0,0,0,0,0,0,0,0,1,0,6,0,2,6.0,3.0,4.0,16.0,1,1,0,0,11.0,11.0,11.0,11.0,19.0,19.0,19.0,19.0,4026.0
165610,0,1,1980.5,2,1,1,1,0,0,0,0,0,0,0,1,0,1,1,0,3,0,6,17.0,2.0,13.0,31.0,0,1,1,0,11.0,11.0,11.0,11.0,29.0,29.0,29.0,29.0,4646.0
165658,1,0,1980.5,0,2,2,2,1,1,1,2,2,2,2,0,1,0,0,0,0,0,0,16.0,8.0,34.0,10.0,0,0,0,0,29.0,29.0,29.0,29.0,62.0,62.0,62.0,62.0,4629.0
165692,0,0,1980.25,0,2,2,2,0,0,1,3,3,3,3,0,1,1,1,4,0,0,0,0.0,12.0,13.0,7.0,0,0,0,0,26.0,26.0,26.0,26.0,59.0,59.0,59.0,59.0,4257.0
165825,1,0,1980.0,2,2,2,2,1,1,1,1,1,1,1,0,1,0,1,0,0,4,0,3.0,6.0,1.0,16.0,0,0,0,0,25.0,25.0,25.0,25.0,58.0,58.0,58.0,58.0,4496.0
165847,1,0,1979.75,2,1,1,1,1,1,1,1,1,1,1,0,0,0,1,0,0,6,0,7.0,23.0,15.0,20.0,0,0,1,0,22.0,22.0,22.0,22.0,54.0,54.0,54.0,54.0,4717.0
165868,0,0,1980.25,0,2,2,2,1,1,1,2,2,2,2,0,1,0,0,0,6,6,4,8.0,20.0,5.0,3.0,0,0,0,0,3.0,3.0,3.0,3.0,3.0,3.0,3.0,3.0,4386.0
165913,1,0,1979.5,0,2,2,2,1,1,1,2,2,2,2,0,0,0,0,3,4,0,4,1.0,0.0,16.0,1.0,0,0,0,0,40.0,40.0,40.0,40.0,76.0,77.0,77.0,77.0,4490.0
166222,1,0,1980.25,1,1,1,1,1,1,1,1,1,1,1,1,0,0,1,0,0,3,0,12.0,4.0,1.0,24.0,0,0,0,1,22.0,22.0,22.0,22.0,54.0,54.0,54.0,54.0,4357.0
166582,1,0,1979.75,1,1,1,1,1,1,1,2,2,2,2,1,0,0,0,0,0,3,0,8.0,9.0,0.0,7.0,0,0,0,0,40.0,40.0,40.0,40.0,76.0,77.0,77.0,77.0,4622.0
166974,1,0,1980.25,2,2,2,2,0,0,0,2,2,2,2,1,1,0,0,0,0,0,0,8.0,18.0,6.0,17.0,0,0,0,0,14.0,14.0,14.0,14.0,38.0,38.0,38.0,38.0,4274.0
166986,0,1,1980.5,0,0,0,0,0,0,0,0,0,0,0,1,1,1,1,0,6,0,0,15.0,3.0,30.0,22.0,1,0,1,0,11.0,11.0,11.0,11.0,26.0,26.0,26.0,26.0,4262.0
167006,0,0,1980.25,2,2,2,2,1,1,1,2,2,2,2,1,1,1,0,0,1,0,4,13.0,12.0,6.0,16.0,0,0,0,1,42.0,42.0,42.0,42.0,80.0,80.0,80.0,80.0,4254.0
167085,1,1,1980.25,1,1,1,1,0,0,0,2,2,2,2,0,1,1,1,0,0,6,0,21.0,4.0,29.0,11.0,0,0,1,0,24.0,24.0,24.0,24.0,56.0,56.0,56.0,56.0,4117.0
167101,0,0,1980.25,2,2,2,2,1,1,1,2,2,2,2,0,0,0,1,0,0,6,0,13.0,16.0,4.0,14.0,0,0,1,0,8.0,8.0,8.0,8.0,11.0,11.0,11.0,11.0,4716.0
167246,0,1,1980.25,1,1,1,1,0,0,0,0,0,0,0,0,0,0,1,0,0,0,0,14.0,4.0,30.0,33.0,0,0,1,1,11.0,11.0,11.0,11.0,32.0,32.0,32.0,32.0,4491.0
167275,1,0,1980.5,2,2,2,2,1,1,1,2,2,2,2,1,1,1,0,0,0,0,0,5.0,15.0,20.0,9.0,0,0,0,0,12.0,12.0,12.0,12.0,34.0,34.0,34.0,34.0,4489.0
167334,0,1,1979.75,0,0,0,0,0,0,0,0,0,0,0,0,0,0,0,0,4,3,3,12.0,0.0,1.0,3.0,0,1,0,0,18.0,18.0,18.0,18.0,45.0,45.0,45.0,45.0,4161.0
167497,1,0,1979.5,1,1,1,1,1,1,1,1,1,1,1,0,0,1,0,0,0,0,3,5.0,9.0,9.0,6.0,0,0,0,0,25.0,25.0,25.0,25.0,58.0,58.0,58.0,58.0,4740.0
167606,0,0,1979.75,0,1,1,1,1,1,1,1,1,1,1,0,0,0,1,0,0,3,0,12.0,8.0,1.0,8.0,0,0,0,0,18.0,18.0,18.0,18.0,46.0,46.0,46.0,46.0,5150.0
167713,0,0,1980.0,2,0,0,0,1,1,1,2,2,2,2,1,0,1,1,0,0,1,2,13.0,11.0,13.0,17.0,0,0,0,0,23.0,23.0,23.0,23.0,55.0,55.0,55.0,55.0,4295.0
167721,0,0,1980.5,2,0,0,0,1,1,1,2,2,2,2,0,1,0,0,0,0,0,0,3.0,13.0,15.0,24.0,0,0,0,0,5.0,5.0,5.0,5.0,7.0,7.0,7.0,7.0,4604.0
167835,1,0,1980.5,2,2,2,2,1,1,1,2,2,2,2,1,1,1,0,0,1,0,4,13.0,12.0,6.0,16.0,0,0,0,1,42.0,42.0,42.0,42.0,80.0,80.0,80.0,80.0,4327.0
167846,0,1,1979.75,2,0,1,1,0,0,0,0,0,0,0,0,0,1,0,0,4,0,0,3.0,9.0,12.0,11.0,1,1,1,0,11.0,11.0,11.0,11.0,15.0,15.0,15.0,15.0,4213.0
167927,1,0,1979.75,2,1,1,1,1,1,1,2,2,2,2,3,0,0,0,0,0,0,0,12.0,15.0,20.0,20.0,0,0,0,0,30.0,30.0,30.0,30.0,63.0,63.0,63.0,63.0,4726.0
167983,0,0,1980.0,2,0,0,0,0,0,0,2,2,2,2,1,1,0,2,0,0,6,0,3.0,13.0,18.0,13.0,0,0,0,0,41.0,41.0,41.0,41.0,78.0,78.0,78.0,78.0,4410.0
168016,0,0,1980.0,1,1,1,1,0,0,0,2,2,2,2,0,1,0,0,0,2,0,0,15.0,13.0,11.0,4.0,0,0,0,0,31.0,31.0,31.0,31.0,65.0,65.0,65.0,65.0,4919.0
168054,0,1,1979.75,2,0,0,2,0,0,0,0,0,0,1,1,1,0,1,0,0,4,2,5.0,19.0,2.0,19.0,0,0,0,0,11.0,11.0,11.0,11.0,33.0,33.0,33.0,21.0,4217.0
168106,1,0,1980.5,2,2,2,2,1,1,1,1,1,1,1,0,0,0,0,4,3,0,2,0.0,3.0,25.0,12.0,0,0,0,0,18.0,18.0,18.0,18.0,46.0,46.0,46.0,46.0,4329.0
168160,0,0,1980.0,1,1,1,1,1,1,1,1,1,1,1,1,0,0,0,0,0,4,0,8.0,6.0,3.0,19.0,0,0,0,0,25.0,25.0,25.0,25.0,58.0,58.0,58.0,58.0,4917.0
168223,0,1,1980.0,0,0,2,2,0,0,0,0,0,0,0,0,1,0,0,0,0,0,0,12.0,25.0,16.0,4.0,1,0,1,0,11.0,11.0,11.0,11.0,27.0,27.0,27.0,27.0,4394.0
168295,0,1,1979.75,2,0,0,0,0,0,0,0,0,0,0,1,1,1,0,0,0,4,4,22.0,32.0,0.0,0.0,0,1,1,1,11.0,11.0,11.0,11.0,33.0,33.0,33.0,33.0,4412.0
168353,0,0,1980.0,2,2,2,2,1,1,1,2,2,2,2,0,0,1,0,0,0,0,0,3.0,4.0,14.0,13.0,0,0,0,0,32.0,32.0,32.0,32.0,66.0,66.0,66.0,66.0,4830.0
168603,1,0,1980.5,2,0,0,1,1,1,1,1,1,1,1,3,1,0,0,0,0,0,0,12.0,13.0,17.0,15.0,0,0,0,0,22.0,22.0,22.0,22.0,51.0,51.0,51.0,51.0,4726.0
168662,0,0,1979.75,1,1,1,1,1,1,1,3,3,3,3,0,0,0,0,0,0,0,0,13.0,27.0,22.0,8.0,0,0,0,0,6.0,6.0,6.0,6.0,9.0,9.0,9.0,9.0,4306.0
168911,0,1,1980.0,1,1,1,1,0,0,0,0,0,0,0,0,1,0,0,3,1,0,0,1.0,25.0,4.0,22.0,1,1,1,1,11.0,11.0,11.0,11.0,16.0,16.0,16.0,16.0,4370.0
169085,0,1,1980.25,2,0,0,0,0,0,0,0,0,0,0,0,0,0,1,3,0,0,2,0.0,4.0,7.0,25.0,0,0,1,1,11.0,11.0,11.0,11.0,32.0,32.0,32.0,32.0,4228.0
169101,1,0,1980.25,2,0,1,1,1,1,1,2,3,3,3,1,1,1,0,0,0,0,4,13.0,3.0,22.0,0.0,0,0,0,0,42.0,7.0,7.0,7.0,80.0,10.0,10.0,10.0,4262.0
169318,0,1,1979.75,1,1,1,1,0,0,0,0,0,0,0,0,0,0,1,0,6,0,2,6.0,9.0,8.0,21.0,1,1,1,1,11.0,11.0,11.0,11.0,19.0,19.0,19.0,19.0,4749.0
169355,0,0,1980.5,0,0,0,0,1,1,1,2,2,2,2,1,0,1,1,0,0,1,2,13.0,11.0,13.0,17.0,0,0,0,0,23.0,23.0,23.0,23.0,55.0,55.0,55.0,55.0,4759.0
169369,1,0,1980.5,0,2,2,2,1,1,1,2,2,2,2,1,1,1,0,0,0,0,0,17.0,15.0,20.0,9.0,0,0,0,0,12.0,12.0,12.0,12.0,34.0,34.0,34.0,34.0,4282.0
169385,0,1,1980.5,2,2,2,2,1,1,1,1,1,1,1,0,0,0,0,4,3,0,2,0.0,3.0,25.0,12.0,0,0,0,0,18.0,18.0,18.0,18.0,46.0,46.0,46.0,46.0,4407.0
169417,1,0,1980.5,2,2,0,0,0,1,0,2,2,2,2,1,1,0,0,0,0,2,0,8.0,18.0,14.0,3.0,0,0,0,0,14.0,14.0,14.0,14.0,38.0,38.0,38.0,38.0,4165.0
169455,1,1,1980.0,0,2,2,2,0,0,0,0,0,0,0,0,0,0,0,0,3,0,0,5.0,1.0,31.0,18.0,0,1,1,1,11.0,11.0,11.0,11.0,29.0,29.0,33.0,33.0,4322.0
169494,1,0,1979.75,1,1,1,1,1,1,1,1,1,1,1,0,1,0,0,4,6,0,0,0.0,16.0,10.0,6.0,0,0,0,0,18.0,18.0,18.0,18.0,43.0,43.0,43.0,43.0,5076.0
169561,1,0,1980.5,0,2,2,2,1,0,0,2,2,2,2,0,0,0,0,0,0,0,0,20.0,39.0,9.0,16.0,0,0,0,0,9.0,9.0,9.0,9.0,12.0,12.0,12.0,12.0,4935.0
169631,0,0,1980.0,0,2,2,2,0,0,0,2,2,2,2,0,0,0,0,0,4,0,4,2.0,0.0,16.0,1.0,0,0,0,0,40.0,40.0,40.0,40.0,76.0,77.0,77.0,77.0,4942.0
169824,1,0,1980.0,0,0,0,0,1,1,1,2,2,2,2,1,0,0,1,0,4,3,0,8.0,0.0,1.0,5.0,1,0,0,0,32.0,32.0,32.0,32.0,66.0,66.0,66.0,66.0,4531.0
169999,1,0,1980.0,0,2,2,2,1,1,1,2,2,2,2,1,0,0,0,0,3,6,4,5.0,2.0,19.0,0.0,0,0,0,0,19.0,19.0,19.0,19.0,47.0,47.0,47.0,47.0,4786.0
170010,0,0,1980.5,2,2,2,2,1,0,0,2,2,2,2,0,1,0,1,0,0,0,0,9.0,11.0,7.0,9.0,0,1,0,0,21.0,21.0,21.0,21.0,49.0,49.0,49.0,50.0,4537.0
170126,0,1,1980.25,1,1,1,0,0,0,0,0,0,0,0,0,1,0,1,0,0,0,2,11.0,17.0,5.0,14.0,0,0,0,0,11.0,11.0,11.0,11.0,27.0,27.0,27.0,27.0,4247.0
170269,0,0,1979.25,1,2,2,2,1,1,1,2,2,2,2,0,0,1,1,0,6,0,0,12.0,23.0,21.0,36.0,0,0,1,0,38.0,38.0,38.0,38.0,74.0,74.0,74.0,74.0,4961.0
170429,0,0,1980.25,1,1,1,1,1,1,1,1,1,1,1,0,1,0,0,4,6,0,0,0.0,16.0,10.0,6.0,0,0,0,0,18.0,18.0,18.0,18.0,43.0,43.0,43.0,43.0,4811.0
170443,0,0,1980.5,1,1,1,1,1,1,0,2,2,2,2,1,1,0,0,0,0,3,3,4.0,8.0,3.0,1.0,0,0,0,0,30.0,30.0,30.0,30.0,63.0,63.0,63.0,63.0,4652.0
170489,1,0,1980.5,2,2,2,2,1,1,1,2,2,2,2,1,0,0,1,0,0,0,0,12.0,21.0,14.0,9.0,0,0,0,0,41.0,41.0,41.0,41.0,79.0,79.0,79.0,79.0,4631.0
170663,1,1,1979.75,0,0,0,1,0,0,0,0,0,0,0,1,1,1,0,0,0,0,0,11.0,11.0,11.0,11.0,1,0,0,0,11.0,11.0,11.0,11.0,15.0,15.0,15.0,15.0,4082.0
170758,1,1,1979.75,2,2,2,2,0,0,0,0,0,0,0,1,0,1,0,3,0,0,0,24.0,35.0,32.0,18.0,0,1,1,1,11.0,11.0,11.0,11.0,30.0,30.0,30.0,30.0,4461.0
171005,0,0,1980.25,2,0,0,0,0,1,1,2,2,2,2,0,0,0,1,0,0,0,0,5.0,4.0,18.0,6.0,0,0,0,0,31.0,31.0,31.0,31.0,64.0,64.0,64.0,64.0,4166.0
171034,1,0,1980.5,2,1,1,1,1,1,1,3,3,3,3,0,0,0,0,0,0,0,0,14.0,18.0,22.0,8.0,0,0,0,0,6.0,6.0,6.0,6.0,9.0,9.0,9.0,9.0,4774.0
171056,1,0,1980.0,0,0,0,0,0,1,1,2,2,2,2,0,0,0,0,0,0,0,0,16.0,10.0,26.0,17.0,0,0,0,0,29.0,29.0,29.0,29.0,62.0,62.0,62.0,62.0,4198.0
171116,0,1,1980.25,2,0,0,1,0,0,0,0,0,0,0,0,1,1,0,0,0,0,0,3.0,11.0,11.0,11.0,1,0,0,0,11.0,11.0,11.0,11.0,15.0,15.0,15.0,15.0,4301.0
171232,0,1,1980.0,2,1,1,0,1,1,1,0,0,0,0,0,0,0,0,0,6,0,0,20.0,32.0,4.0,5.0,1,1,0,0,11.0,11.0,11.0,11.0,27.0,27.0,27.0,27.0,4442.0
171552,0,0,1980.0,1,1,1,1,0,1,1,2,2,2,2,0,0,0,1,0,3,3,0,6.0,1.0,5.0,12.0,0,0,1,0,34.0,34.0,34.0,34.0,68.0,68.0,68.0,68.0,4337.0
171578,1,0,1980.5,1,1,1,1,1,1,1,2,2,2,2,2,0,0,0,0,0,0,6,10.0,8.0,16.0,6.0,0,0,0,0,3.0,3.0,3.0,3.0,3.0,3.0,3.0,3.0,4804.0
171639,0,0,1979.75,0,0,0,0,1,1,1,2,2,2,2,0,0,1,1,0,0,0,1,13.0,17.0,17.0,12.0,0,0,0,0,41.0,41.0,41.0,41.0,79.0,79.0,79.0,79.0,4735.0
171673,0,0,1980.5,1,1,1,1,1,1,1,2,2,2,2,0,0,0,0,0,6,0,0,12.0,6.0,10.0,14.0,0,0,0,0,21.0,21.0,21.0,21.0,50.0,50.0,50.0,50.0,4651.0
171692,0,0,1979.25,2,0,1,1,1,1,1,3,3,3,3,1,1,1,0,0,0,0,4,12.0,3.0,22.0,0.0,0,0,0,0,7.0,7.0,7.0,7.0,10.0,10.0,10.0,10.0,4251.0
171758,1,0,1980.25,2,0,0,0,1,1,1,2,2,2,2,1,1,0,0,0,0,4,6,7.0,42.0,0.0,23.0,0,0,0,0,30.0,30.0,30.0,30.0,63.0,63.0,63.0,63.0,4461.0
171820,0,0,1979.25,0,0,0,0,0,0,1,2,2,2,2,0,0,0,0,0,2,0,0,16.0,11.0,31.0,7.0,0,0,0,0,35.0,35.0,35.0,35.0,69.0,69.0,69.0,69.0,4398.0
171872,1,0,1980.0,0,2,2,2,1,1,1,2,2,2,2,0,1,0,1,0,0,0,1,11.0,11.0,7.0,17.0,0,1,0,0,21.0,21.0,21.0,21.0,49.0,49.0,49.0,49.0,4346.0
171882,1,0,1980.5,0,0,0,0,1,1,1,2,2,2,2,0,0,1,0,0,0,0,0,11.0,19.0,19.0,22.0,0,0,0,0,31.0,31.0,31.0,31.0,64.0,64.0,64.0,64.0,4556.0
171900,0,0,1980.25,1,1,1,1,0,0,1,2,2,2,2,0,1,0,0,0,2,0,0,15.0,13.0,11.0,4.0,0,0,0,0,31.0,31.0,31.0,31.0,65.0,65.0,65.0,65.0,4484.0
171915,1,1,1980.5,2,0,0,0,0,0,0,0,0,0,0,1,0,0,0,3,3,3,6,24.0,2.0,1.0,3.0,0,0,0,0,11.0,11.0,11.0,11.0,30.0,30.0,30.0,30.0,4065.0
171975,1,0,1979.75,0,0,0,0,1,1,0,2,2,2,2,1,1,0,0,0,0,0,0,15.0,13.0,15.0,24.0,0,0,0,0,5.0,5.0,5.0,5.0,7.0,7.0,7.0,7.0,4724.0
172001,0,0,1980.0,1,1,1,1,1,1,1,3,3,3,3,0,0,1,0,0,0,0,0,11.0,5.0,9.0,13.0,0,0,1,0,26.0,26.0,26.0,26.0,59.0,59.0,59.0,59.0,4372.0
172063,0,0,1980.0,0,2,2,2,1,1,1,2,2,2,2,0,0,0,0,0,2,0,2,16.0,16.0,8.0,12.0,0,0,0,0,35.0,35.0,35.0,35.0,69.0,69.0,69.0,69.0,4854.0
172173,0,0,1980.25,0,2,2,2,1,1,1,2,2,2,2,0,0,0,0,3,4,0,4,1.0,0.0,16.0,1.0,0,0,0,0,40.0,40.0,40.0,40.0,76.0,77.0,77.0,77.0,4436.0
172249,1,0,1980.5,0,0,0,0,1,1,1,2,2,2,2,1,0,1,1,0,0,1,2,13.0,11.0,13.0,17.0,0,0,0,0,23.0,23.0,23.0,23.0,55.0,55.0,55.0,55.0,4427.0
172286,0,0,1980.25,1,1,1,1,1,1,1,2,2,2,2,2,0,0,1,0,0,0,2,10.0,21.0,10.0,17.0,0,0,0,0,3.0,3.0,3.0,3.0,3.0,3.0,3.0,3.0,4476.0
172458,0,1,1980.5,1,1,1,1,0,0,0,0,0,0,0,0,0,1,0,3,0,0,0,1.0,4.0,26.0,7.0,0,1,1,0,11.0,11.0,11.0,11.0,33.0,33.0,33.0,33.0,4296.0
172475,0,0,1980.5,1,1,1,1,1,1,1,3,3,3,3,0,1,1,0,0,0,0,3,11.0,19.0,12.0,2.0,0,0,0,0,26.0,26.0,26.0,26.0,59.0,59.0,59.0,59.0,4565.0
172544,1,0,1980.0,0,0,0,0,1,0,0,2,2,2,2,0,1,0,0,0,0,4,6,10.0,42.0,0.0,23.0,0,0,0,0,30.0,30.0,30.0,30.0,63.0,63.0,63.0,63.0,4644.0
172635,0,0,1980.5,2,0,1,1,1,1,1,3,3,2,2,0,0,0,1,0,0,0,0,11.0,11.0,20.0,19.0,0,0,0,0,6.0,6.0,6.0,6.0,9.0,9.0,8.0,8.0,4649.0
172710,1,1,1979.75,2,2,0,2,0,0,0,0,0,0,0,0,0,0,1,0,0,0,4,7.0,27.0,7.0,12.0,0,1,1,0,11.0,11.0,11.0,11.0,22.0,22.0,22.0,22.0,4075.0
172765,1,0,1980.25,0,0,0,0,1,1,1,2,2,2,2,0,0,0,0,3,4,0,0,1.0,0.0,20.0,28.0,0,0,0,0,40.0,40.0,40.0,40.0,76.0,77.0,77.0,77.0,4319.0
172807,0,1,1979.75,2,2,2,2,0,0,0,2,2,2,2,0,1,0,0,0,0,3,0,12.0,6.0,2.0,10.0,0,0,0,0,12.0,12.0,12.0,12.0,35.0,35.0,35.0,35.0,4096.0
172918,1,0,1979.75,1,1,1,1,1,1,1,2,2,2,2,0,0,0,0,0,0,3,6,15.0,4.0,1.0,24.0,0,0,0,0,32.0,32.0,32.0,32.0,66.0,66.0,66.0,66.0,4908.0
172961,0,1,1980.0,2,0,0,1,0,0,0,2,2,2,2,0,1,0,0,0,0,0,1,14.0,13.0,19.0,9.0,0,0,0,0,37.0,37.0,37.0,37.0,73.0,73.0,73.0,73.0,4265.0
173099,0,1,1980.5,2,2,2,2,0,0,0,0,0,0,0,0,1,1,0,0,1,0,0,6.0,33.0,5.0,26.0,0,1,0,1,11.0,11.0,11.0,11.0,16.0,16.0,16.0,16.0,4273.0
173143,1,0,1979.75,1,1,1,1,1,1,1,2,2,2,2,0,1,1,0,0,0,0,0,16.0,12.0,14.0,10.0,0,0,0,0,36.0,36.0,36.0,36.0,72.0,72.0,72.0,72.0,4445.0
173302,0,0,1979.75,1,1,1,1,1,1,1,2,2,2,2,0,0,3,1,0,2,2,0,2.0,19.0,12.0,3.0,0,0,0,0,15.0,15.0,15.0,15.0,39.0,39.0,39.0,39.0,4939.0
173339,0,0,1980.5,1,1,1,1,1,1,1,2,2,2,2,0,0,0,0,0,0,0,0,7.0,15.0,20.0,20.0,0,0,0,0,30.0,30.0,30.0,30.0,63.0,63.0,63.0,63.0,4597.0
173501,0,0,1980.25,0,0,0,0,1,1,1,2,2,2,2,1,0,0,1,0,0,6,0,12.0,15.0,10.0,13.0,0,0,1,0,36.0,36.0,36.0,36.0,72.0,72.0,72.0,72.0,4891.0
173520,1,0,1980.0,0,0,0,0,1,1,1,2,2,2,2,1,0,0,1,0,4,0,0,13.0,3.0,15.0,9.0,0,0,0,0,24.0,24.0,24.0,24.0,56.0,56.0,56.0,56.0,4529.0
173527,1,0,1979.75,1,1,1,1,1,1,1,3,3,3,3,1,1,1,0,0,0,0,3,14.0,19.0,12.0,2.0,0,0,0,0,26.0,26.0,26.0,26.0,59.0,59.0,59.0,59.0,4718.0
173617,1,0,1980.0,0,2,2,2,1,1,1,1,1,1,1,0,3,0,0,0,0,0,6,15.0,11.0,12.0,29.0,0,0,0,0,12.0,12.0,12.0,12.0,36.0,36.0,36.0,36.0,4296.0
173654,0,0,1979.75,0,2,2,2,1,1,1,2,2,2,2,0,0,1,1,0,0,0,1,2.0,18.0,15.0,15.0,0,0,0,0,40.0,40.0,40.0,40.0,76.0,77.0,77.0,77.0,4421.0
173693,0,0,1980.25,1,2,2,2,1,1,1,2,2,2,2,0,1,1,0,3,0,0,0,2.0,15.0,20.0,9.0,0,0,0,0,12.0,12.0,12.0,12.0,34.0,34.0,34.0,34.0,4835.0
173773,1,0,1980.25,0,2,2,2,0,0,0,2,2,2,2,0,1,0,1,0,3,0,1,4.0,2.0,22.0,10.0,0,0,0,0,15.0,15.0,15.0,15.0,39.0,39.0,39.0,39.0,4462.0
173785,0,1,1980.5,0,2,2,2,1,1,1,1,1,1,1,0,0,0,0,3,0,0,0,1.0,19.0,10.0,25.0,1,0,1,1,11.0,11.0,11.0,11.0,21.0,21.0,21.0,21.0,4198.0
173838,0,0,1980.25,1,1,1,1,1,1,1,2,2,2,2,0,0,0,1,0,0,0,0,7.0,7.0,18.0,12.0,0,0,0,0,30.0,30.0,30.0,30.0,63.0,63.0,63.0,63.0,4499.0
173933,0,0,1980.25,2,0,0,0,1,1,1,3,3,3,3,1,1,0,1,0,0,3,0,8.0,8.0,1.0,7.0,0,0,0,0,26.0,26.0,26.0,26.0,59.0,59.0,59.0,59.0,4556.0
174077,0,0,1980.25,1,1,1,1,0,0,0,2,2,2,2,0,1,1,1,0,0,6,0,21.0,4.0,29.0,11.0,0,0,1,0,24.0,24.0,24.0,24.0,56.0,56.0,56.0,56.0,4279.0
174102,0,0,1979.75,2,0,1,1,0,0,0,2,2,2,2,1,0,0,0,0,0,0,2,10.0,15.0,10.0,18.0,0,0,0,0,36.0,36.0,36.0,36.0,72.0,72.0,72.0,72.0,4550.0
174137,0,0,1980.5,2,2,2,2,1,1,1,2,2,2,2,1,0,0,0,0,4,0,4,13.0,0.0,16.0,1.0,0,0,0,0,40.0,40.0,40.0,40.0,76.0,77.0,77.0,77.0,5024.0
174152,0,1,1979.75,0,0,2,2,1,0,0,1,1,1,1,0,0,0,1,3,6,0,0,1.0,25.0,5.0,20.0,0,1,1,1,11.0,11.0,11.0,11.0,23.0,23.0,23.0,23.0,4308.0
174280,1,0,1979.75,2,0,1,1,1,1,1,2,2,2,2,1,0,0,0,0,0,0,0,11.0,16.0,5.0,22.0,0,0,0,0,39.0,39.0,39.0,39.0,75.0,75.0,75.0,75.0,4716.0
174539,1,1,1980.5,1,1,1,1,0,0,1,1,1,1,1,0,0,1,0,0,4,0,4,12.0,1.0,11.0,8.0,1,1,0,0,11.0,11.0,11.0,11.0,25.0,25.0,25.0,25.0,4600.0
174577,0,0,1980.0,2,2,2,2,1,1,1,1,1,1,1,1,1,1,1,0,0,0,0,8.0,29.0,12.0,6.0,0,0,0,0,28.0,28.0,28.0,28.0,61.0,61.0,61.0,61.0,4746.0
174641,0,1,1980.0,2,2,2,1,1,1,1,3,3,3,3,1,1,1,0,0,0,0,0,12.0,14.0,18.0,36.0,0,0,0,0,7.0,7.0,7.0,7.0,10.0,10.0,10.0,10.0,4978.0
174688,1,0,1980.0,1,1,1,1,0,0,0,2,2,2,2,1,0,0,0,5,3,0,0,11.0,0.0,9.0,34.0,0,0,0,0,19.0,19.0,19.0,19.0,47.0,47.0,47.0,47.0,4789.0
174774,0,1,1979.75,0,0,2,2,0,0,0,0,0,0,0,0,0,0,0,4,0,6,6,0.0,37.0,0.0,17.0,0,1,0,1,11.0,11.0,11.0,11.0,31.0,31.0,31.0,31.0,4581.0
174793,0,0,1979.5,2,0,1,1,1,1,1,3,3,3,3,1,1,1,0,0,0,0,4,12.0,3.0,22.0,0.0,0,0,0,0,7.0,7.0,7.0,7.0,10.0,10.0,10.0,10.0,4549.0
174843,1,0,1980.5,0,0,0,1,1,1,0,2,2,2,2,1,0,0,0,0,0,3,6,8.0,12.0,2.0,24.0,1,0,0,0,32.0,32.0,32.0,32.0,66.0,66.0,66.0,66.0,4363.0
174855,0,0,1979.75,2,2,1,1,0,0,0,0,0,1,1,0,0,0,1,0,0,3,0,9.0,7.0,1.0,24.0,0,0,0,1,22.0,22.0,22.0,22.0,53.0,53.0,54.0,54.0,4150.0
174941,1,0,1980.25,1,1,1,1,1,1,1,2,2,2,2,0,1,0,0,0,3,0,2,19.0,1.0,32.0,17.0,0,0,0,0,31.0,31.0,31.0,31.0,64.0,64.0,64.0,64.0,4772.0
175036,1,1,1980.25,2,2,2,2,0,0,0,0,0,0,0,0,0,0,1,3,0,0,0,0.0,10.0,14.0,33.0,0,0,0,1,11.0,11.0,11.0,11.0,32.0,32.0,32.0,32.0,4077.0
175052,1,0,1980.25,2,2,2,2,0,0,0,2,2,2,2,0,1,0,0,0,0,0,4,3.0,9.0,31.0,0.0,0,0,1,0,5.0,5.0,5.0,5.0,7.0,7.0,7.0,7.0,4354.0
175110,0,0,1979.75,1,1,1,1,1,0,0,1,1,1,1,1,0,0,0,0,0,0,0,4.0,18.0,15.0,12.0,0,0,0,0,18.0,18.0,18.0,18.0,46.0,46.0,46.0,46.0,4360.0
175191,1,0,1979.75,1,1,1,1,1,1,1,2,2,2,2,0,0,0,0,0,0,3,0,22.0,9.0,0.0,7.0,0,0,0,0,40.0,40.0,40.0,40.0,76.0,77.0,77.0,77.0,4694.0
175263,1,0,1980.0,0,0,1,1,1,1,1,2,2,2,2,1,1,0,0,0,0,0,0,11.0,5.0,5.0,22.0,0,0,0,0,39.0,39.0,39.0,39.0,75.0,75.0,75.0,75.0,4412.0
175319,1,0,1979.75,2,2,2,2,1,1,1,2,2,2,2,1,0,0,1,0,0,0,0,12.0,17.0,9.0,9.0,0,0,0,0,21.0,21.0,21.0,21.0,50.0,50.0,50.0,50.0,4621.0
175398,0,0,1979.75,0,0,0,0,1,1,1,2,2,2,2,0,0,0,0,4,0,3,6,0.0,7.0,1.0,7.0,0,0,0,0,33.0,33.0,33.0,33.0,67.0,67.0,67.0,67.0,4826.0
175724,0,0,1980.25,2,0,0,0,1,1,1,2,2,2,2,0,1,0,0,0,0,0,0,3.0,13.0,18.0,24.0,0,0,0,0,5.0,5.0,5.0,5.0,7.0,7.0,7.0,7.0,4847.0
175735,0,0,1979.75,0,2,2,2,0,0,0,2,2,2,2,0,1,1,1,0,0,6,0,13.0,13.0,20.0,19.0,0,0,0,1,38.0,38.0,38.0,38.0,74.0,74.0,74.0,74.0,4653.0
175851,1,0,1980.5,2,2,2,2,1,1,1,2,2,2,2,1,0,0,0,0,0,0,6,9.0,20.0,19.0,2.0,0,0,0,0,31.0,31.0,31.0,31.0,65.0,65.0,65.0,65.0,4475.0
175930,0,1,1980.5,1,1,1,1,0,0,0,0,0,0,0,0,0,1,1,0,6,0,0,6.0,9.0,33.0,18.0,1,1,1,1,11.0,11.0,11.0,11.0,19.0,19.0,19.0,19.0,4151.0
175968,0,1,1979.0,1,1,1,1,0,0,0,0,0,0,0,0,1,0,0,3,0,6,4,2.0,17.0,2.0,3.0,0,1,0,1,11.0,11.0,11.0,11.0,30.0,30.0,30.0,30.0,4229.0
176091,0,0,1980.5,1,1,1,1,0,0,0,2,2,2,2,2,0,1,0,1,4,0,0,8.0,1.0,8.0,9.0,0,0,0,0,14.0,14.0,14.0,14.0,38.0,38.0,38.0,38.0,4291.0
176187,0,0,1980.5,2,1,1,1,0,0,0,2,2,2,2,1,1,1,1,0,0,0,1,13.0,11.0,14.0,10.0,0,0,0,0,23.0,23.0,23.0,23.0,55.0,55.0,55.0,55.0,4099.0
176285,0,2,1980.25,0,0,2,2,0,0,0,2,2,2,2,0,0,1,1,0,0,4,0,8.0,8.0,13.0,7.0,0,0,0,0,36.0,36.0,36.0,36.0,72.0,72.0,72.0,72.0,4522.0
176415,1,0,1980.0,1,1,1,1,1,1,1,3,3,3,3,0,0,0,0,0,0,0,0,14.0,20.0,22.0,8.0,0,0,0,0,6.0,6.0,6.0,6.0,9.0,9.0,9.0,9.0,4828.0
176508,0,0,1980.25,2,2,2,2,1,1,1,2,2,2,2,1,2,0,0,0,0,0,0,11.0,18.0,33.0,7.0,0,0,0,0,39.0,39.0,39.0,39.0,75.0,75.0,75.0,75.0,4620.0
176624,1,1,1980.0,1,1,1,1,0,0,0,0,0,0,0,0,1,0,0,4,0,6,0,9.0,9.0,2.0,8.0,1,1,1,1,11.0,11.0,11.0,11.0,22.0,22.0,22.0,22.0,4415.0
176635,1,1,1980.5,2,0,0,0,0,0,0,0,0,0,0,1,1,1,0,0,0,4,4,22.0,32.0,0.0,0.0,0,1,1,1,11.0,11.0,11.0,11.0,33.0,33.0,33.0,33.0,4220.0
176775,0,0,1979.75,2,0,0,0,0,0,0,2,2,2,2,1,0,0,0,0,0,4,6,7.0,21.0,0.0,23.0,0,0,0,0,30.0,30.0,30.0,30.0,63.0,63.0,63.0,63.0,4637.0
176795,1,0,1980.5,0,2,2,2,1,1,1,1,1,1,1,0,1,1,0,5,0,0,0,3.0,6.0,9.0,8.0,0,0,0,0,25.0,25.0,25.0,25.0,58.0,58.0,58.0,58.0,4600.0
177023,1,0,1980.0,0,0,0,0,1,1,1,2,2,2,2,1,0,0,0,1,0,0,0,11.0,16.0,25.0,37.0,0,0,0,0,8.0,8.0,8.0,8.0,11.0,11.0,11.0,11.0,4585.0
177055,1,0,1980.0,1,1,1,1,0,0,0,2,2,2,2,0,0,0,0,0,0,0,4,5.0,10.0,25.0,2.0,0,0,0,0,33.0,33.0,33.0,33.0,67.0,67.0,67.0,67.0,4385.0
177105,1,1,1980.0,0,0,0,0,0,0,0,2,2,2,2,0,0,0,1,3,4,0,0,3.0,3.0,15.0,9.0,1,0,0,0,24.0,24.0,24.0,24.0,56.0,56.0,56.0,56.0,4190.0
177194,0,0,1980.5,0,0,2,2,1,0,1,2,2,2,2,1,0,1,0,0,0,0,0,12.0,8.0,8.0,11.0,0,0,0,0,36.0,36.0,36.0,36.0,72.0,72.0,72.0,72.0,4878.0
177286,1,1,1980.75,0,2,0,1,1,1,1,0,0,0,0,0,0,0,0,0,3,0,1,12.0,3.0,4.0,15.0,1,0,1,1,11.0,11.0,11.0,11.0,27.0,27.0,27.0,27.0,4405.0
177399,0,0,1979.75,1,1,1,1,1,1,1,2,2,2,2,0,0,0,0,0,6,0,0,12.0,6.0,10.0,14.0,0,0,0,0,21.0,21.0,21.0,21.0,50.0,50.0,50.0,50.0,4592.0
177574,1,0,1979.75,1,1,1,1,0,0,0,2,2,2,2,1,0,0,0,0,0,4,0,9.0,5.0,0.0,15.0,0,0,0,0,9.0,9.0,9.0,9.0,12.0,12.0,12.0,12.0,4701.0
177629,1,1,1979.25,0,2,2,2,0,0,0,2,2,2,2,0,1,0,1,4,0,0,0,0.0,9.0,8.0,5.0,0,0,0,0,5.0,5.0,5.0,5.0,7.0,7.0,7.0,7.0,4268.0
177723,1,1,1980.5,2,2,0,2,0,0,0,0,0,0,0,0,0,0,1,0,0,0,4,16.0,27.0,7.0,12.0,1,1,1,0,11.0,11.0,11.0,11.0,22.0,22.0,22.0,22.0,4138.0
177836,1,0,1980.25,1,1,1,1,0,1,1,2,2,2,2,1,1,0,0,0,0,0,0,4.0,8.0,20.0,20.0,0,0,0,0,30.0,30.0,30.0,30.0,63.0,63.0,63.0,63.0,4635.0
177849,1,0,1979.5,2,0,0,0,1,1,1,2,2,2,2,3,0,0,0,0,0,4,6,12.0,21.0,0.0,23.0,0,0,0,0,30.0,30.0,30.0,30.0,63.0,63.0,63.0,63.0,4520.0
177965,1,0,1980.25,0,2,2,2,1,1,1,2,2,2,2,0,1,0,0,3,0,0,0,2.0,11.0,6.0,7.0,0,0,1,0,24.0,24.0,24.0,24.0,57.0,57.0,57.0,57.0,4207.0
178137,1,0,1979.5,2,2,2,2,0,1,0,2,2,2,2,0,1,0,1,0,0,0,1,9.0,11.0,7.0,17.0,0,1,0,0,21.0,21.0,21.0,21.0,49.0,49.0,49.0,49.0,4342.0
178159,0,0,1980.0,0,2,2,2,0,0,0,2,2,2,2,1,1,0,1,0,0,0,1,13.0,11.0,7.0,17.0,0,1,0,0,21.0,21.0,21.0,21.0,50.0,49.0,49.0,49.0,4219.0
178174,1,0,1980.25,1,1,1,1,0,0,0,2,2,2,2,2,0,1,0,1,4,0,0,8.0,1.0,8.0,9.0,0,0,0,0,14.0,14.0,14.0,14.0,38.0,38.0,38.0,38.0,4140.0
178383,0,0,1980.0,2,2,2,2,1,1,1,2,2,2,2,1,1,1,0,0,1,0,4,13.0,12.0,6.0,16.0,0,0,0,1,42.0,42.0,42.0,42.0,80.0,80.0,80.0,80.0,4521.0
178394,0,1,1980.5,1,0,1,1,1,1,1,1,1,1,1,0,0,1,1,1,4,6,0,13.0,2.0,10.0,10.0,0,1,1,1,11.0,11.0,11.0,11.0,24.0,24.0,24.0,24.0,4230.0
178463,1,0,1980.0,2,2,2,2,1,1,1,2,2,2,2,0,0,0,0,0,0,0,0,13.0,8.0,13.0,13.0,0,0,0,0,32.0,32.0,32.0,32.0,66.0,66.0,66.0,66.0,4436.0
178666,1,0,1980.5,2,2,2,2,1,1,1,2,2,2,2,1,1,0,1,0,3,0,1,5.0,2.0,22.0,10.0,0,0,0,0,15.0,15.0,15.0,15.0,39.0,39.0,39.0,39.0,4769.0
179159,1,0,1979.75,2,0,0,0,1,1,0,2,2,2,2,1,1,0,2,0,0,6,0,3.0,13.0,18.0,13.0,0,0,0,0,41.0,41.0,41.0,41.0,78.0,78.0,78.0,78.0,4566.0
179360,1,0,1980.0,2,0,0,0,1,1,1,2,2,2,2,0,0,0,0,0,0,0,0,13.0,16.0,13.0,4.0,0,0,0,0,8.0,8.0,8.0,8.0,11.0,11.0,11.0,11.0,5159.0
179430,0,0,1979.75,1,1,1,1,0,1,1,2,2,2,2,2,0,1,0,1,4,0,0,8.0,1.0,8.0,9.0,0,0,0,0,14.0,14.0,14.0,14.0,38.0,38.0,38.0,38.0,4582.0
179575,0,0,1979.75,1,1,1,1,1,1,1,2,2,2,2,0,0,1,1,0,0,6,0,21.0,21.0,39.0,6.0,0,0,0,1,24.0,24.0,24.0,24.0,56.0,56.0,56.0,56.0,4917.0
179663,0,0,1980.0,0,1,1,1,1,1,1,2,2,2,2,1,0,0,0,0,0,0,0,11.0,14.0,5.0,22.0,0,0,0,0,39.0,39.0,39.0,39.0,75.0,75.0,75.0,75.0,4414.0
179851,1,0,1980.5,1,1,1,1,0,1,1,2,2,2,2,0,0,0,0,0,0,6,0,6.0,13.0,14.0,18.0,0,0,0,0,35.0,35.0,35.0,35.0,69.0,69.0,69.0,69.0,4799.0
179979,1,0,1980.5,0,2,2,2,1,1,1,2,2,2,2,0,1,1,0,0,3,0,2,8.0,8.0,13.0,23.0,0,0,1,0,4.0,4.0,4.0,4.0,5.0,5.0,5.0,5.0,4148.0
180044,0,1,1980.25,2,2,0,2,0,0,0,0,0,0,0,0,0,1,0,0,0,4,0,20.0,24.0,24.0,4.0,1,1,1,0,11.0,11.0,11.0,11.0,27.0,27.0,27.0,27.0,4311.0
180278,1,0,1979.75,1,1,1,1,1,1,1,2,2,2,2,0,0,0,0,0,0,0,0,7.0,7.0,20.0,20.0,0,0,0,0,30.0,30.0,30.0,30.0,63.0,63.0,63.0,63.0,4990.0
180551,1,0,1979.75,0,0,0,0,1,1,1,2,2,2,2,1,0,0,1,0,3,4,0,4.0,2.0,2.0,13.0,0,0,0,0,42.0,42.0,42.0,42.0,80.0,80.0,80.0,80.0,4504.0
180620,0,0,1980.25,0,0,0,0,0,0,0,2,2,2,2,1,1,0,2,0,0,6,0,8.0,13.0,18.0,13.0,0,0,0,0,41.0,41.0,41.0,41.0,78.0,78.0,78.0,78.0,4479.0
180665,1,0,1980.5,1,1,1,1,0,0,1,1,1,1,1,0,0,0,1,0,3,3,0,14.0,13.0,2.0,6.0,0,0,0,0,22.0,22.0,22.0,22.0,52.0,52.0,52.0,52.0,4277.0
180750,1,0,1980.25,1,1,1,1,1,1,1,2,2,2,2,0,1,0,1,0,0,0,0,5.0,16.0,18.0,12.0,0,0,0,0,41.0,41.0,41.0,41.0,79.0,79.0,79.0,79.0,4601.0
180758,0,0,1979.75,2,2,2,2,1,1,1,2,2,2,2,1,2,0,0,0,0,0,0,11.0,18.0,33.0,7.0,0,0,0,0,39.0,39.0,39.0,39.0,75.0,75.0,75.0,75.0,4670.0
181037,0,0,1980.25,0,0,2,2,1,1,1,1,1,1,1,1,0,0,0,0,3,0,0,12.0,2.0,18.0,21.0,0,1,0,0,22.0,22.0,22.0,22.0,52.0,52.0,52.0,52.0,4986.0
181196,1,0,1980.25,0,0,0,0,1,1,1,2,2,2,2,1,0,1,0,0,0,0,0,12.0,8.0,9.0,24.0,0,0,0,0,31.0,31.0,31.0,31.0,65.0,65.0,65.0,65.0,4508.0
181280,0,1,1980.0,2,0,0,0,0,0,0,0,0,0,0,1,0,0,0,3,3,3,6,24.0,2.0,1.0,3.0,0,0,0,0,11.0,11.0,11.0,11.0,30.0,30.0,30.0,30.0,4297.0
181334,1,0,1979.75,1,1,1,1,1,0,1,3,3,3,3,1,0,0,0,0,0,0,0,7.0,18.0,22.0,8.0,0,0,0,0,6.0,6.0,6.0,6.0,9.0,9.0,9.0,9.0,4558.0
181432,0,1,1980.75,0,0,0,0,0,1,0,0,0,0,0,0,0,0,0,0,3,3,6,10.0,2.0,1.0,3.0,1,0,0,0,11.0,11.0,11.0,11.0,30.0,30.0,30.0,30.0,3998.0
181452,0,0,1980.25,0,2,2,2,1,1,1,2,2,2,2,1,0,0,0,0,3,6,4,5.0,2.0,19.0,0.0,0,0,0,0,19.0,19.0,19.0,19.0,47.0,47.0,47.0,47.0,4675.0
181499,1,0,1980.5,2,0,0,0,1,1,1,2,2,2,2,0,0,0,1,0,0,3,0,3.0,12.0,2.0,5.0,0,0,0,0,32.0,32.0,32.0,32.0,66.0,66.0,66.0,66.0,4528.0
181551,0,0,1981.0,1,1,1,1,1,1,1,2,2,2,2,1,0,0,0,0,0,0,0,5.0,13.0,21.0,3.0,0,0,0,0,12.0,12.0,12.0,12.0,35.0,35.0,35.0,35.0,4809.0
181601,0,0,1980.0,2,0,2,2,1,0,1,1,1,1,1,0,0,0,1,0,0,0,0,8.0,5.0,12.0,18.0,1,1,1,0,11.0,11.0,11.0,11.0,17.0,17.0,17.0,17.0,4126.0
181721,0,0,1980.5,2,2,2,2,1,1,1,2,2,2,2,1,1,0,0,0,0,0,0,8.0,11.0,6.0,7.0,0,0,1,0,24.0,24.0,24.0,24.0,57.0,57.0,57.0,57.0,4243.0
181791,0,0,1980.0,2,0,1,1,0,1,1,3,3,3,3,1,1,1,0,0,0,0,4,12.0,3.0,22.0,0.0,0,0,0,0,7.0,7.0,7.0,7.0,10.0,10.0,10.0,10.0,4917.0
181834,0,0,1980.5,1,1,1,1,1,1,1,2,2,2,2,1,0,0,0,5,3,0,0,11.0,0.0,9.0,34.0,0,0,0,0,19.0,19.0,19.0,19.0,47.0,47.0,47.0,47.0,4538.0
181882,0,0,1980.5,1,1,1,1,1,1,1,2,2,2,2,0,0,1,1,3,0,6,0,3.0,21.0,39.0,6.0,0,0,0,1,24.0,24.0,24.0,24.0,56.0,56.0,56.0,56.0,4399.0
181912,1,0,1979.75,2,2,2,2,1,1,1,2,2,2,2,1,2,0,0,0,0,0,0,11.0,18.0,33.0,7.0,0,0,0,0,39.0,39.0,39.0,39.0,75.0,75.0,75.0,75.0,4916.0
181998,0,1,1980.25,2,0,0,0,0,0,0,0,0,0,0,1,1,1,0,0,0,4,4,5.0,32.0,0.0,0.0,0,1,1,1,11.0,11.0,11.0,11.0,33.0,33.0,33.0,33.0,4135.0
182026,1,0,1980.5,0,2,2,2,0,0,1,2,2,2,2,0,0,0,0,0,0,0,0,20.0,39.0,9.0,16.0,0,0,0,0,9.0,9.0,9.0,9.0,12.0,12.0,12.0,12.0,4555.0
182209,0,0,1980.0,1,1,1,1,1,1,1,2,2,2,2,1,0,0,1,0,0,1,0,12.0,8.0,33.0,12.0,0,0,0,0,42.0,42.0,42.0,42.0,80.0,80.0,80.0,80.0,5068.0
182224,0,0,1980.0,0,0,0,0,1,0,0,2,2,2,2,1,1,0,0,1,0,0,0,11.0,11.0,25.0,37.0,0,0,0,0,8.0,8.0,8.0,8.0,11.0,11.0,11.0,11.0,4724.0
182262,1,0,1979.75,1,1,1,1,1,1,1,1,1,1,1,1,0,1,0,0,0,3,0,18.0,20.0,15.0,5.0,0,0,1,0,17.0,17.0,17.0,17.0,41.0,41.0,41.0,41.0,4954.0
182297,0,0,1980.5,0,2,2,2,0,0,0,2,2,2,2,0,0,1,1,0,6,0,0,13.0,23.0,21.0,36.0,0,0,1,0,38.0,38.0,38.0,38.0,74.0,74.0,74.0,74.0,4478.0
182382,1,0,1980.25,2,0,0,0,0,1,1,2,2,2,2,0,0,0,1,0,0,0,0,5.0,19.0,18.0,6.0,0,0,0,0,31.0,31.0,31.0,31.0,64.0,64.0,64.0,64.0,4110.0
182641,0,1,1980.0,1,1,1,2,0,0,0,0,0,0,0,0,1,0,1,3,3,0,6,1.0,21.0,5.0,25.0,0,0,0,0,11.0,11.0,11.0,11.0,26.0,26.0,26.0,15.0,3869.0
182830,0,0,1980.25,0,2,2,2,1,1,1,2,2,2,2,0,0,1,1,0,6,0,0,13.0,23.0,21.0,36.0,0,0,1,0,38.0,38.0,38.0,38.0,74.0,74.0,74.0,74.0,5130.0
182893,0,0,1980.25,1,1,1,1,1,1,1,2,2,2,2,0,1,1,0,0,0,0,0,16.0,12.0,14.0,10.0,0,0,0,0,36.0,36.0,36.0,36.0,72.0,72.0,72.0,72.0,4949.0
183049,0,0,1980.5,0,0,0,1,1,1,1,2,2,2,2,1,0,0,1,0,0,0,0,13.0,7.0,8.0,15.0,0,0,0,1,21.0,21.0,21.0,21.0,50.0,50.0,50.0,50.0,4434.0
183136,0,1,1980.0,1,1,1,1,0,0,0,2,2,2,2,1,0,0,0,0,3,3,3,8.0,1.0,5.0,3.0,0,0,1,0,34.0,34.0,34.0,34.0,68.0,68.0,68.0,68.0,4356.0
183273,0,1,1980.5,0,2,2,0,0,0,0,0,0,0,0,0,0,1,0,3,0,0,0,1.0,6.0,9.0,26.0,1,0,1,1,11.0,11.0,11.0,11.0,22.0,22.0,22.0,22.0,4025.0
183291,1,0,1980.5,2,0,0,0,1,1,1,2,2,2,2,0,0,1,0,0,0,0,0,5.0,19.0,19.0,22.0,0,0,0,0,31.0,31.0,31.0,31.0,64.0,64.0,64.0,64.0,4406.0
183323,0,0,1980.5,0,2,2,2,1,1,1,2,2,2,2,0,1,0,1,0,0,3,0,19.0,11.0,2.0,15.0,0,0,0,0,37.0,37.0,37.0,37.0,73.0,73.0,73.0,73.0,4763.0
183373,0,0,1980.25,0,1,1,1,1,1,1,2,2,2,2,1,0,2,2,0,0,2,0,13.0,14.0,17.0,13.0,0,0,0,0,39.0,39.0,39.0,39.0,75.0,75.0,75.0,75.0,4550.0
183446,1,0,1979.75,0,0,0,0,1,1,1,2,2,2,2,0,1,0,0,3,0,0,0,1.0,13.0,6.0,8.0,0,0,0,0,40.0,40.0,40.0,40.0,76.0,77.0,77.0,77.0,4660.0
183535,0,1,1980.0,1,1,1,1,1,1,1,1,1,1,1,0,0,0,0,0,3,0,0,21.0,3.0,4.0,13.0,0,0,0,1,11.0,11.0,11.0,11.0,20.0,20.0,20.0,20.0,4680.0
183584,1,0,1980.0,2,2,2,2,1,1,1,1,1,1,1,0,1,0,1,0,0,0,3,7.0,29.0,33.0,2.0,0,0,0,0,4.0,4.0,4.0,4.0,4.0,4.0,4.0,4.0,4344.0
183611,1,0,1980.5,2,1,1,1,1,1,1,1,1,1,1,0,0,0,0,0,0,0,6,5.0,4.0,25.0,21.0,1,0,1,0,11.0,11.0,11.0,11.0,21.0,21.0,21.0,21.0,4084.0
183623,0,0,1979.75,2,2,2,2,0,0,1,2,2,2,2,1,0,1,0,0,0,0,0,10.0,14.0,8.0,11.0,0,1,0,0,36.0,36.0,36.0,36.0,72.0,72.0,72.0,72.0,4389.0
183654,1,1,1979.75,0,2,2,2,0,0,0,0,0,0,0,0,0,0,1,0,3,3,1,12.0,1.0,1.0,11.0,0,1,0,1,18.0,18.0,18.0,18.0,45.0,45.0,45.0,45.0,4191.0
183721,0,0,1980.5,0,2,2,2,1,1,1,2,2,2,2,1,1,1,1,0,0,0,0,17.0,15.0,8.0,16.0,0,0,0,0,12.0,12.0,12.0,12.0,34.0,34.0,34.0,34.0,4382.0
183758,0,0,1980.25,2,0,0,0,1,1,1,2,2,2,2,1,0,1,0,0,0,0,0,7.0,21.0,15.0,9.0,0,0,0,0,30.0,30.0,30.0,30.0,63.0,63.0,63.0,63.0,4745.0
183773,1,0,1980.25,2,0,0,0,0,1,1,2,2,2,2,1,0,1,0,0,3,0,4,21.0,1.0,12.0,3.0,0,0,0,0,16.0,16.0,16.0,16.0,40.0,40.0,40.0,40.0,4588.0
183852,1,0,1980.25,2,0,0,0,1,1,1,1,1,1,1,0,0,0,0,0,4,4,0,17.0,0.0,3.0,11.0,0,0,0,0,25.0,25.0,25.0,25.0,58.0,58.0,58.0,58.0,4633.0
183982,1,0,1980.25,2,2,2,2,1,1,1,3,3,3,3,1,1,1,1,0,0,0,0,8.0,12.0,13.0,7.0,0,0,0,0,26.0,26.0,26.0,26.0,59.0,59.0,59.0,59.0,4250.0
184046,0,0,1980.25,0,0,0,0,0,0,0,2,2,2,2,0,0,0,0,0,0,0,0,16.0,10.0,26.0,17.0,0,0,0,0,29.0,29.0,29.0,29.0,62.0,62.0,62.0,62.0,4188.0
184190,0,0,1980.25,0,2,0,0,1,1,1,2,2,2,2,1,1,0,0,0,0,2,0,13.0,18.0,14.0,3.0,0,0,0,0,14.0,14.0,14.0,14.0,38.0,38.0,38.0,38.0,4418.0
184262,0,0,1979.75,0,2,2,2,1,1,1,3,3,2,2,0,1,1,0,0,0,0,4,3.0,14.0,6.0,16.0,0,0,0,1,7.0,7.0,42.0,42.0,10.0,10.0,80.0,80.0,4423.0
184298,0,0,1980.5,2,2,2,2,1,1,1,1,1,1,1,1,0,1,1,0,3,6,0,8.0,1.0,22.0,15.0,0,0,0,0,28.0,28.0,28.0,28.0,61.0,61.0,61.0,61.0,4700.0
184412,1,1,1980.25,2,2,2,0,0,0,1,0,0,0,0,0,1,0,0,0,2,0,0,7.0,24.0,11.0,20.0,0,1,0,0,11.0,11.0,11.0,11.0,22.0,22.0,22.0,22.0,3915.0
184463,0,0,1980.0,1,1,1,1,1,1,1,2,2,2,2,1,0,1,0,0,0,6,0,6.0,12.0,6.0,15.0,0,0,0,1,29.0,29.0,29.0,29.0,62.0,62.0,62.0,62.0,4376.0
184470,0,0,1979.75,2,2,2,2,1,1,0,2,2,2,2,1,1,1,0,0,1,0,4,13.0,12.0,6.0,16.0,0,0,0,1,42.0,42.0,42.0,42.0,80.0,80.0,80.0,80.0,4823.0
184689,0,1,1980.0,2,0,0,0,0,0,0,2,2,2,2,1,1,0,1,0,0,0,0,8.0,9.0,19.0,11.0,0,0,0,0,38.0,38.0,38.0,38.0,74.0,74.0,74.0,74.0,4737.0
184745,0,0,1980.5,2,0,0,2,1,1,1,2,2,2,2,0,0,1,1,0,4,3,0,10.0,1.0,2.0,15.0,0,0,0,0,34.0,34.0,34.0,34.0,68.0,68.0,68.0,68.0,4530.0
184762,0,0,1980.5,1,1,1,1,1,1,1,2,2,2,2,0,1,0,0,0,2,0,0,15.0,13.0,11.0,4.0,0,0,0,0,31.0,31.0,31.0,31.0,65.0,65.0,65.0,65.0,4359.0
184810,1,0,1979.5,1,1,1,1,0,0,0,2,2,2,2,0,0,3,1,0,2,2,0,2.0,19.0,12.0,3.0,0,0,0,0,15.0,15.0,15.0,15.0,39.0,39.0,39.0,39.0,4198.0
184822,0,0,1979.75,1,1,1,1,1,1,1,2,2,2,2,0,0,0,0,0,0,0,4,5.0,10.0,25.0,2.0,0,0,0,0,33.0,33.0,33.0,33.0,67.0,67.0,67.0,67.0,3932.0
184875,0,0,1980.5,2,1,1,1,1,1,1,2,2,2,2,0,1,1,1,0,0,6,0,15.0,4.0,35.0,14.0,0,0,0,0,19.0,19.0,19.0,41.0,47.0,47.0,47.0,78.0,4936.0
184909,1,0,1980.25,1,1,1,1,1,1,1,2,2,2,2,1,0,0,0,0,0,1,3,12.0,8.0,33.0,2.0,0,0,0,0,42.0,42.0,42.0,42.0,80.0,80.0,80.0,80.0,4561.0
184924,0,0,1980.25,1,1,1,1,1,1,1,2,2,2,2,3,1,1,1,0,0,0,0,8.0,3.0,12.0,14.0,0,0,0,0,41.0,41.0,41.0,41.0,78.0,78.0,78.0,78.0,4430.0
185181,0,1,1980.25,2,2,0,2,0,0,0,0,0,0,0,0,0,0,0,0,3,0,0,10.0,3.0,4.0,4.0,1,0,1,0,11.0,11.0,11.0,11.0,27.0,27.0,27.0,27.0,4614.0
185279,0,1,1980.0,2,2,2,2,0,0,0,0,0,0,0,1,0,0,0,0,6,0,0,5.0,36.0,31.0,18.0,0,1,1,1,11.0,11.0,11.0,11.0,33.0,33.0,33.0,33.0,4218.0
185307,1,1,1980.5,2,2,2,2,0,0,0,0,0,0,0,0,0,0,1,0,3,3,1,11.0,1.0,1.0,11.0,0,1,0,1,18.0,18.0,18.0,18.0,45.0,45.0,45.0,45.0,4416.0
185387,0,0,1980.5,1,1,1,1,1,1,1,2,2,2,2,1,1,1,0,0,0,0,0,8.0,15.0,11.0,18.0,0,0,0,0,24.0,24.0,24.0,24.0,57.0,57.0,57.0,57.0,4634.0
185547,0,1,1980.5,1,1,1,1,0,1,1,1,1,1,1,0,1,0,1,0,4,0,0,21.0,32.0,7.0,9.0,0,1,1,0,11.0,11.0,11.0,11.0,20.0,20.0,20.0,20.0,4043.0
185798,0,0,1979.75,2,2,2,2,1,1,1,1,1,1,1,0,0,1,1,0,4,6,0,16.0,3.0,15.0,21.0,0,0,0,0,17.0,17.0,17.0,17.0,41.0,41.0,41.0,41.0,4407.0
186139,0,0,1980.5,0,0,2,0,1,1,1,2,2,2,2,1,0,0,0,0,0,0,0,13.0,16.0,33.0,19.0,0,0,0,0,39.0,39.0,39.0,39.0,75.0,75.0,75.0,75.0,4356.0
186379,1,0,1980.5,1,1,1,1,0,1,1,2,2,2,2,0,1,1,0,0,0,0,0,5.0,15.0,14.0,14.0,0,0,0,0,41.0,41.0,41.0,41.0,79.0,79.0,79.0,79.0,4116.0
186604,1,0,1980.25,1,1,1,1,1,1,1,1,1,1,1,1,0,0,0,0,0,4,0,8.0,6.0,3.0,19.0,0,0,0,0,25.0,25.0,25.0,25.0,58.0,58.0,58.0,58.0,4412.0
186634,1,0,1980.5,1,1,1,1,0,1,1,2,2,2,2,1,0,1,0,0,0,6,0,6.0,12.0,6.0,15.0,0,0,0,1,29.0,29.0,29.0,29.0,62.0,62.0,62.0,62.0,4221.0
186650,1,0,1979.5,1,1,1,1,1,1,1,2,2,2,2,0,1,1,1,0,0,2,0,8.0,13.0,15.0,17.0,0,0,0,0,21.0,21.0,21.0,21.0,49.0,49.0,49.0,49.0,4867.0
186665,0,0,1980.5,0,0,0,0,0,0,0,2,2,2,2,0,0,0,0,4,0,3,6,0.0,7.0,1.0,7.0,0,0,0,0,33.0,33.0,33.0,33.0,67.0,67.0,67.0,67.0,4542.0
186705,0,1,1980.0,0,2,0,2,0,0,0,0,0,0,0,0,0,0,1,0,0,0,4,24.0,27.0,7.0,12.0,1,1,1,0,11.0,11.0,11.0,11.0,22.0,22.0,22.0,22.0,4187.0
